time_s,step,raw_action,processed_action_rad,processed_action_deg,joint_pos_target_rad,joint_pos_target_deg,cylinder_q_pre_rad,cylinder_q_pre_deg,cylinder_q_post_rad,cylinder_q_post_deg,cylinder_qd_pre_rad_s,cylinder_qd_pre_deg_s,cylinder_qd_post_rad_s,cylinder_qd_post_deg_s,tracking_error_pre_rad,tracking_error_pre_deg,tracking_error_post_rad,tracking_error_post_deg,pole_q_pre_rad,pole_q_pre_deg,pole_q_post_rad,pole_q_post_deg,pole_qd_pre_rad_s,pole_qd_pre_deg_s,pole_qd_post_rad_s,pole_qd_post_deg_s,pole_lift_pre_deg,pole_lift_post_deg,reward,done
0.000000,0,0.87310636,1.37147236,78.579578,1.37147236,78.579578,0.00000000,0.000000,0.00000000,0.000000,0.00000000,0.000000,0.00000000,0.000000,1.37147236,78.579578,1.37147236,78.579578,0.00000000,0.000000,-0.00000000,-0.000000,0.00000000,0.000000,-0.00000006,-0.000004,0.000000,0.000000,0.00000000,0
0.020000,1,1.51356244,2.37749839,136.220623,2.37749839,136.220623,0.00000000,0.000000,0.06749902,3.867409,0.00000000,0.000000,5.35347128,306.731310,2.37749839,136.220623,2.30999937,132.353215,-0.00000000,-0.000000,-0.04294933,-2.460816,-0.00000006,-0.000004,-3.38932776,-194.194176,0.000000,2.460816,0.04527468,0
0.040000,2,2.20277977,3.46011853,198.250189,3.46011853,198.250189,0.06749902,3.867409,0.23753068,13.609505,5.35347128,306.731310,10.34678364,592.827034,3.39261951,194.382780,3.22258785,184.640683,-0.04294933,-2.460816,-0.14897482,-8.535628,-3.38932776,-194.194176,-6.40736055,-367.114718,2.460816,8.535628,0.08216555,0
0.060000,3,2.57571912,4.04593039,231.814735,4.04593039,231.814735,0.23753068,13.609505,0.50314623,28.828156,10.34678364,592.827034,14.99962425,859.415164,3.80839971,218.205230,3.54278415,202.986580,-0.14897482,-8.535628,-0.31288266,-17.926856,-6.40736055,-367.114718,-9.27913857,-531.655477,8.535628,17.926856,0.11509390,0
0.080000,4,2.72528744,4.28087139,245.275863,4.28087139,245.275863,0.50314623,28.828156,0.85771728,49.143580,14.99962425,859.415164,19.32559776,1107.275188,3.77772516,216.447708,3.42315412,196.132283,-0.31288266,-17.926856,-0.53839600,-30.847819,-9.27913857,-531.655477,-12.56688786,-720.029636,17.926856,30.847819,0.15556782,0
