time_s,policy_step,substep,physics_step,raw_action,processed_action_rad,processed_action_deg,joint_pos_target_rad,joint_pos_target_deg,joint_pos_target_vel_rad_s,joint_pos_target_vel_deg_s,actuator_force_pre_nm,actuator_force_post_nm,qfrc_actuator_pre_nm,qfrc_actuator_post_nm,cylinder_q_pre_rad,cylinder_q_pre_deg,cylinder_q_post_rad,cylinder_q_post_deg,cylinder_qd_pre_rad_s,cylinder_qd_pre_deg_s,cylinder_qd_post_rad_s,cylinder_qd_post_deg_s,tracking_error_pre_rad,tracking_error_pre_deg,tracking_error_post_rad,tracking_error_post_deg,pole_q_pre_rad,pole_q_pre_deg,pole_q_post_rad,pole_q_post_deg,pole_qd_pre_rad_s,pole_qd_pre_deg_s,pole_qd_post_rad_s,pole_qd_post_deg_s,pole_lift_pre_deg,pole_lift_post_deg,reward,done
0.000000,0,0,0,-0.12044542,-0.04204338,-2.408908,-0.04204338,-2.408908,0.00000000,0.000000,0.00000000,-0.84086764,0.00000000,-0.84086764,0.00000000,0.000000,-0.00208589,-0.119513,0.00000000,0.000000,-0.41717830,-23.902556,-0.04204338,-2.408908,-0.03995749,-2.289395,3.14159274,180.000005,3.14009237,179.914040,0.00000000,0.000000,-0.30007067,-17.192783,179.999995,179.914040,1.55942464,0
0.005000,0,1,1,-0.12044542,-0.04204338,-2.408908,-0.04204338,-2.408908,0.00000000,0.000000,-0.84086764,-0.53338313,-0.84086764,-0.53338313,-0.00208589,-0.119513,-0.00532298,-0.304984,-0.41717830,-23.902556,-0.64741749,-37.094290,-0.03995749,-2.289395,-0.03672040,-2.103924,3.14009237,179.914040,3.13770819,179.777436,-0.30007067,-17.192783,-0.47685644,-27.321861,179.914040,179.777436,1.55942464,0
0.010000,0,2,2,-0.12044542,-0.04204338,-2.408908,-0.04204338,-2.408908,0.00000000,0.000000,-0.53338313,-0.32196578,-0.53338313,-0.32196578,-0.00532298,-0.304984,-0.00906863,-0.519594,-0.64741749,-37.094290,-0.74912953,-42.921961,-0.03672040,-2.103924,-0.03297475,-1.889314,3.13770819,179.777436,3.13485956,179.614222,-0.47685644,-27.321861,-0.56971961,-32.642529,179.777436,179.614222,1.55942464,0
0.015000,0,3,3,-0.12044542,-0.04204338,-2.408908,-0.04204338,-2.408908,0.00000000,0.000000,-0.32196578,-0.18225637,-0.32196578,-0.18225637,-0.00906863,-0.519594,-0.01289820,-0.739012,-0.74912953,-42.921961,-0.76591450,-43.883668,-0.03297475,-1.889314,-0.02914518,-1.669896,3.13485956,179.614222,3.13181996,179.440066,-0.56971961,-32.642529,-0.60790962,-34.830656,179.614222,179.440066,1.55942464,0
0.020000,1,0,4,-0.08083935,-0.02821825,-1.616787,-0.02821825,-1.616787,0.69125630,39.606069,-0.09497193,0.18153059,-0.09497193,0.18153059,-0.01289820,-0.739012,-0.01570591,-0.899882,-0.76591450,-43.883668,-0.56154126,-32.173944,-0.01532006,-0.877775,-0.01251235,-0.716905,3.13181996,179.440066,3.12931347,179.296455,-0.60790962,-34.830656,-0.50127602,-28.721000,179.440066,179.296455,1.61660397,0
0.025000,1,1,5,-0.08083935,-0.02821825,-1.616787,-0.02821825,-1.616787,0.69125630,39.606069,0.18153059,0.10748720,0.18153059,0.10748720,-0.01570591,-0.899882,-0.01771690,-1.015103,-0.56154126,-32.173944,-0.40219840,-23.044271,-0.01251235,-0.716905,-0.01050136,-0.601683,3.12931347,179.296455,3.12718344,179.174413,-0.50127602,-28.721000,-0.42602465,-24.409414,179.296455,179.174413,1.61660397,0
0.030000,1,2,6,-0.08083935,-0.02821825,-1.616787,-0.02821825,-1.616787,0.69125630,39.606069,0.10748720,0.04619646,0.10748720,0.04619646,-0.01771690,-1.015103,-0.01913035,-1.096088,-0.40219840,-23.044271,-0.28269064,-16.196981,-0.01050136,-0.601683,-0.00908790,-0.520699,3.12718344,179.174413,3.12529111,179.065990,-0.42602465,-24.409414,-0.37847203,-21.684850,179.174413,179.065990,1.61660397,0
0.035000,1,3,7,-0.08083935,-0.02821825,-1.616787,-0.02821825,-1.616787,0.69125630,39.606069,0.04619646,-0.00166786,0.04619646,-0.00166786,-0.01913035,-1.096088,-0.02013424,-1.153607,-0.28269064,-16.196981,-0.20077719,-11.503685,-0.00908790,-0.520699,-0.00808402,-0.463180,3.12529111,179.065990,3.12350631,178.963729,-0.37847203,-21.684850,-0.35697630,-20.453235,179.065990,178.963729,1.61660397,0
0.040000,2,0,8,-0.10338385,-0.03608777,-2.067677,-0.03608777,-2.067677,-0.39347578,-22.544501,-0.03377372,-0.19116403,-0.03377372,-0.19116403,-0.02013424,-1.153607,-0.02124941,-1.217502,-0.20077719,-11.503685,-0.22303554,-12.778995,-0.01595353,-0.914070,-0.01483836,-0.850175,3.12350631,178.963729,3.12147856,178.847547,-0.35697630,-20.453235,-0.40556991,-23.237444,178.963729,178.847547,1.55272150,0
0.045000,2,1,9,-0.10338385,-0.03608777,-2.067677,-0.03608777,-2.067677,-0.39347578,-22.544501,-0.19116403,-0.15468062,-0.19116403,-0.15468062,-0.02124941,-1.217502,-0.02236503,-1.281422,-0.22303554,-12.778995,-0.22312276,-12.783992,-0.01483836,-0.850175,-0.01372274,-0.786255,3.12147856,178.847547,3.11927533,178.721312,-0.40556991,-23.237444,-0.44063756,-25.246672,178.847547,178.721312,1.55272150,0
0.050000,2,2,10,-0.10338385,-0.03608777,-2.067677,-0.03608777,-2.067677,-0.39347578,-22.544501,-0.15468062,-0.13231279,-0.15468062,-0.13231279,-0.02236503,-1.281422,-0.02341314,-1.341474,-0.22312276,-12.783992,-0.20962170,-12.010439,-0.01372274,-0.786255,-0.01267463,-0.726203,3.11927533,178.721312,3.11693549,178.587249,-0.44063756,-25.246672,-0.46797943,-26.813246,178.721312,178.587249,1.55272150,0
0.055000,2,3,11,-0.10338385,-0.03608777,-2.067677,-0.03608777,-2.067677,-0.39347578,-22.544501,-0.13231279,-0.11995156,-0.13231279,-0.11995156,-0.02341314,-1.341474,-0.02435622,-1.395509,-0.20962170,-12.010439,-0.18861681,-10.806947,-0.01267463,-0.726203,-0.01173155,-0.672168,3.11693549,178.587249,3.11447692,178.446383,-0.46797943,-26.813246,-0.49171257,-28.173055,178.587249,178.446383,1.55272150,0
0.060000,3,0,12,-0.01926298,-0.00672405,-0.385260,-0.00672405,-0.385260,1.46818589,84.120855,-0.11447121,0.47280315,-0.11447121,0.47280315,-0.02435622,-1.395509,-0.02433494,-1.394289,-0.18861681,-10.806947,0.00425565,0.243831,0.01763217,1.010249,0.01761089,1.009030,3.11447692,178.446383,3.11246157,178.330912,-0.49171257,-28.173055,-0.40306598,-23.093979,178.446383,178.330912,1.56791675,0
0.065000,3,1,13,-0.01926298,-0.00672405,-0.385260,-0.00672405,-0.385260,1.46818589,84.120855,0.47280315,0.34950668,0.47280315,0.34950668,-0.02433494,-1.394289,-0.02372415,-1.359294,0.00425565,0.243831,0.12215769,6.999120,0.01761089,1.009030,0.01700010,0.974034,3.11246157,178.330912,3.11063504,178.226260,-0.40306598,-23.093979,-0.36531779,-20.931168,178.330912,178.226260,1.56791675,0
0.070000,3,2,14,-0.01926298,-0.00672405,-0.385260,-0.00672405,-0.385260,1.46818589,84.120855,0.34950668,0.26218051,0.34950668,0.26218051,-0.02372415,-1.359294,-0.02278935,-1.305734,0.12215769,6.999120,0.18695961,10.711997,0.01700010,0.974034,0.01606530,0.920474,3.11063504,178.226260,3.10881591,178.122031,-0.36531779,-20.931168,-0.36383986,-20.846489,178.226260,178.122031,1.56791675,0
0.075000,3,3,15,-0.01926298,-0.00672405,-0.385260,-0.00672405,-0.385260,1.46818589,84.120855,0.26218051,0.20220196,0.26218051,0.20220196,-0.02278935,-1.305734,-0.02171291,-1.244058,0.18695961,10.711997,0.21528819,12.335105,0.01606530,0.920474,0.01498886,0.858798,3.10881591,178.122031,3.10687804,178.010999,-0.36383986,-20.846489,-0.38758910,-22.207219,178.122031,178.010999,1.56791675,0
0.080000,4,0,16,0.05050825,0.01763070,1.010165,0.01763070,1.010165,1.21773779,69.771236,0.16262621,0.64972132,0.16262621,0.64972132,-0.02171291,-1.244058,-0.01913453,-1.096328,0.21528819,12.335105,0.51567554,29.546032,0.03934362,2.254223,0.03676524,2.106493,3.10687804,178.010999,3.10571599,177.944419,-0.38758910,-22.207219,-0.23240362,-13.315747,178.010999,177.944419,1.60964894,0
0.085000,4,1,17,0.05050825,0.01763070,1.010165,0.01763070,1.010165,1.21773779,69.771236,0.64972132,0.40678972,0.64972132,0.40678972,-0.01913453,-1.096328,-0.01579271,-0.904856,0.51567554,29.546032,0.66836518,38.294504,0.03676524,2.106493,0.03342341,1.915020,3.10571599,177.944419,3.10483694,177.894053,-0.23240362,-13.315747,-0.17583109,-10.074380,177.944419,177.894053,1.60964894,0
0.090000,4,2,18,0.05050825,0.01763070,1.010165,0.01763070,1.010165,1.21773779,69.771236,0.40678972,0.24268112,0.40678972,0.24268112,-0.01579271,-0.904856,-0.01218631,-0.698224,0.66836518,38.294504,0.72128046,41.326326,0.03342341,1.915020,0.02981701,1.708389,3.10483694,177.894053,3.10390735,177.840791,-0.17583109,-10.074380,-0.18589750,-10.651142,177.894053,177.840791,1.60964894,0
0.095000,4,3,19,0.05050825,0.01763070,1.010165,0.01763070,1.010165,1.21773779,69.771236,0.24268112,0.13684297,0.24268112,0.13684297,-0.01218631,-0.698224,-0.00863707,-0.494868,0.72128046,41.326326,0.70984715,40.671246,0.02981701,1.708389,0.02626777,1.505033,3.10390735,177.840791,3.10271192,177.772298,-0.18589750,-10.651142,-0.23910893,-13.699933,177.840791,177.772298,1.60964894,0
0.100000,5,0,20,0.16869204,0.05888463,3.373841,0.05888463,3.373841,2.06269622,118.183788,0.07314193,0.89822042,0.07314193,0.89822042,-0.00863707,-0.494868,-0.00283066,-0.162185,0.70984715,40.671246,1.16128159,66.536534,0.06752170,3.868708,0.06171529,3.536026,3.10271192,177.772298,3.10277820,177.776095,-0.23910893,-13.699933,0.01327277,0.760473,177.772298,177.776095,1.69977844,0
0.105000,5,1,21,0.16869204,0.05888463,3.373841,0.05888463,3.373841,2.06269622,118.183788,0.89822042,0.49450251,0.89822042,0.49450251,-0.00283066,-0.162185,0.00400572,0.229511,1.16128159,66.536534,1.36727703,78.339203,0.06171529,3.536026,0.05487891,3.144330,3.10277820,177.776095,3.10329270,177.805575,0.01327277,0.760473,0.10289495,5.895447,177.776095,177.805575,1.69977844,0
0.110000,5,2,22,0.16869204,0.05888463,3.373841,0.05888463,3.373841,2.06269622,118.183788,0.49450251,0.22654381,0.49450251,0.22654381,0.00400572,0.229511,0.01105758,0.633552,1.36727703,78.339203,1.41037083,80.808296,0.05487891,3.144330,0.04782705,2.740288,3.10329270,177.805575,3.10371685,177.829876,0.10289495,5.895447,0.08483730,4.860819,177.805575,177.829876,1.69977844,0
0.115000,5,3,23,0.16869204,0.05888463,3.373841,0.05888463,3.373841,2.06269622,118.183788,0.22654381,0.05805352,0.22654381,0.05805352,0.01105758,0.633552,0.01781275,1.020595,1.41037083,80.808296,1.35103381,77.408535,0.04782705,2.740288,0.04107188,2.353246,3.10371685,177.829876,3.10371304,177.829658,0.08483730,4.860819,-0.00076445,-0.043800,177.829876,177.829658,1.69977844,0
0.120000,6,0,24,0.29065895,0.10145911,5.813179,0.10145911,5.813179,2.12872401,121.966901,-0.03924879,0.81224084,-0.03924879,0.81224084,0.01781275,1.020595,0.02656374,1.521990,1.35103381,77.408535,1.75020003,100.279075,0.08364636,4.792584,0.07489536,4.291188,3.10371304,177.829658,3.10479879,177.891867,-0.00076445,-0.043800,0.21712846,12.440544,177.829658,177.891867,1.71728575,0
0.125000,6,1,25,0.29065895,0.10145911,5.813179,0.10145911,5.813179,2.12872401,121.966901,0.81224084,0.38292894,0.81224084,0.38292894,0.02656374,1.521990,0.03600561,2.062970,1.75020003,100.279075,1.88837337,108.195825,0.07489536,4.291188,0.06545350,3.750209,3.10479879,177.891867,3.10611129,177.967068,0.21712846,12.440544,0.26250225,15.040271,177.891867,177.967068,1.71728575,0
0.130000,6,2,26,0.29065895,0.10145911,5.813179,0.10145911,5.813179,2.12872401,121.966901,0.38292894,0.10606715,0.38292894,0.10606715,0.03600561,2.062970,0.04529679,2.595315,1.88837337,108.195825,1.85823596,106.469078,0.06545350,3.750209,0.05616232,3.217864,3.10611129,177.967068,3.10709691,178.023540,0.26250225,15.040271,0.19712459,11.294407,177.967068,178.023540,1.71728575,0
0.135000,6,3,27,0.29065895,0.10145911,5.813179,0.10145911,5.813179,2.12872401,121.966901,0.10606715,-0.06055716,0.10606715,-0.06055716,0.04529679,2.595315,0.05393081,3.090008,1.85823596,106.469078,1.72680414,98.938589,0.05616232,3.217864,0.04752830,2.723171,3.10709691,178.023540,3.10742378,178.042268,0.19712459,11.294407,0.06537195,3.745537,178.023540,178.042268,1.71728575,0
0.140000,7,0,28,0.44679278,0.15596010,8.935855,0.15596010,8.935855,2.72504948,156.133834,-0.14950779,0.94051200,-0.14950779,0.94051200,0.05393081,3.090008,0.06495067,3.721400,1.72680414,98.938589,2.20397234,126.278313,0.10202929,5.845847,0.09100942,5.214456,3.10742378,178.042268,3.10910797,178.138765,0.06537195,3.745537,0.33685005,19.300086,178.042268,178.138765,1.55882907,0
0.145000,7,1,29,0.44679278,0.15596010,8.935855,0.15596010,8.935855,2.72504948,156.133834,0.94051200,0.41613108,0.94051200,0.41613108,0.06495067,3.721400,0.07676243,4.398163,2.20397234,126.278313,2.36235166,135.352780,0.09100942,5.214456,0.07919767,4.537692,3.10910797,178.138765,3.11109662,178.252706,0.33685005,19.300086,0.39771241,22.787243,178.138765,178.252706,1.55882907,0
0.150000,7,2,30,0.44679278,0.15596010,8.935855,0.15596010,8.935855,2.72504948,156.133834,0.41613108,-1.01102066,0.41613108,-1.01102066,0.07676243,4.398163,0.08502793,4.871742,2.36235166,135.352780,1.65310025,94.715668,0.07919767,4.537692,0.07093216,4.064114,3.11109662,178.252706,3.11052251,178.219812,0.39771241,22.787243,-0.11483065,-6.579312,178.252706,178.219812,1.55882907,0
0.155000,7,3,31,0.44679278,0.15596010,8.935855,0.15596010,8.935855,2.72504948,156.133834,-1.01102066,-0.72449660,-1.01102066,-0.72449660,0.08502793,4.871742,0.09067418,5.195248,1.65310025,94.715668,1.12924969,64.701241,0.07093216,4.064114,0.06528591,3.740607,3.11052251,178.219812,3.10800290,178.075449,-0.11483065,-6.579312,-0.50394166,-28.873730,178.219812,178.075449,1.55882907,0
0.160000,8,0,32,0.65341645,0.22808537,13.068329,0.22808537,13.068329,3.60626355,206.623681,-0.50369859,-0.50369859,-0.50369859,-0.50369859,0.09067418,5.195248,0.09452846,5.416082,1.12924969,64.701241,0.77085477,44.166725,0.13741118,7.873081,0.13355691,7.652247,3.10800290,178.075449,3.10408115,177.850749,-0.50394166,-28.873730,-0.78436023,-44.940531,178.075449,177.850749,1.50247681,0
0.165000,8,1,33,0.65341645,0.22808537,13.068329,0.22808537,13.068329,3.60626355,206.623681,-0.50369859,0.73755389,-0.50369859,0.73755389,0.09452846,5.416082,0.10015158,5.738263,0.77085477,44.166725,1.12462294,64.436148,0.13355691,7.652247,0.12793379,7.330066,3.10408115,177.850749,3.10110497,177.680227,-0.78436023,-44.940531,-0.59522009,-34.103599,177.850749,177.680227,1.50247681,0
0.170000,8,2,34,0.65341645,0.22808537,13.068329,0.22808537,13.068329,3.60626355,206.623681,0.73755389,0.39972073,0.73755389,0.39972073,0.10015158,5.738263,0.10651651,6.102946,1.12462294,64.436148,1.27298760,72.936817,0.12793379,7.330066,0.12156886,6.965383,3.10110497,177.680227,3.09838343,177.524294,-0.59522009,-34.103599,-0.54429531,-31.185824,177.680227,177.524294,1.50247681,0
0.175000,8,3,35,0.65341645,0.22808537,13.068329,0.22808537,13.068329,3.60626355,206.623681,0.39972073,0.17790538,0.39972073,0.17790538,0.10651651,6.102946,0.11294895,6.471498,1.27298760,72.936817,1.28648663,73.710254,0.12156886,6.965383,0.11513642,6.596831,3.09838343,177.524294,3.09546161,177.356886,-0.54429531,-31.185824,-0.58435327,-33.480976,177.524294,177.356886,1.50247681,0
0.180000,9,0,36,0.86230159,0.30100003,17.246031,0.30100003,17.246031,3.64573300,208.885114,0.04065686,0.04065686,0.04065686,0.04065686,0.11294895,6.471498,0.11903161,6.820009,1.28648663,73.710254,1.21653295,69.702203,0.18805108,10.774533,0.18196842,10.426023,3.09546161,177.356886,3.09205508,177.161706,-0.58435327,-33.480976,-0.68132257,-39.036908,177.356886,177.161706,1.65966046,0
0.185000,9,1,37,0.86230159,0.30100003,17.246031,0.30100003,17.246031,3.64573300,208.885114,0.04065686,1.40607369,0.04065686,1.40607369,0.11903161,6.820009,0.12891479,7.386273,1.21653295,69.702203,1.97663653,113.252931,0.18196842,10.426023,0.17208524,9.859758,3.09205508,177.161706,3.09089780,177.095399,-0.68132257,-39.036908,-0.23146324,-13.261867,177.161706,177.095399,1.65966046,0
0.190000,9,2,38,0.86230159,0.30100003,17.246031,0.30100003,17.246031,3.64573300,208.885114,1.40607369,0.72418034,1.40607369,0.72418034,0.12891479,7.386273,0.14052571,8.051530,1.97663653,113.252931,2.32218456,133.051375,0.17208524,9.859758,0.16047432,9.194501,3.09089780,177.095399,3.09061050,177.078938,-0.23146324,-13.261867,-0.05747053,-3.292819,177.095399,177.078938,1.65966046,0
0.195000,9,3,39,0.86230159,0.30100003,17.246031,0.30100003,17.246031,3.64573300,208.885114,0.72418034,0.27182758,0.72418034,0.27182758,0.14052571,8.051530,0.15248938,8.736998,2.32218456,133.051375,2.39273214,137.093453,0.16047432,9.194501,0.14851065,8.509033,3.09061050,177.078938,3.09028029,177.060018,-0.05747053,-3.292819,-0.06603692,-3.783637,177.078938,177.060018,1.65966046,0
0.200000,10,0,40,1.08035922,0.37711650,21.607184,0.37711650,21.607184,3.80582362,218.057631,-0.01238835,-0.01238835,-0.01238835,-0.01238835,0.15248938,8.736998,0.16394186,9.393177,2.39273214,137.093453,2.29049540,131.235719,0.22462712,12.870186,0.21317464,12.214007,3.09028029,177.060018,3.08933473,177.005841,-0.06603692,-3.783637,-0.18911502,-10.835492,177.060018,177.005841,1.69644785,0
0.205000,10,1,41,1.08035922,0.37711650,21.607184,0.37711650,21.607184,3.80582362,218.057631,-0.01238835,1.28198588,-0.01238835,1.28198588,0.16394186,9.393177,0.17881753,10.245490,2.29049540,131.235719,2.97513247,170.462534,0.21317464,12.214007,0.19829898,11.361694,3.08933473,177.005841,3.09037232,177.065291,-0.18911502,-10.835492,0.20752418,11.890260,177.005841,177.065291,1.69644785,0
0.210000,10,2,42,1.08035922,0.37711650,21.607184,0.37711650,21.607184,3.80582362,218.057631,1.28198588,0.54831898,1.28198588,0.54831898,0.17881753,10.245490,0.19488633,11.166164,2.97513247,170.462534,3.21375990,184.134879,0.19829898,11.361694,0.18223017,10.441020,3.09037232,177.065291,3.09191513,177.153688,0.20752418,11.890260,0.30858082,17.680378,177.065291,177.153688,1.69644785,0
0.215000,10,3,43,1.08035922,0.37711650,21.607184,0.37711650,21.607184,3.80582362,218.057631,0.54831898,0.07492363,0.54831898,0.07492363,0.19488633,11.166164,0.21070935,12.072756,3.21375990,184.134879,3.16460538,181.318532,0.18223017,10.441020,0.16640715,9.534428,3.09191513,177.153688,3.09301424,177.216662,0.30858082,17.680378,0.21984397,12.596132,177.153688,177.216662,1.69644785,0
0.220000,11,0,44,1.32973742,0.46416593,26.594749,0.46416593,26.594749,4.35247123,249.378232,-0.21022260,-0.21022260,-0.21022260,-0.21022260,0.21070935,12.072756,0.22541988,12.915608,3.16460538,181.318532,2.94210696,168.570312,0.25345658,14.521992,0.23874605,13.679141,3.09301424,177.216662,3.09310102,177.221634,0.21984397,12.596132,0.01736320,0.994838,177.216662,177.221634,1.71857595,0
0.225000,11,1,45,1.32973742,0.46416593,26.594749,0.46416593,26.594749,4.35247123,249.378232,-0.21022260,1.15964055,-0.21022260,1.15964055,0.22541988,12.915608,0.24318181,13.933291,2.94210696,168.570312,3.55238652,203.536755,0.23874605,13.679141,0.22098412,12.661457,3.09310102,177.221634,3.09493136,177.326505,0.01736320,0.994838,0.36607960,20.974816,177.221634,177.326505,1.71857595,0
0.230000,11,2,46,1.32973742,0.46416593,26.594749,0.46416593,26.594749,4.35247123,249.378232,1.15964055,0.41561913,1.15964055,0.41561913,0.24318181,13.933291,0.26173362,14.996232,3.55238652,203.536755,3.71036291,212.588135,0.22098412,12.661457,0.20243230,11.598517,3.09493136,177.326505,3.09700871,177.445528,0.36607960,20.974816,0.41546980,23.804666,177.326505,177.445528,1.71857595,0
0.235000,11,3,47,1.32973742,0.46416593,26.594749,0.46416593,26.594749,4.35247123,249.378232,0.41561913,-0.05605769,0.41561913,-0.05605769,0.26173362,14.996232,0.27964163,16.022285,3.71036291,212.588135,3.58160138,205.210643,0.20243230,11.598517,0.18452430,10.572463,3.09700871,177.445528,3.09838986,177.524662,0.41546980,23.804666,0.27621326,15.825854,177.445528,177.524662,1.71857595,0
0.240000,12,0,48,1.59797800,0.55779952,31.959558,0.55779952,31.959558,4.68167961,268.240482,-0.33218932,-0.33218932,-0.33218932,-0.33218932,0.27964163,16.022285,0.29606649,16.963360,3.58160138,205.210643,3.28497505,188.215206,0.27815789,15.937273,0.26173303,14.996198,3.09838986,177.524662,3.09852576,177.532449,0.27621326,15.825854,0.02719006,1.557875,177.524662,177.532449,1.74370265,0
0.245000,12,1,49,1.59797800,0.55779952,31.959558,0.55779952,31.959558,4.68167961,268.240482,-0.33218932,1.26926994,-0.33218932,1.26926994,0.29606649,16.963360,0.31587616,18.098371,3.28497505,188.215206,3.96193385,227.002088,0.26173303,14.996198,0.24192336,13.861188,3.09852576,177.532449,3.10064077,177.653630,0.02719006,1.557875,0.42297965,24.234949,177.532449,177.653630,1.74370265,0
0.250000,12,2,50,1.59797800,0.55779952,31.959558,0.55779952,31.959558,4.68167961,268.240482,1.26926994,0.44181538,1.26926994,0.44181538,0.31587616,18.098371,0.33655548,19.283209,3.96193385,227.002088,4.13586330,236.967512,0.24192336,13.861188,0.22124404,12.676350,3.10064077,177.653630,3.10306954,177.792788,0.42297965,24.234949,0.48576540,27.832307,177.653630,177.792788,1.74370265,0
0.255000,12,3,51,1.59797800,0.55779952,31.959558,0.55779952,31.959558,4.68167961,268.240482,0.44181538,-0.08257484,0.44181538,-0.08257484,0.33655548,19.283209,0.35651052,20.426548,4.13586330,236.967512,3.99100637,228.667821,0.22124404,12.676350,0.20128900,11.533010,3.10306954,177.792788,3.10476375,177.889859,0.48576540,27.832307,0.33882636,19.413320,177.792788,177.889859,1.74370265,0
0.260000,13,0,52,1.87997913,0.65623647,37.599580,0.65623647,37.599580,4.92184758,282.001094,-0.38939285,-0.38939285,-0.38939285,-0.38939285,0.35651052,20.426548,0.37480867,21.474955,3.99100637,228.667821,3.65962815,209.681248,0.29972595,17.173032,0.28142780,16.124625,3.10476375,177.889859,3.10511374,177.909912,0.33882636,19.413320,0.06998739,4.009982,177.889859,177.909912,1.77249897,0
0.265000,13,1,53,1.87997913,0.65623647,37.599580,0.65623647,37.599580,4.92184758,282.001094,-0.38939285,1.32842326,-0.38939285,1.32842326,0.37480867,21.474955,0.39667162,22.727610,3.65962815,209.681248,4.37258911,250.530902,0.28142780,16.124625,0.25956485,14.871970,3.10511374,177.909912,3.10758042,178.051243,0.06998739,4.009982,0.49334061,28.266335,177.909912,178.051243,1.77249897,0
0.270000,13,2,54,1.87997913,0.65623647,37.599580,0.65623647,37.599580,4.92184758,282.001094,1.32842326,0.43696666,1.32842326,0.43696666,0.39667162,22.727610,0.41938967,24.029258,4.37258911,250.530902,4.54360580,260.329436,0.25956485,14.871970,0.23684680,13.570322,3.10758042,178.051243,3.11037016,178.211083,0.49334061,28.266335,0.55795807,31.968642,178.051243,178.211083,1.77249897,0
0.275000,13,3,55,1.87997913,0.65623647,37.599580,0.65623647,37.599580,4.92184758,282.001094,0.43696666,-0.12634206,0.43696666,-0.12634206,0.41938967,24.029258,0.44125053,25.281793,4.54360580,260.329436,4.37217331,250.507078,0.23684680,13.570322,0.21498594,12.317787,3.11037016,178.211083,3.11235714,178.324928,0.55795807,31.968642,0.39737666,22.768005,178.211083,178.324928,1.77249897,0
0.280000,14,0,56,2.17424297,0.75895393,43.484857,0.75895393,43.484857,5.13587296,294.263845,-0.45434690,-0.45434690,-0.45434690,-0.45434690,0.44125053,25.281793,0.46125722,26.428092,4.37217331,250.507078,4.00133753,229.259753,0.31770340,18.203064,0.29769671,17.056765,3.11235714,178.324928,3.11289001,178.355459,0.39737666,22.768005,0.10657211,6.106132,178.324928,178.355459,1.80375314,0
0.285000,14,1,57,2.17424297,0.75895393,43.484857,0.75895393,43.484857,5.13587296,294.263845,-0.45434690,1.35050225,-0.45434690,1.35050225,0.46125722,26.428092,0.48489606,27.782498,4.00133753,229.259753,4.72777081,270.881314,0.29769671,17.056765,0.27405787,15.702359,3.11289001,178.355459,3.11560774,178.511174,0.10657211,6.106132,0.54356956,31.144242,178.355459,178.511174,1.80375314,0
0.290000,14,2,58,2.17424297,0.75895393,43.484857,0.75895393,43.484857,5.13587296,294.263845,1.35050225,0.41494489,1.35050225,0.41494489,0.48489606,27.782498,0.50932330,29.182075,4.72777081,270.881314,4.88544178,279.915195,0.27405787,15.702359,0.24963063,14.302782,3.11560774,178.511174,3.11862850,178.684251,0.54356956,31.144242,0.60414714,34.615081,178.511174,178.684251,1.80375314,0
0.295000,14,3,59,2.17424297,0.75895393,43.484857,0.75895393,43.484857,5.13587296,294.263845,0.41494489,-0.17404532,0.41494489,-0.17404532,0.50932330,29.182075,0.53274852,30.524242,4.88544178,279.915195,4.68504620,268.433374,0.24963063,14.302782,0.22620541,12.960615,3.11862850,178.684251,3.12077522,178.807249,0.60414714,34.615081,0.42932302,24.598397,178.684251,178.807249,1.80375314,0
0.300000,15,0,60,2.47679090,0.86456311,49.535817,0.86456311,49.535817,5.28045893,302.548010,-0.51488566,-0.51488566,-0.51488566,-0.51488566,0.53274852,30.524242,0.55413574,31.749639,4.68504620,268.433374,4.27744246,245.079400,0.33181459,19.011575,0.31042737,17.786178,3.12077522,178.807249,3.12137127,178.841400,0.42932302,24.598397,0.11919737,6.829506,178.807249,178.841400,1.83617544,0
0.305000,15,1,61,2.47679090,0.86456311,49.535817,0.86456311,49.535817,5.28045893,302.548010,-0.51488566,1.37138605,-0.51488566,1.37138605,0.55413574,31.749639,0.57921886,33.186796,4.27744246,245.079400,5.01662683,287.431545,0.31042737,17.786178,0.28534424,16.349021,3.12137127,178.841400,3.12422180,179.004724,0.11919737,6.829506,0.57011211,32.665018,178.841400,179.004724,1.83617544,0
0.310000,15,2,62,2.47679090,0.86456311,49.535817,0.86456311,49.535817,5.28045893,302.548010,1.37138605,0.39882040,1.37138605,0.39882040,0.57921886,33.186796,0.60504156,34.666328,5.01662683,287.431545,5.16454124,295.906416,0.28534424,16.349021,0.25952154,14.869489,3.12422180,179.004724,3.12737060,179.185136,0.57011211,32.665018,0.62976855,36.083080,179.004724,179.185136,1.83617544,0
0.315000,15,3,63,2.47679090,0.86456311,49.535817,0.86456311,49.535817,5.28045893,302.548010,0.39882040,-0.21186304,0.39882040,-0.21186304,0.60504156,34.666328,0.62974757,36.081878,5.16454124,295.906416,4.94119644,283.109702,0.25952154,14.869489,0.23481554,13.453939,3.12737060,179.185136,3.12959743,179.312724,0.62976855,36.083080,0.44535449,25.516933,179.185136,179.312724,1.83617544,0
0.320000,16,0,64,2.78448868,0.97196990,55.689773,0.97196990,55.689773,5.37033975,307.697802,-0.56370020,-0.56370020,-0.56370020,-0.56370020,0.62974757,36.081878,0.65226734,37.372166,4.94119644,283.109702,4.50395632,258.057688,0.34222233,19.607895,0.31970257,18.317608,3.12959743,179.312724,3.13020349,179.347449,0.44535449,25.516933,0.12120228,6.944379,179.312724,179.347449,1.86884677,0
0.325000,16,1,65,2.78448868,0.97196990,55.689773,0.97196990,55.689773,5.37033975,307.697802,-0.56370020,1.37663507,-0.56370020,1.37663507,0.65226734,37.372166,0.67849928,38.875145,4.50395632,258.057688,5.24638844,300.595915,0.31970257,18.317608,0.29347062,16.814628,3.13020349,179.347449,3.13310456,179.513668,0.12120228,6.944379,0.58019555,33.242756,179.347449,179.513668,1.86884677,0
0.330000,16,2,66,2.78448868,0.97196990,55.689773,0.97196990,55.689773,5.37033975,307.697802,1.37663507,0.37902498,1.37663507,0.37902498,0.67849928,38.875145,0.70541084,40.417064,5.24638844,300.595915,5.38231707,308.384052,0.29347062,16.814628,0.26655906,15.272709,3.13310456,179.513668,3.13629436,179.696430,0.58019555,33.242756,0.63793802,36.551156,179.513668,179.696430,1.86884677,0
0.335000,16,3,67,2.78448868,0.97196990,55.689773,0.97196990,55.689773,5.37033975,307.697802,0.37902498,-0.24580145,0.37902498,-0.24580145,0.70541084,40.417064,0.73110276,41.889103,5.38231707,308.384052,5.13838434,294.407736,0.26655906,15.272709,0.24086714,13.800670,3.13629436,179.696430,3.13852406,179.824182,0.63793802,36.551156,0.44593343,25.550104,179.696430,179.824182,1.86884677,0
0.340000,17,0,68,3.09457159,1.08020926,61.891431,1.08020926,61.891431,5.41196764,310.082904,-0.60423994,-0.60423994,-0.60423994,-0.60423994,0.73110276,41.889103,0.75448549,43.228834,5.13838434,294.407736,4.67654133,267.946081,0.34910649,20.002329,0.32572377,18.662597,3.13852406,179.824182,3.13908124,179.856107,0.44593343,25.550104,0.11143991,6.385037,179.824182,179.856107,1.72207141,0
0.345000,17,1,69,3.09457159,1.08020926,61.891431,1.08020926,61.891431,5.41196764,310.082904,-0.60423994,1.37046075,-0.60423994,1.37046075,0.75448549,43.228834,0.78156185,44.780196,4.67654133,267.946081,5.41527605,310.272463,0.32572377,18.662597,0.29864740,17.111236,3.13908124,179.856107,3.14195180,180.020578,0.11143991,6.385037,0.57412094,32.894707,179.856107,179.979422,1.72207141,0
0.350000,17,2,70,3.09457159,1.08020926,61.891431,1.08020926,61.891431,5.41196764,310.082904,1.37046075,0.35831857,1.37046075,0.35831857,0.78156185,44.780196,0.80925518,46.366907,5.41527605,310.272463,5.53866577,317.342173,0.29864740,17.111236,0.27095407,15.524525,3.14195180,180.020578,3.14510083,180.201004,0.57412094,32.894707,0.62980366,36.085091,179.979422,179.798996,1.72207141,0
0.355000,17,3,71,3.09457159,1.08020926,61.891431,1.08020926,61.891431,5.41196764,310.082904,0.35831857,-0.27415633,0.35831857,-0.27415633,0.80925518,46.366907,0.83564287,47.878810,5.53866577,317.342173,5.27754068,302.380807,0.27095407,15.524525,0.24456638,14.012621,3.14510083,180.201004,3.14726400,180.324944,0.62980366,36.085091,0.43262756,24.787733,179.798996,179.675056,1.72207141,0
0.360000,18,0,72,3.40901446,1.18997049,68.180287,1.18997049,68.180287,5.48806190,314.442785,-0.63555694,-0.63555694,-0.63555694,-0.63555694,0.83564287,47.878810,0.85962641,49.252965,5.27754068,302.380807,4.79670334,274.830857,0.35432762,20.301477,0.33034408,18.927322,3.14726400,180.324944,3.14772201,180.351186,0.43262756,24.787733,0.09160538,5.248602,179.675056,179.648814,1.70953345,0
0.365000,18,1,73,3.40901446,1.18997049,68.180287,1.18997049,68.180287,5.48806190,314.442785,-0.63555694,1.35588074,-0.63555694,1.35588074,0.85962641,49.252965,0.88725954,50.836227,4.79670334,274.830857,5.52662802,316.652460,0.33034408,18.927322,0.30271095,17.344060,3.14772201,180.351186,3.15049481,180.510056,0.09160538,5.248602,0.55454111,31.772865,179.648814,179.489944,1.70953345,0
0.370000,18,2,74,3.40901446,1.18997049,68.180287,1.18997049,68.180287,5.48806190,314.442785,1.35588074,0.33821297,1.35588074,0.33821297,0.88725954,50.836227,0.91544878,52.451352,5.52662802,316.652460,5.63784313,323.024617,0.30271095,17.344060,0.27452171,15.728935,3.15049481,180.510056,3.15353656,180.684335,0.55454111,31.772865,0.60835838,34.856368,179.489944,179.315665,1.70953345,0
0.375000,18,3,75,3.40901446,1.18997049,68.180287,1.18997049,68.180287,5.48806190,314.442785,0.33821297,-0.29642105,0.33821297,-0.29642105,0.91544878,52.451352,0.94226491,53.987803,5.63784313,323.024617,5.36322832,307.290347,0.27452171,15.728935,0.24770558,14.192484,3.15353656,180.684335,3.15557837,180.801323,0.60835838,34.856368,0.40837258,23.398025,179.315665,179.198677,1.70953345,0
0.380000,19,0,76,3.72608900,1.30065036,74.521776,1.30065036,74.521776,5.53399324,317.074457,-0.65779877,-0.65779877,-0.65779877,-0.65779877,0.94226491,53.987803,0.96660948,55.382644,5.36322832,307.290347,4.86891413,278.968230,0.35838544,20.533973,0.33404088,19.139133,3.15557837,180.801323,3.15590000,180.819751,0.40837258,23.398025,0.06433386,3.686058,179.198677,179.180249,1.69348001,0
0.385000,19,1,77,3.72608900,1.30065036,74.521776,1.30065036,74.521776,5.53399324,317.074457,-0.65779877,1.36544037,-0.65779877,1.36544037,0.96660948,55.382644,0.99463296,56.988271,4.86891413,278.968230,5.60470152,321.125742,0.33404088,19.139133,0.30601740,17.533505,3.15590000,180.819751,3.15858507,180.973594,0.06433386,3.686058,0.53699780,30.767707,179.180249,179.026406,1.69348001,0
0.390000,19,2,78,3.72608900,1.30065036,74.521776,1.30065036,74.521776,5.53399324,317.074457,1.36544037,0.33623314,1.36544037,0.33623314,0.99463296,56.988271,1.02320671,58.625426,5.60470152,321.125742,5.71476030,327.431646,0.30601740,17.533505,0.27744365,15.896350,3.15858507,180.973594,3.16156507,181.144335,0.53699780,30.767707,0.59601629,34.149218,179.026406,178.855665,1.69348001,0
0.395000,19,3,79,3.72608900,1.30065036,74.521776,1.30065036,74.521776,5.53399324,317.074457,0.33623314,-0.30535698,0.33623314,-0.30535698,1.02320671,58.625426,1.05038047,60.182368,5.71476030,327.431646,5.43475866,311.388734,0.27744365,15.896350,0.25026989,14.339408,3.16156507,181.144335,3.16355705,181.258467,0.59601629,34.149218,0.39838609,22.825842,178.855665,178.741533,1.69348001,0
0.400000,20,0,80,4.04271984,1.41117537,80.854393,1.41117537,80.854393,5.52625060,316.630836,-0.67045593,-0.67045593,-0.67045593,-0.67045593,1.05038047,60.182368,1.07504439,61.595507,5.43475866,311.388734,4.93279457,282.628310,0.36079490,20.672025,0.33613098,19.258886,3.16355705,181.258467,3.16383219,181.274231,0.39838609,22.825842,0.05503428,3.153232,178.741533,178.725769,1.67275381,0
0.405000,20,1,81,4.04271984,1.41117537,80.854393,1.41117537,80.854393,5.52625060,316.630836,-0.67045593,1.36964321,-0.67045593,1.36964321,1.07504439,61.595507,1.10340035,63.220183,4.93279457,282.628310,5.67118549,324.934994,0.33613098,19.258886,0.30777502,17.634210,3.16383219,181.274231,3.16650772,181.427528,0.05503428,3.153232,0.53509837,30.658878,178.725769,178.572472,1.67275381,0
0.410000,20,2,82,4.04271984,1.41117537,80.854393,1.41117537,80.854393,5.52625060,316.630836,1.36964321,0.33212757,1.36964321,0.33212757,1.10340035,63.220183,1.13229430,64.875684,5.67118549,324.934994,5.77879477,331.100551,0.30777502,17.634210,0.27888107,15.978708,3.16650772,181.427528,3.16949964,181.598952,0.53509837,30.658878,0.59838313,34.284828,178.572472,178.401048,1.67275381,0
0.415000,20,3,83,4.04271984,1.41117537,80.854393,1.41117537,80.854393,5.52625060,316.630836,0.33212757,-0.31430340,0.33212757,-0.31430340,1.13229430,64.875684,1.15976131,66.449428,5.77879477,331.100551,5.49340010,314.748641,0.27888107,15.978708,0.25141406,14.404965,3.16949964,181.598952,3.17151523,181.714437,0.59838313,34.284828,0.40309623,23.095713,178.401048,178.285563,1.67275381,0
0.420000,21,0,84,4.35914707,1.52162933,87.182939,1.52162933,87.182939,5.52269816,316.427296,-0.68183231,-0.68183231,-0.68183231,-0.68183231,1.15976131,66.449428,1.18468416,67.877402,5.49340010,314.748641,4.98456669,285.594634,0.36186802,20.733511,0.33694518,19.305537,3.17151523,181.714437,3.17182016,181.731909,0.40309623,23.095713,0.06099560,3.494790,178.285563,178.268091,1.65072918,0
0.425000,21,1,85,4.35914707,1.52162933,87.182939,1.52162933,87.182939,5.52269816,316.427296,-0.68183231,1.35436678,-0.68183231,1.35436678,1.18468416,67.877402,1.21325278,69.514264,4.98456669,285.594634,5.71371651,327.371841,0.33694518,19.305537,0.30837655,17.668675,3.17182016,181.731909,3.17452335,181.886790,0.06099560,3.494790,0.54063952,30.976363,178.268091,178.113210,1.65072918,0
0.430000,21,2,86,4.35914707,1.52162933,87.182939,1.52162933,87.182939,5.52269816,316.427296,1.35436678,0.31848383,1.35436678,0.31848383,1.21325278,69.514264,1.24231815,71.179587,5.71371651,327.371841,5.81307745,333.064804,0.30837655,17.668675,0.27931118,16.003352,3.17452335,181.886790,3.17754555,182.059949,0.54063952,30.976363,0.60444069,34.631900,178.113210,177.940051,1.65072918,0
0.435000,21,3,87,4.35914707,1.52162933,87.182939,1.52162933,87.182939,5.52269816,316.427296,0.31848383,-0.32612181,0.31848383,-0.32612181,1.24231815,71.179587,1.26992083,72.761104,5.81307745,333.064804,5.52054548,316.303957,0.27931118,16.003352,0.25170851,14.421835,3.17754555,182.059949,3.17959785,182.177538,0.60444069,34.631900,0.41045937,23.517590,177.940051,177.822462,1.65072918,0
0.440000,22,0,88,4.67470646,1.63178039,93.494129,1.63178039,93.494129,5.50755262,315.559521,-0.69181585,-0.69181585,-0.69181585,-0.69181585,1.26992083,72.761104,1.29494929,74.195129,5.52054548,316.303957,5.00569105,286.804971,0.36185956,20.733026,0.33683109,19.299000,3.17959785,182.177538,3.17994928,182.197673,0.41045937,23.517590,0.07030057,4.027926,177.822462,177.802327,1.62438524,0
0.445000,22,1,89,4.67470646,1.63178039,93.494129,1.63178039,93.494129,5.50755262,315.559521,-0.69181585,1.34468651,-0.69181585,1.34468651,1.29494929,74.195129,1.32359433,75.836369,5.00569105,286.804971,5.72900200,328.247635,0.33683109,19.299000,0.30818605,17.657760,3.17994928,182.197673,3.18270850,182.355765,0.07030057,4.027926,0.55185968,31.619230,177.802327,177.644235,1.62438524,0
0.450000,22,2,90,4.67470646,1.63178039,93.494129,1.63178039,93.494129,5.50755262,315.559521,1.34468651,0.31099701,1.34468651,0.31099701,1.32359433,75.836369,1.35271358,77.504779,5.72900200,328.247635,5.82385874,333.682526,0.30818605,17.657760,0.27906680,15.989350,3.18270850,182.355765,3.18580246,182.533035,0.55185968,31.619230,0.61878347,35.453681,177.644235,177.466965,1.62438524,0
0.455000,22,3,91,4.67470646,1.63178039,93.494129,1.63178039,93.494129,5.50755262,315.559521,0.31099701,-0.33181953,0.31099701,-0.33181953,1.35271358,77.504779,1.38035309,79.088406,5.82385874,333.682526,5.52791214,316.726035,0.27906680,15.989350,0.25142729,14.405723,3.18580246,182.533035,3.18794608,182.655856,0.61878347,35.453681,0.42874107,24.565054,177.466965,177.344144,1.62438524,0
0.460000,23,0,92,4.98806906,1.74116457,99.761381,1.74116457,99.761381,5.46920896,313.362590,-0.69607353,-0.69607353,-0.69607353,-0.69607353,1.38035309,79.088406,1.40540564,80.523812,5.52791214,316.726035,5.01052046,287.081675,0.36081147,20.672975,0.33575892,19.237569,3.18794608,182.655856,3.18841124,182.682507,0.42874107,24.565054,0.09304085,5.330848,177.344144,177.317493,1.59125173,0
0.465000,23,1,93,4.98806906,1.74116457,99.761381,1.74116457,99.761381,5.46920896,313.362590,-0.69607353,1.33550549,-0.69607353,1.33550549,1.40540564,80.523812,1.43404710,82.164847,5.01052046,287.081675,5.72829533,328.207146,0.33575892,19.237569,0.30711746,17.596534,3.18841124,182.682507,3.19129586,182.847784,0.09304085,5.330848,0.57690388,33.054157,177.317493,177.152216,1.59125173,0
0.470000,23,2,94,4.98806906,1.74116457,99.761381,1.74116457,99.761381,5.46920896,313.362590,1.33550549,0.30541134,1.33550549,0.30541134,1.43404710,82.164847,1.46314609,83.832096,5.72829533,328.207146,5.81980562,333.450300,0.30711746,17.596534,0.27801847,15.929285,3.19129586,182.847784,3.19453573,183.033415,0.57690388,33.054157,0.64799070,37.127132,177.152216,176.966585,1.59125173,0
0.475000,23,3,95,4.98806906,1.74116457,99.761381,1.74116457,99.761381,5.46920896,313.362590,0.30541134,-0.33486652,0.30541134,-0.33486652,1.46314609,83.832096,1.49075639,85.414050,5.81980562,333.450300,5.52205896,316.390673,0.27801847,15.929285,0.25040817,14.347331,3.19453573,183.033415,3.19685221,183.166139,0.64799070,37.127132,0.46330160,26.545226,176.966585,176.833861,1.59125173,0
0.480000,24,0,96,5.29794168,1.84933043,105.958828,1.84933043,105.958828,5.40829301,309.872364,-0.69739246,-0.69739246,-0.69739246,-0.69739246,1.49075639,85.414050,1.51577604,86.847570,5.52205896,316.390673,5.00392103,286.703556,0.35857403,20.544779,0.33355439,19.111259,3.19685221,183.166139,3.19752049,183.204429,0.46330160,26.545226,0.13365428,7.657826,176.833861,176.795571,1.55069172,0
0.485000,24,1,97,5.29794168,1.84933043,105.958828,1.84933043,105.958828,5.40829301,309.872364,-0.69739246,1.31998396,-0.69739246,1.31998396,1.51577604,86.847570,1.54433751,88.484022,5.00392103,286.703556,5.71230555,327.290999,0.33355439,19.111259,0.30499291,17.474807,3.19752049,183.204429,3.20060873,183.381372,0.13365428,7.657826,0.61765474,35.389010,176.795571,176.618628,1.55069172,0
0.490000,24,2,98,5.29794168,1.84933043,105.958828,1.84933043,105.958828,5.40829301,309.872364,1.31998396,0.29747343,1.31998396,0.29747343,1.54433751,88.484022,1.57333267,90.145322,5.71230555,327.290999,5.79904175,332.260617,0.30499291,17.474807,0.27599776,15.813507,3.20060873,183.381372,3.20407104,183.579748,0.61765474,35.389010,0.69244665,39.674271,176.618628,176.420252,1.55069172,0
0.495000,24,3,99,5.29794168,1.84933043,105.958828,1.84933043,105.958828,5.40829301,309.872364,0.29747343,-0.33768511,0.29747343,-0.33768511,1.57333267,90.145322,1.60083091,91.720855,5.79904175,332.260617,5.49963808,315.106051,0.27599776,15.813507,0.24849951,14.237973,3.20407104,183.579748,3.20664001,183.726939,0.69244665,39.674271,0.51376992,29.436848,176.420252,176.273061,1.55069172,0
0.500000,25,0,100,5.60150099,1.95529270,112.030020,1.95529270,112.030020,5.29811382,303.559561,-0.69691133,-0.69691133,-0.69691133,-0.69691133,1.60083091,91.720855,1.62574017,93.148050,5.49963808,315.106051,4.98185396,285.439206,0.35446179,20.309165,0.32955253,18.881969,3.20664001,183.726939,3.20759773,183.781812,0.51376992,29.436848,0.19152880,10.973792,176.273061,176.218188,1.50200379,0
0.505000,25,1,101,5.60150099,1.95529270,112.030020,1.95529270,112.030020,5.29811382,303.559561,-0.69691133,1.29807472,-0.69691133,1.29807472,1.62574017,93.148050,1.65412498,94.774380,4.98185396,285.439206,5.67696619,325.266203,0.32955253,18.881969,0.30116773,17.255640,3.20759773,183.781812,3.21096611,183.974806,0.19152880,10.973792,0.67367345,38.598646,176.218188,176.025194,1.50200379,0
0.510000,25,2,102,5.60150099,1.95529270,112.030020,1.95529270,112.030020,5.29811382,303.559561,1.29807472,0.28755379,1.29807472,0.28755379,1.65412498,94.774380,1.68291366,96.423850,5.67696619,325.266203,5.75772762,329.893492,0.30116773,17.255640,0.27237904,15.606169,3.21096611,183.974806,3.21472645,184.190258,0.67367345,38.598646,0.75206256,43.090011,176.025194,175.809742,1.50200379,0
0.515000,25,3,103,5.60150099,1.95529270,112.030020,1.95529270,112.030020,5.29811382,303.559561,0.28755379,-0.33966637,0.28755379,-0.33966637,1.68291366,96.423850,1.71019959,97.987219,5.75772762,329.893492,5.45718241,312.673520,0.27237904,15.606169,0.24509311,14.042801,3.21472645,184.190258,3.21762896,184.356559,0.75206256,43.090011,0.58050650,33.260573,175.809742,175.643441,1.50200379,0
0.520000,26,0,104,5.89395905,2.05737972,117.879175,2.05737972,117.879175,5.10435104,292.457772,-0.69392204,-0.69392204,-0.69392204,-0.69392204,1.71019959,97.987219,1.73490596,99.402789,5.45718241,312.673520,4.94128418,283.114729,0.34718013,19.891956,0.32247376,18.476386,3.21762896,184.356559,3.21896648,184.433194,0.58050650,33.260573,0.26751763,15.327631,175.643441,175.566806,1.29860818,0
0.525000,26,1,105,5.89395905,2.05737972,117.879175,2.05737972,117.879175,5.10435104,292.457772,-0.69392204,1.25984955,-0.69392204,1.25984955,1.73490596,99.402789,1.76297200,101.010855,4.94128418,283.114729,5.61320639,321.613035,0.32247376,18.476386,0.29440773,16.868320,3.21896648,184.433194,3.22267652,184.645763,0.26751763,15.327631,0.74198890,42.512832,175.566806,175.354237,1.29860818,0
0.530000,26,2,106,5.89395905,2.05737972,117.879175,2.05737972,117.879175,5.10435104,292.457772,1.25984955,0.27047729,1.25984955,0.27047729,1.76297200,101.010855,1.79139018,102.639097,5.61320639,321.613035,5.68364668,325.648967,0.29440773,16.868320,0.26598954,15.240078,3.22267652,184.645763,3.22678614,184.881227,0.74198890,42.512832,0.82194191,47.093803,175.354237,175.118773,1.29860818,0
0.535000,26,3,107,5.89395905,2.05737972,117.879175,2.05737972,117.879175,5.10435104,292.457772,0.27047729,-0.34276199,0.27047729,-0.34276199,1.79139018,102.639097,1.81829667,104.180725,5.68364668,325.648967,5.38128996,308.325203,0.26598954,15.240078,0.23908305,13.698450,3.22678614,184.881227,3.23007607,185.069727,0.82194191,47.093803,0.65796518,37.698628,175.118773,174.930273,1.29860818,0
0.540000,27,0,108,6.16840696,2.15318012,123.368134,2.15318012,123.368134,4.79001999,274.447929,-0.68827057,-0.68827057,-0.68827057,-0.68827057,1.81829667,104.180725,1.84264123,105.575566,5.38128996,308.325203,4.86890602,278.967766,0.33488345,19.187408,0.31053889,17.792568,3.23007607,185.069727,3.23185730,185.171783,0.65796518,37.698628,0.35625303,20.411795,174.930273,174.828217,1.23551738,0
0.545000,27,1,109,6.16840696,2.15318012,123.368134,2.15318012,123.368134,4.79001999,274.447929,-0.68827057,1.19299698,-0.68827057,1.19299698,1.84264123,105.575566,1.87014246,107.151270,4.86890602,278.967766,5.50023603,315.140311,0.31053889,17.792568,0.28303766,16.216864,3.23185730,185.171783,3.23591900,185.404501,0.35625303,20.411795,0.81234682,46.544044,174.828217,174.595499,1.23551738,0
0.550000,27,2,110,6.16840696,2.15318012,123.368134,2.15318012,123.368134,4.79001999,274.447929,1.19299698,0.24077988,1.19299698,0.24077988,1.87014246,107.151270,1.89790595,108.742001,5.50023603,315.140311,5.55268812,318.145594,0.28303766,16.216864,0.25527418,14.626133,3.23591900,185.404501,3.24036717,185.659363,0.81234682,46.544044,0.88962424,50.971714,174.595499,174.340637,1.23551738,0
0.555000,27,3,111,6.16840696,2.15318012,123.368134,2.15318012,123.368134,4.79001999,274.447929,0.24077988,-0.34790802,0.24077988,-0.34790802,1.89790595,108.742001,1.92414236,110.245236,5.55268812,318.145594,5.24728060,300.647032,0.25527418,14.626133,0.22903776,13.122897,3.24036717,185.659363,3.24403334,185.869419,0.88962424,50.971714,0.73323578,42.011315,174.340637,174.130581,1.23551738,0
0.560000,28,0,112,6.41490889,2.23922563,128.298178,2.23922563,128.298178,4.30227518,246.502210,-0.67807388,-0.67807388,-0.67807388,-0.67807388,1.92414236,110.245236,1.94784832,111.603488,5.24728060,300.647032,4.74118280,271.649765,0.31508327,18.052941,0.29137731,16.694690,3.24403334,185.869419,3.24626064,185.997034,0.73323578,42.011315,0.44546464,25.523244,174.130581,174.002966,1.17499495,0
0.565000,28,1,113,6.41490889,2.23922563,128.298178,2.23922563,128.298178,4.30227518,246.502210,-0.67807388,1.08622742,-0.67807388,1.08622742,1.94784832,111.603488,1.97438657,113.124018,4.74118280,271.649765,5.30765486,304.106222,0.29137731,16.694690,0.26483905,15.174160,3.24626064,185.997034,3.25059962,186.245639,0.44546464,25.523244,0.86778736,49.720553,174.002966,173.754361,1.17499495,0
0.570000,28,2,114,6.41490889,2.23922563,128.298178,2.23922563,128.298178,4.30227518,246.502210,1.08622742,0.19458771,1.08622742,0.19458771,1.97438657,113.124018,2.00104713,114.651555,5.30765486,304.106222,5.33209610,305.506602,0.26483905,15.174160,0.23817849,13.646622,3.25059962,186.245639,3.25528121,186.513874,0.86778736,49.720553,0.93629467,53.645733,173.754361,173.486126,1.17499495,0
0.575000,28,3,115,6.41490889,2.23922563,128.298178,2.23922563,128.298178,4.30227518,246.502210,0.19458771,-0.35419464,0.19458771,-0.35419464,2.00104713,114.651555,2.02616191,116.090526,5.33209610,305.506602,5.02295208,287.793955,0.23817849,13.646622,0.21306372,12.207652,3.25528121,186.513874,3.25921845,186.739462,0.93629467,53.645733,0.78746521,45.118433,173.486126,173.260538,1.17499495,0
0.580000,29,0,116,6.62332249,2.31197572,132.466451,2.31197572,132.466451,3.63750458,208.413660,-0.65954590,-0.65954590,-0.65954590,-0.65954590,2.02616191,116.090526,2.04880309,117.387770,5.02295208,287.793955,4.52821302,259.447495,0.28581381,16.375925,0.26317263,15.078681,3.25921845,186.739462,3.26180530,186.887677,0.78746521,45.118433,0.51735616,29.642324,173.260538,173.112323,1.12582278,0
0.585000,29,1,117,6.62332249,2.31197572,132.466451,2.31197572,132.466451,3.63750458,208.413660,-0.65954590,0.92371845,-0.65954590,0.92371845,2.04880309,117.387770,2.07378292,118.819009,4.52821302,259.447495,4.99594545,286.246589,0.26317263,15.078681,0.23819280,13.647442,3.26180530,186.887677,3.26622391,187.140845,0.51735616,29.642324,0.88372743,50.633852,173.112323,172.859155,1.12582278,0
0.590000,29,2,118,6.62332249,2.31197572,132.466451,2.31197572,132.466451,3.63750458,208.413660,0.92371845,0.12614918,0.92371845,0.12614918,2.07378292,118.819009,2.09867716,120.245344,4.99594545,286.246589,4.97885656,285.267468,0.23819280,13.647442,0.21329856,12.221107,3.26622391,187.140845,3.27089596,187.408534,0.88372743,50.633852,0.93438995,53.536600,172.859155,172.591466,1.12582278,0
0.595000,29,3,119,6.62332249,2.31197572,132.466451,2.31197572,132.466451,3.63750458,208.413660,0.12614918,-0.36084652,0.12614918,-0.36084652,2.09867716,120.245344,2.12200594,121.581984,4.97885656,285.267468,4.66575766,267.328222,0.21329856,12.221107,0.18996978,10.884467,3.27089596,187.408534,3.27485871,187.635583,0.93438995,53.536600,0.79257041,45.410940,172.591466,172.364417,1.12582278,0
0.600000,30,0,120,6.78804970,2.36947632,135.760993,2.36947632,135.760993,2.87503004,164.727087,-0.62795925,-0.62795925,-0.62795925,-0.62795925,2.12200594,121.581984,2.14295745,122.782418,4.66575766,267.328222,4.19031811,240.087542,0.24747038,14.179008,0.22651887,12.978575,3.27485871,187.635583,3.27758288,187.791666,0.79257041,45.410940,0.54482222,31.216014,172.364417,172.208334,1.09752500,0
0.605000,30,1,121,6.78804970,2.36947632,135.760993,2.36947632,135.760993,2.87503004,164.727087,-0.62795925,0.71088886,-0.62795925,0.71088886,2.14295745,122.782418,2.16560102,124.079798,4.19031811,240.087542,4.52872658,259.476919,0.22651887,12.978575,0.20387530,11.681194,3.27758288,187.791666,3.28175521,188.030723,0.54482222,31.216014,0.83447134,47.811686,172.208334,171.969277,1.09752500,0
0.610000,30,2,122,6.78804970,2.36947632,135.760993,2.36947632,135.760993,2.87503004,164.727087,0.71088886,0.04243565,0.71088886,0.04243565,2.16560102,124.079798,2.18790507,125.357727,4.52872658,259.476919,4.46082449,255.586416,0.20387530,11.681194,0.18157125,10.403266,3.28175521,188.030723,3.28605533,188.277101,0.83447134,47.811686,0.86002207,49.275635,171.969277,171.722899,1.09752500,0
0.615000,30,3,123,6.78804970,2.36947632,135.760993,2.36947632,135.760993,2.87503004,164.727087,0.04243565,-0.36038876,0.04243565,-0.36038876,2.18790507,125.357727,2.20864558,126.546070,4.46082449,255.586416,4.14809084,237.668098,0.18157125,10.403266,0.16083074,9.214922,3.28605533,188.277101,3.28968811,188.485245,0.86002207,49.275635,0.72656280,41.628982,171.722899,171.514755,1.09752500,0
0.620000,31,0,124,6.90768719,2.41123772,138.153745,2.41123772,138.153745,2.08806992,119.637594,-0.57597256,-0.57597256,-0.57597256,-0.57597256,2.20864558,126.546070,2.22716737,127.607290,4.14809084,237.668098,3.70434403,212.243279,0.20259213,11.607674,0.18407035,10.546454,3.28968811,188.485245,3.29222655,188.630687,0.72656280,41.628982,0.50767684,29.087740,171.514755,171.369313,1.09459686,0
0.625000,31,1,125,6.90768719,2.41123772,138.153745,2.41123772,138.153745,2.08806992,119.637594,-0.57597256,0.48629761,-0.57597256,0.48629761,2.22716737,127.607290,2.24669886,128.726362,3.70434403,212.243279,3.90628505,223.813647,0.18407035,10.546454,0.16453886,9.427382,3.29222655,188.630687,3.29579854,188.835346,0.50767684,29.087740,0.71441764,40.933115,171.369313,171.164654,1.09459686,0
0.630000,31,2,126,6.90768719,2.41123772,138.153745,2.41123772,138.153745,2.08806992,119.637594,0.48629761,-0.03297806,0.48629761,-0.03297806,2.24669886,128.726362,2.26566195,129.812868,3.90628505,223.813647,3.79261184,217.300652,0.16453886,9.427382,0.14557576,8.340877,3.29579854,188.835346,3.29937935,189.040512,0.71441764,40.933115,0.71618170,41.034189,171.164654,170.959488,1.09459686,0
0.635000,31,3,127,6.90768719,2.41123772,138.153745,2.41123772,138.153745,2.08806992,119.637594,-0.03297806,-0.33982468,-0.03297806,-0.33982468,2.26566195,129.812868,2.28312421,130.813381,3.79261184,217.300652,3.49245405,200.102877,0.14557576,8.340877,0.12811351,7.340363,3.29937935,189.040512,3.30236363,189.211499,0.71618170,41.034189,0.59686488,34.197839,170.959488,170.788501,1.09459686,0
0.640000,32,0,128,6.98059607,2.43668771,139.611922,2.43668771,139.611922,1.27249956,72.908854,-0.49785233,-0.49785233,-0.49785233,-0.49785233,2.28312421,130.813381,2.29860544,131.700391,3.49245405,200.102877,3.09626746,177.403058,0.15356350,8.798540,0.13808227,7.911531,3.30236363,189.211499,3.30443835,189.330371,0.59686488,34.197839,0.41493583,23.774072,170.788501,170.669629,1.27185512,0
0.645000,32,1,129,6.98059607,2.43668771,139.611922,2.43668771,139.611922,1.27249956,72.908854,-0.49785233,0.28014755,-0.49785233,0.28014755,2.29860544,131.700391,2.31447029,132.609379,3.09626746,177.403058,3.17295265,181.796796,0.13808227,7.911531,0.12221742,7.002542,3.30443835,189.330371,3.30715942,189.486277,0.41493583,23.774072,0.54419947,31.180333,170.669629,170.513723,1.27185512,0
0.650000,32,2,130,6.98059607,2.43668771,139.611922,2.43668771,139.611922,1.27249956,72.908854,0.28014755,-0.92123413,0.28014755,-0.92123413,2.31447029,132.609379,2.32706761,133.331153,3.17295265,181.796796,2.51947236,144.355133,0.12221742,7.002542,0.10962009,6.280769,3.30715942,189.486277,3.30813289,189.542052,0.54419947,31.180333,0.19468722,11.154756,170.513723,170.457948,1.27185512,0
0.655000,32,3,131,6.98059607,2.43668771,139.611922,2.43668771,139.611922,1.27249956,72.908854,-0.92123413,-0.75687408,-0.92123413,-0.75687408,2.32706761,133.331153,2.33689713,133.894343,2.51947236,144.355133,1.96589744,112.637626,0.10962009,6.280769,0.09979057,5.717579,3.30813289,189.542052,3.30767941,189.516070,0.19468722,11.154756,-0.09071749,-5.197730,170.457948,170.483930,1.27185512,0
0.660000,33,0,132,7.03069925,2.45417690,140.613979,2.45417690,140.613979,0.87445974,50.102853,-0.60080719,0.23442078,-0.60080719,0.23442078,2.33689713,133.894343,2.34697104,134.471535,1.96589744,112.637626,2.01480246,115.439677,0.11727977,6.719636,0.10720587,6.142444,3.30767941,189.516070,3.30777287,189.521425,-0.09071749,-5.197730,0.01868893,1.070797,170.483930,170.478575,1.27205789,0
0.665000,33,1,133,7.03069925,2.45417690,140.613979,2.45417690,140.613979,0.87445974,50.102853,0.23442078,0.00178528,0.23442078,0.00178528,2.34697104,134.471535,2.35658264,135.022239,2.01480246,115.439677,1.92231476,110.140523,0.10720587,6.142444,0.09759426,5.591739,3.30777287,189.521425,3.30794859,189.531493,0.01868893,1.070797,0.03512979,2.012789,170.478575,170.468507,1.27205789,0
0.670000,33,2,134,7.03069925,2.45417690,140.613979,2.45417690,140.613979,0.87445974,50.102853,0.00178528,-0.13152313,0.00178528,-0.13152313,2.35658264,135.022239,2.36532664,135.523234,1.92231476,110.140523,1.74880385,100.199080,0.09759426,5.591739,0.08885026,5.090745,3.30794859,189.531493,3.30793905,189.530947,0.03512979,2.012789,-0.00192123,-0.110079,170.468507,170.469053,1.27205789,0
0.675000,33,3,135,7.03069925,2.45417690,140.613979,2.45417690,140.613979,0.87445974,50.102853,-0.13152313,-0.19586945,-0.13152313,-0.19586945,2.36532664,135.523234,2.37300754,135.963317,1.74880385,100.199080,1.53618264,88.016782,0.08885026,5.090745,0.08116937,4.650662,3.30793905,189.530947,3.30761337,189.512287,-0.00192123,-0.110079,-0.06513778,-3.732120,170.469053,170.487713,1.27205789,0
0.680000,34,0,136,7.01740122,2.44953513,140.348025,2.44953513,140.348025,-0.23208857,-13.297695,-0.21403503,0.29496479,-0.21403503,0.29496479,2.37300754,135.963317,2.38111687,136.427947,1.53618264,88.016782,1.62187445,92.926561,0.07652760,4.384708,0.06841826,3.920078,3.30761337,189.512287,3.30795026,189.531589,-0.06513778,-3.732120,0.06739390,3.861386,170.487713,170.468411,1.23997533,0
0.685000,34,1,137,7.01740122,2.44953513,140.348025,2.44953513,140.348025,-0.23208857,-13.297695,0.29496479,0.07819080,0.29496479,0.07819080,2.38111687,136.427947,2.38899589,136.879382,1.62187445,92.926561,1.57581520,90.287560,0.06841826,3.920078,0.06053925,3.468643,3.30795026,189.531589,3.30851769,189.564100,0.06739390,3.861386,0.11348829,6.502400,170.468411,170.435900,1.23997533,0
0.690000,34,2,138,7.01740122,2.44953513,140.348025,2.44953513,140.348025,-0.23208857,-13.297695,0.07819080,-0.05004787,0.07819080,-0.05004787,2.38899589,136.879382,2.39625502,137.295299,1.57581520,90.287560,1.45181656,83.182961,0.06053925,3.468643,0.05328012,3.052726,3.30851769,189.564100,3.30906010,189.595178,0.11348829,6.502400,0.10848707,6.215851,170.435900,170.404822,1.23997533,0
0.695000,34,3,139,7.01740122,2.44953513,140.348025,2.44953513,140.348025,-0.23208857,-13.297695,-0.05004787,-0.11624050,-0.05004787,-0.11624050,2.39625502,137.295299,2.40269303,137.664170,1.45181656,83.182961,1.28758919,73.773426,0.05328012,3.052726,0.04684210,2.683855,3.30906010,189.595178,3.30944538,189.617253,0.10848707,6.215851,0.07707958,4.416335,170.404822,170.382747,1.23997533,0
0.700000,35,0,140,6.97999573,2.43647814,139.599914,2.43647814,139.599914,-0.65284967,-37.405531,-0.14037228,0.20941162,-0.14037228,0.20941162,2.40269303,137.664170,2.40929937,138.042686,1.28758919,73.773426,1.32128417,75.704007,0.03378510,1.935744,0.02717876,1.557228,3.30944538,189.617253,3.31032491,189.667646,0.07707958,4.416335,0.17588146,10.077265,170.382747,170.332354,1.18460035,0
0.705000,35,1,141,6.97999573,2.43647814,139.599914,2.43647814,139.599914,-0.65284967,-37.405531,0.20941162,0.05581284,0.20941162,0.05581284,2.40929937,138.042686,2.41560745,138.404112,1.32128417,75.704007,1.26162839,72.285982,0.02717876,1.557228,0.02087069,1.195802,3.31032491,189.667646,3.31139374,189.728885,0.17588146,10.077265,0.21376261,12.247695,170.332354,170.271115,1.18460035,0
0.710000,35,2,142,6.97999573,2.43647814,139.599914,2.43647814,139.599914,-0.65284967,-37.405531,0.05581284,-0.03234100,0.05581284,-0.03234100,2.41560745,138.404112,2.42134953,138.733109,1.26162839,72.285982,1.14839947,65.798443,0.02087069,1.195802,0.01512861,0.866806,3.31139374,189.728885,3.31247830,189.791027,0.21376261,12.247695,0.21689789,12.427334,170.271115,170.208973,1.18460035,0
0.715000,35,3,143,6.97999573,2.43647814,139.599914,2.43647814,139.599914,-0.65284967,-37.405531,-0.03234100,-0.07505035,-0.03234100,-0.07505035,2.42134953,138.733109,2.42639565,139.022230,1.14839947,65.798443,1.00921810,57.823938,0.01512861,0.866806,0.01008248,0.577684,3.31247830,189.791027,3.31349540,189.849302,0.21689789,12.427334,0.20341666,11.654916,170.208973,170.150698,1.18460035,0
0.720000,36,0,144,6.89491272,2.40677857,137.898255,2.40677857,137.898255,-1.48497820,-85.082983,-0.08730316,-0.18013859,-0.08730316,-0.18013859,2.42639565,139.022230,2.43042660,139.253186,1.00921810,57.823938,0.80617326,46.190326,-0.01961708,-1.123976,-0.02364802,-1.354932,3.31349540,189.849302,3.31423712,189.891799,0.20341666,11.654916,0.14833374,8.498897,170.150698,170.108201,1.21347153,0
0.725000,36,1,145,6.89491272,2.40677857,137.898255,2.40677857,137.898255,-1.48497820,-85.082983,-0.18013859,-0.13140965,-0.18013859,-0.13140965,2.43042660,139.253186,2.43359041,139.434460,0.80617326,46.190326,0.63274783,36.253780,-0.02364802,-1.354932,-0.02681184,-1.536205,3.31423712,189.891799,3.31480193,189.924161,0.14833374,8.498897,0.11295737,6.471981,170.108201,170.075839,1.21347153,0
0.730000,36,2,146,6.89491272,2.40677857,137.898255,2.40677857,137.898255,-1.48497820,-85.082983,-0.13140965,-0.08419895,-0.13140965,-0.08419895,2.43359041,139.434460,2.43603039,139.574260,0.63274783,36.253780,0.48801771,27.961355,-0.02681184,-1.536205,-0.02925181,-1.676005,3.31480193,189.924161,3.31528521,189.951850,0.11295737,6.471981,0.09663972,5.537048,170.075839,170.048150,1.21347153,0
0.735000,36,3,147,6.89491272,2.40677857,137.898255,2.40677857,137.898255,-1.48497820,-85.082983,-0.08419895,-0.04079914,-0.08419895,-0.04079914,2.43603039,139.574260,2.43787861,139.680155,0.48801771,27.961355,0.36966613,21.180309,-0.02925181,-1.676005,-0.03110003,-1.781901,3.31528521,189.951850,3.31577444,189.979881,0.09663972,5.537048,0.09785415,5.606630,170.048150,170.020119,1.21347153,0
0.740000,37,0,148,6.78066683,2.36689925,135.613338,2.36689925,135.613338,-1.99396610,-114.245842,-0.00236988,-0.26350975,-0.00236988,-0.26350975,2.43787861,139.680155,2.43911076,139.750752,0.36966613,21.180309,0.24640597,14.118022,-0.07097936,-4.066818,-0.07221150,-4.137414,3.31577444,189.979881,3.31625462,190.007393,0.09785415,5.606630,0.09605833,5.503737,170.020119,169.992607,1.16405988,0
0.745000,37,1,149,6.78066683,2.36689925,135.613338,2.36689925,135.613338,-1.99396610,-114.245842,-0.26350975,-0.20962715,-0.26350975,-0.20962715,2.43911076,139.750752,2.43992186,139.797225,0.24640597,14.118022,0.16220088,9.293426,-0.07221150,-4.137414,-0.07302260,-4.183887,3.31625462,190.007393,3.31685543,190.041817,0.09605833,5.503737,0.12017675,6.885620,169.992607,169.958183,1.16405988,0
0.750000,37,2,150,6.78066683,2.36689925,135.613338,2.36689925,135.613338,-1.99396610,-114.245842,-0.20962715,-0.17220879,-0.20962715,-0.17220879,2.43992186,139.797225,2.44044542,139.827223,0.16220088,9.293426,0.10471334,5.999632,-0.07302260,-4.183887,-0.07354617,-4.213885,3.31685543,190.041817,3.31766629,190.088276,0.12017675,6.885620,0.16217701,9.292058,169.958183,169.911724,1.16405988,0
0.755000,37,3,151,6.78066683,2.36689925,135.613338,2.36689925,135.613338,-1.99396610,-114.245842,-0.17220879,-0.14605141,-0.17220879,-0.14605141,2.44044542,139.827223,2.44077301,139.845992,0.10471334,5.999632,0.06550346,3.753072,-0.07354617,-4.213885,-0.07387376,-4.232655,3.31766629,190.088276,3.31874943,190.150335,0.16217701,9.292058,0.21663253,12.412130,169.911724,169.849665,1.16405988,0
0.760000,38,0,152,6.61327553,2.30846858,132.265507,2.30846858,132.265507,-2.92153358,-167.391544,-0.12762642,-0.72161770,-0.12762642,-0.72161770,2.44077301,139.845992,2.43938208,139.766298,0.06550346,3.753072,-0.27816966,-15.937948,-0.13230443,-7.580485,-0.13091350,-7.500791,3.31874943,190.150335,3.31910706,190.170826,0.21663253,12.412130,0.07154556,4.099258,169.849665,169.829174,1.19436920,0
0.765000,38,1,153,6.61327553,2.30846858,132.265507,2.30846858,132.265507,-2.92153358,-167.391544,-0.72161770,-0.47486019,-0.72161770,-0.47486019,2.43938208,139.766298,2.43702269,139.631114,-0.27816966,-15.937948,-0.47187397,-27.036387,-0.13091350,-7.500791,-0.12855411,-7.365608,3.31910706,190.170826,3.31923413,190.178107,0.07154556,4.099258,0.02540977,1.455873,169.829174,169.821893,1.19436920,0
0.770000,38,2,154,6.61327553,2.30846858,132.265507,2.30846858,132.265507,-2.92153358,-167.391544,-0.47486019,-0.30427456,-0.47486019,-0.30427456,2.43702269,139.631114,2.43421316,139.470141,-0.47187397,-27.036387,-0.56190485,-32.194776,-0.12855411,-7.365608,-0.12574458,-7.204634,3.31923413,190.178107,3.31947231,190.191754,0.02540977,1.455873,0.04763469,2.729267,169.821893,169.808246,1.19436920,0
0.775000,38,3,155,6.61327553,2.30846858,132.265507,2.30846858,132.265507,-2.92153358,-167.391544,-0.30427456,-0.19072628,-0.30427456,-0.19072628,2.43421316,139.470141,2.43129849,139.303142,-0.56190485,-32.194776,-0.58292609,-33.399205,-0.12574458,-7.204634,-0.12282991,-7.037636,3.31947231,190.191754,3.32004929,190.224812,0.04763469,2.729267,0.11541346,6.612704,169.808246,169.775188,1.19436920,0
0.780000,39,0,156,6.41889763,2.24061799,128.377954,2.24061799,128.377954,-3.39252949,-194.377622,-0.11904049,-0.91662693,-0.11904049,-0.91662693,2.43129849,139.303142,2.42607307,139.003748,-0.58292609,-33.399205,-1.04510057,-59.879852,-0.19068050,-10.925188,-0.18545508,-10.625794,3.32004929,190.224812,3.31951714,190.194322,0.11541346,6.612704,-0.10643483,-6.098267,169.775188,169.805678,1.24026680,0
0.785000,39,1,157,6.41889763,2.24061799,128.377954,2.24061799,128.377954,-3.39252949,-194.377622,-0.91662693,-0.51768589,-0.91662693,-0.51768589,2.42607307,139.003748,2.41974902,138.641406,-1.04510057,-59.879852,-1.26482451,-72.469106,-0.18545508,-10.625794,-0.17913103,-10.263452,3.31951714,190.194322,3.31867433,190.146032,-0.10643483,-6.098267,-0.16854994,-9.657200,169.805678,169.853968,1.24026680,0
0.790000,39,2,158,6.41889763,2.24061799,128.377954,2.24061799,128.377954,-3.39252949,-194.377622,-0.51768589,-0.25122929,-0.51768589,-0.25122929,2.41974902,138.641406,2.41313601,138.262509,-1.26482451,-72.469106,-1.32261539,-75.780279,-0.17913103,-10.263452,-0.17251801,-9.884554,3.31867433,190.146032,3.31805277,190.110420,-0.16854994,-9.657200,-0.12431481,-7.122714,169.853968,169.889580,1.24026680,0
0.795000,39,3,159,6.41889763,2.24061799,128.377954,2.24061799,128.377954,-3.39252949,-194.377622,-0.25122929,-0.08215046,-0.25122929,-0.08215046,2.41313601,138.262509,2.40674782,137.896492,-1.32261539,-75.780279,-1.27765131,-73.204028,-0.17251801,-9.884554,-0.16612983,-9.518538,3.31805277,190.110420,3.31798863,190.106745,-0.12431481,-7.122714,-0.01281962,-0.734510,169.889580,169.893255,1.24026680,0
0.800000,40,0,160,6.18306589,2.15829706,123.661313,2.15829706,123.661313,-4.11604643,-235.832089,0.01696682,-1.15164661,0.01696682,-1.15164661,2.40674782,137.896492,2.39733458,137.357153,-1.27765131,-73.204028,-1.88266516,-107.868768,-0.24845076,-14.235180,-0.23903751,-13.695841,3.31798863,190.106745,3.31634450,190.012543,-0.01281962,-0.734510,-0.32883057,-18.840604,169.893255,169.987457,1.26001036,0
0.805000,40,1,161,6.18306589,2.15829706,123.661313,2.15829706,123.661313,-4.11604643,-235.832089,-1.15164661,-0.57795429,-1.15164661,-0.57795429,2.39733458,137.357153,2.38663936,136.744362,-1.88266516,-107.868768,-2.13902974,-122.557376,-0.23903751,-13.695841,-0.22834229,-13.083050,3.31634450,190.012543,3.31426930,189.893643,-0.32883057,-18.840604,-0.41503784,-23.779917,169.987457,170.106357,1.26001036,0
0.810000,40,2,162,6.18306589,2.15829706,123.661313,2.15829706,123.661313,-4.11604643,-235.832089,-0.57795429,-0.20073032,-0.57795429,-0.20073032,2.38663936,136.744362,2.37580872,136.123812,-2.13902974,-122.557376,-2.16614604,-124.111026,-0.22834229,-13.083050,-0.21751165,-12.462500,3.31426930,189.893643,3.31251454,189.793103,-0.41503784,-23.779917,-0.35095286,-20.108118,170.106357,170.206897,1.26001036,0
0.815000,40,3,163,6.18306589,2.15829706,123.661313,2.15829706,123.661313,-4.11604643,-235.832089,-0.20073032,0.03315639,-0.20073032,0.03315639,2.37580872,136.123812,2.36555314,135.536211,-2.16614604,-124.111026,-2.05112100,-117.520576,-0.21751165,-12.462500,-0.20725608,-11.874899,3.31251454,189.793103,3.31154275,189.737423,-0.35095286,-20.108118,-0.19438203,-11.137270,170.206897,170.262577,1.26001036,0
0.820000,41,0,164,5.92280483,2.06744885,118.456094,2.06744885,118.456094,-4.54241037,-260.260943,0.16499233,-1.19201946,0.16499233,-1.19201946,2.36555314,135.536211,2.35214949,134.768238,-2.05112100,-117.520576,-2.68071413,-153.593606,-0.29810429,-17.080117,-0.28470063,-16.312145,3.31154275,189.737423,3.30889869,189.585930,-0.19438203,-11.137270,-0.52879095,-30.297490,170.262577,170.414070,1.28900766,0
0.825000,41,1,165,5.92280483,2.06744885,118.456094,2.06744885,118.456094,-4.54241037,-260.260943,-1.19201946,-0.52286053,-1.19201946,-0.52286053,2.35214949,134.768238,2.33763123,133.936403,-2.68071413,-153.593606,-2.90363288,-166.365909,-0.28470063,-16.312145,-0.27018237,-15.480310,3.30889869,189.585930,3.30592394,189.415489,-0.52879095,-30.297490,-0.59496564,-34.089020,170.414070,170.584511,1.28900766,0
0.830000,41,2,166,5.92280483,2.06744885,118.456094,2.06744885,118.456094,-4.54241037,-260.260943,-0.52286053,-0.09048367,-0.52286053,-0.09048367,2.33763123,133.936403,2.32331228,133.115988,-2.90363288,-166.365909,-2.86377764,-164.082372,-0.27018237,-15.480310,-0.25586343,-14.659895,3.30592394,189.415489,3.30347824,189.275361,-0.59496564,-34.089020,-0.48911655,-28.024314,170.584511,170.724639,1.28900766,0
0.835000,41,3,167,5.92280483,2.06744885,118.456094,2.06744885,118.456094,-4.54241037,-260.260943,-0.09048367,0.17050266,-0.09048367,0.17050266,2.32331228,133.115988,2.30998564,132.352428,-2.86377764,-164.082372,-2.66530538,-152.710749,-0.25586343,-14.659895,-0.24253678,-13.896334,3.30347824,189.275361,3.30207562,189.194997,-0.48911655,-28.024314,-0.28053823,-16.073657,170.724639,170.805003,1.28900766,0
0.840000,42,0,168,5.63302231,1.96629572,112.660446,1.96629572,112.660446,-5.05765676,-289.782387,0.31059742,-1.33582115,0.31059742,-1.33582115,2.30998564,132.352428,2.29307389,131.383456,-2.66530538,-152.710749,-3.38236523,-193.795252,-0.34368992,-19.691982,-0.32677817,-18.723010,3.30207562,189.194997,3.29869151,189.001102,-0.28053823,-16.073657,-0.67681575,-38.778686,170.805003,170.998898,1.32636702,0
0.845000,42,1,169,5.63302231,1.96629572,112.660446,1.96629572,112.660446,-5.05765676,-289.782387,-1.33582115,-0.54077339,-1.33582115,-0.54077339,2.29307389,131.383456,2.27499270,130.347480,-3.38236523,-193.795252,-3.61622357,-207.194349,-0.32677817,-18.723010,-0.30869699,-17.687034,3.29869151,189.001102,3.29492235,188.785145,-0.67681575,-38.778686,-0.75384730,-43.192269,170.998898,171.214855,1.32636702,0
0.850000,42,2,170,5.63302231,1.96629572,112.660446,1.96629572,112.660446,-5.05765676,-289.782387,-0.54077339,-0.03017235,-0.54077339,-0.03017235,2.27499270,130.347480,2.25729394,129.333416,-3.61622357,-207.194349,-3.53975415,-202.812973,-0.30869699,-17.687034,-0.29099822,-16.672970,3.29492235,188.785145,3.29178405,188.605333,-0.75384730,-43.192269,-0.62765998,-35.962268,171.214855,171.394667,1.32636702,0
0.855000,42,3,171,5.63302231,1.96629572,112.660446,1.96629572,112.660446,-5.05765676,-289.782387,-0.03017235,0.27509117,-0.03017235,0.27509117,2.25729394,129.333416,2.24090528,128.394415,-3.53975415,-202.812973,-3.27774882,-187.801174,-0.29099822,-16.672970,-0.27460957,-15.733969,3.29178405,188.605333,3.28987646,188.496036,-0.62765998,-35.962268,-0.38153464,-21.860324,171.394667,171.503964,1.32636702,0
0.860000,43,0,172,5.32884026,1.86011612,106.576803,1.86011612,106.576803,-5.30897975,-304.182133,0.43594933,-1.38101482,0.43594933,-1.38101482,2.24090528,128.394415,2.22079349,127.242094,-3.27774882,-187.801174,-4.02236748,-230.464680,-0.38078916,-21.817612,-0.36067736,-20.665291,3.28987646,188.496036,3.28586674,188.266296,-0.38153464,-21.860324,-0.80193657,-45.947581,171.503964,171.733704,1.36954522,0
0.865000,43,1,173,5.32884026,1.86011612,106.576803,1.86011612,106.576803,-5.30897975,-304.182133,-1.38101482,-0.50441265,-1.38101482,-0.50441265,2.22079349,127.242094,2.19962263,126.029093,-4.02236748,-230.464680,-4.23419237,-242.601353,-0.36067736,-20.665291,-0.33950651,-19.452290,3.28586674,188.266296,3.28151679,188.017062,-0.80193657,-45.947581,-0.86997181,-49.845713,171.733704,171.982938,1.36954522,0
0.870000,43,2,174,5.32884026,1.86011612,106.576803,1.86011612,106.576803,-5.30897975,-304.182133,-0.50441265,0.05394840,-0.50441265,0.05394840,2.19962263,126.029093,2.17908931,124.852621,-4.23419237,-242.601353,-4.10664415,-235.293378,-0.33950651,-19.452290,-0.31897318,-18.275817,3.28151679,188.017062,3.27793765,187.811993,-0.86997181,-49.845713,-0.71582234,-41.013599,171.982938,172.188007,1.36954522,0
0.875000,43,3,175,5.32884026,1.86011612,106.576803,1.86011612,106.576803,-5.30897975,-304.182133,0.05394840,0.38335896,0.05394840,0.38335896,2.17908931,124.852621,2.16019487,123.770049,-4.10664415,-235.293378,-3.77887297,-216.513472,-0.31897318,-18.275817,-0.30007875,-17.193246,3.27793765,187.811993,3.27577519,187.688093,-0.71582234,-41.013599,-0.43248332,-24.779469,172.188007,172.311907,1.36954522,0
0.880000,44,0,176,5.00969410,1.74871314,100.193882,1.74871314,100.193882,-5.57014942,-319.146053,0.55244160,-1.47062111,0.55244160,-1.47062111,2.16019487,123.770049,2.13730454,122.458530,-3.77887297,-216.513472,-4.57806349,-262.303716,-0.41148174,-23.576167,-0.38859141,-22.264648,3.27577519,187.688093,3.27129173,187.431210,-0.43248332,-24.779469,-0.89667970,-51.375962,172.311907,172.568790,1.41796541,0
0.885000,44,1,177,5.00969410,1.74871314,100.193882,1.74871314,100.193882,-5.57014942,-319.146053,-1.47062111,-0.50368690,-1.47062111,-0.50368690,2.13730454,122.458530,2.11335683,121.086427,-4.57806349,-262.303716,-4.78952408,-274.419516,-0.38859141,-22.264648,-0.36464369,-20.892545,3.27129173,187.431210,3.26643276,187.152811,-0.89667970,-51.375962,-0.97177124,-55.678391,172.568790,172.847189,1.41796541,0
0.890000,44,2,178,5.00969410,1.74871314,100.193882,1.74871314,100.193882,-5.57014942,-319.146053,-0.50368690,0.10998344,-0.50368690,0.10998344,2.11335683,121.086427,2.09021688,119.760605,-4.78952408,-274.419516,-4.62797451,-265.163407,-0.36464369,-20.892545,-0.34150374,-19.566723,3.26643276,187.152811,3.26241994,186.922894,-0.97177124,-55.678391,-0.80256909,-45.983822,172.847189,173.077106,1.41796541,0
0.895000,44,3,179,5.00969410,1.74871314,100.193882,1.74871314,100.193882,-5.57014942,-319.146053,0.10998344,0.46986580,0.10998344,0.46986580,2.09021688,119.760605,2.06897855,118.543739,-4.62797451,-265.163407,-4.24766970,-243.373546,-0.34150374,-19.566723,-0.32026541,-18.349856,3.26241994,186.922894,3.25995851,186.781864,-0.80256909,-45.983822,-0.49227241,-28.205131,173.077106,173.218136,1.41796541,0
0.900000,45,0,180,4.68748426,1.63624060,93.749681,1.63624060,93.749681,-5.62362671,-322.210076,0.65235329,-1.47123861,0.65235329,-1.47123861,2.06897855,118.543739,2.04374170,117.097774,-4.24766970,-243.373546,-5.04735374,-289.192067,-0.43273795,-24.794058,-0.40750110,-23.348093,3.25995851,186.781864,3.25512815,186.505104,-0.49227241,-28.205131,-0.96607339,-55.351928,173.218136,173.494896,1.46920907,0
0.905000,45,1,181,4.68748426,1.63624060,93.749681,1.63624060,93.749681,-5.62362671,-322.210076,-1.47123861,-0.45705557,-1.47123861,-0.45705557,2.04374170,117.097774,2.01758885,115.599326,-5.04735374,-289.192067,-5.23055410,-299.688675,-0.40750110,-23.348093,-0.38134825,-21.849645,3.25512815,186.505104,3.24996972,186.209549,-0.96607339,-55.351928,-1.03167045,-59.110363,173.494896,173.790451,1.46920907,0
0.910000,45,2,182,4.68748426,1.63624060,93.749681,1.63624060,93.749681,-5.62362671,-322.210076,-0.45705557,0.18271112,-0.45705557,0.18271112,2.01758885,115.599326,1.99246454,114.159809,-5.23055410,-299.688675,-5.02486181,-287.903374,-0.38134825,-21.849645,-0.35622394,-20.410128,3.24996972,186.209549,3.24575639,185.968142,-1.03167045,-59.110363,-0.84264803,-48.280176,173.790451,174.031858,1.46920907,0
0.915000,45,3,183,4.68748426,1.63624060,93.749681,1.63624060,93.749681,-5.62362671,-322.210076,0.18271112,0.55415964,0.18271112,0.55415964,1.99246454,114.159809,1.96949768,112.843905,-5.02486181,-287.903374,-4.59337378,-263.180931,-0.35622394,-20.410128,-0.33325708,-19.094224,3.24575639,185.968142,3.24321604,185.822591,-0.84264803,-48.280176,-0.50805295,-29.109290,174.031858,174.177409,1.46920907,0
0.920000,46,0,184,4.36281776,1.52291059,87.256350,1.52291059,87.256350,-5.66650033,-324.666554,0.73861170,-1.48944807,0.73861170,-1.48944807,1.96949768,112.843905,1.94247639,111.295699,-4.59337378,-263.180931,-5.40424919,-309.640670,-0.44658709,-25.587555,-0.41956580,-24.039349,3.24321604,185.822591,3.23821616,185.536119,-0.50805295,-29.109290,-0.99996334,-57.293679,174.177409,174.463881,1.52806509,0
0.925000,46,1,185,4.36281776,1.52291059,87.256350,1.52291059,87.256350,-5.66650033,-324.666554,-1.48944807,-0.43244886,-1.48944807,-0.43244886,1.94247639,111.295699,1.91461349,109.699272,-5.40424919,-309.640670,-5.57258224,-319.285444,-0.41956580,-24.039349,-0.39170289,-22.442922,3.23821616,185.536119,3.23288393,185.230605,-0.99996334,-57.293679,-1.06642962,-61.101916,174.463881,174.769395,1.52806509,0
0.930000,46,2,186,4.36281776,1.52291059,87.256350,1.52291059,87.256350,-5.66650033,-324.666554,-0.43244886,0.23204851,-0.43244886,0.23204851,1.91461349,109.699272,1.88792861,108.170341,-5.57258224,-319.285444,-5.33697128,-305.785930,-0.39170289,-22.442922,-0.36501801,-20.913991,3.23288393,185.230605,3.22854185,184.981822,-1.06642962,-61.101916,-0.86840600,-49.755999,174.769395,175.018178,1.52806509,0
0.935000,46,3,187,4.36281776,1.52291059,87.256350,1.52291059,87.256350,-5.66650033,-324.666554,0.23204851,0.61565065,0.23204851,0.61565065,1.88792861,108.170341,1.86358774,106.775712,-5.33697128,-305.785930,-4.86816931,-278.925555,-0.36501801,-20.913991,-0.34067714,-19.519362,3.22854185,184.981822,3.22594213,184.832869,-0.86840600,-49.755999,-0.51992375,-29.789436,175.018178,175.167131,1.52806509,0
0.940000,47,0,188,4.04460478,1.41183341,80.892096,1.41183341,80.892096,-5.55385947,-318.212708,0.80381060,-1.44564009,0.80381060,-1.44564009,1.86358774,106.775712,1.83532512,105.156384,-4.86816931,-278.925555,-5.65253448,-323.866370,-0.45175433,-25.883617,-0.42349172,-24.264288,3.22594213,184.832869,3.22091293,184.544717,-0.51992375,-29.789436,-1.00584185,-57.630493,175.167131,175.455283,1.58642745,0
0.945000,47,1,189,4.04460478,1.41183341,80.892096,1.41183341,80.892096,-5.55385947,-318.212708,-1.44564009,-0.38069868,-1.44564009,-0.38069868,1.83532512,105.156384,1.80637765,103.497816,-5.65253448,-323.866370,-5.78950119,-331.713984,-0.42349172,-24.264288,-0.39454424,-22.605720,3.22091293,184.544717,3.21559596,184.240077,-1.00584185,-57.630493,-1.06339228,-60.927890,175.455283,175.759923,1.58642745,0
0.950000,47,2,190,4.04460478,1.41183341,80.892096,1.41183341,80.892096,-5.55385947,-318.212708,-0.38069868,0.28550768,-0.38069868,0.28550768,1.80637765,103.497816,1.77877033,101.916032,-5.78950119,-331.713984,-5.52147055,-316.356959,-0.39454424,-22.605720,-0.36693692,-21.023937,3.21559596,184.240077,3.21131682,183.994901,-1.06339228,-60.927890,-0.85583067,-49.035485,175.759923,176.005099,1.58642745,0
0.955000,47,3,191,4.04460478,1.41183341,80.892096,1.41183341,80.892096,-5.55385947,-318.212708,0.28550768,0.66690111,0.28550768,0.66690111,1.77877033,101.916032,1.75366235,100.477451,-5.52147055,-316.356959,-5.02158594,-287.715681,-0.36693692,-21.023937,-0.34182894,-19.585356,3.21131682,183.994901,3.20882416,183.852081,-0.85583067,-49.035485,-0.49851927,-28.563050,176.005099,176.147919,1.58642745,0
0.960000,48,0,192,3.73356915,1.30326140,74.671378,1.30326140,74.671378,-5.42860031,-311.035886,0.85060549,-1.41599464,0.85060549,-1.41599464,1.75366235,100.477451,1.72472215,98.819300,-5.02158594,-287.715681,-5.78804398,-331.630491,-0.45040095,-25.806073,-0.42146075,-24.147922,3.20882416,183.852081,3.20390129,183.570022,-0.49851927,-28.563050,-0.98456573,-56.411461,176.147919,176.429978,1.64344895,0
0.965000,48,1,193,3.73356915,1.30326140,74.671378,1.30326140,74.671378,-5.42860031,-311.035886,-1.41599464,-0.34891319,-1.41599464,-0.34891319,1.72472215,98.819300,1.69519329,97.127421,-5.78804398,-331.630491,-5.90578032,-338.376287,-0.42146075,-24.147922,-0.39193189,-22.456043,3.20390129,183.570022,3.19869280,183.271597,-0.98456573,-56.411461,-1.04170609,-59.685362,176.429978,176.728403,1.64344895,0
0.970000,48,2,194,3.73356915,1.30326140,74.671378,1.30326140,74.671378,-5.42860031,-311.035886,-0.34891319,0.31666946,-0.34891319,0.31666946,1.69519329,97.127421,1.66709888,95.517730,-5.90578032,-338.376287,-5.61888885,-321.938617,-0.39193189,-22.456043,-0.36383748,-20.846352,3.19869280,183.271597,3.19452286,183.032677,-1.04170609,-59.685362,-0.83397073,-47.783003,176.728403,176.967323,1.64344895,0
0.975000,48,3,195,3.73356915,1.30326140,74.671378,1.30326140,74.671378,-5.42860031,-311.035886,0.31666946,0.69579124,0.31666946,0.69579124,1.66709888,95.517730,1.64159131,94.056254,-5.61888885,-321.938617,-5.10152102,-292.295623,-0.36383748,-20.846352,-0.33832991,-19.384876,3.19452286,183.032677,3.19213724,182.895992,-0.83397073,-47.783003,-0.47710711,-27.336224,176.967323,177.104008,1.64344895,0
0.980000,49,0,196,3.43661952,1.19960654,68.732392,1.19960654,68.732392,-5.18274307,-296.949304,0.87635040,-1.34519339,0.87635040,-1.34519339,1.64159131,94.056254,1.61246610,92.387502,-5.10152102,-292.295623,-5.82504177,-333.750309,-0.44198477,-25.323862,-0.41285956,-23.655110,3.19213724,182.895992,3.18740439,182.624819,-0.47710711,-27.336224,-0.94656283,-54.234055,177.104008,177.375181,1.69790173,0
0.985000,49,1,197,3.43661952,1.19960654,68.732392,1.19960654,68.732392,-5.18274307,-296.949304,-1.34519339,-0.30176497,-1.34519339,-0.30176497,1.61246610,92.387502,1.58289504,90.693205,-5.82504177,-333.750309,-5.91420603,-338.859045,-0.41285956,-23.655110,-0.38328850,-21.960814,3.18740439,182.624819,3.18241906,182.339181,-0.94656283,-54.234055,-0.99708700,-57.128877,177.375181,177.660819,1.69790173,0
0.990000,49,2,198,3.43661952,1.19960654,68.732392,1.19960654,68.732392,-5.18274307,-296.949304,-0.30176497,0.34645700,-0.30176497,0.34645700,1.58289504,90.693205,1.55484855,89.086260,-5.91420603,-338.859045,-5.60929012,-321.388650,-0.38328850,-21.960814,-0.35524201,-20.353868,3.18241906,182.339181,3.17847061,182.112951,-0.99708700,-57.128877,-0.78967583,-45.245092,177.660819,177.887049,1.69790173,0
0.995000,49,3,199,3.43661952,1.19960654,68.732392,1.19960654,68.732392,-5.18274307,-296.949304,0.34645700,0.71313715,0.34645700,0.71313715,1.55484855,89.086260,1.52944124,87.630528,-5.60929012,-321.388650,-5.08146048,-291.146239,-0.35524201,-20.353868,-0.32983470,-18.898136,3.17847061,182.112951,3.17628193,181.987549,-0.78967583,-45.245092,-0.43775612,-25.081578,177.887049,178.012451,1.69790173,0
1.000000,50,0,200,3.15845299,1.10250807,63.169059,1.10250807,63.169059,-4.85492349,-278.166626,0.88502550,-1.28641462,0.88502550,-1.28641462,1.52944124,87.630528,1.50059450,85.977731,-5.08146048,-291.146239,-5.76934147,-330.558917,-0.42693317,-24.461469,-0.39808643,-22.808672,3.17628193,181.987549,3.17180729,181.731171,-0.43775612,-25.081578,-0.89494777,-51.276730,178.012451,178.268829,1.74954677,0
1.005000,50,1,201,3.15845299,1.10250807,63.169059,1.10250807,63.169059,-4.85492349,-278.166626,-1.28641462,-0.27125883,-1.28641462,-0.27125883,1.50059450,85.977731,1.47139430,84.304683,-5.76934147,-330.558917,-5.84004688,-334.610039,-0.39808643,-22.808672,-0.36888623,-21.135624,3.17180729,181.731171,3.16708231,181.460450,-0.89494777,-51.276730,-0.94501007,-54.145088,178.268829,178.539550,1.74954677,0
1.010000,50,2,202,3.15845299,1.10250807,63.169059,1.10250807,63.169059,-4.85492349,-278.166626,-0.27125883,0.35778856,-0.27125883,0.35778856,1.47139430,84.304683,1.44375265,82.720933,-5.84004688,-334.610039,-5.52832699,-316.749804,-0.36888623,-21.135624,-0.34124458,-19.551874,3.16708231,181.460450,3.16335845,181.247088,-0.94501007,-54.145088,-0.74476498,-42.671890,178.539550,178.752912,1.74954677,0
1.015000,50,3,203,3.15845299,1.10250807,63.169059,1.10250807,63.169059,-4.85492349,-278.166626,0.35778856,0.71203852,0.35778856,0.71203852,1.44375265,82.720933,1.41874635,81.288178,-5.52832699,-316.749804,-5.00125027,-286.550533,-0.34124458,-19.551874,-0.31623828,-18.119119,3.16335845,181.247088,3.16133547,181.131180,-0.74476498,-42.671890,-0.40461847,-23.182931,178.752912,178.868820,1.74954677,0
1.020000,51,0,204,2.90406322,1.01370931,58.081265,1.01370931,58.081265,-4.43993807,-254.389713,0.87638521,-1.19671202,0.87638521,-1.19671202,1.41874635,81.288178,1.39057291,79.673959,-5.00125027,-286.550533,-5.63468027,-322.843398,-0.40503705,-23.206913,-0.37686360,-21.592694,3.16133547,181.131180,3.15715408,180.891604,-0.40461847,-23.182931,-0.83628166,-47.915409,178.868820,179.108396,1.79775131,0
1.025000,51,1,205,2.90406322,1.01370931,58.081265,1.01370931,58.081265,-4.43993807,-254.389713,-1.19671202,-0.22971106,-1.19671202,-0.22971106,1.39057291,79.673959,1.36217189,78.046700,-5.63468027,-322.843398,-5.68020821,-325.451957,-0.37686360,-21.592694,-0.34846258,-19.965435,3.15715408,180.891604,3.15275097,180.639324,-0.83628166,-47.915409,-0.88061070,-50.455277,179.108396,179.360676,1.79775131,0
1.030000,51,2,206,2.90406322,1.01370931,58.081265,1.01370931,58.081265,-4.43993807,-254.389713,-0.22971106,0.36731195,-0.22971106,0.36731195,1.36217189,78.046700,1.33535802,76.510379,-5.68020821,-325.451957,-5.36278009,-307.264666,-0.34846258,-19.965435,-0.32164872,-18.429114,3.15275097,180.639324,3.14931393,180.442396,-0.88061070,-50.455277,-0.68739784,-39.384995,179.360676,179.557604,1.79775131,0
1.035000,51,3,207,2.90406322,1.01370931,58.081265,1.01370931,58.081265,-4.43993807,-254.389713,0.36731195,0.70137072,0.36731195,0.70137072,1.33535802,76.510379,1.31114662,75.123167,-5.36278009,-307.264666,-4.84227180,-277.441738,-0.32164872,-18.429114,-0.29743731,-17.041903,3.14931393,180.442396,3.14750385,180.338687,-0.68739784,-39.384995,-0.36200044,-20.741097,179.557604,179.661313,1.79775131,0
1.040000,52,0,208,2.67374086,0.93331158,53.474815,0.93331158,53.474815,-4.01988626,-230.322517,0.85400438,-1.08796501,0.85400438,-1.08796501,1.31114662,75.123167,1.28409827,73.573411,-4.84227180,-277.441738,-5.40966034,-309.950706,-0.37783504,-21.648353,-0.35078669,-20.098597,3.14750385,180.338687,3.14370656,180.121118,-0.36200044,-20.741097,-0.75944674,-43.513093,179.661313,179.878882,1.69883513,0
1.045000,52,1,209,2.67374086,0.93331158,53.474815,0.93331158,53.474815,-4.01988626,-230.322517,-1.08796501,-0.18553734,-1.08796501,-0.18553734,1.28409827,73.573411,1.25695622,72.018286,-5.40966034,-309.950706,-5.42840719,-311.024822,-0.35078669,-20.098597,-0.32364464,-18.543472,3.14370656,180.121118,3.13972735,179.893126,-0.75944674,-43.513093,-0.79582143,-45.597209,179.878882,179.893126,1.69883513,0
1.050000,52,2,210,2.67374086,0.93331158,53.474815,0.93331158,53.474815,-4.01988626,-230.322517,-0.18553734,0.36924553,-0.18553734,0.36924553,1.25695622,72.018286,1.23140681,70.554413,-5.42840719,-311.024822,-5.10987949,-292.774529,-0.32364464,-18.543472,-0.29809523,-17.079598,3.13972735,179.893126,3.13667011,179.717959,-0.79582143,-45.597209,-0.61143816,-35.032826,179.893126,179.717959,1.69883513,0
1.055000,52,3,211,2.67374086,0.93331158,53.474815,0.93331158,53.474815,-4.01988626,-230.322517,0.36924553,0.67731285,0.36924553,0.67731285,1.23140681,70.554413,1.20838642,69.235442,-5.10987949,-292.774529,-4.60407400,-263.794009,-0.29809523,-17.079598,-0.27507484,-15.760627,3.13667011,179.717959,3.13514566,179.630615,-0.61143816,-35.032826,-0.30489442,-17.469163,179.717959,179.630615,1.69883513,0
1.060000,53,0,212,2.46851420,0.86167401,49.370284,0.86167401,49.370284,-3.58187854,-205.226523,0.81549263,-0.96048260,0.81549263,-0.96048260,1.20838642,69.235442,1.18291628,67.776111,-4.60407400,-263.794009,-5.09401941,-291.865813,-0.34671241,-19.865158,-0.32124227,-18.405826,3.13514566,179.630615,3.13184929,179.441746,-0.30489442,-17.469163,-0.65925169,-37.772339,179.630615,179.441746,1.69867861,0
1.065000,53,1,213,2.46851420,0.86167401,49.370284,0.86167401,49.370284,-3.58187854,-205.226523,-0.96048260,-0.13895512,-0.96048260,-0.13895512,1.18291628,67.776111,1.15749371,66.319504,-5.09401941,-291.865813,-5.08451080,-291.321010,-0.32124227,-18.405826,-0.29581970,-16.949220,3.13184929,179.441746,3.12842345,179.245460,-0.65925169,-37.772339,-0.68515271,-39.256359,179.441746,179.245460,1.69867861,0
1.070000,53,2,214,2.46851420,0.86167401,49.370284,0.86167401,49.370284,-3.58187854,-205.226523,-0.13895512,0.36343861,-0.13895512,0.36343861,1.15749371,66.319504,1.13364577,64.953118,-5.08451080,-291.321010,-4.76958036,-273.276825,-0.29581970,-16.949220,-0.27197176,-15.582834,3.12842345,179.245460,3.12586832,179.099062,-0.68515271,-39.256359,-0.51104116,-29.280502,179.245460,179.099062,1.69867861,0
1.075000,53,3,215,2.46851420,0.86167401,49.370284,0.86167401,49.370284,-3.58187854,-205.226523,0.36343861,0.63976765,0.36343861,0.63976765,1.13364577,64.953118,1.11221242,63.725078,-4.76958036,-273.276825,-4.28666735,-245.607947,-0.27197176,-15.582834,-0.25053841,-14.354793,3.12586832,179.099062,3.12473297,179.034011,-0.51104116,-29.280502,-0.22707474,-13.010424,179.099062,179.034011,1.69867861,0
1.080000,54,0,216,2.28620863,0.79803735,45.724172,0.79803735,45.724172,-3.18183303,-182.305604,0.76079273,-0.84716177,0.76079273,-0.84716177,1.11221242,63.725078,1.08867359,62.376402,-4.28666735,-245.607947,-4.70776749,-269.735208,-0.31417507,-18.000906,-0.29063624,-16.652230,3.12473297,179.034011,3.12202096,178.878625,-0.22707474,-13.010424,-0.54240680,-31.077620,179.034011,178.878625,1.70674145,0
1.085000,54,1,217,2.28620863,0.79803735,45.724172,0.79803735,45.724172,-3.18183303,-182.305604,-0.84716177,-0.10812140,-0.84716177,-0.10812140,1.08867359,62.376402,1.06527579,61.035807,-4.70776749,-269.735208,-4.67956686,-268.119431,-0.29063624,-16.652230,-0.26723844,-15.311635,3.12202096,178.878625,3.11920929,178.717528,-0.54240680,-31.077620,-0.56232446,-32.218819,178.878625,178.717528,1.70674145,0
1.090000,54,2,218,2.28620863,0.79803735,45.724172,0.79803735,45.724172,-3.18183303,-182.305604,-0.10812140,0.34186983,-0.10812140,0.34186983,1.06527579,61.035807,1.04338682,59.781661,-4.67956686,-268.119431,-4.37780333,-250.829654,-0.26723844,-15.311635,-0.24534947,-14.057489,3.11920929,178.717528,3.11719465,178.602098,-0.56232446,-32.218819,-0.40291971,-23.085599,178.717528,178.602098,1.70674145,0
1.095000,54,3,219,2.28620863,0.79803735,45.724172,0.79803735,45.724172,-3.18183303,-182.305604,0.34186983,0.58740854,0.34186983,0.58740854,1.04338682,59.781661,1.02375293,58.656722,-4.37780333,-250.829654,-3.92677546,-224.987661,-0.24534947,-14.057489,-0.22571558,-12.932550,3.11719465,178.602098,3.11646652,178.560379,-0.40291971,-23.085599,-0.14562590,-8.343750,178.602098,178.560379,1.70674145,0
1.100000,55,0,220,2.12190032,0.74068290,42.438004,0.74068290,42.438004,-2.86772251,-164.308397,0.69275522,-0.73999619,0.69275522,-0.73999619,1.02375293,58.656722,1.00233912,57.429801,-3.92677546,-224.987661,-4.28276110,-245.384136,-0.28307003,-16.218718,-0.26165622,-14.991797,3.11646652,178.560379,3.11435294,178.439279,-0.14562590,-8.343750,-0.42272845,-24.220556,178.560379,178.439279,1.72127318,0
1.105000,55,1,221,2.12190032,0.74068290,42.438004,0.74068290,42.438004,-2.86772251,-164.308397,-0.73999619,-0.08493829,-0.73999619,-0.08493829,1.00233912,57.429801,0.98113662,56.214987,-4.28276110,-245.384136,-4.24050665,-242.963134,-0.26165622,-14.991797,-0.24045372,-13.776983,3.11435294,178.439279,3.11216331,178.313823,-0.42272845,-24.220556,-0.43792325,-25.091154,178.439279,178.313823,1.72127318,0
1.110000,55,2,222,2.12190032,0.74068290,42.438004,0.74068290,42.438004,-2.86772251,-164.308397,-0.08493829,0.31219459,-0.08493829,0.31219459,0.98113662,56.214987,0.96135247,55.081439,-4.24050665,-242.963134,-3.95682478,-226.709360,-0.24045372,-13.776983,-0.22066957,-12.643435,3.11216331,178.313823,3.11069012,178.229415,-0.43792325,-25.091154,-0.29465741,-16.882626,178.313823,178.229415,1.72127318,0
1.115000,55,3,223,2.12190032,0.74068290,42.438004,0.74068290,42.438004,-2.86772251,-164.308397,0.31219459,0.52715659,0.31219459,0.52715659,0.96135247,55.081439,0.94364011,54.066596,-3.95682478,-226.709360,-3.54246569,-202.968333,-0.22066957,-12.643435,-0.20295721,-11.628592,3.11069012,178.229415,3.11036301,178.210673,-0.29465741,-16.882626,-0.06544273,-3.749592,178.229415,178.210673,1.72127318,0
1.120000,56,0,224,1.97400820,0.68905884,39.480163,0.68905884,39.480163,-2.58120298,-147.892037,0.61743331,-0.65529990,0.61743331,-0.65529990,0.94364011,54.066596,0.92440516,52.964514,-3.54246569,-202.968333,-3.84698629,-220.416078,-0.25458127,-14.586432,-0.23534632,-13.484351,3.11036301,178.210673,3.10880399,178.121348,-0.06544273,-3.749592,-0.31179547,-17.864565,178.210673,178.121348,1.73622084,0
1.125000,56,1,225,1.97400820,0.68905884,39.480163,0.68905884,39.480163,-2.58120298,-147.892037,-0.65529990,-0.07660460,-0.65529990,-0.07660460,0.92440516,52.964514,0.90540671,51.875983,-3.84698629,-220.416078,-3.79969335,-217.706392,-0.23534632,-13.484351,-0.21634787,-12.395820,3.10880399,178.121348,3.10717082,178.027774,-0.31179547,-17.864565,-0.32662955,-18.714495,178.121348,178.027774,1.73622084,0
1.130000,56,2,226,1.97400820,0.68905884,39.480163,0.68905884,39.480163,-2.58120298,-147.892037,-0.07660460,0.27323556,-0.07660460,0.27323556,0.90540671,51.875983,0.88770807,50.861926,-3.79969335,-217.706392,-3.53972363,-202.811225,-0.21634787,-12.395820,-0.19864923,-11.381762,3.10717082,178.027774,3.10616255,177.970004,-0.32662955,-18.714495,-0.20167598,-11.555183,178.027774,177.970004,1.73622084,0
1.135000,56,3,227,1.97400820,0.68905884,39.480163,0.68905884,39.480163,-2.58120298,-147.892037,0.27323556,0.46159291,0.27323556,0.46159291,0.88770807,50.861926,0.87188184,49.955150,-3.53972363,-202.811225,-3.16524887,-181.355401,-0.19864923,-11.381762,-0.18282300,-10.474986,3.10616255,177.970004,3.10615659,177.969663,-0.20167598,-11.555183,-0.00121292,-0.069495,177.970004,177.969663,1.73622084,0
1.140000,57,0,228,1.84489167,0.64398867,36.897833,0.64398867,36.897833,-2.25350857,-129.116530,0.53955579,-0.60753322,0.53955579,-0.60753322,0.87188184,49.955150,0.85467809,48.969448,-3.16524887,-181.355401,-3.44074631,-197.140242,-0.22789317,-13.057317,-0.21068943,-12.071615,3.10615659,177.969663,3.10500455,177.903656,-0.00121292,-0.069495,-0.23041937,-13.202057,177.969663,177.903656,1.51630485,0
1.145000,57,1,229,1.84489167,0.64398867,36.897833,0.64398867,36.897833,-2.25350857,-129.116530,-0.60753322,-0.08794951,-0.60753322,-0.08794951,0.85467809,48.969448,0.83767623,47.995312,-3.44074631,-197.140242,-3.40036798,-194.826734,-0.21068943,-12.071615,-0.19368756,-11.097480,3.10500455,177.903656,3.10374641,177.831570,-0.23041937,-13.202057,-0.25162315,-14.416945,177.903656,177.831570,1.51630485,0
1.150000,57,2,230,1.84489167,0.64398867,36.897833,0.64398867,36.897833,-2.25350857,-129.116530,-0.08794951,-0.80611777,-0.08794951,-0.80611777,0.83767623,47.995312,0.81869322,46.907666,-3.40036798,-194.826734,-3.79660082,-217.529203,-0.19368756,-11.097480,-0.17470455,-10.009833,3.10374641,177.831570,3.10093403,177.670432,-0.25162315,-14.416945,-0.56246078,-32.226629,177.831570,177.670432,1.51630485,0
1.155000,57,3,231,1.84489167,0.64398867,36.897833,0.64398867,36.897833,-2.25350857,-129.116530,-0.80611777,-0.17403483,-0.80611777,-0.17403483,0.81869322,46.907666,0.79965037,45.816591,-3.79660082,-217.529203,-3.80857277,-218.215146,-0.17470455,-10.009833,-0.15566170,-8.918759,3.10093403,177.670432,3.09782696,177.492410,-0.56246078,-32.226629,-0.62142324,-35.604929,177.670432,177.492410,1.51630485,0
1.160000,58,0,232,1.77529407,0.61969453,35.505881,0.61969453,35.505881,-1.21470690,-69.597579,0.21444917,0.21444917,0.21444917,0.21444917,0.79965037,45.816591,0.78172845,44.789741,-3.80857277,-218.215146,-3.58438563,-205.370169,-0.17995584,-10.310710,-0.16203392,-9.283859,3.09782696,177.492410,3.09519577,177.341654,-0.62142324,-35.604929,-0.52621561,-30.149934,177.492410,177.341654,1.50235045,0
1.165000,58,1,233,1.77529407,0.61969453,35.505881,0.61969453,35.505881,-1.21470690,-69.597579,0.21444917,-0.47133517,0.21444917,-0.47133517,0.78172845,44.789741,0.76284283,43.707675,-3.58438563,-205.370169,-3.77712369,-216.413246,-0.16203392,-9.283859,-0.14314830,-8.201794,3.09519577,177.341654,3.09165573,177.138825,-0.52621561,-30.149934,-0.70801520,-40.566283,177.341654,177.138825,1.50235045,0
1.170000,58,2,234,1.77529407,0.61969453,35.505881,0.61969453,35.505881,-1.21470690,-69.597579,-0.47133517,0.02916169,-0.47133517,0.02916169,0.76284283,43.707675,0.74451476,42.657554,-3.77712369,-216.413246,-3.66560864,-210.023905,-0.14314830,-8.201794,-0.12482023,-7.151673,3.09165573,177.138825,3.08819938,176.940791,-0.70801520,-40.566283,-0.69128251,-39.607570,177.138825,176.940791,1.50235045,0
1.175000,58,3,235,1.77529407,0.61969453,35.505881,0.61969453,35.505881,-1.21470690,-69.597579,0.02916169,0.32468247,0.02916169,0.32468247,0.74451476,42.657554,0.72764248,41.690843,-3.66560864,-210.023905,-3.37445831,-193.342219,-0.12482023,-7.151673,-0.10794795,-6.184962,3.08819938,176.940791,3.08541012,176.780978,-0.69128251,-39.607570,-0.55785733,-31.962871,176.940791,176.780978,1.50235045,0
1.180000,59,0,236,1.69020879,0.58999413,33.804174,0.58999413,33.804174,-1.48501992,-85.085374,0.47664857,0.47664857,0.47664857,0.47664857,0.72764248,41.690843,0.71268773,40.833999,-3.37445831,-193.342219,-2.99094319,-171.368422,-0.13764834,-7.886669,-0.12269360,-7.029825,3.08541012,176.780978,3.08358693,176.676517,-0.55785733,-31.962871,-0.36464426,-20.892577,176.780978,176.676517,1.64044917,0
1.185000,59,1,237,1.69020879,0.58999413,33.804174,0.58999413,33.804174,-1.48501992,-85.085374,0.47664857,0.04553914,0.47664857,0.04553914,0.71268773,40.833999,0.69834012,40.011941,-2.99094319,-171.368422,-2.86951780,-164.411259,-0.12269360,-7.029825,-0.10834599,-6.207768,3.08358693,176.676517,3.08186173,176.577670,-0.36464426,-20.892577,-0.34501654,-19.767992,176.676517,176.577670,1.64044917,0
1.190000,59,2,238,1.69020879,0.58999413,33.804174,0.58999413,33.804174,-1.48501992,-85.085374,0.04553914,0.25513673,0.04553914,0.25513673,0.69834012,40.011941,0.68523669,39.261170,-2.86951780,-164.411259,-2.62068439,-150.154155,-0.10834599,-6.207768,-0.09524256,-5.456997,3.08186173,176.577670,3.08065128,176.508317,-0.34501654,-19.767992,-0.24209449,-13.870992,176.577670,176.508317,1.64044917,0
1.195000,59,3,239,1.69020879,0.58999413,33.804174,0.58999413,33.804174,-1.48501992,-85.085374,0.25513673,0.35868382,0.25513673,0.35868382,0.68523669,39.261170,0.67369217,38.599718,-2.62068439,-150.154155,-2.30891085,-132.290847,-0.09524256,-5.456997,-0.08369803,-4.795544,3.08065128,176.508317,3.08016157,176.480258,-0.24209449,-13.870992,-0.09794538,-5.611857,176.508317,176.480258,1.64044917,0
1.200000,60,0,240,1.63467550,0.57060939,32.693510,0.57060939,32.693510,-0.96923709,-55.533195,0.39095616,0.39095616,0.39095616,0.39095616,0.67369217,38.599718,0.66380453,38.033198,-2.30891085,-132.290847,-1.97752178,-113.303652,-0.10308278,-5.906208,-0.09319514,-5.339688,3.08016157,176.480258,3.08045816,176.497252,-0.09794538,-5.611857,0.05932407,3.399019,176.480258,176.497252,1.68027389,0
1.205000,60,1,241,1.63467550,0.57060939,32.693510,0.57060939,32.693510,-0.96923709,-55.533195,0.39095616,-0.21641278,0.39095616,-0.21641278,0.66380453,38.033198,0.65372777,37.455842,-1.97752178,-113.303652,-2.01535416,-115.471287,-0.09319514,-5.339688,-0.08311838,-4.762332,3.08045816,176.497252,3.08032513,176.489629,0.05932407,3.399019,-0.02660367,-1.524278,176.497252,176.489629,1.68027389,0
1.210000,60,2,242,1.63467550,0.57060939,32.693510,0.57060939,32.693510,-0.96923709,-55.533195,-0.21641278,0.00922370,-0.21641278,0.00922370,0.65372777,37.455842,0.64414769,36.906944,-2.01535416,-115.471287,-1.91601980,-109.779848,-0.08311838,-4.762332,-0.07353830,-4.213434,3.08032513,176.489629,3.08021498,176.483318,-0.02660367,-1.524278,-0.02203379,-1.262443,176.489629,176.483318,1.68027389,0
1.215000,60,3,243,1.63467550,0.57060939,32.693510,0.57060939,32.693510,-0.96923709,-55.533195,0.00922370,0.13754439,0.00922370,0.13754439,0.64414769,36.906944,0.63545430,36.408849,-1.91601980,-109.779848,-1.73867798,-99.618910,-0.07353830,-4.213434,-0.06484491,-3.715339,3.08021498,176.483318,3.08038568,176.493099,-0.02203379,-1.262443,0.03412318,1.955114,176.483318,176.493099,1.68027389,0
1.220000,61,0,244,1.60880625,0.56157929,32.176123,0.56157929,32.176123,-0.45150518,-25.869341,0.19843554,0.19843554,0.19843554,0.19843554,0.63545430,36.408849,0.62783271,35.972165,-1.73867798,-99.618910,-1.52431834,-87.337007,-0.07387501,-4.232726,-0.06625342,-3.796042,3.08038568,176.493099,3.08096075,176.526048,0.03412318,1.955114,0.11503521,6.591032,176.493099,176.526048,1.69007933,0
1.225000,61,1,245,1.60880625,0.56157929,32.176123,0.56157929,32.176123,-0.45150518,-25.869341,0.19843554,-0.17338729,0.19843554,-0.17338729,0.62783271,35.972165,0.62015277,35.532136,-1.52431834,-87.337007,-1.53598869,-88.005669,-0.06625342,-3.796042,-0.05857348,-3.356013,3.08096075,176.526048,3.08119702,176.539585,0.11503521,6.591032,0.04724302,2.706826,176.526048,176.539585,1.69007933,0
1.230000,61,2,246,1.60880625,0.56157929,32.176123,0.56157929,32.176123,-0.45150518,-25.869341,-0.17338729,-0.01235366,-0.17338729,-0.01235366,0.62015277,35.532136,0.61290395,35.116810,-1.53598869,-88.005669,-1.44976306,-83.065305,-0.05857348,-3.356013,-0.05132467,-2.940687,3.08119702,176.539585,3.08141851,176.552276,0.04724302,2.706826,0.04427507,2.536775,176.539585,176.552276,1.69007933,0
1.235000,61,3,247,1.60880625,0.56157929,32.176123,0.56157929,32.176123,-0.45150518,-25.869341,-0.01235366,0.07769132,-0.01235366,0.07769132,0.61290395,35.116810,0.60635996,34.741866,-1.44976306,-83.065305,-1.30879629,-74.988503,-0.05132467,-2.940687,-0.04478067,-2.565743,3.08141851,176.552276,3.08180690,176.574529,0.04427507,2.536775,0.07769021,4.451321,176.552276,176.574529,1.69007933,0
1.240000,62,0,248,1.60081089,0.55878842,32.016218,0.55878842,32.016218,-0.13954341,-7.995249,0.11876702,0.11876702,0.11876702,0.11876702,0.60635996,34.741866,0.60064566,34.414461,-1.30879629,-74.988503,-1.14285648,-65.480853,-0.04757154,-2.725648,-0.04185724,-2.398243,3.08180690,176.574529,3.08244658,176.611179,0.07769021,4.451321,0.12795487,7.331274,176.574529,176.611179,1.70311165,0
1.245000,62,1,249,1.60081089,0.55878842,32.016218,0.55878842,32.016218,-0.13954341,-7.995249,0.11876702,-0.05326152,0.11876702,-0.05326152,0.60064566,34.414461,0.59523821,34.104637,-1.14285648,-65.480853,-1.08149040,-61.964835,-0.04185724,-2.398243,-0.03644979,-2.088419,3.08244658,176.611179,3.08299494,176.642598,0.12795487,7.331274,0.10965437,6.282733,176.611179,176.642598,1.70311165,0
1.250000,62,2,250,1.60081089,0.55878842,32.016218,0.55878842,32.016218,-0.13954341,-7.995249,-0.05326152,0.01579309,-0.05326152,0.01579309,0.59523821,34.104637,0.59034753,33.824422,-1.08149040,-61.964835,-0.97814173,-56.043393,-0.03644979,-2.088419,-0.03155911,-1.808204,3.08299494,176.642598,3.08359241,176.676831,0.10965437,6.282733,0.11947392,6.845351,176.642598,176.676831,1.70311165,0
1.255000,62,3,251,1.60081089,0.55878842,32.016218,0.55878842,32.016218,-0.13954341,-7.995249,0.01579309,0.04776788,0.01579309,0.04776788,0.59034753,33.824422,0.58607078,33.579382,-0.97814173,-56.043393,-0.85535145,-49.008028,-0.03155911,-1.808204,-0.02728236,-1.563164,3.08359241,176.676831,3.08430529,176.717676,0.11947392,6.845351,0.14256439,8.168338,176.676831,176.717676,1.70311165,0
1.260000,63,0,252,1.61095500,0.56232935,32.219099,0.56232935,32.219099,0.17704666,10.144026,0.05507874,0.05507874,0.05507874,0.05507874,0.58607078,33.579382,0.58243018,33.370791,-0.85535145,-49.008028,-0.72811252,-41.717774,-0.02374142,-1.360283,-0.02010083,-1.151693,3.08430529,176.717676,3.08515072,176.766115,0.14256439,8.168338,0.16908629,9.687931,176.717676,176.766115,1.71904767,0
1.265000,63,1,253,1.61095500,0.56232935,32.219099,0.56232935,32.219099,0.17704666,10.144026,0.05507874,-0.00898504,0.05507874,-0.00898504,0.58243018,33.370791,0.57923114,33.187500,-0.72811252,-41.717774,-0.63981402,-36.658643,-0.02010083,-1.151693,-0.01690179,-0.968401,3.08515072,176.766115,3.08600283,176.814938,0.16908629,9.687931,0.17044243,9.765632,176.766115,176.814938,1.71904767,0
1.270000,63,2,254,1.61095500,0.56232935,32.219099,0.56232935,32.219099,0.17704666,10.144026,-0.00898504,-0.00125647,-0.00898504,-0.00125647,0.57923114,33.187500,0.57649708,33.030849,-0.63981402,-36.658643,-0.54681230,-31.330037,-0.01690179,-0.968401,-0.01416773,-0.811751,3.08600283,176.814938,3.08688021,176.865208,0.17044243,9.765632,0.17545529,10.052847,176.814938,176.865208,1.71904767,0
1.275000,63,3,255,1.61095500,0.56232935,32.219099,0.56232935,32.219099,0.17704666,10.144026,-0.00125647,-0.00582266,-0.00125647,-0.00582266,0.57649708,33.030849,0.57421416,32.900048,-0.54681230,-31.330037,-0.45658150,-26.160193,-0.01416773,-0.811751,-0.01188481,-0.680949,3.08688021,176.865208,3.08777618,176.916543,0.17545529,10.052847,0.17919467,10.267099,176.865208,176.916543,1.71904767,0
1.280000,64,0,256,1.63962090,0.57233566,32.792418,0.57233566,32.792418,0.50031543,28.665962,-0.01764631,-0.01764631,-0.01764631,-0.01764631,0.57421416,32.900048,0.57234651,32.793039,-0.45658150,-26.160193,-0.37353358,-21.401897,-0.00187850,-0.107630,-0.00001085,-0.000622,3.08777618,176.916543,3.08867002,176.967756,0.17919467,10.267099,0.17874920,10.241575,176.916543,176.967756,1.73565364,0
1.285000,64,1,257,1.63962090,0.57233566,32.792418,0.57233566,32.792418,0.50031543,28.665962,-0.01764631,0.03761983,-0.01764631,0.03761983,0.57234651,32.793039,0.57103211,32.717730,-0.37353358,-21.401897,-0.26288155,-15.062003,-0.00001085,-0.000622,0.00130355,0.074688,3.08867002,176.967756,3.08965564,177.024228,0.17874920,10.241575,0.19710106,11.293059,176.967756,177.024228,1.73565364,0
1.290000,64,2,258,1.63962090,0.57233566,32.792418,0.57233566,32.792418,0.50031543,28.665962,0.03761983,-0.00658393,0.03761983,-0.00658393,0.57103211,32.717730,0.57009697,32.664150,-0.26288155,-15.062003,-0.18703113,-10.716095,0.00130355,0.074688,0.00223869,0.128268,3.08965564,177.024228,3.09062099,177.079539,0.19710106,11.293059,0.19304951,11.060922,177.024228,177.079539,1.73565364,0
1.295000,64,3,259,1.63962090,0.57233566,32.792418,0.57233566,32.792418,0.50031543,28.665962,-0.00658393,-0.03620315,-0.00658393,-0.03620315,0.57009697,32.664150,0.56942201,32.625478,-0.18703113,-10.716095,-0.13499515,-7.734652,0.00223869,0.128268,0.00291365,0.166940,3.09062099,177.079539,3.09149027,177.129345,0.19304951,11.060922,0.17384365,9.960508,177.079539,177.129345,1.73565364,0
1.300000,65,0,260,1.68643451,0.58867669,33.728690,0.58867669,33.728690,0.81705153,46.813604,-0.05585361,-0.05585361,-0.05585361,-0.05585361,0.56942201,32.625478,0.56892574,32.597044,-0.13499515,-7.734652,-0.09925584,-5.686941,0.01925468,1.103212,0.01975095,1.131646,3.09149027,177.129345,3.09221220,177.170708,0.17384365,9.960508,0.14439809,8.273401,177.129345,177.170708,1.74664247,0
1.305000,65,1,261,1.68643451,0.58867669,33.728690,0.58867669,33.728690,0.81705153,46.813604,-0.05585361,0.13142943,-0.05585361,0.13142943,0.56892574,32.597044,0.56861323,32.579138,-0.09925584,-5.686941,-0.06250186,-3.581093,0.01975095,1.131646,0.02006346,1.149552,3.09221220,177.170708,3.09279251,177.203958,0.14439809,8.273401,0.11607255,6.650467,177.170708,177.203958,1.74664247,0
1.310000,65,2,262,1.68643451,0.58867669,33.728690,0.58867669,33.728690,0.81705153,46.813604,0.13142943,0.11426520,0.13142943,0.11426520,0.56861323,32.579138,0.56842595,32.568408,-0.06250186,-3.581093,-0.03745822,-2.146198,0.02006346,1.149552,0.02025074,1.160282,3.09279251,177.203958,3.09319425,177.226976,0.11607255,6.650467,0.08036949,4.604832,177.203958,177.226976,1.74664247,0
1.315000,65,3,263,1.68643451,0.58867669,33.728690,0.58867669,33.728690,0.81705153,46.813604,0.11426520,0.10205722,0.11426520,0.10205722,0.56842595,32.568408,0.56832385,32.562558,-0.03745822,-2.146198,-0.02042497,-1.170265,0.02025074,1.160282,0.02035284,1.166132,3.09319425,177.226976,3.09339237,177.238327,0.08036949,4.604832,0.03963280,2.270792,177.226976,177.238327,1.74664247,0
1.320000,66,0,264,1.75834119,0.61377686,35.166824,0.61377686,35.166824,1.25500858,71.906695,0.09324813,0.09324813,0.09324813,0.09324813,0.56832385,32.562558,0.56827950,32.560017,-0.02042497,-1.170265,-0.00887072,-0.508255,0.04545301,2.604266,0.04549736,2.606807,3.09339237,177.238327,3.09336948,177.237016,0.03963280,2.270792,-0.00458104,-0.262474,177.238327,177.237016,1.75361562,0
1.325000,66,1,265,1.75834119,0.61377686,35.166824,0.61377686,35.166824,1.25500858,71.906695,0.09324813,0.41359520,0.09324813,0.41359520,0.56827950,32.560017,0.56901896,32.602385,-0.00887072,-0.508255,0.14789115,8.473539,0.04549736,2.606807,0.04475790,2.564439,3.09336948,177.237016,3.09360552,177.250540,-0.00458104,-0.262474,0.04722512,2.705800,177.237016,177.250540,1.75361562,0
1.330000,66,2,266,1.75834119,0.61377686,35.166824,0.61377686,35.166824,1.25500858,71.906695,0.41359520,0.29893970,0.41359520,0.29893970,0.56901896,32.602385,0.57019371,32.669693,0.14789115,8.473539,0.23495159,13.461734,0.04475790,2.564439,0.04358315,2.497131,3.09360552,177.250540,3.09387064,177.265730,0.04722512,2.705800,0.05304623,3.039325,177.250540,177.265730,1.75361562,0
1.335000,66,3,267,1.75834119,0.61377686,35.166824,0.61377686,35.166824,1.25500858,71.906695,0.29893970,0.21998215,0.29893970,0.21998215,0.57019371,32.669693,0.57156378,32.748192,0.23495159,13.461734,0.27401268,15.699770,0.04358315,2.497131,0.04221308,2.418631,3.09387064,177.265730,3.09400702,177.273544,0.05304623,3.039325,0.02727431,1.562703,177.265730,177.273544,1.75361562,0
1.340000,67,0,268,1.84200943,0.64298254,36.840186,0.64298254,36.840186,1.46028399,83.668110,0.16769695,0.16769695,0.16769695,0.16769695,0.57156378,32.748192,0.57297021,32.828775,0.27401268,15.699770,0.28128880,16.116661,0.07141876,4.091994,0.07001233,4.011411,3.09400702,177.273544,3.09390998,177.267984,0.02727431,1.562703,-0.01942098,-1.112740,177.273544,177.267984,1.76497245,0
1.345000,67,1,269,1.84200943,0.64298254,36.840186,0.64298254,36.840186,1.46028399,83.668110,0.16769695,0.63693595,0.16769695,0.63693595,0.57297021,32.828775,0.57583934,32.993164,0.28128880,16.116661,0.57382870,32.877963,0.07001233,4.011411,0.06714320,3.847022,3.09390998,177.267984,3.09452224,177.303064,-0.01942098,-1.112740,0.12246642,7.016809,177.267984,177.303064,1.76497245,0
1.350000,67,2,270,1.84200943,0.64298254,36.840186,0.64298254,36.840186,1.46028399,83.668110,0.63693595,0.39318824,0.63693595,0.39318824,0.57583934,32.993164,0.57943028,33.198910,0.57382870,32.877963,0.71818960,41.149233,0.06714320,3.847022,0.06355226,3.641276,3.09452224,177.303064,3.09535503,177.350780,0.12246642,7.016809,0.16657183,9.543863,177.303064,177.350780,1.76497245,0
1.355000,67,3,271,1.84200943,0.64298254,36.840186,0.64298254,36.840186,1.46028399,83.668110,0.39318824,0.22940326,0.39318824,0.22940326,0.57943028,33.198910,0.58324522,33.417489,0.71818960,41.149233,0.76298457,43.715796,0.06355226,3.641276,0.05973732,3.422697,3.09535503,177.350780,3.09608126,177.392389,0.16657183,9.543863,0.14524916,8.322164,177.350780,177.392389,1.76497245,0
1.360000,68,0,272,1.94161391,0.67775106,38.832276,0.67775106,38.832276,1.73842609,99.604478,0.12456775,0.12456775,0.12456775,0.12456775,0.58324522,33.417489,0.58696544,33.630643,0.76298457,43.715796,0.74405015,42.630933,0.09450585,5.414786,0.09078562,5.201633,3.09608126,177.392389,3.09649229,177.415940,0.14524916,8.322164,0.08220801,4.710172,177.392389,177.415940,1.78184068,0
1.365000,68,1,273,1.94161391,0.67775106,38.832276,0.67775106,38.832276,1.73842609,99.604478,0.12456775,0.64633870,0.12456775,0.64633870,0.58696544,33.630643,0.59217703,33.929245,0.74405015,42.630933,1.04231966,59.720517,0.09078562,5.201633,0.08557403,4.903031,3.09649229,177.415940,3.09763837,177.481605,0.08220801,4.710172,0.22923478,13.134186,177.415940,177.481605,1.78184068,0
1.370000,68,2,274,1.94161391,0.67775106,38.832276,0.67775106,38.832276,1.73842609,99.604478,0.64633870,0.35209298,0.64633870,0.35209298,0.59217703,33.929245,0.59798563,34.262053,1.04231966,59.720517,1.16171265,66.561232,0.08557403,4.903031,0.07976544,4.570223,3.09763837,177.481605,3.09893036,177.555631,0.22923478,13.134186,0.25839305,14.804831,177.481605,177.555631,1.78184068,0
1.375000,68,3,275,1.94161391,0.67775106,38.832276,0.67775106,38.832276,1.73842609,99.604478,0.35209298,0.15985990,0.35209298,0.15985990,0.59798563,34.262053,0.60380685,34.595584,1.16171265,66.561232,1.16424644,66.706407,0.07976544,4.570223,0.07394421,4.236691,3.09893036,177.555631,3.09998512,177.616064,0.25839305,14.804831,0.21093346,12.085597,177.555631,177.616064,1.78184068,0
1.380000,69,0,276,2.05982471,0.71901447,41.196494,0.71901447,41.196494,2.06317008,118.210938,0.04182076,0.04182076,0.04182076,0.04182076,0.60380685,34.595584,0.60928196,34.909285,1.16424644,66.706407,1.09502470,62.740294,0.11520761,6.600910,0.10973251,6.287210,3.09998512,177.616064,3.10056853,177.649491,0.21093346,12.085597,0.11666571,6.684453,177.616064,177.649491,1.80085766,0
1.385000,69,1,277,2.05982471,0.71901447,41.196494,0.71901447,41.196494,2.06317008,118.210938,0.04182076,0.67178822,0.04182076,0.67178822,0.60928196,34.909285,0.61632591,35.312874,1.09502470,62.740294,1.40878749,80.717577,0.10973251,6.287210,0.10268855,5.883621,3.10056853,177.649491,3.10194969,177.728626,0.11666571,6.684453,0.27621248,15.825810,177.649491,177.728626,1.80085766,0
1.390000,69,2,278,2.05982471,0.71901447,41.196494,0.71901447,41.196494,2.06317008,118.210938,0.67178822,0.33102417,0.67178822,0.33102417,0.61632591,35.312874,0.62390286,35.747001,1.40878749,80.717577,1.51539302,86.825624,0.10268855,5.883621,0.09511161,5.449494,3.10194969,177.728626,3.10344577,177.814344,0.27621248,15.825810,0.29921809,17.143934,177.728626,177.814344,1.80085766,0
1.395000,69,3,279,2.05982471,0.71901447,41.196494,0.71901447,41.196494,2.06317008,118.210938,0.33102417,0.11157131,0.33102417,0.11157131,0.62390286,35.747001,0.63134581,36.173450,1.51539302,86.825624,1.48859107,85.289986,0.09511161,5.449494,0.08766866,5.023044,3.10344577,177.814344,3.10461950,177.881595,0.29921809,17.143934,0.23475276,13.450342,177.814344,177.881595,1.80085766,0
1.400000,70,0,280,2.19303012,0.76551193,43.860603,0.76551193,43.860603,2.32487321,133.205423,-0.02021313,-0.02021313,-0.02021313,-0.02021313,0.63134581,36.173450,0.63825417,36.569270,1.48859107,85.289986,1.38167703,79.164263,0.13416612,7.687153,0.12725776,7.291333,3.10461950,177.881595,3.10520983,177.915418,0.23475276,13.450342,0.11804110,6.763257,177.881595,177.915418,1.82117915,0
1.405000,70,1,281,2.19303012,0.76551193,43.860603,0.76551193,43.860603,2.32487321,133.205423,-0.02021313,0.73499799,-0.02021313,0.73499799,0.63825417,36.569270,0.64692360,37.065992,1.38167703,79.164263,1.73389280,99.344739,0.12725776,7.291333,0.11858833,6.794611,3.10520983,177.915418,3.10673833,178.002994,0.11804110,6.763257,0.30568394,17.514400,177.915418,178.002994,1.82117915,0
1.410000,70,2,282,2.19303012,0.76551193,43.860603,0.76551193,43.860603,2.32487321,133.205423,0.73499799,0.33722806,0.73499799,0.33722806,0.64692360,37.065992,0.65614510,37.594345,1.73389280,99.344739,1.84429336,105.670225,0.11858833,6.794611,0.10936683,6.266258,3.10673833,178.002994,3.10840750,178.098631,0.30568394,17.514400,0.33381307,19.126080,178.002994,178.098631,1.82117915,0
1.415000,70,3,283,2.19303012,0.76551193,43.860603,0.76551193,43.860603,2.32487321,133.205423,0.33722806,0.08246636,0.33722806,0.08246636,0.65614510,37.594345,0.66514421,38.109956,1.84429336,105.670225,1.79981995,103.122087,0.10936683,6.266258,0.10036772,5.750647,3.10840750,178.098631,3.10970902,178.173203,0.33381307,19.126080,0.26032493,14.915520,178.098631,178.173203,1.82117915,0
1.420000,71,0,284,2.33922148,0.81654233,46.784429,0.81654233,46.784429,2.55151987,146.191320,-0.06918406,-0.06918406,-0.06918406,-0.06918406,0.66514421,38.109956,0.67346001,38.586416,1.79981995,103.122087,1.66315651,95.291849,0.15139812,8.674473,0.14308232,8.198013,3.10970902,178.173203,3.11034250,178.209498,0.26032493,14.915520,0.12668137,7.258308,178.173203,178.209498,1.84284103,0
1.425000,71,1,285,2.33922148,0.81654233,46.784429,0.81654233,46.784429,2.55151987,146.191320,-0.06918406,0.78151202,-0.06918406,0.78151202,0.67346001,38.586416,0.68367839,39.171886,1.66315651,95.291849,2.04367852,117.094154,0.14308232,8.198013,0.13286394,7.612543,3.11034250,178.209498,3.11202264,178.305763,0.12668137,7.258308,0.33601257,19.252102,178.209498,178.305763,1.84284103,0
1.430000,71,2,286,2.33922148,0.81654233,46.784429,0.81654233,46.784429,2.55151987,146.191320,0.78151202,0.33472991,0.78151202,0.33472991,0.68367839,39.171886,0.69444132,39.788557,2.04367852,117.094154,2.15258622,123.334106,0.13286394,7.612543,0.12210101,6.995872,3.11202264,178.305763,3.11385298,178.410634,0.33601257,19.252102,0.36608106,20.974900,178.305763,178.410634,1.84284103,0
1.435000,71,3,287,2.33922148,0.81654233,46.784429,0.81654233,46.784429,2.55151987,146.191320,0.33472991,0.05009055,0.33472991,0.05009055,0.69444132,39.788557,0.70488358,40.386854,2.15258622,123.334106,2.08845496,119.659655,0.12210101,6.995872,0.11165875,6.397575,3.11385298,178.410634,3.11526585,178.491585,0.36608106,20.974900,0.28256762,16.189932,178.410634,178.491585,1.84284103,0
1.440000,72,0,288,2.49631596,0.87137860,49.926316,0.87137860,49.926316,2.74181366,157.094351,-0.11789918,-0.11789918,-0.11789918,-0.11789918,0.70488358,40.386854,0.71449459,40.937524,2.08845496,119.659655,1.92219961,110.133925,0.16649503,9.539462,0.15688401,8.988792,3.11526585,178.491585,3.11592793,178.529520,0.28256762,16.189932,0.13239774,7.585832,178.491585,178.529520,1.86542964,0
1.445000,72,1,289,2.49631596,0.87137860,49.926316,0.87137860,49.926316,2.74181366,157.094351,-0.11789918,0.81640220,-0.11789918,0.81640220,0.71449459,40.937524,0.72611439,41.603290,1.92219961,110.133925,2.32396388,133.153322,0.15688401,8.988792,0.14526421,8.323026,3.11592793,178.529520,3.11772323,178.632383,0.13239774,7.585832,0.35905790,20.572502,178.529520,178.632383,1.86542964,0
1.450000,72,2,290,2.49631596,0.87137860,49.926316,0.87137860,49.926316,2.74181366,157.094351,0.81640220,0.32805991,0.81640220,0.32805991,0.72611439,41.603290,0.73825860,42.299102,2.32396388,133.153322,2.42884469,139.162550,0.14526421,8.323026,0.13312000,7.627214,3.11772323,178.632383,3.11967182,178.744029,0.35905790,20.572502,0.38969609,22.327941,178.632383,178.744029,1.86542964,0
1.455000,72,3,291,2.49631596,0.87137860,49.926316,0.87137860,49.926316,2.74181366,157.094351,0.32805991,0.01835990,0.32805991,0.01835990,0.73825860,42.299102,0.74998587,42.971025,2.42884469,139.162550,2.34544945,134.384354,0.13312000,7.627214,0.12139273,6.955291,3.11967182,178.744029,3.12115526,178.829024,0.38969609,22.327941,0.29670346,16.999856,178.744029,178.829024,1.86542964,0
1.460000,73,0,292,2.66286373,0.92951477,53.257273,0.92951477,53.257273,2.90680826,166.547845,-0.16305757,-0.16305757,-0.16305757,-0.16305757,0.74998587,42.971025,0.76074469,43.587460,2.34544945,134.384354,2.15176606,123.287114,0.17952889,10.286248,0.16877007,9.669813,3.12115526,178.829024,3.12181377,178.866754,0.29670346,16.999856,0.13169456,7.545542,178.829024,178.866754,1.88838482,0
1.465000,73,1,293,2.66286373,0.92951477,53.257273,0.92951477,53.257273,2.90680826,166.547845,-0.16305757,0.84188056,-0.16305757,0.84188056,0.76074469,43.587460,0.77358997,44.323440,2.15176606,123.287114,2.56905246,147.195863,0.16877007,9.669813,0.15592480,8.933833,3.12181377,178.866754,3.12367439,178.973359,0.13169456,7.545542,0.37213811,21.321943,178.866754,178.973359,1.88838482,0
1.470000,73,2,294,2.66286373,0.92951477,53.257273,0.92951477,53.257273,2.90680826,166.547845,0.84188056,0.31913733,0.84188056,0.31913733,0.77358997,44.323440,0.78693265,45.087919,2.56905246,147.195863,2.66853833,152.895984,0.15592480,8.933833,0.14258212,8.169354,3.12367439,178.973359,3.12568784,179.088721,0.37213811,21.321943,0.40267029,23.071308,178.973359,179.088721,1.88838482,0
1.475000,73,3,295,2.66286373,0.92951477,53.257273,0.92951477,53.257273,2.90680826,166.547845,0.31913733,-0.01109338,0.31913733,-0.01109338,0.78693265,45.087919,0.79976898,45.823387,2.66853833,152.895984,2.56726480,147.093438,0.14258212,8.169354,0.12974578,7.433886,3.12568784,179.088721,3.12719440,179.175041,0.40267029,23.071308,0.30131721,17.264205,179.088721,179.175041,1.88838482,0
1.480000,74,0,296,2.83770823,0.99054700,56.754163,0.99054700,56.754163,3.05161178,174.844476,-0.20330262,-0.20330262,-0.20330262,-0.20330262,0.79976898,45.823387,0.81151468,46.496366,2.56726480,147.093438,2.34914136,134.595885,0.19077802,10.930775,0.17903233,10.257797,3.12719440,179.175041,3.12781239,179.210449,0.30131721,17.264205,0.12361202,7.082447,179.175041,179.210449,1.91123283,0
1.485000,74,1,297,2.83770823,0.99054700,56.754163,0.99054700,56.754163,3.05161178,174.844476,-0.20330262,0.86346388,-0.20330262,0.86346388,0.81151468,46.496366,0.82541257,47.292657,2.34914136,134.595885,2.77958298,159.258373,0.17903233,10.257797,0.16513443,9.461506,3.12781239,179.210449,3.12969446,179.318284,0.12361202,7.082447,0.37640467,21.566399,179.210449,179.318284,1.91123283,0
1.490000,74,2,298,2.83770823,0.99054700,56.754163,0.99054700,56.754163,3.05161178,174.844476,0.86346388,0.31129026,0.86346388,0.31129026,0.82541257,47.292657,0.83978420,48.116091,2.77958298,159.258373,2.87432861,164.686898,0.16513443,9.461506,0.15076280,8.638072,3.12969446,179.318284,3.13173151,179.434998,0.37640467,21.566399,0.40738881,23.341659,179.318284,179.434998,1.91123283,0
1.495000,74,3,299,2.83770823,0.99054700,56.754163,0.99054700,56.754163,3.05161178,174.844476,0.31129026,-0.03650331,0.31129026,-0.03650331,0.83978420,48.116091,0.85357237,48.906094,2.87432861,164.686898,2.75763559,158.000881,0.15076280,8.638072,0.13697463,7.848068,3.13173151,179.434998,3.13322854,179.520772,0.40738881,23.341659,0.29940432,17.154604,179.434998,179.520772,1.91123283,0
1.500000,75,0,300,3.02041435,1.05432343,60.408283,1.05432343,60.408283,3.18882167,182.706024,-0.23792505,-0.23792505,-0.23792505,-0.23792505,0.85357237,48.906094,0.86616480,49.627588,2.75763559,158.000881,2.51849079,144.298893,0.20075107,11.502189,0.18815863,10.780695,3.13322854,179.520772,3.13378525,179.552669,0.29940432,17.154604,0.11133893,6.379251,179.520772,179.552669,1.93373215,0
1.505000,75,1,301,3.02041435,1.05432343,60.408283,1.05432343,60.408283,3.18882167,182.706024,-0.23792505,0.88322091,-0.23792505,0.88322091,0.86616480,49.627588,0.88096970,50.475846,2.51849079,144.298893,2.96097708,169.651490,0.18815863,10.780695,0.17335373,9.932437,3.13378525,179.552669,3.13566422,179.660326,0.11133893,6.379251,0.37578607,21.530956,179.552669,179.660326,1.93373215,0
1.510000,75,2,302,3.02041435,1.05432343,60.408283,1.05432343,60.408283,3.18882167,182.706024,0.88322091,0.30523324,0.88322091,0.30523324,0.88096970,50.475846,0.89623004,51.350199,2.96097708,169.651490,3.05207038,174.870752,0.17335373,9.932437,0.15809339,9.058084,3.13566422,179.660326,3.13770413,179.777204,0.37578607,21.530956,0.40798607,23.375880,179.660326,179.777204,1.93373215,0
1.515000,75,3,303,3.02041435,1.05432343,60.408283,1.05432343,60.408283,3.18882167,182.706024,0.30523324,-0.05800605,0.30523324,-0.05800605,0.89623004,51.350199,0.91084170,52.187385,3.05207038,174.870752,2.92233324,167.437361,0.15809339,9.058084,0.14348173,8.220898,3.13770413,179.777204,3.13917899,179.861707,0.40798607,23.375880,0.29497603,16.900881,179.777204,179.861707,1.93373215,0
1.520000,76,0,304,3.20985341,1.12045014,64.197064,1.12045014,64.197064,3.30633521,189.439053,-0.26758933,-0.26758933,-0.26758933,-0.26758933,0.91084170,52.187385,0.92416763,52.950905,2.92233324,167.437361,2.66518164,152.703659,0.20960844,12.009679,0.19628251,11.246159,3.13917899,179.861707,3.13967180,179.889943,0.29497603,16.900881,0.09856351,5.647273,179.861707,179.889943,1.83508670,0
1.525000,76,1,305,3.20985341,1.12045014,64.197064,1.12045014,64.197064,3.30633521,189.439053,-0.26758933,0.90524197,-0.26758933,0.90524197,0.92416763,52.950905,0.93977308,53.845031,2.66518164,152.703659,3.12108874,178.825212,0.19628251,11.246159,0.18067706,10.352033,3.13967180,179.889943,3.14154959,179.997532,0.09856351,5.647273,0.37557101,21.518634,179.889943,179.997532,1.83508670,0
1.530000,76,2,306,3.20985341,1.12045014,64.197064,1.12045014,64.197064,3.30633521,189.439053,0.90524197,0.30269337,0.90524197,0.30269337,0.93977308,53.845031,0.95582640,54.764819,3.12108874,178.825212,3.21066833,183.957744,0.18067706,10.352033,0.16462374,9.432245,3.14154959,179.997532,3.14360166,180.115107,0.37557101,21.518634,0.41041335,23.514953,179.997532,179.884893,1.83508670,0
1.535000,76,3,307,3.20985341,1.12045014,64.197064,1.12045014,64.197064,3.30633521,189.439053,0.30269337,-0.07544041,0.30269337,-0.07544041,0.95582640,54.764819,0.97117823,55.644414,3.21066833,183.957744,3.07036066,175.918707,0.16462374,9.432245,0.14927191,8.552650,3.14360166,180.115107,3.14507174,180.199337,0.41041335,23.514953,0.29403326,16.846865,179.884893,179.800663,1.83508670,0
1.540000,77,0,308,3.40382624,1.18815947,68.076523,1.18815947,68.076523,3.38546634,193.972933,-0.29309368,-0.29309368,-0.29309368,-0.29309368,0.97117823,55.644414,0.98516691,56.445906,3.07036066,175.918707,2.79773164,160.298215,0.21698123,12.432109,0.20299256,11.630617,3.14507174,180.199337,3.14552665,180.225401,0.29403326,16.846865,0.09096987,5.212189,179.800663,179.774599,1.82015896,0
1.545000,77,1,309,3.40382624,1.18815947,68.076523,1.18815947,68.076523,3.38546634,193.972933,-0.29309368,0.92334795,-0.29309368,0.92334795,0.98516691,56.445906,1.00149035,57.381171,2.79773164,160.298215,3.26467919,187.052339,0.20299256,11.630617,0.18666911,10.695352,3.14552665,180.225401,3.14742160,180.333974,0.09096987,5.212189,0.37897488,21.713661,179.774599,179.666026,1.82015896,0
1.550000,77,2,310,3.40382624,1.18815947,68.076523,1.18815947,68.076523,3.38546634,193.972933,0.92334795,0.29940653,0.92334795,0.29940653,1.00149035,57.381171,1.01825178,58.341529,3.26467919,187.052339,3.35229087,192.072118,0.18666911,10.695352,0.16990769,9.734993,3.14742160,180.333974,3.14950252,180.453202,0.37897488,21.713661,0.41620347,23.846702,179.666026,179.546798,1.82015896,0
1.555000,77,3,311,3.40382624,1.18815947,68.076523,1.18815947,68.076523,3.38546634,193.972933,0.29940653,-0.09163618,0.29940653,-0.09163618,1.01825178,58.341529,1.03426266,59.258885,3.35229087,192.072118,3.20216608,183.470602,0.16990769,9.734993,0.15389681,8.817638,3.14950252,180.453202,3.15098763,180.538292,0.41620347,23.846702,0.29701266,17.017572,179.546798,179.461708,1.82015896,0
1.560000,78,0,312,3.60133910,1.25710452,72.026783,1.25710452,72.026783,3.44725251,197.513020,-0.31621504,-0.31621504,-0.31621504,-0.31621504,1.03426266,59.258885,1.04884017,60.094115,3.20216608,183.470602,2.91550922,167.046374,0.22284186,12.767898,0.20826435,11.932668,3.15098763,180.538292,3.15142918,180.563591,0.29701266,17.017572,0.08832688,5.060757,179.461708,179.436409,1.80581307,0
1.565000,78,1,313,3.60133910,1.25710452,72.026783,1.25710452,72.026783,3.44725251,197.513020,-0.31621504,0.92903900,-0.31621504,0.92903900,1.04884017,60.094115,1.06576991,61.064118,2.91550922,167.046374,3.38594937,194.000609,0.20826435,11.932668,0.19133461,10.962665,3.15142918,180.563591,3.15334105,180.673134,0.08832688,5.060757,0.38238442,21.909013,179.436409,179.326866,1.80581307,0
1.570000,78,2,314,3.60133910,1.25710452,72.026783,1.25710452,72.026783,3.44725251,197.513020,0.92903900,0.29074478,0.92903900,0.29074478,1.06576991,61.064118,1.08311152,62.057719,3.38594937,194.000609,3.46832585,198.720433,0.19133461,10.962665,0.17399299,9.969064,3.15334105,180.673134,3.15544057,180.793427,0.38238442,21.909013,0.41991514,24.059365,179.326866,179.206573,1.80581307,0
1.575000,78,3,315,3.60133910,1.25710452,72.026783,1.25710452,72.026783,3.44725251,197.513020,0.29074478,-0.10856628,0.29074478,-0.10856628,1.08311152,62.057719,1.09965122,63.005374,3.46832585,198.720433,3.30793834,189.530906,0.17399299,9.969064,0.15745330,9.021409,3.15544057,180.793427,3.15692902,180.878709,0.41991514,24.059365,0.29770023,17.056967,179.206573,179.121291,1.80581307,0
1.580000,79,0,316,3.80129838,1.32690346,76.025968,1.32690346,76.025968,3.48994732,199.959252,-0.33718300,-0.33718300,-0.33718300,-0.33718300,1.09965122,63.005374,1.11469400,63.867262,3.30793834,189.530906,3.00856352,172.377992,0.22725224,13.020595,0.21220946,12.158707,3.15692902,180.878709,3.15735078,180.902874,0.29770023,17.056967,0.08433162,4.831846,179.121291,179.097126,1.79171312,0
1.585000,79,1,317,3.80129838,1.32690346,76.025968,1.32690346,76.025968,3.48994732,199.959252,-0.33718300,0.93158197,-0.33718300,0.93158197,1.11469400,63.867262,1.13209689,64.864374,3.00856352,172.377992,3.48058224,199.422672,0.21220946,12.158707,0.19480658,11.161595,3.15735078,180.902874,3.15926695,181.012663,0.08433162,4.831846,0.38321528,21.956618,179.097126,178.987337,1.79171312,0
1.590000,79,2,318,3.80129838,1.32690346,76.025968,1.32690346,76.025968,3.48994732,199.959252,0.93158197,0.28282213,0.93158197,0.28282213,1.13209689,64.864374,1.14988780,65.883718,3.48058224,199.422672,3.55817318,203.868306,0.19480658,11.161595,0.17701566,10.142250,3.15926695,181.012663,3.16137385,181.133379,0.38321528,21.956618,0.42139608,24.144217,178.987337,178.866621,1.79171312,0
1.595000,79,3,319,3.80129838,1.32690346,76.025968,1.32690346,76.025968,3.48994732,199.959252,0.28282213,-0.12242842,0.28282213,-0.12242842,1.14988780,65.883718,1.16683471,66.854704,3.55817318,203.868306,3.38938856,194.197660,0.17701566,10.142250,0.16006875,9.171264,3.16137385,181.133379,3.16286111,181.218593,0.42139608,24.144217,0.29743969,17.042039,178.866621,178.781407,1.79171312,0
1.600000,80,0,320,4.00283813,1.39725411,80.056763,1.39725411,80.056763,3.51753235,201.539758,-0.35383940,-0.35383940,-0.35383940,-0.35383940,1.16683471,66.854704,1.18223429,67.737035,3.38938856,194.197660,3.07991791,176.466297,0.23041940,13.202059,0.21501982,12.319728,3.16286111,181.218593,3.16326690,181.241843,0.29743969,17.042039,0.08116496,4.650410,178.781407,178.758157,1.77716887,0
1.605000,80,1,321,4.00283813,1.39725411,80.056763,1.39725411,80.056763,3.51753235,201.539758,-0.35383940,0.93129778,-0.35383940,0.93129778,1.18223429,67.737035,1.19999325,68.754549,3.07991791,176.466297,3.55179572,203.502905,0.21501982,12.319728,0.19726086,11.302215,3.16326690,181.241843,3.16518569,181.351781,0.08116496,4.650410,0.38374880,21.987187,178.758157,178.648219,1.77716887,0
1.610000,80,2,322,4.00283813,1.39725411,80.056763,1.39725411,80.056763,3.51753235,201.539758,0.93129778,0.27550554,0.93129778,0.27550554,1.19999325,68.754549,1.21811807,69.793024,3.55179572,203.502905,3.62496972,207.695466,0.19726086,11.302215,0.17913604,10.263739,3.16518569,181.351781,3.16729999,181.472922,0.38374880,21.987187,0.42285061,24.227555,178.648219,178.527078,1.77716887,0
1.615000,80,3,323,4.00283813,1.39725411,80.056763,1.39725411,80.056763,3.51753235,201.539758,0.27550554,-0.13360739,0.27550554,-0.13360739,1.21811807,69.793024,1.23536515,70.781209,3.62496972,207.695466,3.44941974,197.637193,0.17913604,10.263739,0.16188896,9.275554,3.16729999,181.472922,3.16879129,181.558367,0.42285061,24.227555,0.29826421,17.089280,178.527078,178.441633,1.77716887,0
1.620000,81,0,324,4.20510435,1.46785831,84.102086,1.46785831,84.102086,3.53021026,202.266148,-0.36671209,-0.36671209,-0.36671209,-0.36671209,1.23536515,70.781209,1.25102592,71.678505,3.44941974,197.637193,3.13215423,179.459218,0.23249316,13.320877,0.21683240,12.423581,3.16879129,181.558367,3.16919446,181.581467,0.29826421,17.089280,0.08063991,4.620326,178.441633,178.418533,1.76126921,0
1.625000,81,1,325,4.20510435,1.46785831,84.102086,1.46785831,84.102086,3.53021026,202.266148,-0.36671209,0.92919970,-0.36671209,0.92919970,1.25102592,71.678505,1.26903987,72.710629,3.13215423,179.459218,3.60278821,206.424559,0.21683240,12.423581,0.19881845,11.391458,3.16919446,181.581467,3.17112541,181.692102,0.08063991,4.620326,0.38620645,22.127999,178.418533,178.307898,1.76126921,0
1.630000,81,2,326,4.20510435,1.46785831,84.102086,1.46785831,84.102086,3.53021026,202.266148,0.92919970,0.26910067,0.92919970,0.26910067,1.26903987,72.710629,1.28740036,73.762607,3.60278821,206.424559,3.67209959,210.395808,0.19881845,11.391458,0.18045795,10.339479,3.17112541,181.692102,3.17325854,181.814322,0.38620645,22.127999,0.42662877,24.444028,178.307898,178.185678,1.76126921,0
1.635000,81,3,327,4.20510435,1.46785831,84.102086,1.46785831,84.102086,3.53021026,202.266148,0.26910067,-0.14226294,0.26910067,-0.14226294,1.28740036,73.762607,1.30485702,74.762800,3.67209959,210.395808,3.49131894,200.037840,0.18045795,10.339479,0.16300130,9.339286,3.17325854,181.814322,3.17477083,181.900970,0.42662877,24.444028,0.30247274,17.330411,178.185678,178.099030,1.76126921,0
1.640000,82,0,328,4.40695095,1.53831601,88.139015,1.53831601,88.139015,3.52288485,201.846433,-0.37622976,-0.37622976,-0.37622976,-0.37622976,1.30485702,74.762800,1.32069850,75.670450,3.49131894,200.037840,3.16829896,181.530159,0.23345900,13.376215,0.21761751,12.468565,3.17477083,181.900970,3.17519546,181.925299,0.30247274,17.330411,0.08490419,4.864652,178.099030,178.074701,1.49300313,0
1.645000,82,1,329,4.40695095,1.53831601,88.139015,1.53831601,88.139015,3.52288485,201.846433,-0.37622976,0.92480659,-0.37622976,0.92480659,1.32069850,75.670450,1.33887994,76.712170,3.16829896,181.530159,3.63629341,208.344266,0.21761751,12.468565,0.19943607,11.426845,3.17519546,181.925299,3.17715836,182.037765,0.08490419,4.864652,0.39257136,22.492682,178.074701,177.962235,1.49300313,0
1.650000,82,2,330,4.40695095,1.53831601,88.139015,1.53831601,88.139015,3.52288485,201.846433,0.92480659,1.67219257,0.92480659,1.67219257,1.33887994,76.712170,1.36167347,78.018143,3.63629341,208.344266,4.55869484,261.193974,0.19943607,11.426845,0.17664254,10.120872,3.17715836,182.037765,3.18217397,182.325138,0.39257136,22.492682,1.00310969,57.473952,177.962235,177.674862,1.49300313,0
1.655000,82,3,331,4.40695095,1.53831601,88.139015,1.53831601,88.139015,3.52288485,201.846433,1.67219257,0.62869930,1.67219257,0.62869930,1.36167347,78.018143,1.38590693,79.406618,4.55869484,261.193974,4.84668970,277.694864,0.17664254,10.120872,0.15240908,8.732397,3.18217397,182.325138,3.18815517,182.667836,1.00310969,57.473952,1.19625497,68.540361,177.674862,177.332164,1.49300313,0
1.660000,83,0,332,4.56230831,1.59254599,91.246164,1.59254599,91.246164,2.71149874,155.357434,-0.03944111,-0.03944111,-0.03944111,-0.03944111,1.38590693,79.406618,1.40954936,80.761229,4.84668970,277.694864,4.72849512,270.922814,0.20663905,11.839546,0.18299663,10.484935,3.18815517,182.667836,3.19377613,182.989893,1.19625497,68.540361,1.12417376,64.410412,177.332164,177.010107,1.45388544,0
1.665000,83,1,333,4.56230831,1.59254599,91.246164,1.59254599,91.246164,2.71149874,155.357434,-0.03944111,0.64760971,-0.03944111,0.64760971,1.40954936,80.761229,1.43468952,82.201655,4.72849512,270.922814,5.02804279,288.085631,0.18299663,10.484935,0.15785646,9.044509,3.19377613,182.989893,3.20044184,183.371810,1.12417376,64.410412,1.33312976,76.382709,177.010107,176.628190,1.45388544,0
1.670000,83,2,334,4.56230831,1.59254599,91.246164,1.59254599,91.246164,2.71149874,155.357434,0.64760971,-0.04602432,0.64760971,-0.04602432,1.43468952,82.201655,1.45921910,83.607096,5.02804279,288.085631,4.90590811,281.087829,0.15785646,9.044509,0.13332689,7.639068,3.20044184,183.371810,3.20677853,183.734875,1.33312976,76.382709,1.26731431,72.611762,176.628190,176.265125,1.45388544,0
1.675000,83,3,335,4.56230831,1.59254599,91.246164,1.59254599,91.246164,2.71149874,155.357434,-0.04602432,-0.45880699,-0.04602432,-0.45880699,1.45921910,83.607096,1.48188329,84.905658,4.90590811,281.087829,4.53284836,259.713080,0.13332689,7.639068,0.11066270,6.340506,3.20677853,183.734875,3.21197510,184.032617,1.26731431,72.611762,1.03931379,59.548294,176.265125,175.967383,1.45388544,0
1.680000,84,0,336,4.75183249,1.65870237,95.036645,1.65870237,95.036645,3.30781937,189.524089,-0.67443275,-0.67443275,-0.67443275,-0.67443275,1.48188329,84.905658,1.50202692,86.059803,4.53284836,259.713080,4.02872944,230.829194,0.17681909,10.130987,0.15667546,8.976842,3.21197510,184.032617,3.21561193,184.240992,1.03931379,59.548294,0.72736830,41.675133,175.967383,175.759008,1.49096346,0
1.685000,84,1,337,4.75183249,1.65870237,95.036645,1.65870237,95.036645,3.30781937,189.524089,-0.67443275,0.56697655,-0.67443275,0.56697655,1.50202692,86.059803,1.52342379,87.285754,4.02872944,230.829194,4.27936506,245.189557,0.15667546,8.976842,0.13527858,7.750892,3.21561193,184.240992,3.22020006,184.503873,0.72736830,41.675133,0.91764778,52.577345,175.759008,175.496127,1.49096346,0
1.690000,84,2,338,4.75183249,1.65870237,95.036645,1.65870237,95.036645,3.30781937,189.524089,0.56697655,-0.02063179,0.56697655,-0.02063179,1.52342379,87.285754,1.54428768,88.481167,4.27936506,245.189557,4.17277908,239.082630,0.13527858,7.750892,0.11441469,6.555479,3.22020006,184.503873,3.22457266,184.754404,0.91764778,52.577345,0.87452531,50.106609,175.496127,175.245596,1.49096346,0
1.695000,84,3,339,4.75183249,1.65870237,95.036645,1.65870237,95.036645,3.30781937,189.524089,-0.02063179,-0.37000847,-0.02063179,-0.37000847,1.54428768,88.481167,1.56355679,89.585205,4.17277908,239.082630,3.85381341,220.807243,0.11441469,6.555479,0.09514558,5.451440,3.22457266,184.754404,3.22803926,184.953026,0.87452531,50.106609,0.69331568,39.724063,175.245596,175.046974,1.49096346,0
1.700000,85,0,340,4.89452791,1.70851254,97.890558,1.70851254,97.890558,2.49050856,142.695629,-0.55219078,-0.55219078,-0.55219078,-0.55219078,1.56355679,89.585205,1.58067739,90.566143,3.85381341,220.807243,3.42411351,196.187253,0.14495575,8.305353,0.12783515,7.324415,3.22803926,184.953026,3.23024106,185.079180,0.69331568,39.724063,0.44036654,25.231144,175.046974,174.920820,1.36900091,0
1.705000,85,1,341,4.89452791,1.70851254,97.890558,1.70851254,97.890558,2.49050856,142.695629,-0.55219078,0.37534428,-0.55219078,0.37534428,1.58067739,90.566143,1.59846902,91.585528,3.42411351,196.187253,3.55831861,203.876639,0.12783515,7.324415,0.11004353,6.305030,3.23024106,185.079180,3.23305011,185.240126,0.44036654,25.231144,0.56182647,32.190285,174.920820,174.759874,1.36900091,0
1.710000,85,2,342,4.89452791,1.70851254,97.890558,1.70851254,97.890558,2.49050856,142.695629,0.37534428,-0.06598186,0.37534428,-0.06598186,1.59846902,91.585528,1.61559021,92.566501,3.55831861,203.876639,3.42423558,196.194247,0.11004353,6.305030,0.09292233,5.324057,3.23305011,185.240126,3.23558760,185.385514,0.56182647,32.190285,0.50751406,29.078414,174.759874,174.614486,1.36900091,0
1.715000,85,3,343,4.89452791,1.70851254,97.890558,1.70851254,97.890558,2.49050856,142.695629,-0.06598186,-0.32298946,-0.06598186,-0.32298946,1.61559021,92.566501,1.63125980,93.464302,3.42423558,196.194247,3.13392234,179.560523,0.09292233,5.324057,0.07725275,4.426256,3.23558760,185.385514,3.23734283,185.486081,0.50751406,29.078414,0.35103783,20.112986,174.614486,174.513919,1.36900091,0
1.720000,86,0,344,5.03277063,1.75676835,100.655412,1.75676835,100.655412,2.41279006,138.242687,-0.45143414,-0.45143414,-0.45143414,-0.45143414,1.63125980,93.464302,1.64508748,94.256570,3.13392234,179.560523,2.76553512,158.453490,0.12550855,7.191110,0.11168087,6.398842,3.23734283,185.486081,3.23805976,185.527158,0.35103783,20.112986,0.14339586,8.215977,174.513919,174.472842,1.40402615,0
1.725000,86,1,345,5.03277063,1.75676835,100.655412,1.75676835,100.655412,2.41279006,138.242687,-0.45143414,0.47181177,-0.45143414,0.47181177,1.64508748,94.256570,1.65987957,95.104094,2.76553512,158.453490,2.95842385,169.505201,0.11168087,6.398842,0.09688878,5.551318,3.23805976,185.527158,3.23959708,185.615240,0.14339586,8.215977,0.30745158,17.615678,174.472842,174.384760,1.40402615,0
1.730000,86,2,346,5.03277063,1.75676835,100.655412,1.75676835,100.655412,2.41279006,138.242687,0.47181177,0.05309153,0.47181177,0.05309153,1.65987957,95.104094,1.67436337,95.933955,2.95842385,169.505201,2.89676499,165.972408,0.09688878,5.551318,0.08240497,4.721457,3.23959708,185.615240,3.24111772,185.702366,0.30745158,17.615678,0.30411622,17.424576,174.384760,174.297634,1.40402615,0
1.735000,86,3,347,5.03277063,1.75676835,100.655412,1.75676835,100.655412,2.41279006,138.242687,0.05309153,-0.19730520,0.05309153,-0.19730520,1.67436337,95.933955,1.68777788,96.702549,2.89676499,165.972408,2.68289065,153.718311,0.08240497,4.721457,0.06899047,3.952863,3.24111772,185.702366,3.24212170,185.759890,0.30411622,17.424576,0.20077236,11.503409,174.297634,174.240110,1.40402615,0
1.740000,87,0,348,5.13864708,1.79372621,102.772941,1.79372621,102.772941,1.84789300,105.876470,-0.32934713,-0.32934713,-0.32934713,-0.32934713,1.68777788,96.702549,1.69972157,97.386873,2.68289065,153.718311,2.38875055,136.865325,0.10594833,6.070392,0.09400463,5.386069,3.24212170,185.759890,3.24234414,185.772635,0.20077236,11.503409,0.04451035,2.550255,174.240110,174.227365,1.44447958,0
1.745000,87,1,349,5.13864708,1.79372621,102.772941,1.79372621,102.772941,1.84789300,105.876470,-0.32934713,0.35832310,-0.32934713,0.35832310,1.69972157,97.386873,1.71228492,98.106699,2.38875055,136.865325,2.51266408,143.965047,0.09400463,5.386069,0.08144128,4.666242,3.24234414,185.772635,3.24316835,185.819859,0.04451035,2.550255,0.16484027,9.444652,174.227365,174.180141,1.44447958,0
1.750000,87,2,350,5.13864708,1.79372621,102.772941,1.79372621,102.772941,1.84789300,105.876470,0.35832310,0.02811527,0.35832310,0.02811527,1.71228492,98.106699,1.72446406,98.804512,2.51266408,143.965047,2.43583846,139.563263,0.08144128,4.666242,0.06926215,3.968429,3.24316835,185.819859,3.24393272,185.863654,0.16484027,9.444652,0.15286489,8.758513,174.180141,174.136346,1.44447958,0
1.755000,87,3,351,5.13864708,1.79372621,102.772941,1.79372621,102.772941,1.84789300,105.876470,0.02811527,-0.16652584,0.02811527,-0.16652584,1.72446406,98.804512,1.73566747,99.446421,2.43583846,139.563263,2.24068952,128.382052,0.06926215,3.968429,0.05805874,3.326521,3.24393272,185.863654,3.24424696,185.881658,0.15286489,8.758513,0.06285350,3.601240,174.136346,174.118342,1.44447958,0
1.760000,88,0,352,5.23560095,1.82756948,104.712018,1.82756948,104.712018,1.69216394,96.953852,-0.26627254,-0.26627254,-0.26627254,-0.26627254,1.73566747,99.446421,1.74559200,100.015054,2.24068952,128.382052,1.98490405,113.726625,0.09190202,5.265598,0.08197749,4.696964,3.24424696,185.881658,3.24390984,185.862343,0.06285350,3.601240,-0.06742167,-3.862977,174.118342,174.137657,1.46347821,0
1.765000,88,1,353,5.23560095,1.82756948,104.712018,1.82756948,104.712018,1.69216394,96.953852,-0.26627254,0.37505150,-0.26627254,0.37505150,1.74559200,100.015054,1.75618696,100.622101,1.98490405,113.726625,2.11899185,121.409290,0.08197749,4.696964,0.07138252,4.089917,3.24390984,185.862343,3.24420977,185.879527,-0.06742167,-3.862977,0.05998465,3.436867,174.137657,174.120473,1.46347821,0
1.770000,88,2,354,5.23560095,1.82756948,104.712018,1.82756948,104.712018,1.69216394,96.953852,0.37505150,0.07773018,0.37505150,0.07773018,1.75618696,100.622101,1.76654863,101.215781,2.11899185,121.409290,2.07233143,118.735845,0.07138252,4.089917,0.06102085,3.496237,3.24420977,185.879527,3.24454975,185.899007,0.05998465,3.436867,0.06798722,3.895381,174.120473,174.100993,1.46347821,0
1.775000,88,3,355,5.23560095,1.82756948,104.712018,1.82756948,104.712018,1.69216394,96.953852,0.07773018,-0.09977531,0.07773018,-0.09977531,1.76654863,101.215781,1.77613747,101.765181,2.07233143,118.735845,1.91776252,109.879698,0.06102085,3.496237,0.05143201,2.946837,3.24454975,185.899007,3.24457288,185.900332,0.06798722,3.895381,0.00464585,0.266187,174.100993,174.099668,1.46347821,0
1.780000,89,0,356,5.31068087,1.85377729,106.213615,1.85377729,106.213615,1.31039023,75.079830,-0.19308662,-0.19308662,-0.19308662,-0.19308662,1.77613747,101.765181,1.78466976,102.254045,1.91776252,109.879698,1.70646751,97.773386,0.07763982,4.448434,0.06910753,3.959570,3.24457288,185.900332,3.24409056,185.872697,0.00464585,0.266187,-0.09645300,-5.526350,174.099668,174.127303,1.46743083,0
1.785000,89,1,357,5.31068087,1.85377729,106.213615,1.85377729,106.213615,1.31039023,75.079830,-0.19308662,0.29503202,-0.19308662,0.29503202,1.78466976,102.254045,1.79362929,102.767388,1.70646751,97.773386,1.79190755,102.668740,0.06910753,3.959570,0.06014800,3.446227,3.24409056,185.872697,3.24408293,185.872260,-0.09645300,-5.526350,-0.00154475,-0.088508,174.127303,174.127740,1.46743083,0
1.790000,89,2,358,5.31068087,1.85377729,106.213615,1.85377729,106.213615,1.31039023,75.079830,0.29503202,0.06141233,0.29503202,0.06141233,1.79362929,102.767388,1.80230594,103.264524,1.79190755,102.668740,1.73532379,99.426729,0.06014800,3.446227,0.05147135,2.949091,3.24408293,185.872260,3.24407959,185.872069,-0.00154475,-0.088508,-0.00065531,-0.037547,174.127740,174.127931,1.46743083,0
1.795000,89,3,359,5.31068087,1.85377729,106.213615,1.85377729,106.213615,1.31039023,75.079830,0.06141233,-0.07607698,0.06141233,-0.07607698,1.80230594,103.264524,1.81028175,103.721504,1.73532379,99.426729,1.59515655,91.395738,0.05147135,2.949091,0.04349554,2.492111,3.24407959,185.872069,3.24380350,185.856250,-0.00065531,-0.037547,-0.05520726,-3.163143,174.127931,174.143750,1.46743083,0
1.800000,90,0,360,5.37556314,1.87642550,107.511262,1.87642550,107.511262,1.13241076,64.882357,-0.14629412,-0.14629412,-0.14629412,-0.14629412,1.81028175,103.721504,1.81734324,104.126097,1.59515655,91.395738,1.41230094,80.918884,0.06614375,3.789758,0.05908227,3.385165,3.24380350,185.856250,3.24311185,185.816621,-0.05520726,-3.163143,-0.13834812,-7.926763,174.143750,174.183379,1.47215104,0
1.805000,90,1,361,5.37556314,1.87642550,107.511262,1.87642550,107.511262,1.13241076,64.882357,-0.14629412,0.28193188,-0.14629412,0.28193188,1.81734324,104.126097,1.82479203,104.552882,1.41230094,80.918884,1.48976994,85.357530,0.05908227,3.385165,0.05163348,2.958380,3.24311185,185.816621,3.24286366,185.802401,-0.13834812,-7.926763,-0.04963592,-2.843929,174.183379,174.197599,1.47215104,0
1.810000,90,2,362,5.37556314,1.87642550,107.511262,1.87642550,107.511262,1.13241076,64.882357,0.28193188,0.08359814,0.28193188,0.08359814,1.82479203,104.552882,1.83202541,104.967324,1.48976994,85.357530,1.44666493,82.887795,0.05163348,2.958380,0.04440010,2.543938,3.24286366,185.802401,3.24265909,185.790680,-0.04963592,-2.843929,-0.04091135,-2.344047,174.197599,174.209320,1.47215104,0
1.815000,90,3,363,5.37556314,1.87642550,107.511262,1.87642550,107.511262,1.13241076,64.882357,0.08359814,-0.03360462,0.08359814,-0.03360462,1.83202541,104.967324,1.83868694,105.349002,1.44666493,82.887795,1.33230782,76.335615,0.04440010,2.543938,0.03773856,2.162260,3.24265909,185.790680,3.24226117,185.767881,-0.04091135,-2.344047,-0.07956168,-4.558549,174.209320,174.232119,1.47215104,0
1.820000,91,0,364,5.42390823,1.89330113,108.478164,1.89330113,108.478164,0.84378123,48.345103,-0.09398746,-0.09398746,-0.09398746,-0.09398746,1.83868694,105.349002,1.84459317,105.687403,1.33230782,76.335615,1.18123996,67.680064,0.05461419,3.129162,0.04870796,2.790761,3.24226117,185.767881,3.24154687,185.726955,-0.07956168,-4.558549,-0.14286605,-8.185621,174.232119,174.273045,1.47837079,0
1.825000,91,1,365,5.42390823,1.89330113,108.478164,1.89330113,108.478164,0.84378123,48.345103,-0.09398746,0.22164011,-0.09398746,0.22164011,1.84459317,105.687403,1.85070336,106.037492,1.18123996,67.680064,1.22204626,70.018093,0.04870796,2.790761,0.04259777,2.440672,3.24154687,185.726955,3.24114895,185.704156,-0.14286605,-8.185621,-0.07959951,-4.560716,174.273045,174.295844,1.47837079,0
1.830000,91,2,366,5.42390823,1.89330113,108.478164,1.89330113,108.478164,0.84378123,48.345103,0.22164011,0.07343912,0.22164011,0.07343912,1.85070336,106.037492,1.85656714,106.373462,1.22204626,70.018093,1.17275453,67.193885,0.04259777,2.440672,0.03673398,2.104702,3.24114895,185.704156,3.24076772,185.682313,-0.07959951,-4.560716,-0.07626136,-4.369454,174.295844,174.317687,1.47837079,0
1.835000,91,3,367,5.42390823,1.89330113,108.478164,1.89330113,108.478164,0.84378123,48.345103,0.07343912,-0.01243353,0.07343912,-0.01243353,1.85656714,106.373462,1.86192346,106.680356,1.17275453,67.193885,1.07125604,61.378450,0.03673398,2.104702,0.03137767,1.797808,3.24076772,185.682313,3.24022889,185.651440,-0.07626136,-4.369454,-0.10778380,-6.175557,174.317687,174.348560,1.47837079,0
1.840000,92,0,368,5.46172714,1.90650237,109.234539,1.90650237,109.234539,0.66006184,37.818757,-0.05489874,-0.05489874,-0.05489874,-0.05489874,1.86192346,106.680356,1.86664319,106.950777,1.07125604,61.378450,0.94393861,54.083699,0.04457891,2.554183,0.03985918,2.283763,3.24022889,185.651440,3.23944497,185.606525,-0.10778380,-6.175557,-0.15679847,-8.983890,174.348560,174.393475,1.48575222,0
1.845000,92,1,369,5.46172714,1.90650237,109.234539,1.90650237,109.234539,0.66006184,37.818757,-0.05489874,0.19583941,-0.05489874,0.19583941,1.86664319,106.950777,1.87148845,107.228390,0.94393861,54.083699,0.96904790,55.522355,0.03985918,2.283763,0.03501391,2.006150,3.23944497,185.606525,3.23891807,185.576335,-0.15679847,-8.983890,-0.10535990,-6.036678,174.393475,174.423665,1.48575222,0
1.850000,92,2,370,5.46172714,1.90650237,109.234539,1.90650237,109.234539,0.66006184,37.818757,0.19583941,0.08293962,0.19583941,0.08293962,1.87148845,107.228390,1.87611604,107.493531,0.96904790,55.522355,0.92551887,53.028325,0.03501391,2.006150,0.03038633,1.741008,3.23891807,185.576335,3.23841953,185.547772,-0.10535990,-6.036678,-0.09972703,-5.713938,174.423665,174.452228,1.48575222,0
1.855000,92,3,371,5.46172714,1.90650237,109.234539,1.90650237,109.234539,0.66006184,37.818757,0.08293962,0.01812029,0.08293962,0.01812029,1.87611604,107.493531,1.88032889,107.734910,0.92551887,53.028325,0.84258121,48.276347,0.03038633,1.741008,0.02617347,1.499630,3.23841953,185.547772,3.23781681,185.513238,-0.09972703,-5.713938,-0.12053596,-6.906202,174.452228,174.486762,1.48575222,0
1.860000,93,0,372,5.48617315,1.91503561,109.723458,1.91503561,109.723458,0.42666197,24.445930,-0.01330519,-0.01330519,-0.01330519,-0.01330519,1.88032889,107.734910,1.88403153,107.947055,0.84258121,48.276347,0.74053562,42.429565,0.03470671,1.988548,0.03100407,1.776402,3.23781681,185.513238,3.23704481,185.469006,-0.12053596,-6.906202,-0.15440457,-8.846730,174.486762,174.530994,1.49396157,0
1.865000,93,1,373,5.48617315,1.91503561,109.723458,1.91503561,109.723458,0.42666197,24.445930,-0.01330519,0.14831877,-0.01330519,0.14831877,1.88403153,107.947055,1.88771522,108.158115,0.74053562,42.429565,0.73674238,42.212229,0.03100407,1.776402,0.02732038,1.565343,3.23704481,185.469006,3.23642659,185.433584,-0.15440457,-8.846730,-0.12366604,-7.085542,174.530994,174.566416,1.49396157,0
1.870000,93,2,374,5.48617315,1.91503561,109.723458,1.91503561,109.723458,0.42666197,24.445930,0.14831877,0.07706022,0.14831877,0.07706022,1.88771522,108.158115,1.89116335,108.355678,0.73674238,42.212229,0.68962514,39.512610,0.02732038,1.565343,0.02387226,1.367780,3.23642659,185.433584,3.23581648,185.398628,-0.12366604,-7.085542,-0.12202497,-6.991516,174.566416,174.601372,1.49396157,0
1.875000,93,3,375,5.48617315,1.91503561,109.723458,1.91503561,109.723458,0.42666197,24.445930,0.07706022,0.03811598,0.07706022,0.03811598,1.89116335,108.355678,1.89425755,108.532963,0.68962514,39.512610,0.61882901,35.456291,0.02387226,1.367780,0.02077806,1.190495,3.23581648,185.398628,3.23513412,185.359532,-0.12202497,-6.991516,-0.13646245,-7.818722,174.601372,174.640468,1.49396157,0
1.880000,94,0,376,5.50056553,1.92005956,110.011309,1.92005956,110.011309,0.25119781,14.392575,0.02133131,0.02133131,0.02133131,0.02133131,1.89425755,108.532963,1.89694667,108.687038,0.61882901,35.456291,0.53782517,30.815112,0.02580202,1.478347,0.02311289,1.324271,3.23513412,185.359532,3.23434377,185.314247,-0.13646245,-7.818722,-0.15809290,-9.058056,174.640468,174.685753,1.50287962,0
1.885000,94,1,377,5.50056553,1.92005956,110.011309,1.92005956,110.011309,0.25119781,14.392575,0.02133131,0.11963224,0.02133131,0.11963224,1.89694667,108.687038,1.89952958,108.835028,0.53782517,30.815112,0.51657784,29.597730,0.02311289,1.324271,0.02052999,1.176282,3.23434377,185.314247,3.23364067,185.273963,-0.15809290,-9.058056,-0.14060986,-8.056352,174.685753,174.726037,1.50287962,0
1.890000,94,2,378,5.50056553,1.92005956,110.011309,1.92005956,110.011309,0.25119781,14.392575,0.11963224,0.08150816,0.11963224,0.08150816,1.89952958,108.835028,1.90189028,108.970286,0.51657784,29.597730,0.47214967,27.052183,0.02052999,1.176282,0.01816928,1.041023,3.23364067,185.273963,3.23294616,185.234170,-0.14060986,-8.056352,-0.13892563,-7.959852,174.726037,174.765830,1.50287962,0
1.895000,94,3,379,5.50056553,1.92005956,110.011309,1.92005956,110.011309,0.25119781,14.392575,0.08150816,0.06260252,0.08150816,0.06260252,1.90189028,108.970286,1.90397143,109.089527,0.47214967,27.052183,0.41622433,23.847897,0.01816928,1.041023,0.01608813,0.921782,3.23294616,185.234170,3.23221970,185.192547,-0.13892563,-7.959852,-0.14528915,-8.324455,174.765830,174.807453,1.50287962,0
1.900000,95,0,380,5.50389481,1.92122161,110.077890,1.92122161,110.077890,0.05810261,3.329034,0.05660200,0.05660200,0.05660200,0.05660200,1.90397143,109.089527,1.90575469,109.191700,0.41622433,23.847897,0.35664716,20.434377,0.01725018,0.988363,0.01546693,0.886190,3.23221970,185.192547,3.23144722,185.148287,-0.14528915,-8.324455,-0.15451618,-8.853125,174.807453,174.851713,1.51235151,0
1.905000,95,1,381,5.50389481,1.92122161,110.077890,1.92122161,110.077890,0.05810261,3.329034,0.05660200,0.08213568,0.05660200,0.08213568,1.90575469,109.191700,1.90731764,109.281251,0.35664716,20.434377,0.31258893,17.910026,0.01546693,0.886190,0.01390398,0.796639,3.23144722,185.148287,3.23067760,185.104192,-0.15451618,-8.853125,-0.15392411,-8.819202,174.851713,174.895808,1.51235151,0
1.910000,95,2,382,5.50389481,1.92122161,110.077890,1.92122161,110.077890,0.05810261,3.329034,0.08213568,0.07893896,0.08213568,0.07893896,1.90731764,109.281251,1.90865052,109.357619,0.31258893,17.910026,0.26658323,15.274094,0.01390398,0.796639,0.01257110,0.720271,3.23067760,185.104192,3.22990227,185.059768,-0.15392411,-8.819202,-0.15508875,-8.885931,174.895808,174.940232,1.51235151,0
1.915000,95,3,383,5.50389481,1.92122161,110.077890,1.92122161,110.077890,0.05810261,3.329034,0.07893896,0.08159018,0.07893896,0.08159018,1.90865052,109.357619,1.90976143,109.421270,0.26658323,15.274094,0.22218530,12.730280,0.01257110,0.720271,0.01146019,0.656620,3.22990227,185.059768,3.22912407,185.015181,-0.15508875,-8.885931,-0.15565464,-8.918354,174.940232,174.984819,1.51235151,0
1.920000,96,0,384,5.49822617,1.91924298,109.964523,1.91924298,109.964523,-0.09893179,-5.668374,0.08765936,0.08765936,0.08765936,0.08765936,1.90976143,109.421270,1.91066885,109.473261,0.22218530,12.730280,0.18147303,10.397639,0.00948155,0.543253,0.00857413,0.491261,3.22912407,185.015181,3.22835279,184.970989,-0.15565464,-8.918354,-0.15424448,-8.837558,174.984819,175.029011,1.52767587,0
1.925000,96,1,385,5.49822617,1.91924298,109.964523,1.91924298,109.964523,-0.09893179,-5.668374,0.08765936,0.05587244,0.08765936,0.05587244,1.91066885,109.473261,1.91132998,109.511141,0.18147303,10.397639,0.13222560,7.575969,0.00857413,0.491261,0.00791299,0.453381,3.22835279,184.970989,3.22755790,184.925446,-0.15424448,-8.837558,-0.15895496,-9.107449,175.029011,175.074554,1.52767587,0
1.930000,96,2,386,5.49822617,1.91924298,109.964523,1.91924298,109.964523,-0.09893179,-5.668374,0.05587244,0.07402277,0.05587244,0.07402277,1.91132998,109.511141,1.91182184,109.539323,0.13222560,7.575969,0.09837411,5.636421,0.00791299,0.453381,0.00742114,0.425200,3.22755790,184.925446,3.22678828,184.881350,-0.15895496,-9.107449,-0.15393090,-8.819591,175.074554,175.118650,1.52767587,0
1.935000,96,3,387,5.49822617,1.91924298,109.964523,1.91924298,109.964523,-0.09893179,-5.668374,0.07402277,0.08575296,0.07402277,0.08575296,1.91182184,109.539323,1.91219711,109.560824,0.09837411,5.636421,0.07505992,4.300617,0.00742114,0.425200,0.00704587,0.403698,3.22678828,184.881350,3.22607636,184.840560,-0.15393090,-8.819591,-0.14238198,-8.157887,175.118650,175.159440,1.52767587,0
1.940000,97,0,388,5.48252487,1.91376209,109.650491,1.91376209,109.650491,-0.27404428,-15.701580,0.09310007,0.09310007,0.09310007,0.09310007,1.91219711,109.560824,1.91249192,109.577715,0.07505992,4.300617,0.05895841,3.378068,0.00156498,0.089667,0.00127017,0.072776,3.22607636,184.840560,3.22544384,184.804319,-0.14238198,-8.157887,-0.12648106,-7.246831,175.159440,175.195681,1.53990102,0
1.945000,97,1,389,5.48252487,1.91376209,109.650491,1.91376209,109.650491,-0.27404428,-15.701580,0.09310007,-0.01215744,0.09310007,-0.01215744,1.91249192,109.577715,1.91269755,109.589497,0.05895841,3.378068,0.04113003,2.356577,0.00127017,0.072776,0.00106454,0.060994,3.22544384,184.804319,3.22488332,184.772204,-0.12648106,-7.246831,-0.11211031,-6.423448,175.195681,175.227796,1.53990102,0
1.950000,97,2,390,5.48252487,1.91376209,109.650491,1.91376209,109.650491,-0.27404428,-15.701580,-0.01215744,-0.00491333,-0.01215744,-0.00491333,1.91269755,109.589497,1.91284215,109.597782,0.04113003,2.356577,0.02891601,1.656765,0.00106454,0.060994,0.00091994,0.052709,3.22488332,184.772204,3.22441149,184.745170,-0.11211031,-6.423448,-0.09435865,-5.406353,175.227796,175.254830,1.53990102,0
1.955000,97,3,391,5.48252487,1.91376209,109.650491,1.91376209,109.650491,-0.27404428,-15.701580,-0.00491333,-0.00002289,-0.00491333,-0.00002289,1.91284215,109.597782,1.91294491,109.603670,0.02891601,1.656765,0.02054387,1.177077,0.00091994,0.052709,0.00081718,0.046821,3.22441149,184.745170,3.22403979,184.723873,-0.09435865,-5.406353,-0.07435082,-4.259988,175.254830,175.276127,1.53990102,0
1.960000,98,0,392,5.45574284,1.90441346,109.114854,1.90441346,109.114854,-0.46743155,-26.781855,0.00325394,0.00325394,0.00325394,0.00325394,1.91294491,109.603670,1.91301894,109.607911,0.02054387,1.177077,0.01480055,0.848009,-0.00853145,-0.488816,-0.00860548,-0.493058,3.22403979,184.723873,3.22377563,184.708737,-0.07435082,-4.259988,-0.05283330,-3.027125,175.276127,175.291263,1.54734838,0
1.965000,98,1,393,5.45574284,1.90441346,109.114854,1.90441346,109.114854,-0.46743155,-26.781855,0.00325394,-0.18154049,0.00325394,-0.18154049,1.91301894,109.607911,1.91301334,109.607590,0.01480055,0.848009,-0.00111201,-0.063713,-0.00860548,-0.493058,-0.00859988,-0.492737,3.22377563,184.708737,3.22358441,184.697782,-0.05283330,-3.027125,-0.03822941,-2.190384,175.291263,175.302218,1.54734838,0
1.970000,98,2,394,5.45574284,1.90441346,109.114854,1.90441346,109.114854,-0.46743155,-26.781855,-0.18154049,-0.17128658,-0.18154049,-0.17128658,1.91301334,109.607590,1.91295743,109.604387,-0.00111201,-0.063713,-0.01118245,-0.640707,-0.00859988,-0.492737,-0.00854397,-0.489533,3.22358441,184.697782,3.22348499,184.692085,-0.03822941,-2.190384,-0.01987114,-1.138532,175.302218,175.307915,1.54734838,0
1.975000,98,3,395,5.45574284,1.90441346,109.114854,1.90441346,109.114854,-0.46743155,-26.781855,-0.17128658,-0.16375637,-0.17128658,-0.16375637,1.91295743,109.604387,1.91286802,109.599264,-0.01118245,-0.640707,-0.01787248,-1.024018,-0.00854397,-0.489533,-0.00845456,-0.484411,3.22348499,184.692085,3.22348833,184.692277,-0.01987114,-1.138532,0.00065341,0.037438,175.307915,175.307723,1.54734838,0
1.980000,99,0,396,5.41796112,1.89122510,108.359216,1.89122510,108.359216,-0.65941811,-37.781874,-0.15770626,-0.15770626,-0.15770626,-0.15770626,1.91286802,109.599264,1.91275680,109.592892,-0.01787248,-1.024018,-0.02225309,-1.275008,-0.02164292,-1.240048,-0.02153170,-1.233676,3.22348833,184.692277,3.22360182,184.698779,0.00065341,0.037438,0.02270394,1.300840,175.307723,175.301221,1.55681920,0
1.985000,99,1,397,5.41796112,1.89122510,108.359216,1.89122510,108.359216,-0.65941811,-37.781874,-0.15770626,-0.41645718,-0.15770626,-0.41645718,1.91275680,109.592892,1.91185188,109.541044,-0.02225309,-1.275008,-0.18098488,-10.369670,-0.02153170,-1.233676,-0.02062678,-1.181828,3.22360182,184.698779,3.22331405,184.682291,0.02270394,1.300840,-0.05754379,-3.297016,175.301221,175.317709,1.55681920,0
1.990000,99,2,398,5.41796112,1.89122510,108.359216,1.89122510,108.359216,-0.65941811,-37.781874,-0.41645718,-0.29723644,-0.41645718,-0.29723644,1.91185188,109.541044,1.91051567,109.464484,-0.18098488,-10.369670,-0.26723728,-15.311568,-0.02062678,-1.181828,-0.01929057,-1.105268,3.22331405,184.682291,3.22286487,184.656555,-0.05754379,-3.297016,-0.08983926,-5.147411,175.317709,175.343445,1.55681920,0
1.995000,99,3,399,5.41796112,1.89122510,108.359216,1.89122510,108.359216,-0.65941811,-37.781874,-0.29723644,-0.21556377,-0.29723644,-0.21556377,1.91051567,109.464484,1.90899646,109.377440,-0.26723728,-15.311568,-0.30383870,-17.408675,-0.01929057,-1.105268,-0.01777136,-1.018224,3.22286487,184.656555,3.22241759,184.630928,-0.08983926,-5.147411,-0.08944499,-5.124820,175.343445,175.369072,1.55681920,0
2.000000,100,0,400,5.37548685,1.87639880,107.509732,1.87639880,107.509732,-0.74131489,-42.474214,-0.16186428,-0.16186428,-0.16186428,-0.16186428,1.90899646,109.377440,1.90745747,109.289263,-0.30383870,-17.408675,-0.30779558,-17.635388,-0.03259766,-1.867708,-0.03105867,-1.779531,3.22241759,184.630928,3.22207928,184.611544,-0.08944499,-5.124820,-0.06766322,-3.876817,175.369072,175.388456,1.57127178,0
2.005000,100,1,401,5.37548685,1.87639880,107.509732,1.87639880,107.509732,-0.74131489,-42.474214,-0.16186428,-0.42509174,-0.16186428,-0.42509174,1.90745747,109.289263,1.90509856,109.154107,-0.30779558,-17.635388,-0.47178420,-27.031244,-0.03105867,-1.779531,-0.02869976,-1.644375,3.22207928,184.611544,3.22131824,184.567940,-0.06766322,-3.876817,-0.15221222,-8.721118,175.388456,175.432060,1.57127178,0
2.010000,100,2,402,5.37548685,1.87639880,107.509732,1.87639880,107.509732,-0.74131489,-42.474214,-0.42509174,-0.27344227,-0.42509174,-0.27344227,1.90509856,109.154107,1.90238070,108.998385,-0.47178420,-27.031244,-0.54358053,-31.144870,-0.02869976,-1.644375,-0.02598190,-1.488653,3.22131824,184.567940,3.22043824,184.517519,-0.15221222,-8.721118,-0.17598458,-10.083173,175.432060,175.482481,1.57127178,0
2.015000,100,3,403,5.37548685,1.87639880,107.509732,1.87639880,107.509732,-0.74131489,-42.474214,-0.27344227,-0.17334843,-0.27344227,-0.17334843,1.90238070,108.998385,1.89960802,108.839522,-0.54358053,-31.144870,-0.55452865,-31.772151,-0.02598190,-1.488653,-0.02320921,-1.329790,3.22043824,184.517519,3.21963882,184.471716,-0.17598458,-10.083173,-0.15989085,-9.161071,175.482481,175.528284,1.57127178,0
2.020000,101,0,404,5.32232952,1.85784340,106.446586,1.85784340,106.446586,-0.92777014,-53.157313,-0.11091709,-0.11091709,-0.11091709,-0.11091709,1.89960802,108.839522,1.89697039,108.688397,-0.55452865,-31.772151,-0.52752525,-30.224970,-0.04176462,-2.392936,-0.03912699,-2.241812,3.21963882,184.471716,3.21904325,184.437593,-0.15989085,-9.161071,-0.11911007,-6.824504,175.528284,175.562407,1.58910763,0
2.025000,101,1,405,5.32232952,1.85784340,106.446586,1.85784340,106.446586,-0.92777014,-53.157313,-0.11091709,-0.44647598,-0.11091709,-0.44647598,1.89697039,108.688397,1.89344776,108.486565,-0.52752525,-30.224970,-0.70453012,-40.366602,-0.03912699,-2.241812,-0.03560436,-2.039979,3.21904325,184.437593,3.21797323,184.376285,-0.11911007,-6.824504,-0.21401122,-12.261940,175.562407,175.623715,1.58910763,0
2.030000,101,2,406,5.32232952,1.85784340,106.446586,1.85784340,106.446586,-0.92777014,-53.157313,-0.44647598,-0.26325989,-0.44647598,-0.26325989,1.89344776,108.486565,1.88959694,108.265930,-0.70453012,-40.366602,-0.77015257,-44.126492,-0.03560436,-2.039979,-0.03175354,-1.819344,3.21797323,184.376285,3.21679544,184.308803,-0.21401122,-12.261940,-0.23555595,-13.496362,175.623715,175.691197,1.58910763,0
2.035000,101,3,407,5.32232952,1.85784340,106.446586,1.85784340,106.446586,-0.92777014,-53.157313,-0.26325989,-0.14443970,-0.26325989,-0.14443970,1.88959694,108.265930,1.88577926,108.047193,-0.77015257,-44.126492,-0.76354307,-43.747795,-0.03175354,-1.819344,-0.02793586,-1.600607,3.21679544,184.308803,3.21574616,184.248683,-0.23555595,-13.496362,-0.20985323,-12.023705,175.691197,175.751317,1.58910763,0
2.040000,102,0,408,5.26511145,1.83787060,105.302229,1.83787060,105.302229,-0.99864006,-57.217861,-0.07229614,-0.07229614,-0.07229614,-0.07229614,1.88577926,108.047193,1.88221383,107.842909,-0.76354307,-43.747795,-0.71307832,-40.856378,-0.04790866,-2.744964,-0.04434323,-2.540680,3.21574616,184.248683,3.21496773,184.204082,-0.20985323,-12.023705,-0.15570581,-8.921286,175.751317,175.795918,1.60859609,0
2.045000,102,1,409,5.26511145,1.83787060,105.302229,1.83787060,105.302229,-0.99864006,-57.217861,-0.07229614,-0.43259048,-0.07229614,-0.43259048,1.88221383,107.842909,1.87780547,107.590328,-0.71307832,-40.856378,-0.88166243,-50.515536,-0.04434323,-2.540680,-0.03993487,-2.288100,3.21496773,184.204082,3.21373081,184.133212,-0.15570581,-8.921286,-0.24736555,-14.173002,175.795918,175.866788,1.60859609,0
2.050000,102,2,410,5.26511145,1.83787060,105.302229,1.83787060,105.302229,-0.99864006,-57.217861,-0.43259048,-0.23703003,-0.43259048,-0.23703003,1.87780547,107.590328,1.87314868,107.323514,-0.88166243,-50.515536,-0.93135923,-53.362953,-0.03993487,-2.288100,-0.03527808,-2.021285,3.21373081,184.133212,3.21242690,184.058503,-0.24736555,-14.173002,-0.26077369,-14.941232,175.866788,175.941497,1.60859609,0
2.055000,102,3,411,5.26511145,1.83787060,105.302229,1.83787060,105.302229,-0.99864006,-57.217861,-0.23703003,-0.11223221,-0.23703003,-0.11223221,1.87314868,107.323514,1.86862278,107.064199,-0.93135923,-53.362953,-0.90518999,-51.863566,-0.03527808,-2.021285,-0.03075218,-1.761970,3.21242690,184.058503,3.21130395,183.994163,-0.26077369,-14.941232,-0.22460201,-12.868747,175.941497,176.005837,1.60859609,0
2.060000,103,0,412,5.20216894,1.81589949,104.043377,1.81589949,104.043377,-1.09855533,-62.942584,-0.03838730,-0.03838730,-0.03838730,-0.03838730,1.86862278,107.064199,1.86445212,106.825238,-0.90518999,-51.863566,-0.83413124,-47.792200,-0.05272329,-3.020822,-0.04855263,-2.781861,3.21130395,183.994163,3.21050715,183.948510,-0.22460201,-12.868747,-0.15935618,-9.130436,176.005837,176.051490,1.62843990,0
2.065000,103,1,413,5.20216894,1.81589949,104.043377,1.81589949,104.043377,-1.09855533,-62.942584,-0.03838730,-0.43966246,-0.03838730,-0.43966246,1.86445212,106.825238,1.85941696,106.536744,-0.83413124,-47.792200,-1.00703800,-57.699027,-0.04855263,-2.781861,-0.04351747,-2.493367,3.21050715,183.948510,3.20922470,183.875031,-0.15935618,-9.130436,-0.25649670,-14.696178,176.051490,176.124969,1.62843990,0
2.070000,103,2,414,5.20216894,1.81589949,104.043377,1.81589949,104.043377,-1.09855533,-62.942584,-0.43966246,-0.22880888,-0.43966246,-0.22880888,1.85941696,106.536744,1.85415816,106.235437,-1.00703800,-57.699027,-1.05175900,-60.261352,-0.04351747,-2.493367,-0.03825867,-2.192060,3.20922470,183.875031,3.20787859,183.797904,-0.25649670,-14.696178,-0.26922449,-15.425427,176.124969,176.202096,1.62843990,0
2.075000,103,3,415,5.20216894,1.81589949,104.043377,1.81589949,104.043377,-1.09855533,-62.942584,-0.22880888,-0.09514189,-0.22880888,-0.09514189,1.85415816,106.235437,1.84908211,105.944601,-1.05175900,-60.261352,-1.01522148,-58.167906,-0.03825867,-2.192060,-0.03318262,-1.901224,3.20787859,183.797904,3.20673442,183.732348,-0.26922449,-15.425427,-0.22881657,-13.110224,176.202096,176.267652,1.62843990,0
2.080000,104,0,416,5.13714027,1.79320014,102.742800,1.79320014,102.742800,-1.13496780,-65.028865,-0.01689863,-0.01689863,-0.01689863,-0.01689863,1.84908211,105.944601,1.84442651,105.677855,-1.01522148,-58.167906,-0.93112022,-53.349259,-0.05588198,-3.201801,-0.05122638,-2.935055,3.20673442,183.732348,3.20594645,183.687201,-0.22881657,-13.110224,-0.15757826,-9.028569,176.267652,176.312799,1.64794767,0
2.085000,104,1,417,5.13714027,1.79320014,102.742800,1.79320014,102.742800,-1.13496780,-65.028865,-0.01689863,-0.43135023,-0.01689863,-0.43135023,1.84442651,105.677855,1.83893156,105.363017,-0.93112022,-53.349259,-1.09899688,-62.967883,-0.05122638,-2.935055,-0.04573143,-2.620218,3.20594645,183.687201,3.20467615,183.614418,-0.15757826,-9.028569,-0.25406834,-14.557044,176.312799,176.385582,1.64794767,0
2.090000,104,2,418,5.13714027,1.79320014,102.742800,1.79320014,102.742800,-1.13496780,-65.028865,-0.43135023,-0.21450758,-0.43135023,-0.21450758,1.83893156,105.363017,1.83325636,105.037852,-1.09899688,-62.967883,-1.13504589,-65.033339,-0.04573143,-2.620218,-0.04005623,-2.295053,3.20467615,183.614418,3.20335770,183.538876,-0.25406834,-14.557044,-0.26371464,-15.109736,176.385582,176.461124,1.64794767,0
2.095000,104,3,419,5.13714027,1.79320014,102.742800,1.79320014,102.742800,-1.13496780,-65.028865,-0.21450758,-0.07803297,-0.21450758,-0.07803297,1.83325636,105.037852,1.82781577,104.726129,-1.13504589,-65.033339,-1.08812869,-62.345181,-0.04005623,-2.295053,-0.03461564,-1.983330,3.20335770,183.538876,3.20226240,183.476121,-0.26371464,-15.109736,-0.21907713,-12.552195,176.461124,176.523879,1.64794767,0
2.100000,105,0,420,5.06941605,1.76955998,101.388318,1.76955998,101.388318,-1.18200779,-67.724058,0.00088549,0.00088549,0.00088549,0.00088549,1.82781577,104.726129,1.82284963,104.441591,-1.08812869,-62.345181,-0.99323672,-56.908272,-0.05825579,-3.337811,-0.05328965,-3.053272,3.20226240,183.476121,3.20154595,183.435071,-0.21907713,-12.552195,-0.14331207,-8.211177,176.523879,176.564929,1.66668820,0
2.105000,105,1,421,5.06941605,1.76955998,101.388318,1.76955998,101.388318,-1.18200779,-67.724058,0.00088549,-0.43304586,0.00088549,-0.43304586,1.82284963,104.441591,1.81703877,104.108653,-0.99323672,-56.908272,-1.16216707,-66.587268,-0.05328965,-3.053272,-0.04747880,-2.720335,3.20154595,183.435071,3.20033026,183.365417,-0.14331207,-8.211177,-0.24311584,-13.929512,176.564929,176.634583,1.66668820,0
2.110000,105,2,422,5.06941605,1.76955998,101.388318,1.76955998,101.388318,-1.18200779,-67.724058,-0.43304586,-0.20920706,-0.43304586,-0.20920706,1.81703877,104.108653,1.81106365,103.766303,-1.16216707,-66.587268,-1.19501507,-68.469320,-0.04747880,-2.720335,-0.04150367,-2.377985,3.20033026,183.365417,3.19906425,183.292880,-0.24311584,-13.929512,-0.25321236,-14.508000,176.634583,176.707120,1.66668820,0
2.115000,105,3,423,5.06941605,1.76955998,101.388318,1.76955998,101.388318,-1.18200779,-67.724058,-0.20920706,-0.06877661,-0.20920706,-0.06877661,1.81106365,103.766303,1.80535114,103.439001,-1.19501507,-68.469320,-1.14249122,-65.459925,-0.04150367,-2.377985,-0.03579116,-2.050682,3.19906425,183.292880,3.19802737,183.233471,-0.25321236,-14.508000,-0.20739511,-11.882864,176.707120,176.766529,1.66668820,0
2.120000,106,0,424,5.00099993,1.74567819,100.019992,1.74567819,100.019992,-1.19408965,-68.416297,0.01201105,0.01201105,0.01201105,0.01201105,1.80535114,103.439001,1.80014682,103.140815,-1.14249122,-65.459925,-1.04085565,-59.636636,-0.05967295,-3.419008,-0.05446863,-3.120823,3.19802737,183.233471,3.19737911,183.196329,-0.20739511,-11.882864,-0.12966134,-7.429047,176.766529,176.803671,1.68448901,0
2.125000,106,1,425,5.00099993,1.74567819,100.019992,1.74567819,100.019992,-1.19408965,-68.416297,0.01201105,-0.42628765,0.01201105,-0.42628765,1.80014682,103.140815,1.79411829,102.795406,-1.04085565,-59.636636,-1.20569861,-69.081442,-0.05446863,-3.120823,-0.04844010,-2.775413,3.19737911,183.196329,3.19623303,183.130663,-0.12966134,-7.429047,-0.22923443,-13.134165,176.803671,176.869337,1.68448901,0
2.130000,106,2,426,5.00099993,1.74567819,100.019992,1.74567819,100.019992,-1.19408965,-68.416297,-0.42628765,-0.20070171,-0.42628765,-0.20070171,1.79411829,102.795406,1.78795135,102.442066,-1.20569861,-69.081442,-1.23339605,-70.668388,-0.04844010,-2.775413,-0.04227316,-2.422074,3.19623303,183.130663,3.19504118,183.062375,-0.22923443,-13.134165,-0.23835275,-13.656606,176.869337,176.937625,1.68448901,0
2.135000,106,3,427,5.00099993,1.74567819,100.019992,1.74567819,100.019992,-1.19408965,-68.416297,-0.20070171,-0.05971813,-0.20070171,-0.05971813,1.78795135,102.442066,1.78207445,102.105345,-1.23339605,-70.668388,-1.17538452,-67.344572,-0.04227316,-2.422074,-0.03639627,-2.085352,3.19504118,183.062375,3.19408464,183.007570,-0.23835275,-13.656606,-0.19128984,-10.960101,176.937625,176.992430,1.68448901,0
2.140000,107,0,428,4.93179321,1.72152054,98.635861,1.72152054,98.635861,-1.20788217,-69.206550,0.02086353,0.02086353,0.02086353,0.02086353,1.78207445,102.105345,1.77673256,101.799277,-1.17538452,-67.344572,-1.06838608,-61.214013,-0.06055391,-3.469483,-0.05521202,-3.163416,3.19408464,183.007570,3.19352293,182.975386,-0.19128984,-10.960101,-0.11234501,-6.436895,176.992430,177.024614,1.70125723,0
2.145000,107,1,429,4.93179321,1.72152054,98.635861,1.72152054,98.635861,-1.20788217,-69.206550,0.02086353,-0.42361975,0.02086353,-0.42361975,1.77673256,101.799277,1.77057445,101.446443,-1.06838608,-61.214013,-1.23162687,-70.567021,-0.05521202,-3.163416,-0.04905391,-2.810582,3.19352293,182.975386,3.19245720,182.914324,-0.11234501,-6.436895,-0.21316126,-12.213241,177.024614,177.085676,1.70125723,0
2.150000,107,2,430,4.93179321,1.72152054,98.635861,1.72152054,98.635861,-1.20788217,-69.206550,-0.42361975,-0.19645834,-0.42361975,-0.19645834,1.77057445,101.446443,1.76429069,101.086410,-1.23162687,-70.567021,-1.25676334,-72.007235,-0.04905391,-2.810582,-0.04277015,-2.450549,3.19245720,182.914324,3.19134307,182.850489,-0.21316126,-12.213241,-0.22283861,-12.767712,177.085676,177.149511,1.70125723,0
2.155000,107,3,431,4.93179321,1.72152054,98.635861,1.72152054,98.635861,-1.20788217,-69.206550,-0.19645834,-0.05476904,-0.19645834,-0.05476904,1.76429069,101.086410,1.75831187,100.743849,-1.25676334,-72.007235,-1.19576108,-68.512063,-0.04277015,-2.450549,-0.03679132,-2.107988,3.19134307,182.850489,3.19046307,182.800068,-0.22283861,-12.767712,-0.17600223,-10.084185,177.149511,177.199932,1.70125723,0
2.160000,108,0,432,4.86298847,1.69750321,97.259770,1.69750321,97.259770,-1.20086670,-68.804594,0.02594233,-0.45440435,0.02594233,-0.45440435,1.75831187,100.743849,1.75142324,100.349160,-1.19576108,-68.512063,-1.37773359,-78.938320,-0.06080866,-3.484079,-0.05392003,-3.089390,3.19046307,182.800068,3.18900800,182.716699,-0.17600223,-10.084185,-0.29099211,-16.672620,177.199932,177.283301,1.72248936,0
2.165000,108,1,433,4.86298847,1.69750321,97.259770,1.69750321,97.259770,-1.20086670,-68.804594,-0.45440435,-0.20070410,-0.45440435,-0.20070410,1.75142324,100.349160,1.74439585,99.946520,-1.37773359,-78.938320,-1.40546823,-80.527398,-0.05392003,-3.089390,-0.04689264,-2.686751,3.18900800,182.716699,3.18748617,182.629505,-0.29099211,-16.672620,-0.30435088,-17.438021,177.283301,177.370495,1.72248936,0
2.170000,108,2,434,4.86298847,1.69750321,97.259770,1.69750321,97.259770,-1.20086670,-68.804594,-0.20070410,-0.04248953,-0.20070410,-0.04248953,1.74439585,99.946520,1.73771071,99.563490,-1.40546823,-80.527398,-1.33701897,-76.605544,-0.04689264,-2.686751,-0.04020751,-2.303720,3.18748617,182.629505,3.18621230,182.556517,-0.30435088,-17.438021,-0.25477073,-14.597287,177.370495,177.443483,1.72248936,0
2.175000,108,3,435,4.86298847,1.69750321,97.259770,1.69750321,97.259770,-1.20086670,-68.804594,-0.04248953,0.04760599,-0.04248953,0.04760599,1.73771071,99.563490,1.73164177,99.215765,-1.33701897,-76.605544,-1.21379972,-69.545601,-0.04020751,-2.303720,-0.03413856,-1.955995,3.18621230,182.556517,3.18536401,182.507914,-0.25477073,-14.597287,-0.16966332,-9.720992,177.443483,177.492086,1.72248936,0
2.180000,109,0,436,4.79732990,1.67458403,95.946597,1.67458403,95.946597,-1.14595890,-65.658608,0.09049082,-0.36789274,0.09049082,-0.36789274,1.73164177,99.215765,1.72492576,98.830966,-1.21379972,-69.545601,-1.34320080,-76.959737,-0.05705774,-3.269168,-0.05034173,-2.884368,3.18536401,182.507914,3.18409991,182.435487,-0.16966332,-9.720992,-0.25281385,-14.485166,177.492086,177.564513,1.74033928,0
2.185000,109,1,437,4.79732990,1.67458403,95.946597,1.67458403,95.946597,-1.14595890,-65.658608,-0.36789274,-0.15113783,-0.36789274,-0.15113783,1.72492576,98.830966,1.71822166,98.446850,-1.34320080,-76.959737,-1.34082472,-76.823598,-0.05034173,-2.884368,-0.04363763,-2.500252,3.18409991,182.435487,3.18285418,182.364111,-0.25281385,-14.485166,-0.24916996,-14.276387,177.564513,177.635889,1.74033928,0
2.190000,109,2,438,4.79732990,1.67458403,95.946597,1.67458403,95.946597,-1.14595890,-65.658608,-0.15113783,-0.01856947,-0.15113783,-0.01856947,1.71822166,98.446850,1.71193242,98.086503,-1.34082472,-76.823598,-1.25785553,-72.069813,-0.04363763,-2.500252,-0.03734839,-2.139905,3.18285418,182.364111,3.18189025,182.308882,-0.24916996,-14.276387,-0.19278894,-11.045993,177.635889,177.691118,1.74033928,0
2.195000,109,3,439,4.79732990,1.67458403,95.946597,1.67458403,95.946597,-1.14595890,-65.658608,-0.01856947,0.05435991,-0.01856947,0.05435991,1.71193242,98.086503,1.70627964,97.762622,-1.25785553,-72.069813,-1.13055158,-64.775834,-0.03734839,-2.139905,-0.03169560,-1.816024,3.18189025,182.308882,3.18135214,182.278051,-0.19278894,-11.045993,-0.10762283,-6.166334,177.691118,177.721949,1.74033928,0
2.200000,110,0,440,4.73269272,1.65202141,94.653854,1.65202141,94.653854,-1.12813115,-64.637154,0.08631563,-0.36493683,0.08631563,-0.36493683,1.70627964,97.762622,1.69998872,97.402179,-1.13055158,-64.775834,-1.25817621,-72.088187,-0.05425823,-3.108767,-0.04796731,-2.748325,3.18135214,182.278051,3.18039179,182.223027,-0.10762283,-6.166334,-0.19205536,-11.003962,177.721949,177.776973,1.75497866,0
2.205000,110,1,441,4.73269272,1.65202141,94.653854,1.65202141,94.653854,-1.12813115,-64.637154,-0.36493683,-0.15781784,-0.36493683,-0.15781784,1.69998872,97.402179,1.69368935,97.041251,-1.25817621,-72.088187,-1.25988030,-72.185824,-0.04796731,-2.748325,-0.04166794,-2.387397,3.18039179,182.223027,3.17942476,182.167620,-0.19205536,-11.003962,-0.19340436,-11.081254,177.776973,177.832380,1.75497866,0
2.210000,110,2,442,4.73269272,1.65202141,94.653854,1.65202141,94.653854,-1.12813115,-64.637154,-0.15781784,-0.03074265,-0.15781784,-0.03074265,1.69368935,97.041251,1.68776774,96.701969,-1.25988030,-72.185824,-1.18432951,-67.857082,-0.04166794,-2.387397,-0.03574634,-2.048114,3.17942476,182.167620,3.17870450,182.126352,-0.19340436,-11.081254,-0.14405902,-8.253974,177.832380,177.873648,1.75497866,0
2.215000,110,3,443,4.73269272,1.65202141,94.653854,1.65202141,94.653854,-1.12813115,-64.637154,-0.03074265,0.03955841,-0.03074265,0.03955841,1.68776774,96.701969,1.68243754,96.396570,-1.18432951,-67.857082,-1.06604064,-61.079629,-0.03574634,-2.048114,-0.03041613,-1.742716,3.17870450,182.126352,3.17837024,182.107200,-0.14405902,-8.253974,-0.06683092,-3.829130,177.873648,177.892800,1.75497866,0
2.220000,111,0,444,4.67233706,1.63095331,93.446741,1.63095331,93.446741,-1.05340481,-60.355650,0.07080841,-0.35055351,0.07080841,-0.35055351,1.68243754,96.396570,1.67651284,96.057110,-1.06604064,-61.079629,-1.18493581,-67.891821,-0.05148423,-2.949829,-0.04555953,-2.610369,3.17837024,182.107200,3.17763376,182.065003,-0.06683092,-3.829130,-0.14728945,-8.439064,177.892800,177.934997,1.76708436,0
2.225000,111,1,445,4.67233706,1.63095331,93.446741,1.63095331,93.446741,-1.05340481,-60.355650,-0.35055351,-0.15632057,-0.35055351,-0.15632057,1.67651284,96.057110,1.67058408,95.717417,-1.18493581,-67.891821,-1.18574357,-67.938102,-0.04555953,-2.610369,-0.03963077,-2.270676,3.17763376,182.065003,3.17688513,182.022110,-0.14728945,-8.439064,-0.14973907,-8.579417,177.934997,177.977890,1.76708436,0
2.230000,111,2,446,4.67233706,1.63095331,93.446741,1.63095331,93.446741,-1.05340481,-60.355650,-0.15632057,-0.03722954,-0.15632057,-0.03722954,1.67058408,95.717417,1.66501331,95.398236,-1.18574357,-67.938102,-1.11414957,-63.836068,-0.03963077,-2.270676,-0.03406000,-1.951494,3.17688513,182.022110,3.17636228,181.992153,-0.14973907,-8.579417,-0.10458367,-5.992203,177.977890,178.007847,1.76708436,0
2.235000,111,3,447,4.67233706,1.63095331,93.446741,1.63095331,93.446741,-1.05340481,-60.355650,-0.03722954,0.02857780,-0.03722954,0.02857780,1.66501331,95.398236,1.66000056,95.111026,-1.11414957,-63.836068,-1.00254858,-57.441802,-0.03406000,-1.951494,-0.02904725,-1.664285,3.17636228,181.992153,3.17619610,181.982631,-0.10458367,-5.992203,-0.03323326,-1.904126,178.007847,178.017369,1.76708436,0
2.240000,112,0,448,4.61385155,1.61053801,92.277030,1.61053801,92.277030,-1.02076530,-58.485544,0.05773354,-0.35057259,0.05773354,-0.35057259,1.66000056,95.111026,1.65439320,94.789748,-1.00254858,-57.441802,-1.12146652,-64.255298,-0.04946256,-2.833996,-0.04385519,-2.512717,3.17619610,181.982631,3.17562103,181.949683,-0.03323326,-1.904126,-0.11503540,-6.591043,178.017369,178.050317,1.77756834,0
2.245000,112,1,449,4.61385155,1.61053801,92.277030,1.61053801,92.277030,-1.02076530,-58.485544,-0.35057259,-0.16266441,-0.35057259,-0.16266441,1.65439320,94.789748,1.64876246,94.467131,-1.12146652,-64.255298,-1.12614155,-64.523158,-0.04385519,-2.512717,-0.03822446,-2.190100,3.17562103,181.949683,3.17501450,181.914931,-0.11503540,-6.591043,-0.12128671,-6.949217,178.050317,178.085069,1.77756834,0
2.250000,112,2,450,4.61385155,1.61053801,92.277030,1.61053801,92.277030,-1.02076530,-58.485544,-0.16266441,-0.04707146,-0.16266441,-0.04707146,1.64876246,94.467131,1.64345980,94.163310,-1.12614155,-64.523158,-1.06054080,-60.764512,-0.03822446,-2.190100,-0.03292179,-1.886280,3.17501450,181.914931,3.17460823,181.891653,-0.12128671,-6.949217,-0.08125583,-4.655616,178.085069,178.108347,1.77756834,0
2.255000,112,3,451,4.61385155,1.61053801,92.277030,1.61053801,92.277030,-1.02076530,-58.485544,-0.04707146,0.01719093,-0.04707146,0.01719093,1.64345980,94.163310,1.63868046,93.889474,-1.06054080,-60.764512,-0.95587170,-54.767414,-0.03292179,-1.886280,-0.02814245,-1.612444,3.17460823,181.891653,3.17453027,181.887186,-0.08125583,-4.655616,-0.01557697,-0.892495,178.108347,178.112814,1.77756834,0
2.260000,113,0,452,4.55891228,1.59136057,91.178244,1.59136057,91.178244,-0.95887184,-54.939310,0.04609489,-0.33745384,0.04609489,-0.33745384,1.63868046,93.889474,1.63334632,93.583851,-0.95587170,-54.767414,-1.06682217,-61.124408,-0.04731989,-2.711230,-0.04198575,-2.405606,3.17453027,181.887186,3.17406487,181.860521,-0.01557697,-0.892495,-0.09310105,-5.334297,178.112814,178.139479,1.78677523,0
2.265000,113,1,453,4.55891228,1.59136057,91.178244,1.59136057,91.178244,-0.95887184,-54.939310,-0.33745384,-0.16008949,-0.33745384,-0.16008949,1.63334632,93.583851,1.62799656,93.277332,-1.06682217,-61.124408,-1.06993961,-61.303024,-0.04198575,-2.405606,-0.03663599,-2.099088,3.17406487,181.860521,3.17356849,181.832080,-0.09310105,-5.334297,-0.09926999,-5.687752,178.139479,178.167920,1.78677523,0
2.270000,113,2,454,4.55891228,1.59136057,91.178244,1.59136057,91.178244,-0.95887184,-54.939310,-0.16008949,-0.05110741,-0.16008949,-0.05110741,1.62799656,93.277332,1.62296259,92.988907,-1.06993961,-61.303024,-1.00679994,-57.685387,-0.03663599,-2.099088,-0.03160203,-1.810663,3.17356849,181.832080,3.17325974,181.814390,-0.09926999,-5.687752,-0.06175860,-3.538507,178.167920,178.185610,1.78677523,0
2.275000,113,3,455,4.55891228,1.59136057,91.178244,1.59136057,91.178244,-0.95887184,-54.939310,-0.05110741,0.00934982,-0.05110741,0.00934982,1.62296259,92.988907,1.61842811,92.729100,-1.00679994,-57.685387,-0.90690494,-51.961825,-0.03160203,-1.810663,-0.02706754,-1.550856,3.17325974,181.814390,3.17325926,181.814363,-0.06175860,-3.538507,-0.00007260,-0.004159,178.185610,178.185637,1.78677523,0
2.280000,114,0,456,4.50622702,1.57296991,90.124537,1.57296991,90.124537,-0.91953278,-52.685347,0.03640175,-0.33141136,0.03640175,-0.33141136,1.61842811,92.729100,1.61335719,92.438558,-0.90690494,-51.961825,-1.01418817,-58.108702,-0.04545820,-2.604563,-0.04038727,-2.314020,3.17325926,181.814363,3.17287970,181.792615,-0.00007260,-0.004159,-0.07593481,-4.350744,178.185637,178.207385,1.79215837,0
2.285000,114,1,457,4.50622702,1.57296991,90.124537,1.57296991,90.124537,-0.91953278,-52.685347,-0.33141136,-0.16164780,-0.33141136,-0.16164780,1.61335719,92.438558,1.60826588,92.146847,-1.01418817,-58.108702,-1.01825905,-58.341946,-0.04038727,-2.314020,-0.03529596,-2.022310,3.17287970,181.792615,3.17246246,181.768710,-0.07593481,-4.350744,-0.08346134,-4.781983,178.207385,178.231290,1.79215837,0
2.290000,114,2,458,4.50622702,1.57296991,90.124537,1.57296991,90.124537,-0.91953278,-52.685347,-0.16164780,-0.05723000,-0.16164780,-0.05723000,1.60826588,92.146847,1.60347164,91.872157,-1.01825905,-58.341946,-0.95884746,-54.937913,-0.03529596,-2.022310,-0.03050172,-1.747620,3.17246246,181.768710,3.17221689,181.754640,-0.08346134,-4.781983,-0.04910087,-2.813273,178.231290,178.245360,1.79215837,0
2.295000,114,3,459,4.50622702,1.57296991,90.124537,1.57296991,90.124537,-0.91953278,-52.685347,-0.05723000,0.00080872,-0.05723000,0.00080872,1.60347164,91.872157,1.59915090,91.624597,-0.95884746,-54.937913,-0.86415058,-49.512181,-0.03050172,-1.747620,-0.02618098,-1.500060,3.17221689,181.754640,3.17225933,181.757071,-0.04910087,-2.813273,0.00849977,0.487001,178.245360,178.242929,1.79215837,0
2.300000,115,0,460,4.45678377,1.55571103,89.135676,1.55571103,89.135676,-0.86294413,-49.443056,0.02689552,-0.31828213,0.02689552,-0.31828213,1.59915090,91.624597,1.59433365,91.348589,-0.86415058,-49.512181,-0.96345651,-55.201992,-0.04343987,-2.488921,-0.03862262,-2.212913,3.17225933,181.757071,3.17194605,181.739121,0.00849977,0.487001,-0.06267259,-3.590875,178.242929,178.260879,1.79670477,0
2.305000,115,1,461,4.45678377,1.55571103,89.135676,1.55571103,89.135676,-0.86294413,-49.443056,-0.31828213,-0.15867519,-0.31828213,-0.15867519,1.59433365,91.348589,1.58950508,91.071932,-0.96345651,-55.201992,-0.96572489,-55.331960,-0.03862262,-2.212913,-0.03379405,-1.936256,3.17194605,181.739121,3.17159820,181.719191,-0.06267259,-3.590875,-0.06957358,-3.986273,178.260879,178.280809,1.79670477,0
2.310000,115,2,462,4.45678377,1.55571103,89.135676,1.55571103,89.135676,-0.86294413,-49.443056,-0.15867519,-0.06065845,-0.15867519,-0.06065845,1.58950508,91.071932,1.58496308,90.811695,-0.96572489,-55.331960,-0.90840220,-52.047612,-0.03379405,-1.936256,-0.02925205,-1.676019,3.17159820,181.719191,3.17141247,181.708550,-0.06957358,-3.986273,-0.03712957,-2.127368,178.280809,178.291450,1.79670477,0
2.315000,115,3,463,4.45678377,1.55571103,89.135676,1.55571103,89.135676,-0.86294413,-49.443056,-0.06065845,-0.00633526,-0.06065845,-0.00633526,1.58496308,90.811695,1.58087277,90.577338,-0.90840220,-52.047612,-0.81805295,-46.870981,-0.02925205,-1.676019,-0.02516174,-1.441662,3.17141247,181.708550,3.17149782,181.713440,-0.03712957,-2.127368,0.01709356,0.979389,178.291450,178.286560,1.79670477,0
2.320000,116,0,464,4.40987158,1.53933549,88.197427,1.53933549,88.197427,-0.81877708,-46.912471,0.01791286,-0.30959797,0.01791286,-0.30959797,1.58087277,90.577338,1.57631230,90.316042,-0.81805295,-46.870981,-0.91208291,-52.258501,-0.04153728,-2.379911,-0.03697681,-2.118615,3.17149782,181.713440,3.17124271,181.698823,0.01709356,0.979389,-0.05103959,-2.924353,178.286560,178.301177,1.80174685,0
2.325000,116,1,465,4.40987158,1.53933549,88.197427,1.53933549,88.197427,-0.81877708,-46.912471,-0.30959797,-0.15848637,-0.30959797,-0.15848637,1.57631230,90.316042,1.57174110,90.054132,-0.91208291,-52.258501,-0.91424006,-52.382097,-0.03697681,-2.118615,-0.03240561,-1.856705,3.17124271,181.698823,3.17095113,181.682117,-0.05103959,-2.924353,-0.05829836,-3.340250,178.301177,178.317883,1.80174685,0
2.330000,116,2,466,4.40987158,1.53933549,88.197427,1.53933549,88.197427,-0.81877708,-46.912471,-0.15848637,-0.06568813,-0.15848637,-0.06568813,1.57174110,90.054132,1.56744123,89.807767,-0.91424006,-52.382097,-0.85997862,-49.273145,-0.03240561,-1.856705,-0.02810574,-1.610340,3.17095113,181.682117,3.17080975,181.674016,-0.05829836,-3.340250,-0.02828385,-1.620546,178.317883,178.325984,1.80174685,0
2.335000,116,3,467,4.40987158,1.53933549,88.197427,1.53933549,88.197427,-0.81877708,-46.912471,-0.06568813,-0.01425838,-0.06568813,-0.01425838,1.56744123,89.807767,1.56356895,89.585902,-0.85997862,-49.273145,-0.77444953,-44.372689,-0.02810574,-1.610340,-0.02423346,-1.388475,3.17080975,181.674016,3.17092156,181.680423,-0.02828385,-1.620546,0.02237133,1.281783,178.325984,178.319577,1.80174685,0
2.340000,117,0,468,4.36603594,1.52403402,87.320717,1.52403402,87.320717,-0.76507330,-43.835471,0.00869846,-0.29733086,0.00869846,-0.29733086,1.56356895,89.585902,1.55926383,89.339236,-0.77444953,-44.372689,-0.86102420,-49.333053,-0.03953493,-2.265184,-0.03522980,-2.018519,3.17092156,181.680423,3.17071581,181.668634,0.02237133,1.281783,-0.04116322,-2.358479,178.319577,178.331366,1.80611145,0
2.345000,117,1,469,4.36603594,1.52403402,87.320717,1.52403402,87.320717,-0.76507330,-43.835471,-0.29733086,-0.15607262,-0.29733086,-0.15607262,1.55926383,89.339236,1.55495524,89.092373,-0.86102420,-49.333053,-0.86171657,-49.372723,-0.03522980,-2.018519,-0.03092122,-1.771655,3.17071581,181.668634,3.17047691,181.654946,-0.04116322,-2.358479,-0.04777445,-2.737275,178.331366,178.345054,1.80611145,0
2.350000,117,2,470,4.36603594,1.52403402,87.320717,1.52403402,87.320717,-0.76507330,-43.835471,-0.15607262,-0.06946182,-0.15607262,-0.06946182,1.55495524,89.092373,1.55090654,88.860399,-0.86171657,-49.372723,-0.80975193,-46.395368,-0.03092122,-1.771655,-0.02687252,-1.539682,3.17047691,181.654946,3.17037892,181.649332,-0.04777445,-2.737275,-0.01957810,-1.121742,178.345054,178.350668,1.80611145,0
2.355000,117,3,471,4.36603594,1.52403402,87.320717,1.52403402,87.320717,-0.76507330,-43.835471,-0.06946182,-0.02159119,-0.06946182,-0.02159119,1.55090654,88.860399,1.54726315,88.651648,-0.80975193,-46.395368,-0.72868329,-41.750477,-0.02687252,-1.539682,-0.02322912,-1.330931,3.17037892,181.649332,3.17051816,181.657309,-0.01957810,-1.121742,0.02785077,1.595731,178.350668,178.342691,1.80611145,0
2.360000,118,0,472,4.32485342,1.50965858,86.497065,1.50965858,86.497065,-0.71877241,-41.182626,-0.00037003,-0.28787899,-0.00037003,-0.28787899,1.54726315,88.651648,1.54321563,88.419743,-0.72868329,-41.750477,-0.80951345,-46.381704,-0.03760457,-2.154583,-0.03355706,-1.922678,3.17051816,181.657309,3.17035747,181.648102,0.02785077,1.595731,-0.03211781,-1.840215,178.342691,178.351898,1.81059825,0
2.365000,118,1,473,4.32485342,1.50965858,86.497065,1.50965858,86.497065,-0.71877241,-41.182626,-0.28787899,-0.15543461,-0.28787899,-0.15543461,1.54321563,88.419743,1.53916657,88.187748,-0.80951345,-46.381704,-0.80981976,-46.399254,-0.03355706,-1.922678,-0.02950799,-1.690684,3.17035747,181.648102,3.17016387,181.637010,-0.03211781,-1.840215,-0.03869611,-2.217124,178.351898,178.362990,1.81059825,0
2.370000,118,2,474,4.32485342,1.50965858,86.497065,1.50965858,86.497065,-0.71877241,-41.182626,-0.15543461,-0.07425785,-0.15543461,-0.07425785,1.53916657,88.187748,1.53536272,87.969804,-0.80981976,-46.399254,-0.76077271,-43.589065,-0.02950799,-1.690684,-0.02570415,-1.472739,3.17016387,181.637010,3.17010069,181.633390,-0.03869611,-2.217124,-0.01263240,-0.723783,178.362990,178.366610,1.81059825,0
2.375000,118,3,475,4.32485342,1.50965858,86.497065,1.50965858,86.497065,-0.71877241,-41.182626,-0.07425785,-0.02942753,-0.07425785,-0.02942753,1.53536272,87.969804,1.53194034,87.773716,-0.76077271,-43.589065,-0.68446994,-39.217239,-0.02570415,-1.472739,-0.02228177,-1.276651,3.17010069,181.633390,3.17025805,181.642406,-0.01263240,-0.723783,0.03145998,1.802524,178.366610,178.357594,1.81059825,0
2.380000,119,0,476,4.28658295,1.49629962,85.731653,1.49629962,85.731653,-0.66794753,-38.270574,-0.00958920,-0.27676821,-0.00958920,-0.27676821,1.53194034,87.773716,1.52814758,87.556407,-0.68446994,-39.217239,-0.75854623,-43.461498,-0.03564072,-2.042063,-0.03184795,-1.824753,3.17025805,181.642406,3.17013717,181.635480,0.03145998,1.802524,-0.02418613,-1.385763,178.357594,178.364520,1.81460440,0
2.385000,119,1,477,4.28658295,1.49629962,85.731653,1.49629962,85.731653,-0.66794753,-38.270574,-0.27676821,-0.15372133,-0.27676821,-0.15372133,1.52814758,87.556407,1.52435851,87.339309,-0.75854623,-43.461498,-0.75781208,-43.419434,-0.03184795,-1.824753,-0.02805889,-1.607656,3.17013717,181.635480,3.16998601,181.626819,-0.02418613,-1.385763,-0.03021394,-1.731132,178.364520,178.373181,1.81460440,0
2.390000,119,2,478,4.28658295,1.49629962,85.731653,1.49629962,85.731653,-0.66794753,-38.270574,-0.15372133,-0.07840776,-0.15372133,-0.07840776,1.52435851,87.339309,1.52080202,87.135537,-0.75781208,-43.419434,-0.71128905,-40.753860,-0.02805889,-1.607656,-0.02450240,-1.403884,3.16998601,181.626819,3.16995621,181.625112,-0.03021394,-1.731132,-0.00594051,-0.340366,178.373181,178.374888,1.81460440,0
2.395000,119,3,479,4.28658295,1.49629962,85.731653,1.49629962,85.731653,-0.66794753,-38.270574,-0.07840776,-0.03691530,-0.07840776,-0.03691530,1.52080202,87.135537,1.51760435,86.952324,-0.71128905,-40.753860,-0.63953954,-36.642916,-0.02450240,-1.403884,-0.02130473,-1.220671,3.16995621,181.625112,3.17013144,181.635152,-0.00594051,-0.340366,0.03503642,2.007439,178.374888,178.364848,1.81460440,0
2.400000,120,0,480,4.25092888,1.48385406,85.018575,1.48385406,85.018575,-0.62227845,-35.653929,-0.01867151,-0.26758289,-0.01867151,-0.26758289,1.51760435,86.952324,1.51406419,86.749488,-0.63953954,-36.642916,-0.70803195,-40.567243,-0.03375030,-1.933749,-0.03021014,-1.730913,3.17013144,181.635152,3.17004657,181.630289,0.03503642,2.007439,-0.01698427,-0.973127,178.364848,178.369711,1.81862497,0
2.405000,120,1,481,4.25092888,1.48385406,85.018575,1.48385406,85.018575,-0.62227845,-35.653929,-0.26758289,-0.15314579,-0.26758289,-0.15314579,1.51406419,86.749488,1.51052940,86.546959,-0.70803195,-40.567243,-0.70694840,-40.505160,-0.03021014,-1.730913,-0.02667534,-1.528385,3.17004657,181.630289,3.16993237,181.623746,-0.01698427,-0.973127,-0.02284237,-1.308772,178.369711,178.376254,1.81862497,0
2.410000,120,2,482,4.25092888,1.48385406,85.018575,1.48385406,85.018575,-0.62227845,-35.653929,-0.15314579,-0.08314037,-0.15314579,-0.08314037,1.51052940,86.546959,1.50721288,86.356937,-0.70694840,-40.505160,-0.66330308,-38.004467,-0.02667534,-1.528385,-0.02335882,-1.338362,3.16993237,181.623746,3.16992974,181.623596,-0.02284237,-1.308772,-0.00051900,-0.029737,178.376254,178.376404,1.81862497,0
2.415000,120,3,483,4.25092888,1.48385406,85.018575,1.48385406,85.018575,-0.62227845,-35.653929,-0.08314037,-0.04461384,-0.08314037,-0.04461384,1.50721288,86.356937,1.50423169,86.186127,-0.66330308,-38.004467,-0.59623432,-34.161710,-0.02335882,-1.338362,-0.02037764,-1.167553,3.16992974,181.623596,3.17011642,181.634292,-0.00051900,-0.029737,0.03732915,2.138803,178.376404,178.365708,1.81862497,0
2.420000,121,0,484,4.21798801,1.47235548,84.359755,1.47235548,84.359755,-0.57492852,-32.940978,-0.02771664,-0.25768805,-0.02771664,-0.25768805,1.50423169,86.186127,1.50093818,85.997423,-0.59623432,-34.161710,-0.65871096,-37.741358,-0.03187621,-1.826372,-0.02858269,-1.637668,3.17011642,181.634292,3.17006278,181.631218,0.03732915,2.138803,-0.01071231,-0.613770,178.365708,178.368782,1.82232785,0
2.425000,121,1,485,4.21798801,1.47235548,84.359755,1.47235548,84.359755,-0.57492852,-32.940978,-0.25768805,-0.15201712,-0.25768805,-0.15201712,1.50093818,85.997423,1.49765348,85.809224,-0.65871096,-37.741358,-0.65694112,-37.639953,-0.02858269,-1.637668,-0.02529800,-1.449469,3.17006278,181.631218,3.16998219,181.626601,-0.01071231,-0.613770,-0.01611283,-0.923197,178.368782,178.373399,1.82232785,0
2.430000,121,2,486,4.21798801,1.47235548,84.359755,1.47235548,84.359755,-0.57492852,-32.940978,-0.15201712,-0.08745146,-0.15201712,-0.08745146,1.49765348,85.809224,1.49457395,85.632780,-0.65694112,-37.639953,-0.61591667,-35.289426,-0.02529800,-1.449469,-0.02221847,-1.273024,3.16998219,181.626601,3.17000461,181.627885,-0.01611283,-0.923197,0.00449303,0.257432,178.373399,178.372115,1.82232785,0
2.435000,121,3,487,4.21798801,1.47235548,84.359755,1.47235548,84.359755,-0.57492852,-32.940978,-0.08745146,-0.05199575,-0.08745146,-0.05199575,1.49457395,85.632780,1.49180722,85.474258,-0.61591667,-35.289426,-0.55333567,-31.703798,-0.02221847,-1.273024,-0.01945174,-1.114502,3.17000461,181.627885,3.17020154,181.639168,0.00449303,0.257432,0.03940114,2.257519,178.372115,178.360832,1.82232785,0
2.440000,122,0,488,4.18753815,1.46172655,83.750762,1.46172655,83.750762,-0.53144693,-30.449666,-0.03652716,-0.24910593,-0.03652716,-0.24910593,1.49180722,85.474258,1.48875427,85.299337,-0.55333567,-31.703798,-0.61059409,-34.984465,-0.03008068,-1.723496,-0.02702773,-1.548575,3.17020154,181.639168,3.17017579,181.637693,0.03940114,2.257519,-0.00513064,-0.293964,178.360832,178.362307,1.82599378,0
2.445000,122,1,489,4.18753815,1.46172655,83.750762,1.46172655,83.750762,-0.53144693,-30.449666,-0.24910593,-0.15157175,-0.24910593,-0.15157175,1.48875427,85.299337,1.48571146,85.124996,-0.61059409,-34.984465,-0.60855299,-34.867518,-0.02702773,-1.548575,-0.02398491,-1.374234,3.17017579,181.637693,3.17012429,181.634742,-0.00513064,-0.293964,-0.01029082,-0.589621,178.362307,178.365258,1.82599378,0
2.450000,122,2,490,4.18753815,1.46172655,83.750762,1.46172655,83.750762,-0.53144693,-30.449666,-0.15157175,-0.09201479,-0.15157175,-0.09201479,1.48571146,85.124996,1.48285997,84.961618,-0.60855299,-34.867518,-0.57030237,-32.675919,-0.02398491,-1.374234,-0.02113342,-1.210856,3.17012429,181.634742,3.17016697,181.637188,-0.01029082,-0.589621,0.00855169,0.489976,178.365258,178.362812,1.82599378,0
2.455000,122,3,491,4.18753815,1.46172655,83.750762,1.46172655,83.750762,-0.53144693,-30.449666,-0.09201479,-0.05935335,-0.09201479,-0.05935335,1.48285997,84.961618,1.48029900,84.814885,-0.57030237,-32.675919,-0.51219392,-29.346550,-0.02113342,-1.210856,-0.01857245,-1.064123,3.17016697,181.637188,3.17036986,181.648813,0.00855169,0.489976,0.04058261,2.325212,178.362812,178.351187,1.82599378,0
2.460000,123,0,492,4.15956688,1.45196271,83.191335,1.45196271,83.191335,-0.48819184,-27.971332,-0.04515123,-0.24042797,-0.04515123,-0.24042797,1.48029900,84.814885,1.47747815,84.653262,-0.51219392,-29.346550,-0.56417543,-32.324871,-0.02833629,-1.623550,-0.02551544,-1.461927,3.17036986,181.648813,3.17036819,181.648717,0.04058261,2.325212,-0.00035058,-0.020086,178.351187,178.351283,1.82946181,0
2.465000,123,1,493,4.15956688,1.45196271,83.191335,1.45196271,83.191335,-0.48819184,-27.971332,-0.24042797,-0.15089512,-0.24042797,-0.15089512,1.47747815,84.653262,1.47466958,84.492343,-0.56417543,-32.324871,-0.56172204,-32.184302,-0.02551544,-1.461927,-0.02270687,-1.301008,3.17036819,181.648717,3.17034245,181.647242,-0.00035058,-0.020086,-0.00512908,-0.293875,178.351283,178.352758,1.82946181,0
2.470000,123,2,494,4.15956688,1.45196271,83.191335,1.45196271,83.191335,-0.48819184,-27.971332,-0.15089512,-0.09628773,-0.15089512,-0.09628773,1.47466958,84.492343,1.47203922,84.341635,-0.56172204,-32.184302,-0.52606821,-30.141488,-0.02270687,-1.301008,-0.02007651,-1.150299,3.17034245,181.647242,3.17040300,181.650711,-0.00512908,-0.293875,0.01211319,0.694035,178.352758,178.349289,1.82946181,0
2.475000,123,3,495,4.15956688,1.45196271,83.191335,1.45196271,83.191335,-0.48819184,-27.971332,-0.09628773,-0.06639385,-0.09628773,-0.06639385,1.47203922,84.341635,1.46967804,84.206349,-0.52606821,-30.141488,-0.47223917,-27.057311,-0.02007651,-1.150299,-0.01771533,-1.015014,3.17040300,181.650711,3.17061019,181.662582,0.01211319,0.694035,0.04143926,2.374295,178.349289,178.337418,1.82946181,0
2.480000,124,0,496,4.13382292,1.44297636,82.676455,1.44297636,82.676455,-0.44931769,-25.744008,-0.05346203,-0.23318911,-0.05346203,-0.23318911,1.46967804,84.206349,1.46707892,84.057431,-0.47223917,-27.057311,-0.51981843,-29.783402,-0.02670169,-1.529894,-0.02410257,-1.380975,3.17061019,181.662582,3.17062807,181.663607,0.04143926,2.374295,0.00356724,0.204388,178.337418,178.336393,1.83303404,0
2.485000,124,1,497,4.13382292,1.44297636,82.676455,1.44297636,82.676455,-0.44931769,-25.744008,-0.23318911,-0.15089846,-0.23318911,-0.15089846,1.46707892,84.057431,1.46449208,83.909215,-0.51981843,-29.783402,-0.51736581,-29.642878,-0.02410257,-1.380975,-0.02151573,-1.232760,3.17062807,181.663607,3.17062283,181.663306,0.00356724,0.204388,-0.00106294,-0.060902,178.336393,178.336694,1.83303404,0
2.490000,124,2,498,4.13382292,1.44297636,82.676455,1.44297636,82.676455,-0.44931769,-25.744008,-0.15089846,-0.10072184,-0.15089846,-0.10072184,1.46449208,83.909215,1.46207011,83.770447,-0.51736581,-29.642878,-0.48440653,-27.754450,-0.02151573,-1.232760,-0.01909375,-1.093991,3.17062283,181.663306,3.17069554,181.667473,-0.00106294,-0.060902,0.01455211,0.833774,178.336694,178.332527,1.83303404,0
2.495000,124,3,499,4.13382292,1.44297636,82.676455,1.44297636,82.676455,-0.44931769,-25.744008,-0.10072184,-0.07327890,-0.10072184,-0.07327890,1.46207011,83.770447,1.45989633,83.645898,-0.48440653,-27.754450,-0.43476206,-24.910031,-0.01909375,-1.093991,-0.01691997,-0.969443,3.17069554,181.667473,3.17090201,181.679303,0.01455211,0.833774,0.04127070,2.364637,178.332527,178.320697,1.83303404,0
2.500000,125,0,500,4.11024570,1.43474638,82.204913,1.43474638,82.204913,-0.41149855,-23.577130,-0.06143045,-0.22602987,-0.06143045,-0.22602987,1.45989633,83.645898,1.45750642,83.508966,-0.43476206,-24.910031,-0.47798714,-27.386646,-0.02514994,-1.440985,-0.02276003,-1.304054,3.17090201,181.679303,3.17093420,181.681147,0.04127070,2.364637,0.00645924,0.370087,178.320697,178.318853,1.83659410,0
2.505000,125,1,501,4.11024570,1.43474638,82.204913,1.43474638,82.204913,-0.41149855,-23.577130,-0.22602987,-0.15069342,-0.22602987,-0.15069342,1.45750642,83.508966,1.45512938,83.372772,-0.47798714,-27.386646,-0.47540838,-27.238893,-0.02276003,-1.304054,-0.02038300,-1.167860,3.17093420,181.681147,3.17094469,181.681748,0.00645924,0.370087,0.00208990,0.119743,178.318853,178.318252,1.83659410,0
2.510000,125,2,502,4.11024570,1.43474638,82.204913,1.43474638,82.204913,-0.41149855,-23.577130,-0.15069342,-0.10479879,-0.15069342,-0.10479879,1.45512938,83.372772,1.45290470,83.245307,-0.47540838,-27.238893,-0.44492626,-25.492397,-0.02038300,-1.167860,-0.01815832,-1.040395,3.17094469,181.681748,3.17102599,181.686406,0.00208990,0.119743,0.01624734,0.930904,178.318252,178.313594,1.83659410,0
2.515000,125,3,503,4.11024570,1.43474638,82.204913,1.43474638,82.204913,-0.41149855,-23.577130,-0.10479879,-0.07972288,-0.10479879,-0.07972288,1.45290470,83.245307,1.45090866,83.130943,-0.44492626,-25.492397,-0.39919803,-22.872362,-0.01815832,-1.040395,-0.01616228,-0.926030,3.17102599,181.686406,3.17122889,181.698031,0.01624734,0.930904,0.04055962,2.323895,178.313594,178.301969,1.83659410,0
2.520000,126,0,504,4.08866167,1.42721212,81.773231,1.42721212,81.773231,-0.37671328,-21.584081,-0.06893301,-0.21961832,-0.06893301,-0.21961832,1.45090866,83.130943,1.44871604,83.005315,-0.39919803,-22.872362,-0.43852335,-25.125537,-0.02369654,-1.357712,-0.02150393,-1.232084,3.17122889,181.698031,3.17127156,181.700476,0.04055962,2.323895,0.00852842,0.488643,178.301969,178.299524,1.84024179,0
2.525000,126,1,505,4.08866167,1.42721212,81.773231,1.42721212,81.773231,-0.37671328,-21.584081,-0.21961832,-0.15071344,-0.21961832,-0.15071344,1.44871604,83.005315,1.44653630,82.880425,-0.43852335,-25.125537,-0.43595511,-24.978388,-0.02150393,-1.232084,-0.01932418,-1.107194,3.17127156,181.700476,3.17129326,181.701719,0.00852842,0.488643,0.00434843,0.249147,178.299524,178.298281,1.84024179,0
2.530000,126,2,506,4.08866167,1.42721212,81.773231,1.42721212,81.773231,-0.37671328,-21.584081,-0.15071344,-0.10875368,-0.15071344,-0.10875368,1.44653630,82.880425,1.44449687,82.763574,-0.43595511,-24.978388,-0.40787581,-23.369562,-0.01932418,-1.107194,-0.01728475,-0.990343,3.17129326,181.701719,3.17137885,181.706623,0.00434843,0.249147,0.01711415,0.980569,178.298281,178.293377,1.84024179,0
2.535000,126,3,507,4.08866167,1.42721212,81.773231,1.42721212,81.773231,-0.37671328,-21.584081,-0.10875368,-0.08585596,-0.10875368,-0.08585596,1.44449687,82.763574,1.44266748,82.658758,-0.40787581,-23.369562,-0.36587468,-20.963075,-0.01728475,-0.990343,-0.01545537,-0.885527,3.17137885,181.706623,3.17157459,181.717839,0.01711415,0.980569,0.03915956,2.243677,178.293377,178.282161,1.84024179,0
2.540000,127,0,508,4.06901503,1.42035413,81.380297,1.42035413,81.380297,-0.34289956,-19.646698,-0.07602358,-0.21318340,-0.07602358,-0.21318340,1.44266748,82.658758,1.44066107,82.543799,-0.36587468,-20.963075,-0.40128595,-22.991991,-0.02231336,-1.278461,-0.02030694,-1.163502,3.17157459,181.717839,3.17162418,181.720680,0.03915956,2.243677,0.00992986,0.568939,178.282161,178.279320,1.84385133,0
2.545000,127,1,509,4.06901503,1.42035413,81.380297,1.42035413,81.380297,-0.34289956,-19.646698,-0.21318340,-0.15049648,-0.21318340,-0.15049648,1.44066107,82.543799,1.43866813,82.429612,-0.40128595,-22.991991,-0.39858407,-22.837185,-0.02030694,-1.163502,-0.01831400,-1.049315,3.17162418,181.720680,3.17165446,181.722415,0.00992986,0.568939,0.00604452,0.346326,178.279320,178.277585,1.84385133,0
2.550000,127,2,510,4.06901503,1.42035413,81.380297,1.42035413,81.380297,-0.34289956,-19.646698,-0.15049648,-0.11235905,-0.15049648,-0.11235905,1.43866813,82.429612,1.43680465,82.322843,-0.39858407,-22.837185,-0.37269500,-21.353850,-0.01831400,-1.049315,-0.01645052,-0.942546,3.17165446,181.722415,3.17174220,181.727442,0.00604452,0.346326,0.01756763,1.006551,178.277585,178.272558,1.84385133,0
2.555000,127,3,511,4.06901503,1.42035413,81.380297,1.42035413,81.380297,-0.34289956,-19.646698,-0.11235905,-0.09158230,-0.11235905,-0.09158230,1.43680465,82.322843,1.43513381,82.227111,-0.37269500,-21.353850,-0.33417362,-19.146738,-0.01645052,-0.942546,-0.01477969,-0.846814,3.17174220,181.727442,3.17192984,181.738193,0.01756763,1.006551,0.03751692,2.149561,178.272558,178.261807,1.84385133,0
2.560000,128,0,512,4.05118465,1.41413021,81.023693,1.41413021,81.023693,-0.31119585,-17.830209,-0.08270550,-0.20718384,-0.08270550,-0.20718384,1.43513381,82.227111,1.43330419,82.122281,-0.33417362,-19.146738,-0.36593547,-20.966558,-0.02100360,-1.203418,-0.01917398,-1.098588,3.17192984,181.738193,3.17198443,181.741321,0.03751692,2.149561,0.01091902,0.625614,178.261807,178.258679,1.84745276,0
2.565000,128,1,513,4.05118465,1.41413021,81.023693,1.41413021,81.023693,-0.31119585,-17.830209,-0.20718384,-0.15035820,-0.20718384,-0.15035820,1.43330419,82.122281,1.43148839,82.018243,-0.36593547,-20.966558,-0.36314774,-20.806833,-0.01917398,-1.098588,-0.01735818,-0.994551,3.17198443,181.741321,3.17202091,181.743411,0.01091902,0.625614,0.00730154,0.418347,178.258679,178.256589,1.84745276,0
2.570000,128,2,514,4.05118465,1.41413021,81.023693,1.41413021,81.023693,-0.31119585,-17.830209,-0.15035820,-0.11581802,-0.15035820,-0.11581802,1.43148839,82.018243,1.42979157,81.921023,-0.36314774,-20.806833,-0.33935988,-19.443889,-0.01735818,-0.994551,-0.01566136,-0.897330,3.17202091,181.743411,3.17210913,181.748465,0.00730154,0.418347,0.01764459,1.010961,178.256589,178.251535,1.84745276,0
2.575000,128,3,515,4.05118465,1.41413021,81.023693,1.41413021,81.023693,-0.31119585,-17.830209,-0.11581802,-0.09703445,-0.11581802,-0.09703445,1.42979157,81.921023,1.42827082,81.833890,-0.33935988,-19.443889,-0.30415151,-17.426598,-0.01566136,-0.897330,-0.01414061,-0.810197,3.17210913,181.748465,3.17228723,181.758669,0.01764459,1.010961,0.03561091,2.040355,178.251535,178.241331,1.84745276,0
2.580000,129,0,516,4.03511524,1.40852094,80.702305,1.40852094,80.702305,-0.28046370,-16.069386,-0.08905029,-0.20123577,-0.08905029,-0.20123577,1.42827082,81.833890,1.42660940,81.738697,-0.30415151,-17.426598,-0.33229527,-19.039116,-0.01974988,-1.131585,-0.01808846,-1.036392,3.17228723,181.758669,3.17234540,181.762003,0.03561091,2.040355,0.01162558,0.666097,178.241331,178.237997,1.85096729,0
2.585000,129,1,517,4.03511524,1.40852094,80.702305,1.40852094,80.702305,-0.28046370,-16.069386,-0.20123577,-0.15007877,-0.20123577,-0.15007877,1.42660940,81.738697,1.42496276,81.644352,-0.33229527,-19.039116,-0.32933587,-18.869555,-0.01808846,-1.036392,-0.01644182,-0.942047,3.17234540,181.762003,3.17238712,181.764393,0.01162558,0.666097,0.00833367,0.477484,178.237997,178.235607,1.85096729,0
2.590000,129,2,518,4.03511524,1.40852094,80.702305,1.40852094,80.702305,-0.28046370,-16.069386,-0.15007877,-0.11903095,-0.15007877,-0.11903095,1.42496276,81.644352,1.42342532,81.556263,-0.32933587,-18.869555,-0.30749962,-17.618430,-0.01644182,-0.942047,-0.01490438,-0.853958,3.17238712,181.764393,3.17247510,181.769434,0.00833367,0.477484,0.01759608,1.008181,178.235607,178.230566,1.85096729,0
2.595000,129,3,519,4.03511524,1.40852094,80.702305,1.40852094,80.702305,-0.28046370,-16.069386,-0.11903095,-0.10219288,-0.11903095,-0.10219288,1.42342532,81.556263,1.42204821,81.477361,-0.30749962,-17.618430,-0.27542570,-15.780730,-0.01490438,-0.853958,-0.01352727,-0.775056,3.17247510,181.769434,3.17264366,181.779092,0.01759608,1.008181,0.03369752,1.930726,178.230566,178.220908,1.85096729,0
2.600000,130,0,520,4.02071428,1.40349400,80.414283,1.40349400,80.414283,-0.25134683,-14.401112,-0.09508228,-0.19562101,-0.09508228,-0.19562101,1.42204821,81.477361,1.42054749,81.391376,-0.27542570,-15.780730,-0.30015397,-17.197556,-0.01855421,-1.063078,-0.01705348,-0.977093,3.17264366,181.779092,3.17270470,181.782589,0.03369752,1.930726,0.01218986,0.698428,178.220908,178.217411,1.85441017,0
2.605000,130,1,521,4.02071428,1.40349400,80.414283,1.40349400,80.414283,-0.25134683,-14.401112,-0.19562101,-0.14985418,-0.19562101,-0.14985418,1.42054749,81.391376,1.41906226,81.306278,-0.30015397,-17.197556,-0.29705626,-17.020070,-0.01705348,-0.977093,-0.01556826,-0.891995,3.17270470,181.782589,3.17275071,181.785225,0.01218986,0.698428,0.00920059,0.527155,178.217411,178.214775,1.85441017,0
2.610000,130,2,522,4.02071428,1.40349400,80.414283,1.40349400,80.414283,-0.25134683,-14.401112,-0.14985418,-0.12212324,-0.14985418,-0.12212324,1.41906226,81.306278,1.41767681,81.226898,-0.29705626,-17.020070,-0.27709830,-15.876563,-0.01556826,-0.891995,-0.01418281,-0.812615,3.17275071,181.785225,3.17283797,181.790225,0.00920059,0.527155,0.01742970,0.998648,178.214775,178.209775,1.85441017,0
2.615000,130,3,523,4.02071428,1.40349400,80.414283,1.40349400,80.414283,-0.25134683,-14.401112,-0.12212324,-0.10712957,-0.12212324,-0.10712957,1.41767681,81.226898,1.41643667,81.155843,-0.27709830,-15.876563,-0.24802400,-14.210729,-0.01418281,-0.812615,-0.01294267,-0.741560,3.17283797,181.790225,3.17299676,181.799323,0.01742970,0.998648,0.03175405,1.819373,178.209775,178.200677,1.85441017,0
2.620000,131,0,524,4.00792360,1.39902925,80.158472,1.39902925,80.158472,-0.22323728,-12.790554,-0.10084867,-0.19014359,-0.10084867,-0.19014359,1.41643667,81.155843,1.41508961,81.078662,-0.24802400,-14.210729,-0.26942033,-15.436648,-0.01740742,-0.997372,-0.01606035,-0.920190,3.17299676,181.799323,3.17306018,181.802956,0.03175405,1.819373,0.01266676,0.725752,178.200677,178.197044,1.85773957,0
2.625000,131,1,525,4.00792360,1.39902925,80.158472,1.39902925,80.158472,-0.22323728,-12.790554,-0.19014359,-0.14957047,-0.19014359,-0.14957047,1.41508961,81.078662,1.41375887,81.002417,-0.26942033,-15.436648,-0.26614836,-15.249178,-0.01606035,-0.920190,-0.01472962,-0.843945,3.17306018,181.802956,3.17311025,181.805825,0.01266676,0.725752,0.01000185,0.573064,178.197044,178.194175,1.85773957,0
2.630000,131,2,526,4.00792360,1.39902925,80.158472,1.39902925,80.158472,-0.22323728,-12.790554,-0.14957047,-0.12504005,-0.14957047,-0.12504005,1.41375887,81.002417,1.41251910,80.931383,-0.26614836,-15.249178,-0.24796200,-14.207176,-0.01472962,-0.843945,-0.01348984,-0.772911,3.17311025,181.805825,3.17319655,181.810770,0.01000185,0.573064,0.01726616,0.989278,178.194175,178.189230,1.85773957,0
2.635000,131,3,527,4.00792360,1.39902925,80.158472,1.39902925,80.158472,-0.22323728,-12.790554,-0.12504005,-0.11182976,-0.12504005,-0.11182976,1.41251910,80.931383,1.41141033,80.867855,-0.24796200,-14.207176,-0.22174360,-12.704972,-0.01348984,-0.772911,-0.01238108,-0.709383,3.17319655,181.810770,3.17334604,181.819335,0.01726616,0.989278,0.02990640,1.713510,178.189230,178.180665,1.85773957,0
2.640000,132,0,528,3.99666643,1.39509976,79.933328,1.39509976,79.933328,-0.19647479,-11.257176,-0.10635757,-0.18494749,-0.10635757,-0.18494749,1.41141033,80.867855,1.41021049,80.799109,-0.22174360,-12.704972,-0.23997904,-13.749786,-0.01631057,-0.934527,-0.01511073,-0.865781,3.17334604,181.819335,3.17341161,181.823092,0.02990640,1.713510,0.01312372,0.751934,178.180665,178.176908,1.86096466,0
2.645000,132,1,529,3.99666643,1.39509976,79.933328,1.39509976,79.933328,-0.19647479,-11.257176,-0.18494749,-0.14933538,-0.18494749,-0.14933538,1.41021049,80.799109,1.40902770,80.731340,-0.23997904,-13.749786,-0.23656242,-13.554028,-0.01511073,-0.865781,-0.01392794,-0.798012,3.17341161,181.823092,3.17346549,181.826179,0.01312372,0.751934,0.01076127,0.616575,178.176908,178.173821,1.86096466,0
2.650000,132,2,530,3.99666643,1.39509976,79.933328,1.39509976,79.933328,-0.19647479,-11.257176,-0.14933538,-0.12785482,-0.14933538,-0.12785482,1.40902770,80.731340,1.40792727,80.668291,-0.23656242,-13.554028,-0.22008565,-12.609979,-0.01392794,-0.798012,-0.01282752,-0.734963,3.17346549,181.826179,3.17355108,181.831083,0.01076127,0.616575,0.01709959,0.979734,178.173821,178.168917,1.86096466,0
2.655000,132,3,531,3.99666643,1.39509976,79.933328,1.39509976,79.933328,-0.19647479,-11.257176,-0.12785482,-0.11634398,-0.12785482,-0.11634398,1.40792727,80.668291,1.40694427,80.611969,-0.22008565,-12.609979,-0.19661006,-11.264927,-0.01282752,-0.734963,-0.01184452,-0.678641,3.17355108,181.831083,3.17369175,181.839143,0.01709959,0.979734,0.02812839,1.611638,178.168917,178.160857,1.86096466,0
2.660000,133,0,532,3.98688054,1.39168382,79.737609,1.39168382,79.737609,-0.17079711,-9.785954,-0.11163855,-0.11163855,-0.11163855,-0.11163855,1.40694427,80.611969,1.40609288,80.563188,-0.19661006,-11.264927,-0.17027301,-9.755925,-0.01526046,-0.874360,-0.01440907,-0.825579,3.17369175,181.839143,3.17389750,181.850932,0.02812839,1.611638,0.04113113,2.356640,178.160857,178.149068,1.86279476,0
2.665000,133,1,533,3.98688054,1.39168382,79.737609,1.39168382,79.737609,-0.17079711,-9.785954,-0.11163855,-0.17970753,-0.11163855,-0.17970753,1.40609288,80.563188,1.40516627,80.510097,-0.17027301,-9.755925,-0.18531996,-10.618052,-0.01440907,-0.825579,-0.01348245,-0.772488,3.17389750,181.850932,3.17403150,181.858609,0.04113113,2.356640,0.02678128,1.534454,178.149068,178.141391,1.86279476,0
2.670000,133,2,534,3.98688054,1.39168382,79.737609,1.39168382,79.737609,-0.17079711,-9.785954,-0.17970753,-0.15158939,-0.17970753,-0.15158939,1.40516627,80.510097,1.40424991,80.457593,-0.18531996,-10.618052,-0.18327075,-10.500641,-0.01348245,-0.772488,-0.01256609,-0.719984,3.17403150,181.858609,3.17415094,181.865453,0.02678128,1.534454,0.02386675,1.367464,178.141391,178.134547,1.86279476,0
2.675000,133,3,535,3.98688054,1.39168382,79.737609,1.39168382,79.737609,-0.17079711,-9.785954,-0.15158939,-0.13456821,-0.15158939,-0.13456821,1.40424991,80.457593,1.40339553,80.408641,-0.18327075,-10.500641,-0.17087230,-9.790262,-0.01256609,-0.719984,-0.01171172,-0.671032,3.17415094,181.865453,3.17429042,181.873444,0.02386675,1.367464,0.02789308,1.598156,178.134547,178.126556,1.86279476,0
2.680000,134,0,536,3.97810626,1.38862097,79.562121,1.38862097,79.562121,-0.15314221,-8.774403,-0.12537861,-0.12537861,-0.12537861,-0.12537861,1.40339553,80.408641,1.40263104,80.364839,-0.17087230,-9.790262,-0.15288603,-8.759724,-0.01477456,-0.846520,-0.01401007,-0.802718,3.17429042,181.873444,3.17446899,181.883676,0.02789308,1.598156,0.03570712,2.045867,178.126556,178.116324,1.86779451,0
2.685000,134,1,537,3.97810626,1.38862097,79.562121,1.38862097,79.562121,-0.15314221,-8.774403,-0.12537861,-0.18280363,-0.12537861,-0.18280363,1.40263104,80.364839,1.40178204,80.316194,-0.15288603,-8.759724,-0.16981250,-9.729540,-0.01401007,-0.802718,-0.01316106,-0.754073,3.17446899,181.883676,3.17457128,181.889536,0.03570712,2.045867,0.02045090,1.171750,178.116324,178.110464,1.86779451,0
2.690000,134,2,538,3.97810626,1.38862097,79.562121,1.38862097,79.562121,-0.15314221,-8.774403,-0.18280363,-0.15504026,-0.18280363,-0.15504026,1.40178204,80.316194,1.40093279,80.267536,-0.16981250,-9.729540,-0.16985865,-9.732184,-0.01316106,-0.754073,-0.01231182,-0.705415,3.17457128,181.889536,3.17465353,181.894249,0.02045090,1.171750,0.01646872,0.943588,178.110464,178.105751,1.86779451,0
2.695000,134,3,539,3.97810626,1.38862097,79.562121,1.38862097,79.562121,-0.15314221,-8.774403,-0.15504026,-0.13802671,-0.15504026,-0.13802671,1.40093279,80.267536,1.40013504,80.221829,-0.16985865,-9.732184,-0.15956038,-9.142136,-0.01231182,-0.705415,-0.01151407,-0.659707,3.17465353,181.894249,3.17475057,181.899808,0.01646872,0.943588,0.01940299,1.111710,178.105751,178.100192,1.86779451,0
2.700000,135,0,540,3.97080827,1.38607347,79.416160,1.38607347,79.416160,-0.12737513,-7.298057,-0.12863302,-0.12863302,-0.12863302,-0.12863302,1.40013504,80.221829,1.39941728,80.180704,-0.15956038,-9.142136,-0.14355043,-8.224834,-0.01406157,-0.805669,-0.01334381,-0.764544,3.17475057,181.899808,3.17488146,181.907308,0.01940299,1.111710,0.02618296,1.500173,178.100192,178.092692,1.87169671,0
2.705000,135,1,541,3.97080827,1.38607347,79.416160,1.38607347,79.416160,-0.12737513,-7.298057,-0.12863302,-0.17542696,-0.12863302,-0.17542696,1.39941728,80.180704,1.39863729,80.136014,-0.14355043,-8.224834,-0.15598989,-8.937562,-0.01334381,-0.764544,-0.01256382,-0.719854,3.17488146,181.907308,3.17495227,181.911365,0.02618296,1.500173,0.01415460,0.810999,178.092692,178.088635,1.87169671,0
2.710000,135,2,542,3.97080827,1.38607347,79.416160,1.38607347,79.416160,-0.12737513,-7.298057,-0.17542696,-0.15190172,-0.17542696,-0.15190172,1.39863729,80.136014,1.39786661,80.091857,-0.15598989,-8.937562,-0.15412593,-8.830765,-0.01256382,-0.719854,-0.01179314,-0.675697,3.17495227,181.911365,3.17501068,181.914712,0.01415460,0.810999,0.01166918,0.668595,178.088635,178.085288,1.87169671,0
2.715000,135,3,543,3.97080827,1.38607347,79.416160,1.38607347,79.416160,-0.12737513,-7.298057,-0.15190172,-0.13767672,-0.15190172,-0.13767672,1.39786661,80.091857,1.39714849,80.050712,-0.15412593,-8.830765,-0.14361309,-8.228424,-0.01179314,-0.675697,-0.01107502,-0.634552,3.17501068,181.914712,3.17508554,181.919001,0.01166918,0.668595,0.01495986,0.857137,178.085288,178.080999,1.87169671,0
2.720000,136,0,544,3.96439743,1.38383567,79.287944,1.38383567,79.287944,-0.11188984,-6.410816,-0.13001108,-0.13001108,-0.13001108,-0.13001108,1.39714849,80.050712,1.39650631,80.013918,-0.14361309,-8.228424,-0.12843929,-7.359029,-0.01331282,-0.762768,-0.01267064,-0.725974,3.17508554,181.919001,3.17519236,181.925121,0.01495986,0.857137,0.02138555,1.225302,178.080999,178.074879,1.87523532,0
2.725000,136,1,545,3.96439743,1.38383567,79.287944,1.38383567,79.287944,-0.11188984,-6.410816,-0.13001108,-0.17158937,-0.13001108,-0.17158937,1.39650631,80.013918,1.39581358,79.974227,-0.12843929,-7.359029,-0.13854398,-7.937985,-0.01267064,-0.725974,-0.01197791,-0.686284,3.17519236,181.925121,3.17524791,181.928304,0.02138555,1.225302,0.01109337,0.635603,178.074879,178.071696,1.87523532,0
2.730000,136,2,546,3.96439743,1.38383567,79.287944,1.38383567,79.287944,-0.11188984,-6.410816,-0.17158937,-0.15129709,-0.17158937,-0.15129709,1.39581358,79.974227,1.39513206,79.935179,-0.13854398,-7.937985,-0.13631094,-7.810041,-0.01197791,-0.686284,-0.01129639,-0.647236,3.17524791,181.928304,3.17529297,181.930886,0.01109337,0.635603,0.00902932,0.517342,178.071696,178.069114,1.87523532,0
2.735000,136,3,547,3.96439743,1.38383567,79.287944,1.38383567,79.287944,-0.11188984,-6.410816,-0.15129709,-0.13909006,-0.15129709,-0.13909006,1.39513206,79.935179,1.39449883,79.898897,-0.13631094,-7.810041,-0.12665597,-7.256852,-0.01129639,-0.647236,-0.01066315,-0.610954,3.17529297,181.930886,3.17535257,181.934301,0.00902932,0.517342,0.01191891,0.682903,178.069114,178.065699,1.87523532,0
2.740000,137,0,548,3.95931387,1.38206124,79.186276,1.38206124,79.186276,-0.08872151,-5.083368,-0.13257647,-0.13257647,-0.13257647,-0.13257647,1.39449883,79.898897,1.39393365,79.866515,-0.12665597,-7.256852,-0.11304055,-6.476747,-0.01243758,-0.712621,-0.01187241,-0.680239,3.17535257,181.934301,3.17543983,181.939301,0.01191891,0.682903,0.01746989,1.000951,178.065699,178.060699,1.87794447,0
2.745000,137,1,549,3.95931387,1.38206124,79.186276,1.38206124,79.186276,-0.08872151,-5.083368,-0.13257647,-0.16543484,-0.13257647,-0.16543484,1.39393365,79.866515,1.39333665,79.832310,-0.11304055,-6.476747,-0.11940214,-6.841239,-0.01187241,-0.680239,-0.01127541,-0.646033,3.17543983,181.939301,3.17548895,181.942115,0.01746989,1.000951,0.00981049,0.562100,178.060699,178.057885,1.87794447,0
2.750000,137,2,550,3.95931387,1.38206124,79.186276,1.38206124,79.186276,-0.08872151,-5.083368,-0.16543484,-0.14944172,-0.16543484,-0.14944172,1.39333665,79.832310,1.39275646,79.799067,-0.11940214,-6.841239,-0.11603986,-6.648594,-0.01127541,-0.646033,-0.01069522,-0.612791,3.17548895,181.942115,3.17553210,181.944587,0.00981049,0.562100,0.00863882,0.494968,178.057885,178.055413,1.87794447,0
2.755000,137,3,551,3.95931387,1.38206124,79.186276,1.38206124,79.186276,-0.08872151,-5.083368,-0.14944172,-0.13997936,-0.14944172,-0.13997936,1.39275646,79.799067,1.39222181,79.768434,-0.11603986,-6.648594,-0.10692438,-6.126316,-0.01069522,-0.612791,-0.01016057,-0.582158,3.17553210,181.944587,3.17558861,181.947825,0.00863882,0.494968,0.01131155,0.648104,178.055413,178.052175,1.87794447,0
2.760000,138,0,552,3.95523834,1.38063860,79.104765,1.38063860,79.104765,-0.07113218,-4.075574,-0.13509464,-0.13509464,-0.13509464,-0.13509464,1.39222181,79.768434,1.39174759,79.741263,-0.10692438,-6.126316,-0.09483881,-5.433864,-0.01158321,-0.663669,-0.01110899,-0.636498,3.17558861,181.947825,3.17566848,181.952401,0.01131155,0.648104,0.01598677,0.915974,178.052175,178.047599,1.88047493,0
2.765000,138,1,553,3.95523834,1.38063860,79.104765,1.38063860,79.104765,-0.07113218,-4.075574,-0.13509464,-0.16176224,-0.13509464,-0.16176224,1.39174759,79.741263,1.39125276,79.712911,-0.09483881,-5.433864,-0.09896637,-5.670355,-0.01110899,-0.636498,-0.01061416,-0.608146,3.17566848,181.952401,3.17571831,181.955256,0.01598677,0.915974,0.00994581,0.569853,178.047599,178.044744,1.88047493,0
2.770000,138,2,554,3.95523834,1.38063860,79.104765,1.38063860,79.104765,-0.07113218,-4.075574,-0.16176224,-0.14923477,-0.16176224,-0.14923477,1.39125276,79.712911,1.39077532,79.685556,-0.09896637,-5.670355,-0.09547713,-5.470437,-0.01061416,-0.608146,-0.01013672,-0.580791,3.17571831,181.955256,3.17576337,181.957838,0.00994581,0.569853,0.00899346,0.515287,178.044744,178.042162,1.88047493,0
2.775000,138,3,555,3.95523834,1.38063860,79.104765,1.38063860,79.104765,-0.07113218,-4.075574,-0.14923477,-0.14190865,-0.14923477,-0.14190865,1.39077532,79.685556,1.39033771,79.660483,-0.09547713,-5.470437,-0.08753350,-5.015300,-0.01013672,-0.580791,-0.00969911,-0.555718,3.17576337,181.957838,3.17581844,181.960993,0.00899346,0.515287,0.01102455,0.631660,178.042162,178.039007,1.88047493,0
2.780000,139,0,556,3.95235419,1.37963188,79.047084,1.37963188,79.047084,-0.05033612,-2.884047,-0.13821983,-0.13821983,-0.13821983,-0.13821983,1.39033771,79.660483,1.38995099,79.638325,-0.08753350,-5.015300,-0.07734685,-4.431648,-0.01070583,-0.613399,-0.01031911,-0.591242,3.17581844,181.960993,3.17589140,181.965173,0.01102455,0.631660,0.01457525,0.835100,178.039007,178.034827,1.88261569,0
2.785000,139,1,557,3.95235419,1.37963188,79.047084,1.37963188,79.047084,-0.05033612,-2.884047,-0.13821983,-0.15710688,-0.13821983,-0.15710688,1.38995099,79.638325,1.38955772,79.615793,-0.07734685,-4.431648,-0.07864291,-4.505907,-0.01031911,-0.591242,-0.00992584,-0.568709,3.17589140,181.965173,3.17594409,181.968192,0.01457525,0.835100,0.01054586,0.604233,178.034827,178.031808,1.88261569,0
2.790000,139,2,558,3.95235419,1.37963188,79.047084,1.37963188,79.047084,-0.05033612,-2.884047,-0.15710688,-0.14841700,-0.15710688,-0.14841700,1.38955772,79.615793,1.38918447,79.594407,-0.07864291,-4.505907,-0.07465537,-4.277438,-0.00992584,-0.568709,-0.00955260,-0.547324,3.17594409,181.968192,3.17599440,181.971075,0.01054586,0.604233,0.01005693,0.576219,178.031808,178.028925,1.88261569,0
2.795000,139,3,559,3.95235419,1.37963188,79.047084,1.37963188,79.047084,-0.05033612,-2.884047,-0.14841700,-0.14349222,-0.14841700,-0.14349222,1.38918447,79.594407,1.38884616,79.575023,-0.07465537,-4.277438,-0.06767338,-3.877399,-0.00955260,-0.547324,-0.00921428,-0.527939,3.17599440,181.971075,3.17605233,181.974394,0.01005693,0.576219,0.01158530,0.663789,178.028925,178.025606,1.88261569,0
2.800000,140,0,560,3.95045519,1.37896895,79.009101,1.37896895,79.009101,-0.03314614,-1.899134,-0.14117479,-0.14117479,-0.14117479,-0.14117479,1.38884616,79.575023,1.38854980,79.558043,-0.06767338,-3.877399,-0.05928215,-3.396617,-0.00987720,-0.565922,-0.00958085,-0.548942,3.17605233,181.974394,3.17612267,181.978424,0.01158530,0.663789,0.01408200,0.806839,178.025606,178.021576,1.88468802,0
2.805000,140,1,561,3.95045519,1.37896895,79.009101,1.37896895,79.009101,-0.03314614,-1.899134,-0.14117479,-0.15385151,-0.14117479,-0.15385151,1.38854980,79.558043,1.38825679,79.541255,-0.05928215,-3.396617,-0.05859784,-3.357409,-0.00958085,-0.548942,-0.00928783,-0.532154,3.17612267,181.978424,3.17618012,181.981716,0.01408200,0.806839,0.01150372,0.659115,178.021576,178.018284,1.88468802,0
2.810000,140,2,562,3.95045519,1.37896895,79.009101,1.37896895,79.009101,-0.03314614,-1.899134,-0.15385151,-0.14842701,-0.15385151,-0.14842701,1.38825679,79.541255,1.38798368,79.525607,-0.05859784,-3.357409,-0.05461521,-3.129221,-0.00928783,-0.532154,-0.00901473,-0.516506,3.17618012,181.981716,3.17623591,181.984913,0.01150372,0.659115,0.01115010,0.638854,178.018284,178.015087,1.88468802,0
2.815000,140,3,563,3.95045519,1.37896895,79.009101,1.37896895,79.009101,-0.03314614,-1.899134,-0.14842701,-0.14550114,-0.14842701,-0.14550114,1.38798368,79.525607,1.38773942,79.511612,-0.05461521,-3.129221,-0.04885343,-2.799095,-0.00901473,-0.516506,-0.00877047,-0.502511,3.17623591,181.984913,3.17629600,181.988355,0.01115010,0.638854,0.01201039,0.688145,178.015087,178.011645,1.88468802,0
2.820000,141,0,564,3.94959378,1.37866831,78.991875,1.37866831,78.991875,-0.01503229,-0.861287,-0.14428616,-0.14428616,-0.14428616,-0.14428616,1.38773942,79.511612,1.38752222,79.499167,-0.04885343,-2.799095,-0.04345015,-2.489510,-0.00907111,-0.519736,-0.00885391,-0.507292,3.17629600,181.988355,3.17635942,181.991989,0.01201039,0.688145,0.01266762,0.725801,178.011645,178.008011,1.88776243,0
2.825000,141,1,565,3.94959378,1.37866831,78.991875,1.37866831,78.991875,-0.01503229,-0.861287,-0.14428616,-0.14939880,-0.14428616,-0.14939880,1.38752222,79.499167,1.38732195,79.487693,-0.04345015,-2.489510,-0.04005748,-2.295125,-0.00885391,-0.507292,-0.00865364,-0.495817,3.17635942,181.991989,3.17641950,181.995431,0.01266762,0.725801,0.01202744,0.689121,178.008011,178.004569,1.88776243,0
2.830000,141,2,566,3.94959378,1.37866831,78.991875,1.37866831,78.991875,-0.01503229,-0.861287,-0.14939880,-0.14755440,-0.14939880,-0.14755440,1.38732195,79.487693,1.38713491,79.476976,-0.04005748,-2.295125,-0.03740555,-2.143180,-0.00865364,-0.495817,-0.00846660,-0.485101,3.17641950,181.995431,3.17647409,181.998559,0.01202744,0.689121,0.01093157,0.626333,178.004569,178.001441,1.88776243,0
2.835000,141,3,567,3.94959378,1.37866831,78.991875,1.37866831,78.991875,-0.01503229,-0.861287,-0.14755440,-0.14550209,-0.14755440,-0.14550209,1.38713491,79.476976,1.38695788,79.466833,-0.03740555,-2.143180,-0.03539845,-2.028182,-0.00846660,-0.485101,-0.00828958,-0.474958,3.17647409,181.998559,3.17652130,182.001264,0.01093157,0.626333,0.00944074,0.540914,178.001441,177.998736,1.88776243,0
2.840000,142,0,568,3.94980693,1.37874269,78.996137,1.37874269,78.996137,0.00371933,0.213102,-0.14324188,-0.14324188,-0.14324188,-0.14324188,1.38695788,79.466833,1.38678873,79.457141,-0.03539845,-2.028182,-0.03383640,-1.938683,-0.00821519,-0.470696,-0.00804603,-0.461004,3.17652130,182.001264,3.17655969,182.003463,0.00944074,0.540914,0.00768345,0.440229,177.998736,177.996537,1.89294481,0
2.845000,142,1,569,3.94980693,1.37874269,78.996137,1.37874269,78.996137,0.00371933,0.213102,-0.14324188,-0.13936615,-0.14324188,-0.13936615,1.38678873,79.457141,1.38662624,79.447832,-0.03383640,-1.938683,-0.03249202,-1.861656,-0.00804603,-0.461004,-0.00788355,-0.451694,3.17655969,182.003463,3.17658877,182.005130,0.00768345,0.440229,0.00580559,0.332636,177.996537,177.994870,1.89294481,0
2.850000,142,2,570,3.94980693,1.37874269,78.996137,1.37874269,78.996137,0.00371933,0.213102,-0.13936615,-0.13697243,-0.13936615,-0.13697243,1.38662624,79.447832,1.38646924,79.438836,-0.03249202,-1.861656,-0.03139226,-1.798644,-0.00788355,-0.451694,-0.00772655,-0.442699,3.17658877,182.005130,3.17660761,182.006209,0.00580559,0.332636,0.00378383,0.216797,177.994870,177.993791,1.89294481,0
2.855000,142,3,571,3.94980693,1.37874269,78.996137,1.37874269,78.996137,0.00371933,0.213102,-0.13697243,-0.13453293,-0.13697243,-0.13453293,1.38646924,79.438836,1.38631690,79.430107,-0.03139226,-1.798644,-0.03046333,-1.745420,-0.00772655,-0.442699,-0.00757420,-0.433970,3.17660761,182.006209,3.17661595,182.006687,0.00378383,0.216797,0.00166126,0.095183,177.993791,177.993313,1.89294481,0
2.860000,143,0,572,3.95129681,1.37926269,79.025931,1.37926269,79.025931,0.02599955,1.489664,-0.13207626,-0.13207626,-0.13207626,-0.13207626,1.38631690,79.430107,1.38616860,79.421610,-0.03046333,-1.745420,-0.02965463,-1.699085,-0.00705421,-0.404176,-0.00690591,-0.395680,3.17661595,182.006687,3.17661333,182.006537,0.00166126,0.095183,-0.00053474,-0.030638,177.993313,177.993463,1.89644372,0
2.865000,143,1,573,3.95129681,1.37926269,79.025931,1.37926269,79.025931,0.02599955,1.489664,-0.13207626,-0.11922550,-0.13207626,-0.11922550,1.38616860,79.421610,1.38602710,79.413503,-0.02965463,-1.699085,-0.02829933,-1.621432,-0.00690591,-0.395680,-0.00676441,-0.387572,3.17661333,182.006537,3.17660141,182.005854,-0.00053474,-0.030638,-0.00236802,-0.135678,177.993463,177.994146,1.89644372,0
2.870000,143,2,574,3.95129681,1.37926269,79.025931,1.37926269,79.025931,0.02599955,1.489664,-0.11922550,-0.11726093,-0.11922550,-0.11726093,1.38602710,79.413503,1.38589096,79.405703,-0.02829933,-1.621432,-0.02721792,-1.559472,-0.00676441,-0.387572,-0.00662827,-0.379772,3.17660141,182.005854,3.17657948,182.004597,-0.00236802,-0.135678,-0.00438886,-0.251463,177.994146,177.995403,1.89644372,0
2.875000,143,3,575,3.95129681,1.37926269,79.025931,1.37926269,79.025931,0.02599955,1.489664,-0.11726093,-0.11522579,-0.11726093,-0.11522579,1.38589096,79.405703,1.38575935,79.398162,-0.02721792,-1.559472,-0.02632663,-1.508405,-0.00662827,-0.379772,-0.00649667,-0.372232,3.17657948,182.004597,3.17654681,182.002726,-0.00438886,-0.251463,-0.00654744,-0.375141,177.995403,177.997274,1.89644372,0
2.880000,144,0,576,3.95403624,1.38021898,79.080723,1.38021898,79.080723,0.04781485,2.739589,-0.11316204,-0.11316204,-0.11316204,-0.11316204,1.38575935,79.398162,1.38563156,79.390840,-0.02632663,-1.508405,-0.02556855,-1.464970,-0.00554037,-0.317440,-0.00541258,-0.310118,3.17654681,182.002726,3.17650270,182.000199,-0.00654744,-0.375141,-0.00881226,-0.504905,177.997274,177.999801,1.89978313,0
2.885000,144,1,577,3.95403624,1.38021898,79.080723,1.38021898,79.080723,0.04781485,2.739589,-0.11316204,-0.09196281,-0.11316204,-0.09196281,1.38563156,79.390840,1.38551283,79.384038,-0.02556855,-1.464970,-0.02374164,-1.360296,-0.00541258,-0.310118,-0.00529385,-0.303315,3.17650270,182.000199,3.17645073,181.997221,-0.00881226,-0.504905,-0.01039220,-0.595429,177.999801,178.002779,1.89978313,0
2.890000,144,2,578,3.95403624,1.38021898,79.080723,1.38021898,79.080723,0.04781485,2.739589,-0.09196281,-0.09075165,-0.09196281,-0.09075165,1.38551283,79.384038,1.38540101,79.377631,-0.02374164,-1.360296,-0.02237131,-1.281781,-0.00529385,-0.303315,-0.00518203,-0.296908,3.17645073,181.997221,3.17638922,181.993696,-0.01039220,-0.595429,-0.01230477,-0.705011,178.002779,178.006304,1.89978313,0
2.895000,144,3,579,3.95403624,1.38021898,79.080723,1.38021898,79.080723,0.04781485,2.739589,-0.09075165,-0.08938789,-0.09075165,-0.08938789,1.38540101,79.377631,1.38529444,79.371525,-0.02237131,-1.281781,-0.02131578,-1.221304,-0.00518203,-0.296908,-0.00507545,-0.290802,3.17638922,181.993696,3.17631698,181.989557,-0.01230477,-0.705011,-0.01446129,-0.828571,178.006304,178.010443,1.89978313,0
2.900000,145,0,580,3.95830011,1.38170731,79.165997,1.38170731,79.165997,0.07441640,4.263746,-0.08792877,-0.08792877,-0.08792877,-0.08792877,1.38529444,79.371525,1.38519204,79.365658,-0.02131578,-1.221304,-0.02047791,-1.173298,-0.00358713,-0.205527,-0.00348473,-0.199660,3.17631698,181.989557,3.17623305,181.984749,-0.01446129,-0.828571,-0.01680345,-0.962767,178.010443,178.015251,1.90351677,0
2.905000,145,1,581,3.95830011,1.38170731,79.165997,1.38170731,79.165997,0.07441640,4.263746,-0.08792877,-0.05664778,-0.08792877,-0.05664778,1.38519204,79.365658,1.38510215,79.360508,-0.02047791,-1.173298,-0.01798143,-1.030260,-0.00348473,-0.199660,-0.00339484,-0.194510,3.17623305,181.984749,3.17614269,181.979571,-0.01680345,-0.962767,-0.01809281,-1.036642,178.015251,178.020429,1.90351677,0
2.910000,145,2,582,3.95830011,1.38170731,79.165997,1.38170731,79.165997,0.07441640,4.263746,-0.05664778,-0.05644178,-0.05664778,-0.05644178,1.38510215,79.360508,1.38502121,79.355870,-0.01798143,-1.030260,-0.01619698,-0.928019,-0.00339484,-0.194510,-0.00331390,-0.189872,3.17614269,181.979571,3.17604327,181.973875,-0.01809281,-1.036642,-0.01990723,-1.140600,178.020429,178.026125,1.90351677,0
2.915000,145,3,583,3.95830011,1.38170731,79.165997,1.38170731,79.165997,0.07441640,4.263746,-0.05644178,-0.05595922,-0.05644178,-0.05595922,1.38502121,79.355870,1.38494670,79.351601,-0.01619698,-0.928019,-0.01490112,-0.853771,-0.00331390,-0.189872,-0.00323939,-0.185604,3.17604327,181.973875,3.17593265,181.967537,-0.01990723,-1.140600,-0.02210337,-1.266430,178.026125,178.032463,1.90351677,0
2.920000,146,0,584,3.96425891,1.38378739,79.285177,1.38378739,79.285177,0.10400414,5.958999,-0.05529547,-0.05529547,-0.05529547,-0.05529547,1.38494670,79.351601,1.38487697,79.347605,-0.01490112,-0.853771,-0.01394104,-0.798763,-0.00115931,-0.066424,-0.00108957,-0.062428,3.17593265,181.967537,3.17580962,181.960488,-0.02210337,-1.266430,-0.02458619,-1.408685,178.032463,178.039512,1.90763843,0
2.925000,146,1,585,3.96425891,1.38378739,79.285177,1.38378739,79.285177,0.10400414,5.958999,-0.05529547,-0.01291180,-0.05529547,-0.01291180,1.38487697,79.347605,1.38482356,79.344545,-0.01394104,-0.798763,-0.01068281,-0.612080,-0.00108957,-0.062428,-0.00103617,-0.059368,3.17580962,181.960488,3.17568159,181.953152,-0.02458619,-1.408685,-0.02561480,-1.467620,178.039512,178.046848,1.90763843,0
2.930000,146,2,586,3.96425891,1.38378739,79.285177,1.38378739,79.285177,0.10400414,5.958999,-0.01291180,-0.01391888,-0.01291180,-0.01391888,1.38482356,79.344545,1.38478136,79.342128,-0.01068281,-0.612080,-0.00843147,-0.483087,-0.00103617,-0.059368,-0.00099397,-0.056950,3.17568159,181.953152,3.17554474,181.945311,-0.02561480,-1.467620,-0.02738654,-1.569133,178.046848,178.054689,1.90763843,0
2.935000,146,3,587,3.96425891,1.38378739,79.285177,1.38378739,79.285177,0.10400414,5.958999,-0.01391888,-0.01450825,-0.01391888,-0.01450825,1.38478136,79.342128,1.38474703,79.340160,-0.00843147,-0.483087,-0.00686939,-0.393587,-0.00099397,-0.056950,-0.00095963,-0.054983,3.17554474,181.945311,3.17539620,181.936801,-0.02738654,-1.569133,-0.02969537,-1.701419,178.054689,178.063199,1.90763843,0
2.940000,147,0,588,3.97219324,1.38655698,79.443863,1.38655698,79.443863,0.13847947,7.934289,-0.01481724,-0.01481724,-0.01481724,-0.01481724,1.38474703,79.340160,1.38471818,79.338508,-0.00686939,-0.393587,-0.00577951,-0.331142,0.00180995,0.103703,0.00183880,0.105356,3.17539620,181.936801,3.17523408,181.927512,-0.02969537,-1.701419,-0.03240369,-1.856594,178.063199,178.072488,1.91215444,0
2.945000,147,1,589,3.97219324,1.38655698,79.443863,1.38655698,79.443863,0.13847947,7.934289,-0.01481724,0.04045820,-0.01481724,0.04045820,1.38471818,79.338508,1.38470995,79.338036,-0.00577951,-0.331142,-0.00164539,-0.094274,0.00183880,0.105356,0.00184703,0.105827,3.17523408,181.927512,3.17506814,181.918004,-0.03240369,-1.856594,-0.03318559,-1.901394,178.072488,178.081996,1.91215444,0
2.950000,147,2,590,3.97219324,1.38655698,79.443863,1.38655698,79.443863,0.13847947,7.934289,0.04045820,0.03799009,0.04045820,0.03799009,1.38470995,79.338036,1.38471568,79.338364,-0.00164539,-0.094274,0.00113881,0.065249,0.00184703,0.105827,0.00184131,0.105499,3.17506814,181.918004,3.17489338,181.907991,-0.03318559,-1.901394,-0.03496085,-2.003109,178.081996,178.092009,1.91215444,0
2.955000,147,3,591,3.97219324,1.38655698,79.443863,1.38655698,79.443863,0.13847947,7.934289,0.03799009,0.03610182,0.03799009,0.03610182,1.38471568,79.338364,1.38473070,79.339225,0.00113881,0.065249,0.00300010,0.171893,0.00184131,0.105499,0.00182629,0.104638,3.17489338,181.907991,3.17470622,181.897268,-0.03496085,-2.003109,-0.03745062,-2.145762,178.092009,178.102732,1.91215444,0
2.960000,148,0,592,3.98237205,1.39011002,79.647437,1.39011002,79.647437,0.17765164,10.178689,0.03461409,0.03461409,0.03461409,0.03461409,1.38473070,79.339225,1.38475180,79.340434,0.00300010,0.171893,0.00423068,0.242400,0.00537932,0.308212,0.00535822,0.307003,3.17470622,181.897268,3.17450380,181.885670,-0.03745062,-2.145762,-0.04046780,-2.318634,178.102732,178.114330,1.91708493,0
2.965000,148,1,593,3.98237205,1.39011002,79.647437,1.39011002,79.647437,0.17765164,10.178689,0.03461409,0.10446930,0.03461409,0.10446930,1.38475180,79.340434,1.38479853,79.343111,0.00423068,0.242400,0.00935106,0.535776,0.00535822,0.307003,0.00531149,0.304326,3.17450380,181.885670,3.17429876,181.873922,-0.04046780,-2.318634,-0.04102099,-2.350330,178.114330,178.126078,1.91708493,0
2.970000,148,2,594,3.98237205,1.39011002,79.647437,1.39011002,79.647437,0.17765164,10.178689,0.10446930,0.10027313,0.10446930,0.10027313,1.38479853,79.343111,1.38486218,79.346758,0.00935106,0.535776,0.01273021,0.729388,0.00531149,0.304326,0.00524783,0.300679,3.17429876,181.873922,3.17408442,181.861641,-0.04102099,-2.350330,-0.04285049,-2.455152,178.126078,178.138359,1.91708493,0
2.975000,148,3,595,3.98237205,1.39011002,79.647437,1.39011002,79.647437,0.17765164,10.178689,0.10027313,0.09684753,0.10027313,0.09684753,1.38486218,79.346758,1.38493681,79.351034,0.01273021,0.729388,0.01492031,0.854871,0.00524783,0.300679,0.00517321,0.296403,3.17408442,181.861641,3.17385650,181.848582,-0.04285049,-2.455152,-0.04559446,-2.612370,178.138359,178.151418,1.91708493,0
2.980000,149,0,596,3.99513316,1.39456451,79.902661,1.39456451,79.902661,0.22272468,12.761184,0.09395981,0.09395981,0.09395981,0.09395981,1.38493681,79.351034,1.38501835,79.355706,0.01492031,0.854871,0.01629914,0.933872,0.00962770,0.551627,0.00954616,0.546955,3.17385650,181.848582,3.17361140,181.834539,-0.04559446,-2.612370,-0.04900956,-2.808041,178.151418,178.165461,1.92211366,0
2.985000,149,1,597,3.99513316,1.39456451,79.902661,1.39456451,79.902661,0.22272468,12.761184,0.09395981,0.18053961,0.09395981,0.18053961,1.38501835,79.355706,1.38517725,79.364811,0.01629914,0.933872,0.03177771,1.820729,0.00954616,0.546955,0.00938725,0.537850,3.17361140,181.834539,3.17339540,181.822163,-0.04900956,-2.808041,-0.04320974,-2.475736,178.165461,178.177837,1.92211366,0
2.990000,149,2,598,3.99513316,1.39456451,79.902661,1.39456451,79.902661,0.22272468,12.761184,0.18053961,0.16750097,0.18053961,0.16750097,1.38517725,79.364811,1.38537395,79.376080,0.03177771,1.820729,0.03932790,2.253323,0.00938725,0.537850,0.00919056,0.526580,3.17339540,181.822163,3.17318130,181.809896,-0.04320974,-2.475736,-0.04280317,-2.452441,178.177837,178.190104,1.92211366,0
2.995000,149,3,599,3.99513316,1.39456451,79.902661,1.39456451,79.902661,0.22272468,12.761184,0.16750097,0.15875578,0.16750097,0.15875578,1.38537395,79.376080,1.38558173,79.387985,0.03932790,2.253323,0.04156006,2.381216,0.00919056,0.526580,0.00898278,0.514675,3.17318130,181.809896,3.17295098,181.796700,-0.04280317,-2.452441,-0.04605265,-2.638622,178.190104,178.203300,1.92211366,0
3.000000,150,0,600,4.01034641,1.39987493,80.206925,1.39987493,80.206925,0.26552081,15.213222,0.15317869,0.15317869,0.15317869,0.15317869,1.38558173,79.387985,1.38578379,79.399563,0.04156006,2.381216,0.04040031,2.314767,0.01429319,0.818940,0.01409113,0.807363,3.17295098,181.796700,3.17269254,181.781892,-0.04605265,-2.638622,-0.05168691,-2.961442,178.203300,178.218108,1.92457402,0
3.005000,150,1,601,4.01034641,1.39987493,80.206925,1.39987493,80.206925,0.26552081,15.213222,0.15317869,0.25608540,0.15317869,0.25608540,1.38578379,79.399563,1.38629282,79.428727,0.04040031,2.314767,0.10180509,5.833002,0.01409113,0.807363,0.01358211,0.778198,3.17269254,181.781892,3.17261291,181.777330,-0.05168691,-2.961442,-0.01594926,-0.913825,178.218108,178.222670,1.92457402,0
3.010000,150,2,602,4.01034641,1.39987493,80.206925,1.39987493,80.206925,0.26552081,15.213222,0.25608540,0.20678616,0.25608540,0.20678616,1.38629282,79.428727,1.38695896,79.466895,0.10180509,5.833002,0.13323605,7.633863,0.01358211,0.778198,0.01291597,0.740031,3.17261291,181.777330,3.17261195,181.777275,-0.01594926,-0.913825,-0.00017482,-0.010016,178.222670,178.222725,1.92457402,0
3.015000,150,3,603,4.01034641,1.39987493,80.206925,1.39987493,80.206925,0.26552081,15.213222,0.20678616,0.17343998,0.20678616,0.17343998,1.38695896,79.466895,1.38768089,79.508258,0.13323605,7.633863,0.14439292,8.273105,0.01291597,0.740031,0.01219404,0.698667,3.17261195,181.777275,3.17262268,181.777890,-0.00017482,-0.010016,0.00213379,0.122257,178.222725,178.222110,1.92457402,0
3.020000,151,0,604,4.02583933,1.40528297,80.516783,1.40528297,80.516783,0.27040243,15.492918,0.15189457,0.15189457,0.15189457,0.15189457,1.38768089,79.508258,1.38839316,79.549069,0.14439292,8.273105,0.14245054,8.161815,0.01760209,1.008525,0.01688981,0.967715,3.17262268,181.777890,3.17260146,181.776674,0.00213379,0.122257,-0.00424592,-0.243273,178.222110,178.223326,1.91477823,0
3.025000,151,1,605,4.02583933,1.40528297,80.516783,1.40528297,80.516783,0.27040243,15.492918,0.15189457,0.24704552,0.15189457,0.24704552,1.38839316,79.549069,1.38938498,79.605896,0.14245054,8.161815,0.19835849,11.365104,0.01688981,0.967715,0.01589799,0.910888,3.17260146,181.776674,3.17274022,181.784624,-0.00424592,-0.243273,0.02775835,1.590436,178.223326,178.215376,1.91477823,0
3.030000,151,2,606,4.02583933,1.40528297,80.516783,1.40528297,80.516783,0.27040243,15.492918,0.24704552,0.19159317,0.24704552,0.19159317,1.38938498,79.605896,1.39048779,79.669082,0.19835849,11.365104,0.22055271,12.636740,0.01589799,0.910888,0.01479518,0.847702,3.17274022,181.784624,3.17292738,181.795348,0.02775835,1.590436,0.03744965,2.145707,178.215376,178.204652,1.91477823,0
3.035000,151,3,607,4.02583933,1.40528297,80.516783,1.40528297,80.516783,0.27040243,15.492918,0.19159317,0.15539932,0.19159317,0.15539932,1.39048779,79.669082,1.39159155,79.732323,0.22055271,12.636740,0.22074249,12.647613,0.01479518,0.847702,0.01369143,0.784461,3.17292738,181.795348,3.17309070,181.804705,0.03744965,2.145707,0.03264226,1.870264,178.204652,178.195295,1.91477823,0
3.040000,152,0,608,4.04405403,1.41164112,80.881078,1.41164112,80.881078,0.31790733,18.214748,0.13320351,0.13320351,0.13320351,0.13320351,1.39159155,79.732323,1.39262879,79.791752,0.22074249,12.647613,0.20743838,11.885344,0.02004957,1.148756,0.01901233,1.089326,3.17309070,181.804705,3.17318559,181.810142,0.03264226,1.870264,0.01897948,1.087444,178.195295,178.189858,1.90770590,0
3.045000,152,1,609,4.04405403,1.41164112,80.881078,1.41164112,80.881078,0.31790733,18.214748,0.13320351,0.24809647,0.13320351,0.24809647,1.39262879,79.791752,1.39394867,79.867376,0.20743838,11.885344,0.26398805,15.125401,0.01901233,1.089326,0.01769245,1.013703,3.17318559,181.810142,3.17344427,181.824963,0.01897948,1.087444,0.05174022,2.964496,178.189858,178.175037,1.90770590,0
3.050000,152,2,610,4.04405403,1.41164112,80.881078,1.41164112,80.881078,0.31790733,18.214748,0.24809647,0.18567467,0.24809647,0.18567467,1.39394867,79.867376,1.39536166,79.948334,0.26398805,15.125401,0.28258726,16.191057,0.01769245,1.013703,0.01627946,0.932744,3.17344427,181.824963,3.17374158,181.841998,0.05174022,2.964496,0.05944709,3.406068,178.175037,178.158002,1.90770590,0
3.055000,152,3,611,4.04405403,1.41164112,80.881078,1.41164112,80.881078,0.31790733,18.214748,0.18567467,0.14556313,0.18567467,0.14556313,1.39536166,79.948334,1.39674568,80.027633,0.28258726,16.191057,0.27680069,15.859511,0.01627946,0.932744,0.01489544,0.853446,3.17374158,181.841998,3.17399740,181.856655,0.05944709,3.406068,0.05114141,2.930187,178.158002,178.143345,1.90770590,0
3.060000,153,0,612,4.06256628,1.41810310,81.251322,1.41810310,81.251322,0.32309890,18.512203,0.12157059,0.12157059,0.12157059,0.12157059,1.39674568,80.027633,1.39799464,80.099193,0.27680069,15.859511,0.24978313,14.311519,0.02135742,1.223690,0.02010846,1.152130,3.17399740,181.856655,3.17369604,181.839389,0.05114141,2.930187,-0.06025512,-3.452364,178.143345,178.160611,1.93805730,0
3.065000,153,1,613,4.06256628,1.41810310,81.251322,1.41810310,81.251322,0.32309890,18.512203,0.12157059,0.24304342,0.12157059,0.24304342,1.39799464,80.099193,1.39947772,80.184167,0.24978313,14.311519,0.29662144,16.995157,0.02010846,1.152130,0.01862538,1.067156,3.17369604,181.839389,3.17308164,181.804186,-0.06025512,-3.452364,-0.12287647,-7.040303,178.160611,178.195814,1.93805730,0
3.070000,153,2,614,4.06256628,1.41810310,81.251322,1.41810310,81.251322,0.32309890,18.512203,0.24304342,0.18354177,0.24304342,0.18354177,1.39947772,80.184167,1.40101409,80.272194,0.29662144,16.995157,0.30728534,17.606153,0.01862538,1.067156,0.01708901,0.979128,3.17308164,181.804186,3.17203188,181.744039,-0.12287647,-7.040303,-0.20994967,-12.029230,178.195814,178.255961,1.93805730,0
3.075000,153,3,615,4.06256628,1.41810310,81.251322,1.41810310,81.251322,0.32309890,18.512203,0.18354177,0.14602041,0.18354177,0.14602041,1.40101409,80.272194,1.40248978,80.356745,0.30728534,17.606153,0.29513794,16.910158,0.01708901,0.979128,0.01561332,0.894577,3.17203188,181.744039,3.17046785,181.654427,-0.20994967,-12.029230,-0.31279299,-17.921718,178.255961,178.345573,1.93805730,0
3.080000,154,0,616,4.16382313,1.45344841,83.276460,1.45344841,83.276460,1.76726580,101.256871,0.12424612,0.12424612,0.12424612,0.12424612,1.40248978,80.356745,1.40383852,80.434022,0.29513794,16.910158,0.26975229,15.455668,0.05095863,2.919715,0.04960990,2.842438,3.17046785,181.654427,3.16834164,181.532604,-0.31279299,-17.921718,-0.42526463,-24.365868,178.345573,178.467396,1.95796478,0
3.085000,154,1,617,4.16382313,1.45344841,83.276460,1.45344841,83.276460,1.76726580,101.256871,0.12424612,0.82034922,0.12424612,0.82034922,1.40383852,80.434022,1.40717649,80.625274,0.26975229,15.455668,0.66758651,38.249889,0.04960990,2.842438,0.04627192,2.651186,3.16834164,181.532604,3.16705179,181.458701,-0.42526463,-24.365868,-0.25795075,-14.779489,178.467396,178.541299,1.95796478,0
3.090000,154,2,618,4.16382313,1.45344841,83.276460,1.45344841,83.276460,1.76726580,101.256871,0.82034922,0.50014734,0.82034922,0.50014734,1.40717649,80.625274,1.41153026,80.874726,0.66758651,38.249889,0.87074488,49.890007,0.04627192,2.651186,0.04191816,2.401734,3.16705179,181.458701,3.16594672,181.395385,-0.25795075,-14.779489,-0.22099136,-12.661872,178.541299,178.604615,1.95796478,0
3.095000,154,3,619,4.16382313,1.45344841,83.276460,1.45344841,83.276460,1.76726580,101.256871,0.50014734,0.28364801,0.50014734,0.28364801,1.41153026,80.874726,1.41624165,81.144669,0.87074488,49.890007,0.94227988,53.988660,0.04191816,2.401734,0.03720677,2.131791,3.16594672,181.395385,3.16458416,181.317316,-0.22099136,-12.661872,-0.27251834,-15.614151,178.604615,178.682684,1.95796478,0
3.100000,155,0,620,4.30127239,1.50142729,86.025447,1.50142729,86.025447,2.39894390,137.449361,0.14384890,0.14384890,0.14384890,0.14384890,1.41624165,81.144669,1.42088580,81.410760,0.94227988,53.988660,0.92882484,53.217743,0.08518565,4.880778,0.08054149,4.614688,3.16458416,181.317316,3.16267562,181.207965,-0.27251834,-15.614151,-0.38169581,-21.869559,178.682684,178.792035,1.97173953,0
3.105000,155,1,621,4.30127239,1.50142729,86.025447,1.50142729,86.025447,2.39894390,137.449361,0.14384890,1.01911402,0.14384890,1.01911402,1.42088580,81.410760,1.42812347,81.825448,0.92882484,53.217743,1.44752359,82.936993,0.08054149,4.614688,0.07330382,4.199999,3.16267562,181.207965,3.16197968,181.168090,-0.38169581,-21.869559,-0.13920856,-7.976063,178.792035,178.831910,1.97173953,0
3.110000,155,2,622,4.30127239,1.50142729,86.025447,1.50142729,86.025447,2.39894390,137.449361,1.01911402,0.54392099,1.01911402,0.54392099,1.42812347,81.825448,1.43651009,82.305965,1.44752359,82.936993,1.67732167,96.103453,0.07330382,4.199999,0.06491721,3.719482,3.16197968,181.168090,3.16153002,181.142327,-0.13920856,-7.976063,-0.08992680,-5.152426,178.831910,178.857673,1.97173953,0
3.115000,155,3,623,4.30127239,1.50142729,86.025447,1.50142729,86.025447,2.39894390,137.449361,0.54392099,0.22979403,0.54392099,0.22979403,1.43651009,82.305965,1.44509077,82.797602,1.67732167,96.103453,1.71614873,98.328079,0.06491721,3.719482,0.05633652,3.227845,3.16153002,181.142327,3.16068602,181.093969,-0.08992680,-5.152426,-0.16878527,-9.670684,178.857673,178.906031,1.97173953,0
3.120000,156,0,624,4.50849247,1.57376075,90.169849,1.57376075,90.169849,3.61667275,207.220085,0.03344393,0.03344393,0.03344393,0.03344393,1.44509077,82.797602,1.45330143,83.268038,1.71614873,98.328079,1.64213192,94.087229,0.12866998,7.372247,0.12045932,6.901811,3.16068602,181.093969,3.15953636,181.028099,-0.16878527,-9.670684,-0.22991681,-13.173263,178.906031,178.971901,1.81347036,0
3.125000,156,1,625,4.50849247,1.57376075,90.169849,1.57376075,90.169849,3.61667275,207.220085,0.03344393,1.36305332,0.03344393,1.36305332,1.45330143,83.268038,1.46518385,83.948851,1.64213192,94.087229,2.37649274,136.163004,0.12045932,6.901811,0.10857689,6.220998,3.15953636,181.028099,3.16075969,181.098190,-0.22991681,-13.173263,0.24467538,14.018867,178.971901,178.901810,1.81347036,0
3.130000,156,2,626,4.50849247,1.57376075,90.169849,1.57376075,90.169849,3.61667275,207.220085,1.36305332,0.65757465,1.36305332,0.65757465,1.46518385,83.948851,1.47859359,84.717172,2.37649274,136.163004,2.68193626,153.663629,0.10857689,6.220998,0.09516716,5.452677,3.16075969,181.098190,3.16293526,181.222841,0.24467538,14.018867,0.43509477,24.929094,178.901810,178.777159,1.81347036,0
3.135000,156,3,627,4.50849247,1.57376075,90.169849,1.57376075,90.169849,3.61667275,207.220085,0.65757465,0.19479465,0.65757465,0.19479465,1.47859359,84.717172,1.49212372,85.492392,2.68193626,153.663629,2.70602655,155.043901,0.09516716,5.452677,0.08163702,4.677457,3.16293526,181.222841,3.16513562,181.348913,0.43509477,24.929094,0.44005767,25.213447,178.777159,178.651087,1.81347036,0
3.140000,157,0,628,4.67821360,1.63300455,93.564268,1.63300455,93.564268,2.96218991,169.720980,-0.09115314,-0.09115314,-0.09115314,-0.09115314,1.49212372,85.492392,1.50490510,86.224711,2.70602655,155.043901,2.55627561,146.463804,0.14088082,8.071877,0.12809944,7.339557,3.16513562,181.348913,3.16679072,181.443743,0.44005767,25.213447,0.33103657,18.966998,178.651087,178.556257,1.96340752,0
3.145000,157,1,629,4.67821360,1.63300455,93.564268,1.63300455,93.564268,2.96218991,169.720980,-0.09115314,0.93349409,-0.09115314,0.93349409,1.50490510,86.224711,1.52005267,87.092603,2.55627561,146.463804,3.02950478,173.577838,0.12809944,7.339557,0.11295187,6.471666,3.16679072,181.443743,3.16997337,181.626095,0.33103657,18.966998,0.63651091,36.469389,178.556257,178.373905,1.96340752,0
3.150000,157,2,630,4.67821360,1.63300455,93.564268,1.63300455,93.564268,2.96218991,169.720980,0.93349409,-2.30247831,0.93349409,-2.30247831,1.52005267,87.092603,1.52867174,87.586439,3.02950478,173.577838,1.72382212,98.767732,0.11295187,6.471666,0.10433280,5.977829,3.16997337,181.626095,3.16879010,181.558299,0.63651091,36.469389,-0.23665245,-13.559187,178.373905,178.441701,1.96340752,0
3.155000,157,3,631,4.67821360,1.63300455,93.564268,1.63300455,93.564268,2.96218991,169.720980,-2.30247831,-1.64306211,-2.30247831,-1.64306211,1.52867174,87.586439,1.53276706,87.821083,1.72382212,98.767732,0.81905401,46.928338,0.10433280,5.977829,0.10023749,5.743185,3.16879010,181.558299,3.16456938,181.316469,-0.23665245,-13.559187,-0.84414661,-48.366038,178.441701,178.683531,1.96340752,0
3.160000,158,0,632,4.93489218,1.72260225,98.697839,1.72260225,98.697839,4.47988510,256.678509,-1.14858007,0.29808903,-1.14858007,0.29808903,1.53276706,87.821083,1.53729689,88.080624,0.81905401,46.928338,0.90596169,51.907781,0.18983519,10.876755,0.18530536,10.617215,3.16456938,181.316469,3.16059232,181.088601,-0.84414661,-48.366038,-0.79538834,-45.572395,178.683531,178.911399,2.01698637,0
3.165000,158,1,633,4.93489218,1.72260225,98.697839,1.72260225,98.697839,4.47988510,256.678509,0.29808903,0.15212727,0.29808903,0.15212727,1.53729689,88.080624,1.54181743,88.339631,0.90596169,51.907781,0.90410626,51.801473,0.18530536,10.617215,0.18078482,10.358207,3.16059232,181.088601,3.15655088,180.857043,-0.79538834,-45.572395,-0.80826563,-46.310209,178.911399,179.142957,2.01698637,0
3.170000,158,2,634,4.93489218,1.72260225,98.697839,1.72260225,98.697839,4.47988510,256.678509,0.15212727,0.06289768,0.15212727,0.06289768,1.54181743,88.339631,1.54605734,88.582561,0.90410626,51.801473,0.84798026,48.585690,0.18078482,10.358207,0.17654490,10.115278,3.15655088,180.857043,3.15225315,180.610802,-0.80826563,-46.310209,-0.85954338,-49.248208,179.142957,179.389198,2.01698637,0
3.175000,158,3,635,4.93489218,1.72260225,98.697839,1.72260225,98.697839,4.47988510,256.678509,0.06289768,0.01385593,0.06289768,0.01385593,1.54605734,88.582561,1.54986739,88.800860,0.84798026,48.585690,0.76201653,43.660331,0.17654490,10.115278,0.17273486,9.896978,3.15225315,180.610802,3.14758754,180.343482,-0.85954338,-49.248208,-0.93312663,-53.464218,179.389198,179.656518,2.01698637,0
3.180000,159,0,636,5.11747932,1.78633726,102.349586,1.78633726,102.349586,3.18675041,182.587349,-0.00758266,1.17729330,-0.00758266,1.17729330,1.54986739,88.800860,1.55678427,89.197168,0.76201653,43.660331,1.38337922,79.261791,0.23646986,13.548725,0.22955298,13.152417,3.14758754,180.343482,3.14488626,180.188709,-0.93312663,-53.464218,-0.54023993,-30.953468,179.656518,179.811291,1.89742196,0
3.185000,159,1,637,5.11747932,1.78633726,102.349586,1.78633726,102.349586,3.18675041,182.587349,1.17729330,0.64311552,1.17729330,0.64311552,1.55678427,89.197168,1.56518400,89.678437,1.38337922,79.261791,1.67995322,96.254229,0.22955298,13.152417,0.22115326,12.671148,3.14488626,180.188709,3.14306235,180.084208,-0.54023993,-30.953468,-0.36477599,-20.900124,179.811291,179.915792,1.89742196,0
3.190000,159,2,638,5.11747932,1.78633726,102.349586,1.78633726,102.349586,3.18675041,182.587349,0.64311552,0.28618193,0.64311552,0.28618193,1.56518400,89.678437,1.57398152,90.182498,1.67995322,96.254229,1.75950742,100.812349,0.22115326,12.671148,0.21235573,12.167087,3.14306235,180.084208,3.14138961,179.988366,-0.36477599,-20.900124,-0.33454084,-19.167778,179.915792,179.988366,1.89742196,0
3.195000,159,3,639,5.11747932,1.78633726,102.349586,1.78633726,102.349586,3.18675041,182.587349,0.28618193,0.05955458,0.28618193,0.05955458,1.57398152,90.182498,1.58248782,90.669873,1.75950742,100.812349,1.70126784,97.475467,0.21235573,12.167087,0.20384943,11.679712,3.14138961,179.988366,3.13940597,179.874712,-0.33454084,-19.167778,-0.39674294,-22.731696,179.988366,179.874712,1.89742196,0
3.200000,160,0,640,5.33953428,1.86384904,106.790684,1.86384904,106.790684,3.87558937,222.054914,-0.07347155,1.71848249,-0.07347155,1.71848249,1.58248782,90.669873,1.59574592,91.429506,1.70126784,97.475467,2.65161014,151.926070,0.28136122,16.120811,0.26810312,15.361177,3.13940597,179.874712,3.14044952,179.934503,-0.39674294,-22.731696,0.20871530,11.958506,179.874712,179.934503,1.89880705,0
3.205000,160,1,641,5.33953428,1.86384904,106.790684,1.86384904,106.790684,3.87558937,222.054914,1.71848249,0.84789610,1.71848249,0.84789610,1.59574592,91.429506,1.61110926,92.309761,2.65161014,151.926070,3.07265687,176.050271,0.26810312,15.361177,0.25273979,14.480923,3.14044952,179.934503,3.14276457,180.067146,0.20871530,11.958506,0.46303111,26.529729,179.934503,179.932854,1.89880705,0
3.210000,160,2,642,5.33953428,1.86384904,106.790684,1.86384904,106.790684,3.87558937,222.054914,0.84789610,0.27240324,0.84789610,0.27240324,1.61110926,92.309761,1.62682843,93.210403,3.07265687,176.050271,3.14382744,180.128044,0.25273979,14.480923,0.23702061,13.580281,3.14276457,180.067146,3.14519668,180.206495,0.46303111,26.529729,0.48640525,27.868968,179.932854,179.793505,1.89880705,0
3.215000,160,3,643,5.33953428,1.86384904,106.790684,1.86384904,106.790684,3.87558937,222.054914,0.27240324,-0.08732271,0.27240324,-0.08732271,1.62682843,93.210403,1.64180994,94.068780,3.14382744,180.128044,2.99630380,171.675562,0.23702061,13.580281,0.22203910,12.721904,3.14519668,180.206495,3.14702773,180.311407,0.48640525,27.868968,0.36623129,20.983507,179.793505,179.688593,1.89880705,0
3.220000,161,0,644,5.53979921,1.93375468,110.795982,1.93375468,110.795982,3.49528193,200.264903,-0.29296923,0.98173094,-0.29296923,0.98173094,1.64180994,94.068780,1.65930367,95.071097,2.99630380,171.675562,3.49875474,200.463880,0.29194474,16.727202,0.27445102,15.724885,3.14702773,180.311407,3.15042019,180.505781,0.36623129,20.983507,0.67848086,38.874090,179.688593,179.494219,1.85934532,0
3.225000,161,1,645,5.53979921,1.93375468,110.795982,1.93375468,110.795982,3.49528193,200.264903,0.98173094,0.31176329,0.98173094,0.31176329,1.65930367,95.071097,1.67727315,96.100673,3.49875474,200.463880,3.59389424,205.914972,0.27445102,15.724885,0.25648153,14.695309,3.15042019,180.505781,3.15403199,180.712722,0.67848086,38.874090,0.72234976,41.387593,179.494219,179.287278,1.85934532,0
3.230000,161,2,646,5.53979921,1.93375468,110.795982,1.93375468,110.795982,3.49528193,200.264903,0.31176329,-0.10823488,0.31176329,-0.10823488,1.67727315,96.100673,1.69444168,97.084357,3.59389424,205.914972,3.43370008,196.736523,0.25648153,14.695309,0.23931301,13.711625,3.15403199,180.712722,3.15702748,180.884351,0.72234976,41.387593,0.59912020,34.327059,179.287278,179.115649,1.85934532,0
3.235000,161,3,647,5.53979921,1.93375468,110.795982,1.93375468,110.795982,3.49528193,200.264903,-0.10823488,-0.34955263,-0.10823488,-0.34955263,1.69444168,97.084357,1.71007574,97.980122,3.43370008,196.736523,3.12680411,179.152679,0.23931301,13.711625,0.22367895,12.815860,3.15702748,180.884351,3.15893054,180.993388,0.59912020,34.327059,0.38060310,21.806952,179.115649,179.006612,1.85934532,0
3.240000,162,0,648,5.77374077,2.01541567,115.474812,2.01541567,115.474812,4.08304930,233.941492,-0.46672487,1.08351088,-0.46672487,1.08351088,1.71007574,97.980122,1.72853172,99.037572,3.12680411,179.152679,3.69120049,211.490210,0.30533993,17.494689,0.28688395,16.437240,3.15893054,180.993388,3.16263843,181.205834,0.38060310,21.806952,0.74158311,42.489582,179.006612,178.794166,1.78804910,0
3.245000,162,1,649,5.77374077,2.01541567,115.474812,2.01541567,115.474812,4.08304930,233.941492,1.08351088,0.35483885,1.08351088,0.35483885,1.72853172,99.037572,1.74759471,100.129801,3.69120049,211.490210,3.81259251,218.445460,0.28688395,16.437240,0.26782095,15.345010,3.16263843,181.205834,3.16669226,181.438101,0.74158311,42.489582,0.81078607,46.454620,178.794166,178.561899,1.78804910,0
3.250000,162,2,650,5.77374077,2.01541567,115.474812,2.01541567,115.474812,4.08304930,233.941492,0.35483885,-0.10375261,0.35483885,-0.10375261,1.74759471,100.129801,1.76587069,101.176938,3.81259251,218.445460,3.65518785,209.426837,0.26782095,15.345010,0.24954498,14.297874,3.16669226,181.438101,3.17018032,181.637953,0.81078607,46.454620,0.69761980,39.970670,178.561899,178.362047,1.78804910,0
3.255000,162,3,651,5.77374077,2.01541567,115.474812,2.01541567,115.474812,4.08304930,233.941492,-0.10375261,-0.36899614,-0.10375261,-0.36899614,1.76587069,101.176938,1.78255343,102.132789,3.65518785,209.426837,3.33653760,191.169523,0.24954498,14.297874,0.23286223,13.342023,3.17018032,181.637953,3.17257905,181.775390,0.69761980,39.970670,0.47976506,27.488513,178.362047,178.224610,1.78804910,0
3.260000,163,0,652,5.97530174,2.08577371,119.506030,2.08577371,119.506030,3.51790190,201.560931,-0.49965715,0.89845562,-0.49965715,0.89845562,1.78255343,102.132789,1.80149591,103.218112,3.33653760,191.169523,3.78849363,217.064696,0.30322027,17.373242,0.28427780,16.287918,3.17257905,181.775390,3.17645359,181.997385,0.47976506,27.488513,0.77490449,44.398757,178.224610,178.002615,1.76034975,0
3.265000,163,1,653,5.97530174,2.08577371,119.506030,2.08577371,119.506030,3.51790190,201.560931,0.89845562,0.23168468,0.89845562,0.23168468,1.80149591,103.218112,1.82067132,104.316783,3.78849363,217.064696,3.83508062,219.733934,0.28427780,16.287918,0.26510239,15.189248,3.17645359,181.997385,3.18047142,182.227589,0.77490449,44.398757,0.80355889,46.040533,178.002615,177.772411,1.76034975,0
3.270000,163,2,654,5.97530174,2.08577371,119.506030,2.08577371,119.506030,3.51790190,201.560931,0.23168468,-0.18150043,0.23168468,-0.18150043,1.82067132,104.316783,1.83882368,105.356836,3.83508062,219.733934,3.63047814,208.011075,0.26510239,15.189248,0.24695003,14.149194,3.18047142,182.227589,3.18381214,182.418998,0.80355889,46.040533,0.66816795,38.283203,177.772411,177.581002,1.76034975,0
3.275000,163,3,655,5.97530174,2.08577371,119.506030,2.08577371,119.506030,3.51790190,201.560931,-0.18150043,-0.41420460,-0.18150043,-0.41420460,1.83882368,105.356836,1.85524571,106.297749,3.63047814,208.011075,3.28441429,188.183077,0.24695003,14.149194,0.23052800,13.208281,3.18381214,182.418998,3.18601727,182.545343,0.66816795,38.283203,0.44102412,25.268821,177.581002,177.454657,1.76034975,0
3.280000,164,0,656,6.18139029,2.15771222,123.627804,2.15771222,123.627804,3.59692574,206.088664,-0.52218342,1.11103630,-0.52218342,1.11103630,1.85524571,106.297749,1.87457418,107.405189,3.28441429,188.183077,3.86568308,221.487325,0.30246651,17.330055,0.28313804,16.222615,3.18601727,182.545343,3.19017029,182.783293,0.44102412,25.268821,0.83061916,47.590972,177.454657,177.216707,1.66375959,0
3.285000,164,1,657,6.18139029,2.15771222,123.627804,2.15771222,123.627804,3.59692574,206.088664,1.11103630,0.35416603,1.11103630,0.35416603,1.87457418,107.405189,1.89450824,108.547327,3.86568308,221.487325,3.98680592,228.427153,0.28313804,16.222615,0.26320398,15.080477,3.19017029,182.783293,3.19475937,183.046228,0.83061916,47.590972,0.91781652,52.587013,177.216707,176.953772,1.66375959,0
3.290000,164,2,658,6.18139029,2.15771222,123.627804,2.15771222,123.627804,3.59692574,206.088664,0.35416603,-0.12167549,0.35416603,-0.12167549,1.89450824,108.547327,1.91360152,109.641291,3.98680592,228.427153,3.81864977,218.792515,0.26320398,15.080477,0.24411070,13.986513,3.19475937,183.046228,3.19884014,183.280039,0.91781652,52.587013,0.81617367,46.763307,176.953772,176.719961,1.66375959,0
3.295000,164,3,659,6.18139029,2.15771222,123.627804,2.15771222,123.627804,3.59692574,206.088664,-0.12167549,-0.39641762,-0.12167549,-0.39641762,1.91360152,109.641291,1.93101895,110.639236,3.81864977,218.792515,3.48348022,199.588714,0.24411070,13.986513,0.22669327,12.988568,3.19884014,183.280039,3.20187140,183.453717,0.81617367,46.763307,0.60626256,34.736286,176.719961,176.546283,1.66375959,0
3.300000,165,0,660,6.35011053,2.21660662,127.002204,2.21660662,127.002204,2.94471979,168.720016,-0.53124428,0.87591648,-0.53124428,0.87591648,1.93101895,110.639236,1.95062828,111.762768,3.48348022,199.588714,3.92187452,224.706858,0.28558767,16.362968,0.26597834,15.239436,3.20187140,183.453717,3.20642781,183.714781,0.60626256,34.736286,0.91129988,52.213637,176.546283,176.285219,1.61508763,0
3.305000,165,1,661,6.35011053,2.21660662,127.002204,2.21660662,127.002204,2.94471979,168.720016,0.87591648,0.20444965,0.87591648,0.20444965,1.95062828,111.762768,1.97038853,112.894947,3.92187452,224.706858,3.95205426,226.436030,0.26597834,15.239436,0.24621809,14.107257,3.20642781,183.714781,3.21117234,183.986623,0.91129988,52.213637,0.94892740,54.369535,176.285219,176.013377,1.61508763,0
3.310000,165,2,662,6.35011053,2.21660662,127.002204,2.21660662,127.002204,2.94471979,168.720016,0.20444965,-0.20998287,0.20444965,-0.20998287,1.97038853,112.894947,1.98904002,113.963598,3.95205426,226.436030,3.73029661,213.730252,0.24621809,14.107257,0.22756660,13.038606,3.21117234,183.986623,3.21528530,184.222278,0.94892740,54.369535,0.82260466,47.131775,176.013377,175.777722,1.61508763,0
3.315000,165,3,663,6.35011053,2.21660662,127.002204,2.21660662,127.002204,2.94471979,168.720016,-0.20998287,-0.44174099,-0.20998287,-0.44174099,1.98904002,113.963598,2.00587845,114.928369,3.73029661,213.730252,3.36766315,192.952885,0.22756660,13.038606,0.21072817,12.073835,3.21528530,184.222278,3.21831155,184.395669,0.82260466,47.131775,0.60523850,34.677611,175.777722,175.604331,1.61508763,0
3.320000,166,0,664,6.50389194,2.27028656,130.077838,2.27028656,130.077838,2.68399715,153.781709,-0.54749203,0.89127827,-0.54749203,0.89127827,2.00587845,114.928369,2.02495575,116.021418,3.36766315,192.952885,3.81546926,218.610286,0.26440811,15.149469,0.24533081,14.056420,3.21831155,184.395669,3.22294569,184.661186,0.60523850,34.677611,0.92680740,53.102153,175.604331,175.338814,1.27581882,0
3.325000,166,1,665,6.50389194,2.27028656,130.077838,2.27028656,130.077838,2.68399715,153.781709,0.89127827,0.22445393,0.89127827,0.22445393,2.02495575,116.021418,2.04424524,117.126625,3.81546926,218.610286,3.85789204,221.040932,0.24533081,14.056420,0.22604132,12.951213,3.22294569,184.661186,3.22786188,184.942863,0.92680740,53.102153,0.98323542,56.335240,175.338814,175.057137,1.27581882,0
3.330000,166,2,666,6.50389194,2.27028656,130.077838,2.27028656,130.077838,2.68399715,153.781709,0.22445393,-0.18835735,0.22445393,-0.18835735,2.04424524,117.126625,2.06249213,118.172094,3.85789204,221.040932,3.64937043,209.093524,0.22604132,12.951213,0.20779443,11.905744,3.22786188,184.942863,3.23224497,185.193995,0.98323542,56.335240,0.87660193,50.225591,175.057137,174.806005,1.27581882,0
3.335000,166,3,667,6.50389194,2.27028656,130.077838,2.27028656,130.077838,2.68399715,153.781709,-0.18835735,-0.42045879,-0.18835735,-0.42045879,2.06249213,118.172094,2.07899094,119.117406,3.64937043,209.093524,3.29977083,189.062942,0.20779443,11.905744,0.19129562,10.960432,3.23224497,185.193995,3.23563957,185.388492,0.87660193,50.225591,0.67892814,38.899717,174.806005,174.611508,1.27581882,0
3.340000,167,0,668,6.61427402,2.30881715,132.285478,2.30881715,132.285478,1.92652941,110.382004,-0.52772045,0.65016747,-0.52772045,0.65016747,2.07899094,119.117406,2.09699631,120.149038,3.29977083,189.062942,3.60106587,206.325876,0.22982621,13.168072,0.21182084,12.136440,3.23563957,185.388492,3.24021006,185.650361,0.67892814,38.899717,0.91410679,52.374461,174.611508,174.349639,1.23953855,0
3.345000,167,1,669,6.61427402,2.30881715,132.285478,2.30881715,132.285478,1.92652941,110.382004,0.65016747,0.09811974,0.65016747,0.09811974,2.09699631,120.149038,2.11483026,121.170848,3.60106587,206.325876,3.56676960,204.360845,0.21182084,12.136440,0.19398689,11.114630,3.24021006,185.650361,3.24486232,185.916916,0.91410679,52.374461,0.93045741,53.311283,174.349639,174.083084,1.23953855,0
3.350000,167,2,670,6.61427402,2.30881715,132.285478,2.30881715,132.285478,1.92652941,110.382004,0.09811974,-0.23671150,0.09811974,-0.23671150,2.11483026,121.170848,2.13147497,122.124520,3.56676960,204.360845,3.32894492,190.734494,0.19398689,11.114630,0.17734218,10.160958,3.24486232,185.916916,3.24893689,186.150372,0.93045741,53.311283,0.81493366,46.692259,174.083084,173.849628,1.23953855,0
3.355000,167,3,671,6.61427402,2.30881715,132.285478,2.30881715,132.285478,1.92652941,110.382004,-0.23671150,-0.41810036,-0.23671150,-0.41810036,2.13147497,122.124520,2.14637947,122.978485,3.32894492,190.734494,2.98087645,170.791640,0.17734218,10.160958,0.16243768,9.306993,3.24893689,186.150372,3.25207949,186.330429,0.81493366,46.692259,0.62849629,36.010185,173.849628,173.669571,1.23953855,0
3.360000,168,0,672,6.69680738,2.33762670,133.936144,2.33762670,133.936144,1.44047737,82.533274,-0.49444771,0.57915115,-0.49444771,0.57915115,2.14637947,122.978485,2.16257477,123.906407,2.98087645,170.791640,3.23906732,185.584887,0.19124722,10.957659,0.17505193,10.029737,3.25207949,186.330429,3.25630260,186.572396,0.62849629,36.010185,0.84463048,48.393762,173.669571,173.427604,1.19474638,0
3.365000,168,1,673,6.69680738,2.33762670,133.936144,2.33762670,133.936144,1.44047737,82.533274,0.57915115,0.09076309,0.57915115,0.09076309,2.16257477,123.906407,2.17857671,124.823251,3.23906732,185.584887,3.20037866,183.368190,0.17505193,10.029737,0.15904999,9.112893,3.25630260,186.572396,3.26063991,186.820905,0.84463048,48.393762,0.86748564,49.703266,173.427604,173.179095,1.19474638,0
3.370000,168,2,674,6.69680738,2.33762670,133.936144,2.33762670,133.936144,1.44047737,82.533274,0.09076309,-0.20462799,0.09076309,-0.20462799,2.17857671,124.823251,2.19348741,125.677571,3.20037866,183.368190,2.98214436,170.864285,0.15904999,9.112893,0.14413929,8.258573,3.26063991,186.820905,3.26451087,187.042695,0.86748564,49.703266,0.77420473,44.358664,173.179095,172.957305,1.19474638,0
3.375000,168,3,675,6.69680738,2.33762670,133.936144,2.33762670,133.936144,1.44047737,82.533274,-0.20462799,-0.36381531,-0.20462799,-0.36381531,2.19348741,125.677571,2.20682335,126.441664,2.98214436,170.864285,2.66716599,152.817355,0.14413929,8.258573,0.13080335,7.494480,3.26451087,187.042695,3.26760507,187.219979,0.77420473,44.358664,0.61885548,35.457807,172.957305,172.780021,1.19474638,0
3.380000,169,0,676,6.73335886,2.35038567,134.667179,2.35038567,134.667179,0.63794851,36.551757,-0.42987442,0.34073734,-0.42987442,0.34073734,2.20682335,126.441664,2.22072577,127.238214,2.66716599,152.817355,2.78049064,159.310378,0.14356232,8.225515,0.12965989,7.428965,3.26760507,187.219979,3.27134466,187.434242,0.61885548,35.457807,0.74789554,42.851258,172.780021,172.565758,1.18287539,0
3.385000,169,1,677,6.73335886,2.35038567,134.667179,2.35038567,134.667179,0.63794851,36.551757,0.34073734,-0.00950527,0.34073734,-0.00950527,2.22072577,127.238214,2.23413038,128.006242,2.78049064,159.310378,2.68092608,153.605750,0.12965989,7.428965,0.11625528,6.660937,3.27134466,187.434242,3.27503848,187.645883,0.74789554,42.851258,0.73876077,42.327874,172.565758,172.354117,1.18287539,0
3.390000,169,2,678,6.73335886,2.35038567,134.667179,2.35038567,134.667179,0.63794851,36.551757,-0.00950527,-0.21417141,-0.00950527,-0.21417141,2.23413038,128.006242,2.24641514,128.710106,2.68092608,153.605750,2.45697141,140.774092,0.11625528,6.660937,0.10397053,5.957072,3.27503848,187.645883,3.27828598,187.831951,0.73876077,42.327874,0.64948046,37.212489,172.354117,172.168049,1.18287539,0
3.395000,169,3,679,6.73335886,2.35038567,134.667179,2.35038567,134.667179,0.63794851,36.551757,-0.21417141,-0.31719112,-0.21417141,-0.31719112,2.24641514,128.710106,2.25726724,129.331886,2.45697141,140.774092,2.17041564,124.355656,0.10397053,5.957072,0.09311843,5.335293,3.27828598,187.831951,3.28088760,187.981013,0.64948046,37.212489,0.52033955,29.813260,172.168049,172.018987,1.18287539,0
3.400000,170,0,680,6.73514414,2.35100865,134.702873,2.35100865,134.702873,0.03114939,1.784728,-0.35167980,0.22451115,-0.35167980,0.22451115,2.25726724,129.331886,2.26833296,129.965905,2.17041564,124.355656,2.21314955,126.804129,0.09374142,5.370988,0.08267570,4.736968,3.28088760,187.981013,3.28393579,188.155661,0.52033955,29.813260,0.60962921,34.929181,172.018987,171.844339,1.17135012,0
3.405000,170,1,681,6.73514414,2.35100865,134.702873,2.35100865,134.702873,0.03114939,1.784728,0.22451115,-0.02403164,0.22451115,-0.02403164,2.26833296,129.965905,2.27885699,130.568888,2.21314955,126.804129,2.10482049,120.597331,0.08267570,4.736968,0.07215166,4.133986,3.28393579,188.155661,3.28694129,188.327863,0.60962921,34.929181,0.60109353,34.440122,171.844339,171.672137,1.17135012,0
3.410000,170,2,682,6.73514414,2.35100865,134.702873,2.35100865,134.702873,0.03114939,1.784728,-0.02403164,-0.16549969,-0.02403164,-0.16549969,2.27885699,130.568888,2.28840947,131.116205,2.10482049,120.597331,1.91051757,109.464594,0.07215166,4.133986,0.06259918,3.586669,3.28694129,188.327863,3.28962827,188.481816,0.60109353,34.440122,0.53740615,30.791104,171.672137,171.518184,1.17135012,0
3.415000,170,3,683,6.73514414,2.35100865,134.702873,2.35100865,134.702873,0.03114939,1.784728,-0.16549969,-0.23276424,-0.16549969,-0.23276424,2.28840947,131.116205,2.29678631,131.596162,1.91051757,109.464594,1.67534518,95.990208,0.06259918,3.586669,0.05422235,3.106712,3.28962827,188.481816,3.29186821,188.610155,0.53740615,30.791104,0.44799712,25.668344,171.518184,171.389845,1.17135012,0
3.420000,171,0,684,6.69201660,2.33595443,133.840330,2.33595443,133.840330,-0.75271130,-43.127180,-0.25048351,0.00469589,-0.25048351,0.00469589,2.29678631,131.596162,2.30470896,132.050096,1.67534518,95.990208,1.58451974,90.786294,0.03916812,2.244168,0.03124547,1.790234,3.29186821,188.610155,3.29414177,188.740421,0.44799712,25.668344,0.45472732,26.053956,171.389845,171.259579,1.18844962,0
3.425000,171,1,685,6.69201660,2.33595443,133.840330,2.33595443,133.840330,-0.75271130,-43.127180,0.00469589,-0.09589386,0.00469589,-0.09589386,2.30470896,132.050096,2.31187177,132.460495,1.58451974,90.786294,1.43256521,82.079941,0.03124547,1.790234,0.02408266,1.379835,3.29414177,188.740421,3.29625344,188.861410,0.45472732,26.053956,0.42233846,24.198211,171.259579,171.138590,1.18844962,0
3.430000,171,2,686,6.69201660,2.33595443,133.840330,2.33595443,133.840330,-0.75271130,-43.127180,-0.09589386,-0.14234924,-0.09589386,-0.14234924,2.31187177,132.460495,2.31813359,132.819271,1.43256521,82.079941,1.25238621,71.756444,0.02408266,1.379835,0.01782084,1.021059,3.29625344,188.861410,3.29811525,188.968084,0.42233846,24.198211,0.37236142,21.334738,171.138590,171.031916,1.18844962,0
3.435000,171,3,687,6.69201660,2.33595443,133.840330,2.33595443,133.840330,-0.75271130,-43.127180,-0.14234924,-0.15280151,-0.14234924,-0.15280151,2.31813359,132.819271,2.32346296,133.124622,1.25238621,71.756444,1.06586492,61.069561,0.01782084,1.021059,0.01249146,0.715708,3.29811525,188.968084,3.29971051,189.059486,0.37236142,21.334738,0.31906253,18.280936,171.031916,170.940514,1.18844962,0
3.440000,172,0,688,6.61341000,2.30851555,132.268198,2.30851555,132.268198,-1.37194395,-78.606598,-0.14056396,-0.12810421,-0.14056396,-0.12810421,2.32346296,133.124622,2.32793474,133.380836,1.06586492,61.069561,0.89436388,51.243276,-0.01494741,-0.856424,-0.01941919,-1.112638,3.29971051,189.059486,3.30109239,189.138662,0.31906253,18.280936,0.27638692,15.835804,170.940514,170.861338,1.20975733,0
3.445000,172,1,689,6.61341000,2.30851555,132.268198,2.30851555,132.268198,-1.37194395,-78.606598,-0.12810421,-0.10828304,-0.12810421,-0.10828304,2.32793474,133.380836,2.33160925,133.591369,0.89436388,51.243276,0.73491788,42.107693,-0.01941919,-1.112638,-0.02309370,-1.323172,3.30109239,189.138662,3.30230379,189.208070,0.27638692,15.835804,0.24229836,13.882674,170.861338,170.791930,1.20975733,0
3.450000,172,2,690,6.61341000,2.30851555,132.268198,2.30851555,132.268198,-1.37194395,-78.606598,-0.10828304,-0.08019924,-0.10828304,-0.08019924,2.33160925,133.591369,2.33457208,133.761127,0.73491788,42.107693,0.59254771,33.950483,-0.02309370,-1.323172,-0.02605653,-1.492929,3.30230379,189.208070,3.30340409,189.271113,0.24229836,13.882674,0.22004014,12.607371,170.791930,170.728887,1.20975733,0
3.455000,172,3,691,6.61341000,2.30851555,132.268198,2.30851555,132.268198,-1.37194395,-78.606598,-0.08019924,-0.04875469,-0.08019924,-0.04875469,2.33457208,133.761127,2.33691859,133.895572,0.59254771,33.950483,0.46929517,26.888633,-0.02605653,-1.492929,-0.02840304,-1.627375,3.30340409,189.271113,3.30445862,189.331532,0.22004014,12.607371,0.21092354,12.085029,170.728887,170.668468,1.20975733,0
3.460000,173,0,692,6.49502659,2.26719189,129.900526,2.26719189,129.900526,-2.06618309,-118.383571,-0.01716900,-0.31825352,-0.01716900,-0.31825352,2.33691859,133.895572,2.33848763,133.985471,0.46929517,26.888633,0.31378564,17.978593,-0.06972671,-3.995046,-0.07129574,-4.084945,3.30445862,189.331532,3.30536413,189.383415,0.21092354,12.085029,0.18111159,10.376930,170.668468,170.616585,1.18349290,0
3.465000,173,1,693,6.49502659,2.26719189,129.900526,2.26719189,129.900526,-2.06618309,-118.383571,-0.31825352,-0.25056171,-0.31825352,-0.25056171,2.33848763,133.985471,2.33952522,134.044921,0.31378564,17.978593,0.20753068,11.890632,-0.07129574,-4.084945,-0.07233334,-4.144395,3.30536413,189.383415,3.30628514,189.436185,0.18111159,10.376930,0.18421575,10.554785,170.616585,170.563815,1.18349290,0
3.470000,173,2,694,6.49502659,2.26719189,129.900526,2.26719189,129.900526,-2.06618309,-118.383571,-0.25056171,-0.20362568,-0.25056171,-0.20362568,2.33952522,134.044921,2.34020019,134.083594,0.20753068,11.890632,0.13497160,7.733303,-0.07233334,-4.144395,-0.07300830,-4.183067,3.30628514,189.436185,3.30733514,189.496345,0.18421575,10.554785,0.21001478,12.032960,170.563815,170.503655,1.18349290,0
3.475000,173,3,695,6.49502659,2.26719189,129.900526,2.26719189,129.900526,-2.06618309,-118.383571,-0.20362568,-0.17089939,-0.20362568,-0.17089939,2.34020019,134.083594,2.34062743,134.108073,0.13497160,7.733303,0.08546396,4.896724,-0.07300830,-4.183067,-0.07343554,-4.207547,3.30733514,189.496345,3.30859303,189.568417,0.21001478,12.032960,0.25157669,14.414283,170.503655,170.431583,1.18349290,0
3.480000,174,0,696,6.33562899,2.21155167,126.712577,2.21155167,126.712577,-2.78201103,-159.397491,-0.14790821,-0.69668579,-0.14790821,-0.69668579,2.34062743,134.108073,2.33941174,134.038419,0.08546396,4.896724,-0.24312302,-13.929923,-0.12907577,-7.395497,-0.12786007,-7.325842,3.30859303,189.568417,3.30914378,189.599972,0.25157669,14.414283,0.11014357,6.310762,170.431583,170.400028,1.21462464,0
3.485000,174,1,697,6.33562899,2.21155167,126.712577,2.21155167,126.712577,-2.78201103,-159.397491,-0.69668579,-0.46303940,-0.69668579,-0.46303940,2.33941174,134.038419,2.33726335,133.915325,-0.24312302,-13.929923,-0.42970085,-24.620045,-0.12786007,-7.325842,-0.12571168,-7.202749,3.30914378,189.599972,3.30945706,189.617922,0.11014357,6.310762,0.06265163,3.589674,170.400028,170.382078,1.21462464,0
3.490000,174,2,698,6.33562899,2.21155167,126.712577,2.21155167,126.712577,-2.78201103,-159.397491,-0.46303940,-0.30121231,-0.46303940,-0.30121231,2.33726335,133.915325,2.33467364,133.766946,-0.42970085,-24.620045,-0.51792222,-29.674757,-0.12571168,-7.202749,-0.12312198,-7.054370,3.30945706,189.617922,3.30985808,189.640899,0.06265163,3.589674,0.08020339,4.595316,170.382078,170.359101,1.21462464,0
3.495000,174,3,699,6.33562899,2.21155167,126.712577,2.21155167,126.712577,-2.78201103,-159.397491,-0.30121231,-0.19321823,-0.30121231,-0.19321823,2.33467364,133.766946,2.33197117,133.612106,-0.51792222,-29.674757,-0.54050541,-30.968679,-0.12312198,-7.054370,-0.12041950,-6.899529,3.30985808,189.640899,3.31056428,189.681361,0.08020339,4.595316,0.14123830,8.092359,170.359101,170.318639,1.21462464,0
3.500000,175,0,700,6.14608383,2.14538789,122.921671,2.14538789,122.921671,-3.30818892,-189.545263,-0.12477875,-0.95125198,-0.12477875,-0.95125198,2.33197117,133.612106,2.32685232,133.318818,-0.54050541,-30.968679,-1.02379227,-58.658976,-0.18658328,-10.690435,-0.18146443,-10.397146,3.31056428,189.681361,3.31006169,189.652565,0.14123830,8.092359,-0.10051260,-5.758948,170.318639,170.347435,1.27015829,0
3.505000,175,1,701,6.14608383,2.14538789,122.921671,2.14538789,122.921671,-3.30818892,-189.545263,-0.95125198,-0.54099655,-0.95125198,-0.54099655,2.32685232,133.318818,2.32056355,132.958498,-1.02379227,-58.658976,-1.25773990,-72.063188,-0.18146443,-10.397146,-0.17517567,-10.036826,3.31006169,189.652565,3.30917263,189.601625,-0.10051260,-5.758948,-0.17779027,-10.186632,170.347435,170.398375,1.27015829,0
3.510000,175,2,702,6.14608383,2.14538789,122.921671,2.14538789,122.921671,-3.30818892,-189.545263,-0.54099655,-0.26617813,-0.54099655,-0.26617813,2.32056355,132.958498,2.31394029,132.579012,-1.25773990,-72.063188,-1.32466507,-75.897718,-0.17517567,-10.036826,-0.16855240,-9.657341,3.30917263,189.601625,3.30844641,189.560016,-0.17779027,-10.186632,-0.14525366,-8.322422,170.398375,170.439984,1.27015829,0
3.515000,175,3,703,6.14608383,2.14538789,122.921671,2.14538789,122.921671,-3.30818892,-189.545263,-0.26617813,-0.09107971,-0.26617813,-0.09107971,2.31394029,132.579012,2.30751443,132.210838,-1.32466507,-75.897718,-1.28517246,-73.634958,-0.16855240,-9.657341,-0.16212654,-9.289167,3.30844641,189.560016,3.30823135,189.547694,-0.14525366,-8.322422,-0.04300515,-2.464013,170.439984,170.452306,1.27015829,0
3.520000,176,0,704,5.92474985,2.06812787,118.494998,2.06812787,118.494998,-3.86300087,-221.333646,0.01227951,-1.10052490,0.01227951,-1.10052490,2.30751443,132.210838,2.29821849,131.678220,-1.28517246,-73.634958,-1.85919344,-106.523938,-0.23938656,-13.715839,-0.23009062,-13.183221,3.30823135,189.547694,3.30650687,189.448889,-0.04300515,-2.464013,-0.34488335,-19.760361,170.452306,170.551111,1.29072988,0
3.525000,176,1,705,5.92474985,2.06812787,118.494998,2.06812787,118.494998,-3.86300087,-221.333646,-1.10052490,-0.54892349,-1.10052490,-0.54892349,2.29821849,131.678220,2.28772855,131.077190,-1.85919344,-106.523938,-2.09797502,-120.205114,-0.23009062,-13.183221,-0.21960068,-12.582192,3.30650687,189.448889,3.30437827,189.326929,-0.34488335,-19.760361,-0.42570046,-24.390839,170.551111,170.673071,1.29072988,0
3.530000,176,2,706,5.92474985,2.06812787,118.494998,2.06812787,118.494998,-3.86300087,-221.333646,-0.54892349,-0.18700409,-0.54892349,-0.18700409,2.28772855,131.077190,2.27714467,130.470779,-2.09797502,-120.205114,-2.11679912,-121.283655,-0.21960068,-12.582192,-0.20901680,-11.975780,3.30437827,189.326929,3.30256677,189.223137,-0.42570046,-24.390839,-0.36228672,-20.757500,170.673071,170.776863,1.29072988,0
3.535000,176,3,707,5.92474985,2.06812787,118.494998,2.06812787,118.494998,-3.86300087,-221.333646,-0.18700409,0.03666306,-0.18700409,0.03666306,2.27714467,130.470779,2.26714635,129.897917,-2.11679912,-121.283655,-1.99968708,-114.573630,-0.20901680,-11.975780,-0.19901848,-11.402919,3.30256677,189.223137,3.30151463,189.162854,-0.36228672,-20.757500,-0.21041875,-12.056106,170.776863,170.837146,1.29072988,0
3.540000,177,0,708,5.67855930,1.98219109,113.571183,1.98219109,113.571183,-4.29683924,-246.190754,0.16202164,-1.16125393,0.16202164,-1.16125393,2.26714635,129.897917,2.25409293,129.150012,-1.99968708,-114.573630,-2.61066246,-149.579941,-0.28495526,-16.326734,-0.27190185,-15.578828,3.30151463,189.162854,3.29881811,189.008355,-0.21041875,-12.056106,-0.53928339,-30.898662,170.837146,170.991645,1.32081020,0
3.545000,177,1,709,5.67855930,1.98219109,113.571183,1.98219109,113.571183,-4.29683924,-246.190754,-1.16125393,-0.51095867,-1.16125393,-0.51095867,2.25409293,129.150012,2.23996091,128.340306,-2.61066246,-149.579941,-2.82640910,-161.941313,-0.27190185,-15.578828,-0.25776982,-14.769123,3.29881811,189.008355,3.29578114,188.834349,-0.53928339,-30.898662,-0.60738689,-34.800705,170.991645,171.165651,1.32081020,0
3.550000,177,2,710,5.67855930,1.98219109,113.571183,1.98219109,113.571183,-4.29683924,-246.190754,-0.51095867,-0.09087276,-0.51095867,-0.09087276,2.23996091,128.340306,2.22602677,127.541939,-2.82640910,-161.941313,-2.78684044,-159.674195,-0.25776982,-14.769123,-0.24383569,-13.970756,3.29578114,188.834349,3.29323959,188.688730,-0.60738689,-34.800705,-0.50830436,-29.123694,171.165651,171.311270,1.32081020,0
3.555000,177,3,711,5.67855930,1.98219109,113.571183,1.98219109,113.571183,-4.29683924,-246.190754,-0.09087276,0.16260242,-0.09087276,0.16260242,2.22602677,127.541939,2.21306062,126.799033,-2.78684044,-159.674195,-2.59321404,-148.580220,-0.24383569,-13.970756,-0.23086953,-13.227850,3.29323959,188.688730,3.29169250,188.600087,-0.50830436,-29.123694,-0.30940992,-17.727882,171.311270,171.399913,1.32081020,0
3.560000,178,0,712,5.41082048,1.88873255,108.216404,1.88873255,108.216404,-4.67292666,-267.738976,0.29857349,-1.24662685,0.29857349,-1.24662685,2.21306062,126.799033,2.19677997,125.866221,-2.59321404,-148.580220,-3.25614810,-186.563544,-0.32432806,-18.582629,-0.30804741,-17.649817,3.29169250,188.600087,3.28830647,188.406083,-0.30940992,-17.727882,-0.67720270,-38.800857,171.399913,171.593917,1.35800993,0
3.565000,178,1,713,5.41082048,1.88873255,108.216404,1.88873255,108.216404,-4.67292666,-267.738976,-1.24662685,-0.49869061,-1.24662685,-0.49869061,2.19677997,125.866221,2.17945743,124.873712,-3.25614810,-186.563544,-3.46449280,-198.500815,-0.30804741,-17.649817,-0.29072487,-16.657308,3.28830647,188.406083,3.28458285,188.192735,-0.67720270,-38.800857,-0.74472243,-42.669452,171.593917,171.807265,1.35800993,0
3.570000,178,2,714,5.41082048,1.88873255,108.216404,1.88873255,108.216404,-4.67292666,-267.738976,-0.49869061,-0.01951122,-0.49869061,-0.01951122,2.17945743,124.873712,2.16254950,123.904959,-3.46449280,-198.500815,-3.38159442,-193.751088,-0.29072487,-16.657308,-0.27381694,-15.688555,3.28458285,188.192735,3.28147507,188.014672,-0.74472243,-42.669452,-0.62155771,-35.612634,171.807265,171.985328,1.35800993,0
3.575000,178,3,715,5.41082048,1.88873255,108.216404,1.88873255,108.216404,-4.67292666,-267.738976,-0.01951122,0.26583576,-0.01951122,0.26583576,2.16254950,123.904959,2.14692330,123.009644,-3.38159442,-193.751088,-3.12525940,-179.064173,-0.27381694,-15.688555,-0.25819075,-14.793240,3.28147507,188.014672,3.27954388,187.904023,-0.62155771,-35.612634,-0.38626140,-22.131148,171.985328,172.095977,1.35800993,0
3.580000,179,0,716,5.12972403,1.79061139,102.594475,1.79061139,102.594475,-4.90605831,-281.096435,0.41506290,-1.30367279,0.41506290,-1.30367279,2.14692330,123.009644,2.12780857,121.914451,-3.12525940,-179.064173,-3.82295442,-219.039153,-0.35631192,-20.415169,-0.33719718,-19.319976,3.27954388,187.904023,3.27562714,187.679610,-0.38626140,-22.131148,-0.78332776,-44.881375,172.095977,172.320390,1.40044963,0
3.585000,179,1,717,5.12972403,1.79061139,102.594475,1.79061139,102.594475,-4.90605831,-281.096435,-1.30367279,-0.47690582,-1.30367279,-0.47690582,2.12780857,121.914451,2.10771799,120.763345,-3.82295442,-219.039153,-4.01812363,-230.221525,-0.33719718,-19.319976,-0.31710660,-18.168870,3.27562714,187.679610,3.27138638,187.436633,-0.78332776,-44.881375,-0.84814382,-48.595061,172.320390,172.563367,1.40044963,0
3.590000,179,2,718,5.12972403,1.79061139,102.594475,1.79061139,102.594475,-4.90605831,-281.096435,-0.47690582,0.04924011,-0.47690582,0.04924011,2.10771799,120.763345,2.08825064,119.647948,-4.01812363,-230.221525,-3.89348817,-223.080440,-0.31710660,-18.168870,-0.29763925,-17.053473,3.27138638,187.436633,3.26786852,187.235074,-0.84814382,-48.595061,-0.70357752,-40.312022,172.563367,172.764926,1.40044963,0
3.595000,179,3,719,5.12972403,1.79061139,102.594475,1.79061139,102.594475,-4.90605831,-281.096435,0.04924011,0.35918427,0.04924011,0.35918427,2.08825064,119.647948,2.07034826,118.622218,-3.89348817,-223.080440,-3.58045673,-205.145060,-0.29763925,-17.053473,-0.27973688,-16.027742,3.26786852,187.235074,3.26568174,187.109781,-0.70357752,-40.312022,-0.43735954,-25.058856,172.764926,172.890219,1.40044963,0
3.600000,180,0,720,4.83917618,1.68919110,96.783521,1.68919110,96.783521,-5.07101417,-290.547710,0.51781082,-1.35135984,0.51781082,-1.35135984,2.07034826,118.622218,2.04881215,117.388289,-3.58045673,-205.145060,-4.30723763,-246.786537,-0.38115716,-21.838697,-0.35962105,-20.604768,3.26568174,187.109781,3.26137424,186.862979,-0.43735954,-25.058856,-0.86148089,-49.359219,172.890219,173.137021,1.44680059,0
3.605000,180,1,721,4.83917618,1.68919110,96.783521,1.68919110,96.783521,-5.07101417,-290.547710,-1.35135984,-0.45763350,-1.35135984,-0.45763350,2.04881215,117.388289,2.02635837,116.101782,-4.30723763,-246.786537,-4.49076653,-257.301969,-0.35962105,-20.604768,-0.33716726,-19.318261,3.26137424,186.862979,3.25674343,186.597654,-0.86148089,-49.359219,-0.92618316,-53.066386,173.137021,173.402346,1.44680059,0
3.610000,180,2,722,4.83917618,1.68919110,96.783521,1.68919110,96.783521,-5.07101417,-290.547710,-0.45763350,0.10836077,-0.45763350,0.10836077,2.02635837,116.101782,2.00470710,114.861256,-4.49076653,-257.301969,-4.33025312,-248.105228,-0.33716726,-19.318261,-0.31551600,-18.077735,3.25674343,186.597654,3.25291538,186.378323,-0.92618316,-53.066386,-0.76560980,-43.866210,173.402346,173.621677,1.44680059,0
3.615000,180,3,723,4.83917618,1.68919110,96.783521,1.68919110,96.783521,-5.07101417,-290.547710,0.10836077,0.43912935,0.10836077,0.43912935,2.00470710,114.861256,1.98486376,113.724316,-4.33025312,-248.105228,-3.96867728,-227.388459,-0.31551600,-18.077735,-0.29567266,-16.940795,3.25291538,186.378323,3.25053906,186.242170,-0.76560980,-43.866210,-0.47525877,-27.230322,173.621677,173.757830,1.44680059,0
3.620000,181,0,724,4.54562807,1.58672345,90.912557,1.58672345,90.912557,-5.12338281,-293.548212,0.60565233,-1.35677099,0.60565233,-1.35677099,1.98486376,113.724316,1.96136951,112.378195,-3.96867728,-227.388459,-4.69885492,-269.224556,-0.39814031,-22.811759,-0.37464607,-21.465638,3.25053906,186.242170,3.24598527,185.981256,-0.47525877,-27.230322,-0.91074204,-52.181675,173.757830,174.018744,1.49518192,0
3.625000,181,1,725,4.54562807,1.58672345,90.912557,1.58672345,90.912557,-5.12338281,-293.548212,-1.35677099,-0.42172003,-1.35677099,-0.42172003,1.96136951,112.378195,1.93706632,110.985725,-4.69885492,-269.224556,-4.86063290,-278.493751,-0.37464607,-21.465638,-0.35034287,-20.073168,3.24598527,185.981256,3.24113464,185.703336,-0.91074204,-52.181675,-0.97011328,-55.583396,174.018744,174.296664,1.49518192,0
3.630000,181,2,726,4.54562807,1.58672345,90.912557,1.58672345,90.912557,-5.12338281,-293.548212,-0.42172003,0.16740656,-0.42172003,0.16740656,1.93706632,110.985725,1.91374481,109.649501,-4.86063290,-278.493751,-4.66429186,-267.244238,-0.35034287,-20.073168,-0.32702136,-18.736944,3.24113464,185.703336,3.23715949,185.475576,-0.97011328,-55.583396,-0.79500985,-45.550709,174.296664,174.524424,1.49518192,0
3.635000,181,3,727,4.54562807,1.58672345,90.912557,1.58672345,90.912557,-5.12338281,-293.548212,0.16740656,0.50875711,0.16740656,0.50875711,1.91374481,109.649501,1.89244258,108.428973,-4.66429186,-267.244238,-4.26044798,-244.105688,-0.32702136,-18.736944,-0.30571914,-17.516416,3.23715949,185.475576,3.23472977,185.336364,-0.79500985,-45.550709,-0.48596621,-27.843813,174.524424,174.663636,1.49518192,0
3.640000,182,0,728,4.25257587,1.48442900,85.051517,1.48442900,85.051517,-5.11472225,-293.051998,0.67752695,-1.35087872,0.67752695,-1.35087872,1.89244258,108.428973,1.86750686,107.000261,-4.26044798,-244.105688,-4.98715258,-285.742794,-0.40801358,-23.377456,-0.38307786,-21.948745,3.23472977,185.336364,3.23008347,185.070150,-0.48596621,-27.843813,-0.92925596,-53.242445,174.663636,174.929850,1.58234477,0
3.645000,182,1,729,4.25257587,1.48442900,85.051517,1.48442900,85.051517,-5.11472225,-293.051998,-1.35087872,-0.38920879,-1.35087872,-0.38920879,1.86750686,107.000261,1.84186065,105.530842,-4.98715258,-285.742794,-5.12925100,-293.884435,-0.38307786,-21.948745,-0.35743165,-20.479325,3.23008347,185.070150,3.22515464,184.787749,-0.92925596,-53.242445,-0.98576850,-56.480374,174.929850,175.212251,1.58234477,0
3.650000,182,2,730,4.25257587,1.48442900,85.051517,1.48442900,85.051517,-5.11472225,-293.051998,-0.38920879,-1.83511496,-0.38920879,-1.83511496,1.84186065,105.530842,1.81110859,103.768878,-5.12925100,-293.884435,-6.15041447,-352.392791,-0.35743165,-20.479325,-0.32667959,-18.717362,3.22515464,184.787749,3.21701407,184.321329,-0.98576850,-56.480374,-1.62813580,-93.285310,175.212251,175.678671,1.58234477,0
3.655000,182,3,731,4.25257587,1.48442900,85.051517,1.48442900,85.051517,-5.11472225,-293.051998,-1.83511496,-0.56953573,-1.83511496,-0.56953573,1.81110859,103.768878,1.77909744,101.934775,-6.15041447,-352.392791,-6.40222359,-366.820391,-0.32667959,-18.717362,-0.29466844,-16.883258,3.21701407,184.321329,3.20820022,183.816332,-1.62813580,-93.285310,-1.76274920,-100.998089,175.678671,176.183668,1.58234477,0
3.660000,183,0,732,4.03662968,1.40904951,80.732590,1.40904951,80.732590,-3.76897454,-215.946334,0.23110628,0.23110628,0.23110628,0.23110628,1.77909744,101.934775,1.74826086,100.167969,-6.40222359,-366.820391,-6.16731834,-353.361312,-0.37004793,-21.202184,-0.33921134,-19.435378,3.20820022,183.816332,3.20029783,183.363559,-1.76274920,-100.998089,-1.58048201,-90.554949,176.183668,176.636441,1.67937255,0
3.665000,183,1,733,4.03662968,1.40904951,80.732590,1.40904951,80.732590,-3.76897454,-215.946334,0.23110628,0.69818926,0.23110628,0.69818926,1.74826086,100.167969,1.72001851,98.549801,-6.16731834,-353.361312,-5.64847469,-323.633761,-0.33921134,-19.435378,-0.31096900,-17.817211,3.20029783,183.363559,3.19421458,183.015014,-1.58048201,-90.554949,-1.21666133,-69.709560,176.636441,176.984986,1.67937255,0
3.670000,183,2,734,4.03662968,1.40904951,80.732590,1.40904951,80.732590,-3.76897454,-215.946334,0.69818926,-1.11338758,0.69818926,-1.11338758,1.72001851,98.549801,1.68886328,96.764738,-5.64847469,-323.633761,-6.23105574,-357.013196,-0.31096900,-17.817211,-0.27981377,-16.032148,3.19421458,183.015014,3.18626642,182.559618,-1.21666133,-69.709560,-1.58963954,-91.079637,176.984986,177.440382,1.67937255,0
3.675000,183,3,735,4.03662968,1.40904951,80.732590,1.40904951,80.732590,-3.76897454,-215.946334,-1.11338758,-0.11914587,-1.11338758,-0.11914587,1.68886328,96.764738,1.65781724,94.985931,-6.23105574,-357.013196,-6.20920277,-355.761113,-0.27981377,-16.032148,-0.24876773,-14.253341,3.18626642,182.559618,3.17843485,182.110902,-1.58963954,-91.079637,-1.56629598,-89.742149,177.440382,177.889098,1.67937255,0
3.680000,184,0,736,3.77091789,1.31629860,75.418355,1.31629860,75.418355,-4.63754535,-265.711776,0.48785448,0.48785448,0.48785448,0.48785448,1.65781724,94.985931,1.62872553,93.319099,-6.20920277,-355.761113,-5.81834364,-333.366534,-0.34151864,-19.567577,-0.31242692,-17.900744,3.17843485,182.110902,3.17191410,181.737291,-1.56629598,-89.742149,-1.30416036,-74.722884,177.889098,178.262709,1.75039899,0
3.685000,184,1,737,3.77091789,1.31629860,75.418355,1.31629860,75.418355,-4.63754535,-265.711776,0.48785448,0.82069254,0.48785448,0.82069254,1.62872553,93.319099,1.60259974,91.822201,-5.81834364,-333.366534,-5.22515821,-299.379513,-0.31242692,-17.900744,-0.28630114,-16.403847,3.17191410,181.737291,3.16734791,181.475667,-1.30416036,-74.722884,-0.91324335,-52.324990,178.262709,178.524333,1.75039899,0
3.690000,184,2,738,3.77091789,1.31629860,75.418355,1.31629860,75.418355,-4.63754535,-265.711776,0.82069254,-0.54227638,0.82069254,-0.54227638,1.60259974,91.822201,1.57529640,90.257835,-5.22515821,-299.379513,-5.46066475,-312.873043,-0.28630114,-16.403847,-0.25899780,-14.839481,3.16734791,181.475667,3.16196704,181.167366,-0.91324335,-52.324990,-1.07619131,-61.661220,178.524333,178.832634,1.75039899,0
3.695000,184,3,739,3.77091789,1.31629860,75.418355,1.31629860,75.418355,-4.63754535,-265.711776,-0.54227638,0.15382004,-0.54227638,0.15382004,1.57529640,90.257835,1.54893148,88.747237,-5.46066475,-312.873043,-5.27298260,-302.119648,-0.25899780,-14.839481,-0.23263288,-13.328882,3.16196704,181.167366,3.15715671,180.891755,-1.07619131,-61.661220,-0.96206003,-55.121980,178.832634,179.108245,1.75039899,0
3.700000,185,0,740,3.55240417,1.24002290,71.048079,1.24002290,71.048079,-3.81378531,-218.513802,0.56155396,0.56155396,0.56155396,0.56155396,1.54893148,88.747237,1.52474427,87.361412,-5.27298260,-302.119648,-4.83743143,-277.164405,-0.30890858,-17.699158,-0.28472137,-16.313333,3.15715671,180.891755,3.15372133,180.694922,-0.96206003,-55.121980,-0.68705320,-39.365249,179.108245,179.305078,1.79383850,0
3.705000,185,1,741,3.55240417,1.24002290,71.048079,1.24002290,71.048079,-3.81378531,-218.513802,0.56155396,0.76782799,0.56155396,0.76782799,1.52474427,87.361412,1.50336182,86.136287,-4.83743143,-277.164405,-4.27649069,-245.024868,-0.28472137,-16.313333,-0.26333892,-15.088209,3.15372133,180.694922,3.15206432,180.599982,-0.68705320,-39.365249,-0.33141795,-18.988850,179.305078,179.400018,1.79383850,0
3.710000,185,2,742,3.55240417,1.24002290,71.048079,1.24002290,71.048079,-3.81378531,-218.513802,0.76782799,-1.01689291,0.76782799,-1.01689291,1.50336182,86.136287,1.47935855,84.761002,-4.27649069,-245.024868,-4.80064297,-275.056581,-0.26333892,-15.088209,-0.23933566,-13.712923,3.15206432,180.599982,3.14858007,180.400350,-0.33141795,-18.988850,-0.69685549,-39.926878,179.400018,179.599650,1.79383850,0
3.715000,185,3,743,3.55240417,1.24002290,71.048079,1.24002290,71.048079,-3.81378531,-218.513802,-1.01689291,-0.20291281,-1.01689291,-0.20291281,1.47935855,84.761002,1.45520890,83.377328,-4.80064297,-275.056581,-4.82992506,-276.734321,-0.23933566,-13.712923,-0.21518600,-12.329250,3.14858007,180.400350,3.14489818,180.189392,-0.69685549,-39.926878,-0.73636633,-42.190683,179.599650,179.810608,1.79383850,0
3.720000,186,0,744,3.35227060,1.17016315,67.045410,1.17016315,67.045410,-3.49298716,-200.133422,0.29873514,0.29873514,0.29873514,0.29873514,1.45520890,83.377328,1.43243778,82.072639,-4.82992506,-276.734321,-4.55423403,-260.938389,-0.28504574,-16.331918,-0.26227462,-15.027229,3.14489818,180.189392,3.14201736,180.024334,-0.73636633,-42.190683,-0.57617217,-33.012234,179.810608,179.975666,1.59108698,0
3.725000,186,1,745,3.35227060,1.17016315,67.045410,1.17016315,67.045410,-3.49298716,-200.133422,0.29873514,0.57852602,0.29873514,0.57852602,1.43243778,82.072639,1.41189551,80.895654,-4.55423403,-260.938389,-4.10845375,-235.397060,-0.26227462,-15.027229,-0.24173236,-13.850244,3.14201736,180.024334,3.14049196,179.936935,-0.57617217,-33.012234,-0.30510414,-17.481179,179.975666,179.936935,1.59108698,0
3.730000,186,2,746,3.35227060,1.17016315,67.045410,1.17016315,67.045410,-3.49298716,-200.133422,0.57852602,-0.82013226,0.57852602,-0.82013226,1.41189551,80.895654,1.38933027,79.602761,-4.10845375,-235.397060,-4.51303864,-258.578067,-0.24173236,-13.850244,-0.21916711,-12.557351,3.14049196,179.936935,3.13749790,179.765388,-0.30510414,-17.481179,-0.59883398,-34.310660,179.936935,179.765388,1.59108698,0
3.735000,186,3,747,3.35227060,1.17016315,67.045410,1.17016315,67.045410,-3.49298716,-200.133422,-0.82013226,-0.11108112,-0.82013226,-0.11108112,1.38933027,79.602761,1.36689746,78.317456,-4.51303864,-258.578067,-4.48654938,-257.060344,-0.21916711,-12.557351,-0.19673431,-11.272046,3.13749790,179.765388,3.13445354,179.590959,-0.59883398,-34.310660,-0.60888660,-34.886632,179.765388,179.590959,1.59108698,0
3.740000,187,0,748,3.17878389,1.10960484,63.575674,1.10960484,63.575674,-3.02791595,-173.486805,0.32069874,0.32069874,0.32069874,0.32069874,1.36689746,78.317456,1.34590960,77.114939,-4.48654938,-257.060344,-4.19756508,-240.502763,-0.25729263,-14.741782,-0.23630476,-13.539265,3.13445354,179.590959,3.13221860,179.462906,-0.60888660,-34.886632,-0.44697171,-25.609593,179.590959,179.462906,1.61432576,0
3.745000,187,1,749,3.17878389,1.10960484,63.575674,1.10960484,63.575674,-3.02791595,-173.486805,0.32069874,0.55635738,0.32069874,0.55635738,1.34590960,77.114939,1.32708299,76.036254,-4.19756508,-240.502763,-3.76532078,-215.736989,-0.23630476,-13.539265,-0.21747816,-12.460580,3.13221860,179.462906,3.13126159,179.408073,-0.44697171,-25.609593,-0.19142102,-10.967616,179.462906,179.408073,1.61432576,0
3.750000,187,2,750,3.17878389,1.10960484,63.575674,1.10960484,63.575674,-3.02791595,-173.486805,0.55635738,-0.73967171,0.55635738,-0.73967171,1.32708299,76.036254,1.30647779,74.855663,-3.76532078,-215.736989,-4.12103415,-236.117864,-0.21747816,-12.460580,-0.19687295,-11.279989,3.13126159,179.408073,3.12896895,179.276715,-0.19142102,-10.967616,-0.45853606,-26.272181,179.408073,179.276715,1.61432576,0
3.755000,187,3,751,3.17878389,1.10960484,63.575674,1.10960484,63.575674,-3.02791595,-173.486805,-0.73967171,-0.10095596,-0.73967171,-0.10095596,1.30647779,74.855663,1.28603566,73.684415,-4.12103415,-236.117864,-4.08843565,-234.250108,-0.19687295,-11.279989,-0.17643082,-10.108741,3.12896895,179.276715,3.12661886,179.142065,-0.45853606,-26.272181,-0.46999550,-26.928758,179.276715,179.142065,1.61432576,0
3.760000,188,0,752,3.02389097,1.05553699,60.477814,1.05553699,60.477814,-2.70339251,-154.892981,0.28711891,0.28711891,0.28711891,0.28711891,1.28603566,73.684415,1.26693606,72.590089,-4.08843565,-234.250108,-3.81991172,-218.864820,-0.23049867,-13.206601,-0.21139908,-12.112275,3.12661886,179.142065,3.12498569,179.048491,-0.46999550,-26.928758,-0.32663435,-18.714770,179.142065,179.048491,1.64925158,0
3.765000,188,1,753,3.02389097,1.05553699,60.477814,1.05553699,60.477814,-2.70339251,-154.892981,0.28711891,0.49804497,0.28711891,0.49804497,1.26693606,72.590089,1.24982023,71.609424,-3.81991172,-218.864820,-3.42316198,-196.132734,-0.21139908,-12.112275,-0.19428325,-11.131610,3.12498569,179.048491,3.12449002,179.020091,-0.32663435,-18.714770,-0.09915794,-5.681332,179.048491,179.020091,1.64925158,0
3.770000,188,2,754,3.02389097,1.05553699,60.477814,1.05553699,60.477814,-2.70339251,-154.892981,0.49804497,-0.62355614,0.49804497,-0.62355614,1.24982023,71.609424,1.23127866,70.547071,-3.42316198,-196.132734,-3.70831275,-212.470670,-0.19428325,-11.131610,-0.17574167,-10.069256,3.12449002,179.020091,3.12287235,178.927406,-0.09915794,-5.681332,-0.32352743,-18.536756,179.020091,178.927406,1.64925158,0
3.775000,188,3,755,3.02389097,1.05553699,60.477814,1.05553699,60.477814,-2.70339251,-154.892981,-0.62355614,-0.07106590,-0.62355614,-0.07106590,1.23127866,70.547071,1.21299076,69.499251,-3.70831275,-212.470670,-3.65757442,-209.563577,-0.17574167,-10.069256,-0.15745378,-9.021437,3.12287235,178.927406,3.12123942,178.833846,-0.32352743,-18.536756,-0.32658133,-18.711732,178.927406,178.833846,1.64925158,0
3.780000,189,0,756,2.88929772,1.00855517,57.785955,1.00855517,57.785955,-2.34909058,-134.592976,0.26236725,0.26236725,0.26236725,0.26236725,1.21299076,69.499251,1.19597006,68.524037,-3.65757442,-209.563577,-3.40412903,-195.042226,-0.20443559,-11.713296,-0.18741488,-10.738082,3.12123942,178.833846,3.12025762,178.777592,-0.32658133,-18.711732,-0.19634332,-11.249643,178.833846,178.777592,1.68606031,0
3.785000,189,1,757,2.88929772,1.00855517,57.785955,1.00855517,57.785955,-2.34909058,-134.592976,0.26236725,0.44132233,0.26236725,0.44132233,1.19597006,68.524037,1.18076062,67.652600,-3.40412903,-195.042226,-3.04189181,-174.287563,-0.18741488,-10.738082,-0.17220545,-9.866645,3.12025762,178.777592,3.12028551,178.779191,-0.19634332,-11.249643,0.00556317,0.318746,178.777592,178.779191,1.68606031,0
3.790000,189,2,758,2.88929772,1.00855517,57.785955,1.00855517,57.785955,-2.34909058,-134.592976,0.44132233,-0.56661129,0.44132233,-0.56661129,1.18076062,67.652600,1.16429842,66.709385,-3.04189181,-174.287563,-3.29244137,-188.642995,-0.17220545,-9.866645,-0.15574324,-8.923430,3.12028551,178.779191,3.11929464,178.722418,0.00556317,0.318746,-0.19815552,-11.353475,178.779191,178.722418,1.68606031,0
3.795000,189,3,759,2.88929772,1.00855517,57.785955,1.00855517,57.785955,-2.34909058,-134.592976,-0.56661129,-0.07775402,-0.56661129,-0.07775402,1.16429842,66.709385,1.14806950,65.779537,-3.29244137,-188.642995,-3.24578714,-185.969905,-0.15574324,-8.923430,-0.13951433,-7.993582,3.11929464,178.722418,3.11826563,178.663460,-0.19815552,-11.353475,-0.20578560,-11.790646,178.722418,178.663460,1.68606031,0
3.800000,190,0,760,2.76849794,0.96638805,55.369956,0.96638805,55.369956,-2.10835636,-120.799921,0.21710300,0.21710300,0.21710300,0.21710300,1.14806950,65.779537,1.13297009,64.914405,-3.24578714,-185.969905,-3.01987624,-173.026163,-0.18168145,-10.409581,-0.16658205,-9.544448,3.11826563,178.663460,3.11778927,178.636166,-0.20578560,-11.790646,-0.09527548,-5.458883,178.663460,178.636166,1.72227597,0
3.805000,190,1,761,2.76849794,0.96638805,55.369956,0.96638805,55.369956,-2.10835636,-120.799921,0.21710300,0.37517452,0.21710300,0.37517452,1.13297009,64.914405,1.11948073,64.141521,-3.01987624,-173.026163,-2.69786716,-154.576402,-0.16658205,-9.544448,-0.15309268,-8.771565,3.11778927,178.636166,3.11818314,178.658733,-0.09527548,-5.458883,0.07878552,4.514078,178.636166,178.658733,1.72227597,0
3.810000,190,2,762,2.76849794,0.96638805,55.369956,0.96638805,55.369956,-2.10835636,-120.799921,0.37517452,-0.49981403,0.37517452,-0.49981403,1.11948073,64.141521,1.10494161,63.308491,-2.69786716,-154.576402,-2.90781498,-166.605526,-0.15309268,-8.771565,-0.13855356,-7.938534,3.11818314,178.658733,3.11768818,178.630374,0.07878552,4.514078,-0.09900656,-5.672658,178.658733,178.630374,1.72227597,0
3.815000,190,3,763,2.76849794,0.96638805,55.369956,0.96638805,55.369956,-2.10835636,-120.799921,-0.49981403,-0.07528210,-0.49981403,-0.07528210,1.10494161,63.308491,1.09064329,62.489257,-2.90781498,-166.605526,-2.85966516,-163.846744,-0.13855356,-7.938534,-0.12425524,-7.119301,3.11768818,178.630374,3.11715674,178.599926,-0.09900656,-5.672658,-0.10626588,-6.088586,178.630374,178.599926,1.72227597,0
3.820000,191,0,764,2.66014957,0.92856735,53.202990,0.92856735,53.202990,-1.89103484,-108.348315,0.18000889,0.18000889,0.18000889,0.18000889,1.09064329,62.489257,1.07736170,61.728279,-2.85966516,-163.846744,-2.65631080,-152.195398,-0.16207594,-9.286267,-0.14879435,-8.525288,3.11715674,178.599926,3.11710167,178.596770,-0.10626588,-6.088586,-0.01100243,-0.630393,178.599926,178.596770,1.75112700,0
3.825000,191,1,765,2.66014957,0.92856735,53.202990,0.92856735,53.202990,-1.89103484,-108.348315,0.18000889,0.31609249,0.18000889,0.31609249,1.07736170,61.728279,1.06551063,61.049262,-2.65631080,-152.195398,-2.37022352,-135.803804,-0.14879435,-8.525288,-0.13694328,-7.846272,3.11710167,178.596770,3.11779761,178.636645,-0.01100243,-0.630393,0.13918588,7.974763,178.596770,178.636645,1.75112700,0
3.830000,191,2,766,2.66014957,0.92856735,53.202990,0.92856735,53.202990,-1.89103484,-108.348315,0.31609249,-0.47248244,0.31609249,-0.47248244,1.06551063,61.049262,1.05269289,60.314860,-2.37022352,-135.803804,-2.56355476,-146.880869,-0.13694328,-7.846272,-0.12412554,-7.111870,3.11779761,178.636645,3.11765981,178.628749,0.13918588,7.974763,-0.02754494,-1.578209,178.636645,178.628749,1.75112700,0
3.835000,191,3,767,2.66014957,0.92856735,53.202990,0.92856735,53.202990,-1.89103484,-108.348315,-0.47248244,-0.09296393,-0.47248244,-0.09296393,1.05269289,60.314860,1.04006207,59.591167,-2.56355476,-146.880869,-2.52615333,-144.737924,-0.12412554,-7.111870,-0.11149472,-6.388177,3.11765981,178.628749,3.11745167,178.616823,-0.02754494,-1.578209,-0.04161070,-2.384117,178.628749,178.616823,1.75112700,0
3.840000,192,0,768,2.56265688,0.89453596,51.253135,0.89453596,51.253135,-1.70156956,-97.492754,0.13582444,0.13582444,0.13582444,0.13582444,1.04006207,59.591167,1.02831376,58.918038,-2.52615333,-144.737924,-2.34965801,-134.625487,-0.14552611,-8.338032,-0.13377780,-7.664903,3.11745167,178.616823,3.11763358,178.627246,-0.04161070,-2.384117,0.03637010,2.083853,178.616823,178.627246,1.77034020,0
3.845000,192,1,769,2.56265688,0.89453596,51.253135,0.89453596,51.253135,-1.70156956,-97.492754,0.13582444,0.25835443,0.13582444,0.25835443,1.02831376,58.918038,1.01782036,58.316811,-2.34965801,-134.625487,-2.09866834,-120.244838,-0.13377780,-7.664903,-0.12328440,-7.063676,3.11763358,178.627246,3.11845326,178.674211,0.03637010,2.083853,0.16392632,9.392286,178.627246,178.674211,1.77034020,0
3.850000,192,2,770,2.56265688,0.89453596,51.253135,0.89453596,51.253135,-1.70156956,-97.492754,0.25835443,-0.44808698,0.25835443,-0.44808698,1.01782036,58.316811,1.00643456,57.664453,-2.09866834,-120.244838,-2.27716303,-130.471831,-0.12328440,-7.063676,-0.11189860,-6.411318,3.11845326,178.674211,3.11849141,178.676396,0.16392632,9.392286,0.00764476,0.438013,178.674211,178.676396,1.77034020,0
3.855000,192,3,771,2.56265688,0.89453596,51.253135,0.89453596,51.253135,-1.70156956,-97.492754,-0.44808698,-0.10666013,-0.44808698,-0.10666013,1.00643456,57.664453,0.99519414,57.020424,-2.27716303,-130.471831,-2.24808216,-128.805620,-0.11189860,-6.411318,-0.10065818,-5.767289,3.11849141,178.676396,3.11843562,178.673200,0.00764476,0.438013,-0.01116534,-0.639727,178.676396,178.673200,1.77034020,0
3.860000,193,0,772,2.47583270,0.86422861,49.516652,0.86422861,49.516652,-1.51536763,-86.824169,0.09962153,0.09962153,0.09962153,0.09962153,0.99519414,57.020424,0.98472619,56.420655,-2.24808216,-128.805620,-2.09358978,-119.953859,-0.13096553,-7.503772,-0.12049758,-6.904003,3.11843562,178.673200,3.11870122,178.688417,-0.01116534,-0.639727,0.05309990,3.042400,178.673200,178.688417,1.78148627,0
3.865000,193,1,773,2.47583270,0.86422861,49.516652,0.86422861,49.516652,-1.51536763,-86.824169,0.09962153,0.21056247,0.09962153,0.21056247,0.98472619,56.420655,0.97536796,55.884468,-2.09358978,-119.953859,-1.87164831,-107.237549,-0.12049758,-6.904003,-0.11113936,-6.367816,3.11870122,178.688417,3.11951280,178.734917,0.05309990,3.042400,0.16229559,9.298853,178.688417,178.734917,1.78148627,0
3.870000,193,2,774,2.47583270,0.86422861,49.516652,0.86422861,49.516652,-1.51536763,-86.824169,0.21056247,-0.42429090,0.21056247,-0.42429090,0.97536796,55.884468,0.96518964,55.301293,-1.87164831,-107.237549,-2.03566909,-116.635247,-0.11113936,-6.367816,-0.10096103,-5.784641,3.11951280,178.734917,3.11959481,178.739617,0.16229559,9.298853,0.01641588,0.940561,178.734917,178.739617,1.78148627,0
3.875000,193,3,775,2.47583270,0.86422861,49.516652,0.86422861,49.516652,-1.51536763,-86.824169,-0.42429090,-0.11623502,-0.42429090,-0.11623502,0.96518964,55.301293,0.95512760,54.724780,-2.03566909,-116.635247,-2.01240230,-115.302158,-0.10096103,-5.784641,-0.09089899,-5.208129,3.11959481,178.739617,3.11956787,178.738073,0.01641588,0.940561,-0.00537200,-0.307793,178.739617,178.738073,1.78148627,0
3.880000,194,0,776,2.39940929,0.83755183,47.988185,0.83755183,47.988185,-1.33383870,-76.423328,0.07018352,0.07018352,0.07018352,0.07018352,0.95512760,54.724780,0.94574863,54.187405,-2.01240230,-115.302158,-1.87579966,-107.475403,-0.11757576,-6.736595,-0.10819679,-6.199220,3.11956787,178.738073,3.11980748,178.751802,-0.00537200,-0.307793,0.04793385,2.746408,178.738073,178.751802,1.78741598,0
3.885000,194,1,777,2.39940929,0.83755183,47.988185,0.83755183,47.988185,-1.33383870,-76.423328,0.07018352,0.17073894,0.07018352,0.17073894,0.94574863,54.187405,0.93735832,53.706676,-1.87579966,-107.475403,-1.67806172,-96.145855,-0.10819679,-6.199220,-0.09980649,-5.718491,3.11980748,178.751802,3.12051725,178.792469,0.04793385,2.746408,0.14195035,8.133156,178.751802,178.792469,1.78741598,0
3.890000,194,2,778,2.39940929,0.83755183,47.988185,0.83755183,47.988185,-1.33383870,-76.423328,0.17073894,-0.39357233,0.17073894,-0.39357233,0.93735832,53.706676,0.92824131,53.184310,-1.67806172,-96.145855,-1.82340050,-104.473153,-0.09980649,-5.718491,-0.09068948,-5.196124,3.12051725,178.792469,3.12056327,178.795105,0.14195035,8.133156,0.00919257,0.526695,178.792469,178.795105,1.78741598,0
3.895000,194,3,779,2.39940929,0.83755183,47.988185,0.83755183,47.988185,-1.33383870,-76.423328,-0.39357233,-0.11864328,-0.39357233,-0.11864328,0.92824131,53.184310,0.91923338,52.668193,-1.82340050,-104.473153,-1.80159140,-103.223583,-0.09068948,-5.196124,-0.08168155,-4.680008,3.12056327,178.795105,3.12049913,178.791430,0.00919257,0.526695,-0.01281118,-0.734026,178.795105,178.791430,1.78741598,0
3.900000,195,0,780,2.33376384,0.81463724,46.675276,0.81463724,46.675276,-1.14572942,-65.645460,0.04762220,0.04762220,0.04762220,0.04762220,0.91923338,52.668193,0.91083992,52.187283,-1.80159140,-103.223583,-1.67869890,-96.182362,-0.10459614,-5.992917,-0.09620267,-5.512007,3.12049913,178.791430,3.12065983,178.800637,-0.01281118,-0.734026,0.03214077,1.841531,178.791430,178.800637,1.79021788,0
3.905000,195,1,781,2.33376384,0.81463724,46.675276,0.81463724,46.675276,-1.14572942,-65.645460,0.04762220,0.13720083,0.04762220,0.13720083,0.91083992,52.187283,0.90333319,51.757179,-1.67869890,-96.182362,-1.50134504,-86.020734,-0.09620267,-5.512007,-0.08869594,-5.081903,3.12065983,178.800637,3.12122631,178.833095,0.03214077,1.841531,0.11331920,6.492712,178.800637,178.833095,1.79021788,0
3.910000,195,2,782,2.33376384,0.81463724,46.675276,0.81463724,46.675276,-1.14572942,-65.645460,0.13720083,-0.35918331,0.13720083,-0.35918331,0.90333319,51.757179,0.89520431,51.291429,-1.50134504,-86.020734,-1.62577176,-93.149860,-0.08869594,-5.081903,-0.08056706,-4.616153,3.12122631,178.833095,3.12120104,178.831647,0.11331920,6.492712,-0.00503743,-0.288623,178.833095,178.831647,1.79021788,0
3.915000,195,3,783,2.33376384,0.81463724,46.675276,0.81463724,46.675276,-1.14572942,-65.645460,-0.35918331,-0.11733913,-0.35918331,-0.11733913,0.89520431,51.291429,0.88718849,50.832156,-1.62577176,-93.149860,-1.60316527,-91.854604,-0.08056706,-4.616153,-0.07255125,-4.156880,3.12120104,178.831647,3.12107110,178.824202,-0.00503743,-0.288623,-0.02599034,-1.489137,178.831647,178.824202,1.79021788,0
3.920000,196,0,784,2.28005195,0.79588825,45.601037,0.79588825,45.601037,-0.93744993,-53.711925,0.02857494,0.02857494,0.02857494,0.02857494,0.88718849,50.832156,0.87972927,50.404774,-1.60316527,-91.854604,-1.49184847,-85.476621,-0.09130025,-5.231119,-0.08384103,-4.803737,3.12107110,178.824202,3.12112999,178.827576,-0.02599034,-1.489137,0.01177606,0.674718,178.824202,178.827576,1.79158938,0
3.925000,196,1,785,2.28005195,0.79588825,45.601037,0.79588825,45.601037,-0.93744993,-53.711925,0.02857494,0.10684490,0.02857494,0.10684490,0.87972927,50.404774,0.87306452,50.022912,-1.49184847,-85.476621,-1.33294606,-76.372184,-0.08384103,-4.803737,-0.07717627,-4.421875,3.12112999,178.827576,3.12153578,178.850826,0.01177606,0.674718,0.08114111,4.649043,178.827576,178.850826,1.79158938,0
3.930000,196,2,786,2.28005195,0.79588825,45.601037,0.79588825,45.601037,-0.93744993,-53.711925,0.10684490,-0.31938243,0.10684490,-0.31938243,0.87306452,50.022912,0.86589867,49.612339,-1.33294606,-76.372184,-1.43317258,-82.114740,-0.07717627,-4.421875,-0.07001042,-4.011302,3.12153578,178.850826,3.12143135,178.844842,0.08114111,4.649043,-0.02088856,-1.196826,178.850826,178.844842,1.79158938,0
3.935000,196,3,787,2.28005195,0.79588825,45.601037,0.79588825,45.601037,-0.93744993,-53.711925,-0.31938243,-0.11221576,-0.31938243,-0.11221576,0.86589867,49.612339,0.85886145,49.209136,-1.43317258,-82.114740,-1.40744889,-80.640881,-0.07001042,-4.011302,-0.06297320,-3.608099,3.12143135,178.844842,3.12123370,178.833518,-0.02088856,-1.196826,-0.03951826,-2.264230,178.844842,178.833518,1.79158938,0
3.940000,197,0,788,2.23924875,0.78164524,44.784973,0.78164524,44.784973,-0.71215034,-40.803209,0.01214147,0.01214147,0.01214147,0.01214147,0.85886145,49.209136,0.85233086,48.834961,-1.40744889,-80.640881,-1.30612123,-74.835234,-0.07721621,-4.424163,-0.07068563,-4.049988,3.12123370,178.833518,3.12119293,178.831182,-0.03951826,-2.264230,-0.00815283,-0.467123,178.833518,178.831182,1.79391122,0
3.945000,197,1,789,2.23924875,0.78164524,44.784973,0.78164524,44.784973,-0.71215034,-40.803209,0.01214147,0.07820249,0.01214147,0.07820249,0.85233086,48.834961,0.84650773,48.501320,-1.30612123,-74.835234,-1.16463101,-66.728442,-0.07068563,-4.049988,-0.06486249,-3.716347,3.12119293,178.831182,3.12144208,178.845457,-0.00815283,-0.467123,0.04982479,2.854750,178.831182,178.845457,1.79391122,0
3.950000,197,2,790,2.23924875,0.78164524,44.784973,0.78164524,44.784973,-0.71215034,-40.803209,0.07820249,-0.27045226,0.07820249,-0.27045226,0.84650773,48.501320,0.84033221,48.147489,-1.16463101,-66.728442,-1.23510921,-70.766545,-0.06486249,-3.716347,-0.05868697,-3.362516,3.12144208,178.845457,3.12127972,178.836154,0.04982479,2.854750,-0.03245324,-1.859434,178.845457,178.836154,1.79391122,0
3.955000,197,3,791,2.23924875,0.78164524,44.784973,0.78164524,44.784973,-0.71215034,-40.803209,-0.27045226,-0.10204291,-0.27045226,-0.10204291,0.84033221,48.147489,0.83431619,47.802797,-1.23510921,-70.766545,-1.20320070,-68.938322,-0.05868697,-3.362516,-0.05267096,-3.017823,3.12127972,178.836154,3.12104487,178.822699,-0.03245324,-1.859434,-0.04697091,-2.691235,178.836154,178.822699,1.79391122,0
3.960000,198,0,792,2.21203041,0.77214426,44.240607,0.77214426,44.240607,-0.47504902,-27.218304,-0.00205016,-0.00205016,-0.00205016,-0.00205016,0.83431619,47.802797,0.82876366,47.484660,-1.20320070,-68.938322,-1.11050105,-63.627023,-0.06217194,-3.562190,-0.05661941,-3.244053,3.12104487,178.822699,3.12093830,178.816593,-0.04697091,-2.691235,-0.02133110,-1.222182,178.822699,178.816593,1.79892421,0
3.965000,198,1,793,2.21203041,0.77214426,44.240607,0.77214426,44.240607,-0.47504902,-27.218304,-0.00205016,0.04994416,-0.00205016,0.04994416,0.82876366,47.484660,0.82383269,47.202136,-1.11050105,-63.627023,-0.98619133,-56.504601,-0.05661941,-3.244053,-0.05168843,-2.961529,3.12093830,178.816593,3.12106442,178.823819,-0.02133110,-1.222182,0.02520822,1.444325,178.816593,178.823819,1.79892421,0
3.970000,198,2,794,2.21203041,0.77214426,44.240607,0.77214426,44.240607,-0.47504902,-27.218304,0.04994416,-0.21548867,0.04994416,-0.21548867,0.82383269,47.202136,0.81871641,46.908995,-0.98619133,-56.504601,-1.02325451,-58.628165,-0.05168843,-2.961529,-0.04657215,-2.668388,3.12106442,178.823819,3.12088919,178.813779,0.02520822,1.444325,-0.03506844,-2.009274,178.823819,178.813779,1.79892421,0
3.975000,198,3,795,2.21203041,0.77214426,44.240607,0.77214426,44.240607,-0.47504902,-27.218304,-0.21548867,-0.08955216,-0.21548867,-0.08955216,0.81871641,46.908995,0.81379765,46.627171,-1.02325451,-58.628165,-0.98375326,-56.364910,-0.04657215,-2.668388,-0.04165339,-2.386564,3.12088919,178.813779,3.12066579,178.800979,-0.03506844,-2.009274,-0.04469861,-2.561042,178.813779,178.800979,1.79892421,0
3.980000,199,0,796,2.19882441,0.76753449,43.976487,0.76753449,43.976487,-0.23048818,-13.206000,-0.01634049,-0.01634049,-0.01634049,-0.01634049,0.81379765,46.627171,0.80929893,46.369413,-0.98375326,-56.364910,-0.89974296,-51.551474,-0.04626316,-2.650684,-0.04176444,-2.392926,3.12066579,178.800979,3.12054110,178.793835,-0.04469861,-2.561042,-0.02495427,-1.429774,178.800979,178.793835,1.80715334,0
3.985000,199,1,797,2.19882441,0.76753449,43.976487,0.76753449,43.976487,-0.23048818,-13.206000,-0.01634049,0.02011466,-0.01634049,0.02011466,0.80929893,46.369413,0.80533111,46.142074,-0.89974296,-51.551474,-0.79356986,-45.468204,-0.04176444,-2.392926,-0.03779662,-2.165587,3.12054110,178.793835,3.12058806,178.796526,-0.02495427,-1.429774,0.00941384,0.539373,178.793835,178.796526,1.80715334,0
3.990000,199,2,798,2.19882441,0.76753449,43.976487,0.76753449,43.976487,-0.23048818,-13.206000,0.02011466,-0.15818810,0.02011466,-0.15818810,0.80533111,46.142074,0.80135214,45.914096,-0.79356986,-45.468204,-0.79579806,-45.595870,-0.03779662,-2.165587,-0.03381765,-1.937609,3.12058806,178.796526,3.12044811,178.788507,0.00941384,0.539373,-0.02799270,-1.603864,178.796526,178.788507,1.80715334,0
3.995000,199,3,799,2.19882441,0.76753449,43.976487,0.76753449,43.976487,-0.23048818,-13.206000,-0.15818810,-0.07718778,-0.15818810,-0.07718778,0.80135214,45.914096,0.79760826,45.699587,-0.79579806,-45.595870,-0.74878138,-42.902013,-0.03381765,-1.937609,-0.03007376,-1.723100,3.12044811,178.788507,3.12028384,178.779095,-0.02799270,-1.603864,-0.03283403,-1.881252,178.788507,178.779095,1.80715334,0
4.000000,200,0,800,2.19986844,0.76789892,43.997367,0.76789892,43.997367,0.01822114,1.043994,-0.03226399,-0.03226399,-0.03226399,-0.03226399,0.79760826,45.699587,0.79423600,45.506371,-0.74878138,-42.902013,-0.67445344,-38.643335,-0.02970934,-1.702220,-0.02633709,-1.509004,3.12028384,178.779095,3.12018561,178.773467,-0.03283403,-1.881252,-0.01966318,-1.126618,178.779095,178.773467,1.81841516,0
4.005000,200,1,801,2.19986844,0.76789892,43.997367,0.76789892,43.997367,0.01822114,1.043994,-0.03226399,-0.01216912,-0.03226399,-0.01216912,0.79423600,45.506371,0.79129648,45.337949,-0.67445344,-38.643335,-0.58790898,-33.684703,-0.02633709,-1.509004,-0.02339756,-1.340582,3.12018561,178.773467,3.12019348,178.773918,-0.01966318,-1.126618,0.00155301,0.088981,178.773467,178.773918,1.81841516,0
4.010000,200,2,802,2.19986844,0.76789892,43.997367,0.76789892,43.997367,0.01822114,1.043994,-0.01216912,-0.10070801,-0.01216912,-0.10070801,0.79129648,45.337949,0.78852051,45.178898,-0.58790898,-33.684703,-0.55519289,-31.810209,-0.02339756,-1.340582,-0.02062160,-1.181531,3.12019348,178.773918,3.12012911,178.770229,0.00155301,0.088981,-0.01287888,-0.737906,178.773918,178.770229,1.81841516,0
4.015000,200,3,803,2.19986844,0.76789892,43.997367,0.76789892,43.997367,0.01822114,1.043994,-0.10070801,-0.06603050,-0.10070801,-0.06603050,0.78852051,45.178898,0.78601354,45.035259,-0.55519289,-31.810209,-0.50139427,-28.727776,-0.02062160,-1.181531,-0.01811463,-1.037892,3.12012911,178.770229,3.12006235,178.766405,-0.01287888,-0.737906,-0.01336571,-0.765799,178.770229,178.766405,1.81841516,0
4.020000,201,0,804,2.21521282,0.77325511,44.304254,0.77325511,44.304254,0.26780963,15.344361,-0.05016422,-0.05016422,-0.05016422,-0.05016422,0.78601354,45.035259,0.78382379,44.909795,-0.50139427,-28.727776,-0.43794981,-25.092676,-0.01275843,-0.731004,-0.01056868,-0.605541,3.12006235,178.766405,3.12002492,178.764260,-0.01336571,-0.765799,-0.00749096,-0.429200,178.766405,178.764260,1.82836354,0
4.025000,201,1,805,2.21521282,0.77325511,44.304254,0.77325511,44.304254,0.26780963,15.344361,-0.05016422,-0.04678631,-0.05016422,-0.04678631,0.78382379,44.909795,0.78196150,44.803094,-0.43794981,-25.092676,-0.37245181,-21.339917,-0.01056868,-0.605541,-0.00870639,-0.498839,3.12002492,178.764260,3.12002349,178.764178,-0.00749096,-0.429200,-0.00027089,-0.015521,178.764260,178.764178,1.82836354,0
4.030000,201,2,806,2.21521282,0.77325511,44.304254,0.77325511,44.304254,0.26780963,15.344361,-0.04678631,-0.04397821,-0.04678631,-0.04397821,0.78196150,44.803094,0.78043526,44.715647,-0.37245181,-21.339917,-0.30524659,-17.489341,-0.00870639,-0.498839,-0.00718015,-0.411393,3.12002349,178.764178,3.12006402,178.766500,-0.00027089,-0.015521,0.00808445,0.463205,178.764178,178.766500,1.82836354,0
4.035000,201,3,807,2.21521282,0.77325511,44.304254,0.77325511,44.304254,0.26780963,15.344361,-0.04397821,-0.05626726,-0.04397821,-0.05626726,0.78043526,44.715647,0.77920771,44.645313,-0.30524659,-17.489341,-0.24551246,-14.066828,-0.00718015,-0.411393,-0.00595260,-0.341059,3.12006402,178.766500,3.12012172,178.769806,0.00808445,0.463205,0.01151755,0.659907,178.766500,178.769806,1.82836354,0
4.040000,202,0,808,2.24473834,0.78356147,44.894765,0.78356147,44.894765,0.51531792,29.525542,-0.06977034,-0.06977034,-0.06977034,-0.06977034,0.77920771,44.645313,0.77823776,44.589739,-0.24551246,-14.066828,-0.19398735,-11.114657,0.00435376,0.249452,0.00532371,0.305026,3.12012172,178.769806,3.12016940,178.772538,0.01151755,0.659907,0.00955055,0.547206,178.769806,178.772538,1.82626343,0
4.045000,202,1,809,2.24473834,0.78356147,44.894765,0.78356147,44.894765,0.51531792,29.525542,-0.06977034,-0.08319616,-0.06977034,-0.08319616,0.77823776,44.589739,0.77748466,44.546589,-0.19398735,-11.114657,-0.15062436,-8.630140,0.00532371,0.305026,0.00607681,0.348176,3.12016940,178.772538,3.12018037,178.773166,0.00955055,0.547206,0.00221038,0.126645,178.772538,178.773166,1.82626343,0
4.050000,202,2,810,2.24473834,0.78356147,44.894765,0.78356147,44.894765,0.51531792,29.525542,-0.08319616,0.01136589,-0.08319616,0.01136589,0.77748466,44.546589,0.77695340,44.516151,-0.15062436,-8.630140,-0.10624922,-6.087632,0.00607681,0.348176,0.00660807,0.378614,3.12018037,178.773166,3.12015820,178.771896,0.00221038,0.126645,-0.00444486,-0.254672,178.773166,178.771896,1.82626343,0
4.055000,202,3,811,2.24473834,0.78356147,44.894765,0.78356147,44.894765,0.51531792,29.525542,0.01136589,-0.00627899,0.01136589,-0.00627899,0.77695340,44.516151,0.77657425,44.494427,-0.10624922,-6.087632,-0.07582542,-4.344476,0.00660807,0.378614,0.00698721,0.400338,3.12015820,178.771896,3.12005639,178.766063,-0.00444486,-0.254672,-0.02034861,-1.165889,178.771896,178.766063,1.82626343,0
4.060000,203,0,812,2.29182386,0.79999745,45.836477,0.79999745,45.836477,0.82179904,47.085617,-0.01807690,-0.01807690,-0.01807690,-0.01807690,0.77657425,44.494427,0.77629954,44.478687,-0.07582542,-4.344476,-0.05494853,-3.148319,0.02342319,1.342050,0.02369791,1.357790,3.12005639,178.766063,3.11984324,178.753851,-0.02034861,-1.165889,-0.04262491,-2.442227,178.766063,178.753851,1.79306948,0
4.065000,203,1,813,2.29182386,0.79999745,45.836477,0.79999745,45.836477,0.82179904,47.085617,-0.01807690,-0.02588272,-0.01807690,-0.02588272,0.77629954,44.478687,0.77609652,44.467055,-0.05494853,-3.148319,-0.04060521,-2.326507,0.02369791,1.357790,0.02390093,1.369422,3.11984324,178.753851,3.11949658,178.733988,-0.04262491,-2.442227,-0.06933913,-3.972840,178.753851,178.733988,1.79306948,0
4.070000,203,2,814,2.29182386,0.79999745,45.836477,0.79999745,45.836477,0.82179904,47.085617,-0.02588272,0.17516613,-0.02588272,0.17516613,0.77609652,44.467055,0.77600551,44.461840,-0.04060521,-2.326507,-0.01820124,-1.042854,0.02390093,1.369422,0.02399194,1.374637,3.11949658,178.733988,3.11904216,178.707952,-0.06933913,-3.972840,-0.09089977,-5.208173,178.733988,178.707952,1.79306948,0
4.075000,203,3,815,2.29182386,0.79999745,45.836477,0.79999745,45.836477,0.82179904,47.085617,0.17516613,0.16271400,0.17516613,0.16271400,0.77600551,44.461840,0.77599025,44.460966,-0.01820124,-1.042854,-0.00305662,-0.175132,0.02399194,1.374637,0.02400720,1.375511,3.11904216,178.707952,3.11845446,178.674279,-0.09089977,-5.208173,-0.11752213,-6.733522,178.707952,178.674279,1.79306948,0
4.080000,204,0,816,2.35781622,0.82303309,47.156323,0.82303309,47.156323,1.15178227,65.992263,0.15337181,0.15337181,0.15337181,0.15337181,0.77599025,44.460966,0.77602589,44.463008,-0.00305662,-0.175132,0.00712446,0.408201,0.04704285,2.695357,0.04700720,2.693314,3.11845446,178.674279,3.11771560,178.631945,-0.11752213,-6.733522,-0.14776075,-8.466067,178.674279,178.631945,1.80984581,0
4.085000,204,1,817,2.35781622,0.82303309,47.156323,0.82303309,47.156323,1.15178227,65.992263,0.15337181,0.14617348,0.15337181,0.14617348,0.77602589,44.463008,0.77609545,44.466994,0.00712446,0.408201,0.01391280,0.797145,0.04700720,2.693314,0.04693764,2.689329,3.11771560,178.631945,3.11681223,178.580186,-0.14776075,-8.466067,-0.18066166,-10.351151,178.631945,178.580186,1.80984581,0
4.090000,204,2,818,2.35781622,0.82303309,47.156323,0.82303309,47.156323,1.15178227,65.992263,0.14617348,0.46917677,0.14617348,0.46917677,0.77609545,44.466994,0.77711838,44.525604,0.01391280,0.797145,0.20459005,11.722147,0.04693764,2.689329,0.04591471,2.630719,3.11681223,178.580186,3.11635089,178.553753,-0.18066166,-10.351151,-0.09227990,-5.287249,178.580186,178.553753,1.80984581,0
4.095000,204,3,819,2.35781622,0.82303309,47.156323,0.82303309,47.156323,1.15178227,65.992263,0.46917677,0.32724524,0.46917677,0.32724524,0.77711838,44.525604,0.77866328,44.614119,0.20459005,11.722147,0.30897564,17.703000,0.04591471,2.630719,0.04436982,2.542203,3.11635089,178.553753,3.11604381,178.536159,-0.09227990,-5.287249,-0.06139420,-3.517628,178.553753,178.536159,1.80984581,0
4.100000,205,0,820,2.43373609,0.84953415,48.674722,0.84953415,48.674722,1.32505298,75.919943,0.22984838,0.22984838,0.22984838,0.22984838,0.77866328,44.614119,0.78043401,44.715575,0.30897564,17.703000,0.35414612,20.291078,0.07087088,4.060602,0.06910014,3.959146,3.11604381,178.536159,3.11569405,178.516119,-0.06139420,-3.517628,-0.06994068,-4.007306,178.536159,178.516119,1.83468032,0
4.105000,205,1,821,2.43373609,0.84953415,48.674722,0.84953415,48.674722,1.32505298,75.919943,0.22984838,0.16565657,0.22984838,0.16565657,0.78043401,44.715575,0.78223544,44.818790,0.35414612,20.291078,0.36028889,20.643033,0.06910014,3.959146,0.06729871,3.855932,3.11569405,178.516119,3.11517143,178.486176,-0.06994068,-4.007306,-0.10454146,-5.989784,178.516119,178.486176,1.83468032,0
4.110000,205,2,822,2.43373609,0.84953415,48.674722,0.84953415,48.674722,1.32505298,75.919943,0.16565657,0.58642864,0.16565657,0.58642864,0.78223544,44.818790,0.78534663,44.997047,0.36028889,20.643033,0.62224072,35.651767,0.06729871,3.855932,0.06418753,3.677674,3.11517143,178.486176,3.11532140,178.494768,-0.10454146,-5.989784,0.02998087,1.717777,178.486176,178.494768,1.83468032,0
4.115000,205,3,823,2.43373609,0.84953415,48.674722,0.84953415,48.674722,1.32505298,75.919943,0.58642864,0.35732746,0.58642864,0.35732746,0.78534663,44.997047,0.78907114,45.210446,0.62224072,35.651767,0.74490863,42.680121,0.06418753,3.677674,0.06046301,3.464275,3.11532140,178.494768,3.11568236,178.515450,0.02998087,1.717777,0.07220461,4.137020,178.494768,178.515450,1.83468032,0
4.120000,206,0,824,2.52463531,0.88126397,50.492706,0.88126397,50.492706,1.58649087,90.899231,0.20468998,0.20468998,0.20468998,0.20468998,0.78907114,45.210446,0.79294503,45.432403,0.74490863,42.680121,0.77478087,44.391674,0.09219283,5.282260,0.08831894,5.060303,3.11568236,178.515450,3.11594796,178.530667,0.07220461,4.137020,0.05312351,3.043753,178.515450,178.530667,1.84450746,0
4.125000,206,1,825,2.52463531,0.88126397,50.492706,0.88126397,50.492706,1.58649087,90.899231,0.20468998,0.10818195,0.20468998,0.10818195,0.79294503,45.432403,0.79667491,45.646110,0.77478087,44.391674,0.74598151,42.741592,0.08831894,5.060303,0.08458906,4.846596,3.11594796,178.530667,3.11592460,178.529329,0.05312351,3.043753,-0.00465338,-0.266619,178.530667,178.529329,1.84450746,0
4.130000,206,2,826,2.52463531,0.88126397,50.492706,0.88126397,50.492706,1.58649087,90.899231,0.10818195,0.58195162,0.10818195,0.58195162,0.79667491,45.646110,0.80170095,45.934081,0.74598151,42.741592,1.00521445,57.594546,0.08458906,4.846596,0.07956302,4.558625,3.11592460,178.529329,3.11656642,178.566102,-0.00465338,-0.266619,0.12836257,7.354633,178.529329,178.566102,1.84450746,0
4.135000,206,3,827,2.52463531,0.88126397,50.492706,0.88126397,50.492706,1.58649087,90.899231,0.58195162,0.31628466,0.58195162,0.31628466,0.80170095,45.934081,0.80721563,46.250049,1.00521445,57.594546,1.10293543,63.193545,0.07956302,4.558625,0.07404834,4.242657,3.11656642,178.566102,3.11733937,178.610389,0.12836257,7.354633,0.15460962,8.858479,178.566102,178.610389,1.84450746,0
4.140000,207,0,828,2.62996554,0.91803116,52.599311,0.91803116,52.599311,1.83835924,105.330225,0.14373827,0.14373827,0.14373827,0.14373827,0.80721563,46.250049,0.81269443,46.563961,1.10293543,63.193545,1.09575880,62.782354,0.11081553,6.349262,0.10533673,6.035350,3.11733937,178.610389,3.11789823,178.642409,0.15460962,8.858479,0.11178144,6.404605,178.610389,178.642409,1.86857164,0
4.145000,207,1,829,2.62996554,0.91803116,52.599311,0.91803116,52.599311,1.83835924,105.330225,0.14373827,0.03873301,0.14373827,0.03873301,0.81269443,46.563961,0.81781816,46.857529,1.09575880,62.782354,1.02474582,58.713611,0.10533673,6.035350,0.10021299,5.741781,3.11789823,178.642409,3.11803341,178.650155,0.11178144,6.404605,0.02703582,1.549039,178.642409,178.650155,1.86857164,0
4.150000,207,2,830,2.62996554,0.91803116,52.599311,0.91803116,52.599311,1.83835924,105.330225,0.03873301,1.35143733,0.03873301,1.35143733,0.81781816,46.857529,0.82657719,47.359384,1.02474582,58.713611,1.75180638,100.371112,0.10021299,5.741781,0.09145397,5.239926,3.11803341,178.650155,3.12038875,178.785106,0.02703582,1.549039,0.47107676,26.990710,178.650155,178.785106,1.86857164,0
4.155000,207,3,831,2.62996554,0.91803116,52.599311,0.91803116,52.599311,1.83835924,105.330225,1.35143733,0.71307826,1.35143733,0.71307826,0.82657719,47.359384,0.83703107,47.958347,1.75180638,100.371112,2.09078121,119.792939,0.09145397,5.239926,0.08100009,4.640963,3.12038875,178.785106,3.12368274,178.973837,0.47107676,26.990710,0.65880775,37.746904,178.785106,178.973837,1.86857164,0
4.160000,208,0,832,2.71971822,0.94936073,54.394363,0.94936073,54.394363,1.56647861,89.752613,0.28805423,0.28805423,0.28805423,0.28805423,0.83703107,47.958347,0.84788793,48.580400,2.09078121,119.792939,2.17137384,124.410557,0.11232966,6.436016,0.10147280,5.813963,3.12368274,178.973837,3.12706780,179.167787,0.65880775,37.746904,0.67701507,38.790106,178.973837,179.167787,1.92002761,0
4.165000,208,1,833,2.71971822,0.94936073,54.394363,0.94936073,54.394363,1.56647861,89.752613,0.28805423,0.64616537,0.28805423,0.64616537,0.84788793,48.580400,0.86023647,49.287919,2.17137384,124.410557,2.46970391,141.503611,0.10147280,5.813963,0.08912426,5.106444,3.12706780,179.167787,3.13127542,179.408866,0.67701507,38.790106,0.84153008,48.216122,179.167787,179.408866,1.92002761,0
4.170000,208,2,834,2.71971822,0.94936073,54.394363,0.94936073,54.394363,1.56647861,89.752613,0.64616537,0.20914221,0.64616537,0.20914221,0.86023647,49.287919,0.87274826,50.004792,2.46970391,141.503611,2.50235844,143.374577,0.08912426,5.106444,0.07661247,4.389571,3.13127542,179.408866,3.13543677,179.647294,0.84153008,48.216122,0.83225465,47.684679,179.408866,179.647294,1.92002761,0
4.175000,208,3,835,2.71971822,0.94936073,54.394363,0.94936073,54.394363,1.56647861,89.752613,0.20914221,-0.06189775,0.20914221,-0.06189775,0.87274826,50.004792,0.88459951,50.683818,2.50235844,143.374577,2.37024784,135.805198,0.07661247,4.389571,0.06476122,3.710545,3.13543677,179.647294,3.13901830,179.852500,0.83225465,47.684679,0.71630859,41.041459,179.647294,179.852500,1.92002761,0
4.180000,209,0,836,2.83531523,0.98971170,56.706303,0.98971170,56.706303,2.01754868,115.597024,-0.21476030,-0.21476030,-0.21476030,-0.21476030,0.88459951,50.683818,0.89532560,51.298378,2.37024784,135.805198,2.14521718,122.911891,0.10511220,6.022485,0.09438610,5.407925,3.13901830,179.852500,3.14172387,180.007518,0.71630859,41.041459,0.54109883,31.002679,179.852500,179.992482,1.73367381,0
4.185000,209,1,837,2.83531523,0.98971170,56.706303,0.98971170,56.706303,2.01754868,115.597024,-0.21476030,0.52109599,-0.21476030,0.52109599,0.89532560,51.298378,0.90716350,51.976640,2.14521718,122.911891,2.36758494,135.652625,0.09438610,5.407925,0.08254820,4.729664,3.14172387,180.007518,3.14504623,180.197876,0.54109883,31.002679,0.66445088,38.070231,179.992482,179.802124,1.73367381,0
4.190000,209,2,838,2.83531523,0.98971170,56.706303,0.98971170,56.706303,2.01754868,115.597024,0.52109599,0.14267612,0.52109599,0.14267612,0.90716350,51.976640,0.91896302,52.652702,2.36758494,135.652625,2.35989738,135.212160,0.08254820,4.729664,0.07074869,4.053601,3.14504623,180.197876,3.14823174,180.380392,0.66445088,38.070231,0.63711369,36.503926,179.802124,179.619608,1.73367381,0
4.195000,209,3,839,2.83531523,0.98971170,56.706303,0.98971170,56.706303,2.01754868,115.597024,0.14267612,-0.08841825,0.14267612,-0.08841825,0.91896302,52.652702,0.93002164,53.286315,2.35989738,135.212160,2.21172452,126.722480,0.07074869,4.053601,0.05969006,3.419988,3.14823174,180.380392,3.15082455,180.528949,0.63711369,36.503926,0.51857519,29.712170,179.619608,179.471051,1.73367381,0
4.200000,210,0,840,2.94638157,1.02848113,58.927628,1.02848113,58.927628,1.93847120,111.066218,-0.21519589,-0.21519589,-0.21519589,-0.21519589,0.93002164,53.286315,0.93995410,53.855403,2.21172452,126.722480,1.98648596,113.817261,0.09845948,5.641313,0.08852702,5.072225,3.15082455,180.528949,3.15257764,180.629393,0.51857519,29.712170,0.35061708,20.088879,179.471051,179.370607,1.76524401,0
4.205000,210,1,841,2.94638157,1.02848113,58.927628,1.02848113,58.927628,1.93847120,111.066218,-0.21519589,0.50503397,-0.21519589,0.50503397,0.93995410,53.855403,0.95094985,54.485413,1.98648596,113.817261,2.19914460,126.001704,0.08852702,5.072225,0.07753128,4.442215,3.15257764,180.629393,3.15494943,180.765287,0.35061708,20.088879,0.47438121,27.180041,179.370607,179.234713,1.76524401,0
4.210000,210,2,842,2.94638157,1.02848113,58.927628,1.02848113,58.927628,1.93847120,111.066218,0.50503397,0.14964342,0.50503397,0.14964342,0.95094985,54.485413,0.96192855,55.114446,2.19914460,126.001704,2.19574308,125.806812,0.07753128,4.442215,0.06655258,3.813182,3.15494943,180.765287,3.15723014,180.895962,0.47438121,27.180041,0.45614639,26.135263,179.234713,179.104038,1.76524401,0
4.215000,210,3,843,2.94638157,1.02848113,58.927628,1.02848113,58.927628,1.93847120,111.066218,0.14964342,-0.06776381,0.14964342,-0.06776381,0.96192855,55.114446,0.97222942,55.704643,2.19574308,125.806812,2.06017256,118.039193,0.06655258,3.813182,0.05625170,3.222985,3.15723014,180.895962,3.15898824,180.996694,0.45614639,26.135263,0.35163105,20.146975,179.104038,179.003306,1.76524401,0
4.220000,211,0,844,3.06066108,1.06837225,61.213221,1.06837225,61.213221,1.99455619,114.279652,-0.18741369,-0.18741369,-0.18741369,-0.18741369,0.97222942,55.704643,0.98148876,56.235164,2.06017256,118.039193,1.85186601,106.104106,0.09614283,5.508578,0.08688349,4.978057,3.15898824,180.996694,3.15998816,181.053985,0.35163105,20.146975,0.20000497,11.459440,179.003306,178.946015,1.77972376,0
4.225000,211,1,845,3.06066108,1.06837225,61.213221,1.06837225,61.213221,1.99455619,114.279652,-0.18741369,0.55792427,-0.18741369,0.55792427,0.98148876,56.235164,0.99197239,56.835831,1.85186601,106.104106,2.09671998,120.133206,0.08688349,4.978057,0.07639986,4.377390,3.15998816,181.053985,3.16173697,181.154184,0.20000497,11.459440,0.34977606,20.040692,178.946015,178.845816,1.77972376,0
4.230000,211,2,846,3.06066108,1.06837225,61.213221,1.06837225,61.213221,1.99455619,114.279652,0.55792427,0.19226646,0.55792427,0.19226646,0.99197239,56.835831,1.00256872,57.442956,2.09671998,120.133206,2.11926723,121.425068,0.07639986,4.377390,0.06580353,3.770264,3.16173697,181.154184,3.16350198,181.255312,0.34977606,20.040692,0.35300612,20.225761,178.845816,178.744688,1.77972376,0
4.235000,211,3,847,3.06066108,1.06837225,61.213221,1.06837225,61.213221,1.99455619,114.279652,0.19226646,-0.03402519,0.19226646,-0.03402519,1.00256872,57.442956,1.01258993,58.017129,2.11926723,121.425068,2.00424123,114.834563,0.06580353,3.770264,0.05578232,3.196091,3.16350198,181.255312,3.16483212,181.331523,0.35300612,20.225761,0.26602548,15.242137,178.744688,178.668477,1.77972376,0
4.240000,212,0,848,3.17188478,1.10719657,63.437691,1.10719657,63.437691,1.94121599,111.223483,-0.16117096,-0.16117096,-0.16117096,-0.16117096,1.01258993,58.017129,1.02164948,58.536203,2.00424123,114.834563,1.81191969,103.815351,0.09460664,5.420561,0.08554709,4.901487,3.16483212,181.331523,3.16547513,181.368365,0.26602548,15.242137,0.12861481,7.369086,178.668477,178.631635,1.78967202,0
4.245000,212,1,849,3.17188478,1.10719657,63.437691,1.10719657,63.437691,1.94121599,111.223483,-0.16117096,0.55664539,-0.16117096,0.55664539,1.02164948,58.536203,1.03192961,59.125212,1.81191969,103.815351,2.05602431,117.801516,0.08554709,4.901487,0.07526696,4.312479,3.16547513,181.368365,3.16688156,181.448948,0.12861481,7.369086,0.28128022,16.116169,178.631635,178.551052,1.78967202,0
4.250000,212,2,850,3.17188478,1.10719657,63.437691,1.10719657,63.437691,1.94121599,111.223483,0.55664539,0.19553280,0.55664539,0.19553280,1.03192961,59.125212,1.04233253,59.721255,2.05602431,117.801516,2.08058405,119.208685,0.07526696,4.312479,0.06486404,3.716436,3.16688156,181.448948,3.16832662,181.531743,0.28128022,16.116169,0.28903443,16.560453,178.551052,178.468257,1.78967202,0
4.255000,212,3,851,3.17188478,1.10719657,63.437691,1.10719657,63.437691,1.94121599,111.223483,0.19553280,-0.02817249,0.19553280,-0.02817249,1.04233253,59.721255,1.05217826,60.285374,2.08058405,119.208685,1.96914136,112.823489,0.06486404,3.716436,0.05501831,3.152317,3.16832662,181.531743,3.16936374,181.591166,0.28903443,16.560453,0.20741647,11.884089,178.468257,178.408834,1.78967202,0
4.260000,213,0,852,3.28522515,1.14675987,65.704501,1.14675987,65.704501,1.97816491,113.340501,-0.15409184,-0.15409184,-0.15409184,-0.15409184,1.05217826,60.285374,1.06108403,60.795637,1.96914136,112.823489,1.78114712,102.052213,0.09458160,5.419127,0.08567584,4.908864,3.16936374,181.591166,3.16974211,181.612845,0.20741647,11.884089,0.07566696,4.335398,178.408834,178.387155,1.79110909,0
4.265000,213,1,853,3.28522515,1.14675987,65.704501,1.14675987,65.704501,1.97816491,113.340501,-0.15409184,0.57882452,-0.15409184,0.57882452,1.06108403,60.795637,1.07127786,61.379700,1.78114712,102.052213,2.03875828,116.812245,0.08567584,4.908864,0.07548201,4.324801,3.16974211,181.612845,3.17094183,181.681584,0.07566696,4.335398,0.23992296,13.746573,178.387155,178.318416,1.79110909,0
4.270000,213,2,854,3.28522515,1.14675987,65.704501,1.14675987,65.704501,1.97816491,113.340501,0.57882452,0.21083403,0.57882452,0.21083403,1.07127786,61.379700,1.08164108,61.973469,2.03875828,116.812245,2.07264161,118.753617,0.07548201,4.324801,0.06511879,3.731032,3.17094183,181.681584,3.17222357,181.755022,0.23992296,13.746573,0.25637013,14.688926,178.318416,178.244978,1.79110909,0
4.275000,213,3,855,3.28522515,1.14675987,65.704501,1.14675987,65.704501,1.97816491,113.340501,0.21083403,-0.01801729,0.21083403,-0.01801729,1.08164108,61.973469,1.09147799,62.537082,2.07264161,118.753617,1.96739316,112.723325,0.06511879,3.731032,0.05528188,3.167418,3.17222357,181.755022,3.17312980,181.806945,0.25637013,14.688926,0.18126231,10.385566,178.244978,178.193055,1.79110909,0
4.280000,214,0,856,3.39685583,1.18572628,67.937112,1.18572628,67.937112,1.94832087,111.630563,-0.14770555,-0.14770555,-0.14770555,-0.14770555,1.09147799,62.537082,1.10039449,63.047960,1.96739316,112.723325,1.78330112,102.175627,0.09424829,5.400030,0.08533180,4.889152,3.17312980,181.806945,3.17340183,181.822532,0.18126231,10.385566,0.05440942,3.117430,178.193055,178.177468,1.79203749,0
4.285000,214,1,857,3.39685583,1.18572628,67.937112,1.18572628,67.937112,1.94832087,111.630563,-0.14770555,0.57057047,-0.14770555,0.57057047,1.10039449,63.047960,1.11057401,63.631203,1.78330112,102.175627,2.03591275,116.649208,0.08533180,4.889152,0.07515228,4.305908,3.17340183,181.822532,3.17448974,181.884864,0.05440942,3.117430,0.21758471,12.466686,178.177468,178.115136,1.79203749,0
4.290000,214,2,858,3.39685583,1.18572628,67.937112,1.18572628,67.937112,1.94832087,111.630563,0.57057047,0.20605326,0.57057047,0.20605326,1.11057401,63.631203,1.12090850,64.223326,2.03591275,116.649208,2.06690764,118.425085,0.07515228,4.305908,0.06481779,3.713786,3.17448974,181.884864,3.17566133,181.951991,0.21758471,12.466686,0.23429573,13.424156,178.115136,178.048009,1.79203749,0
4.295000,214,3,859,3.39685583,1.18572628,67.937112,1.18572628,67.937112,1.94832087,111.630563,0.20605326,-0.02038527,0.20605326,-0.02038527,1.12090850,64.223326,1.13070965,64.784891,2.06690764,118.425085,1.96023715,112.313315,0.06481779,3.713786,0.05501664,3.152221,3.17566133,181.951991,3.17646313,181.997931,0.23429573,13.424156,0.16035675,9.187765,178.048009,178.002069,1.79203749,0
4.300000,215,0,860,3.50918651,1.22493708,70.183725,1.22493708,70.183725,1.96053982,112.330657,-0.14845228,-0.14845228,-0.14845228,-0.14845228,1.13070965,64.784891,1.13958824,65.293596,1.96023715,112.313315,1.77570844,101.740599,0.09422743,5.398834,0.08534884,4.890129,3.17646313,181.997931,3.17663932,182.008026,0.16035675,9.187765,0.03525389,2.019899,178.002069,177.991974,1.78961229,0
4.305000,215,1,861,3.50918651,1.22493708,70.183725,1.22493708,70.183725,1.96053982,112.330657,-0.14845228,0.57574701,-0.14845228,0.57574701,1.13958824,65.293596,1.14974570,65.875576,1.77570844,101.740599,2.03148365,116.395439,0.08534884,4.890129,0.07519138,4.308149,3.17663932,182.008026,3.17765188,182.066042,0.03525389,2.019899,0.20250417,11.602634,177.991974,177.933958,1.78961229,0
4.310000,215,2,862,3.50918651,1.22493708,70.183725,1.22493708,70.183725,1.96053982,112.330657,0.57574701,0.20965433,0.57574701,0.20965433,1.14974570,65.875576,1.16006911,66.467064,2.03148365,116.395439,2.06468415,118.297688,0.07519138,4.308149,0.06486797,3.716661,3.17765188,182.066042,3.17876506,182.129822,0.20250417,11.602634,0.22261813,12.755079,177.933958,177.870178,1.78961229,0
4.315000,215,3,863,3.50918651,1.22493708,70.183725,1.22493708,70.183725,1.96053982,112.330657,0.20965433,-0.01796293,0.20965433,-0.01796293,1.16006911,66.467064,1.16986656,67.028417,2.06468415,118.297688,1.95950246,112.271221,0.06486797,3.716661,0.05507052,3.155308,3.17876506,182.129822,3.17952299,182.173248,0.22261813,12.755079,0.15156975,8.684307,177.870178,177.826752,1.78961229,0
4.320000,216,0,864,3.61981416,1.26355350,72.396283,1.26355350,72.396283,1.93082094,110.627891,-0.14690542,-0.14690542,-0.14690542,-0.14690542,1.16986656,67.028417,1.17874622,67.537184,1.95950246,112.271221,1.77593005,101.753296,0.09368694,5.367866,0.08480728,4.859099,3.17952299,182.173248,3.17966795,182.181554,0.15156975,8.684307,0.02896952,1.659831,177.826752,177.818446,1.78760612,0
4.325000,216,1,865,3.61981416,1.26355350,72.396283,1.26355350,72.396283,1.93082094,110.627891,-0.14690542,0.56477499,-0.14690542,0.56477499,1.17874622,67.537184,1.18887150,68.117319,1.77593005,101.753296,2.02504945,116.026787,0.08480728,4.859099,0.07468200,4.278963,3.17966795,182.181554,3.18063617,182.237029,0.02896952,1.659831,0.19364251,11.094899,177.818446,177.762971,1.78760612,0
4.330000,216,2,866,3.61981416,1.26355350,72.396283,1.26355350,72.396283,1.93082094,110.627891,0.56477499,0.20356703,0.56477499,0.20356703,1.18887150,68.117319,1.19914436,68.705911,2.02504945,116.026787,2.05456424,117.717860,0.07468200,4.278963,0.06440914,3.690372,3.18063617,182.237029,3.18170190,182.298090,0.19364251,11.094899,0.21313511,12.211742,177.762971,177.701910,1.78760612,0
4.335000,216,3,867,3.61981416,1.26355350,72.396283,1.26355350,72.396283,1.93082094,110.627891,0.20356703,-0.02069330,0.20356703,-0.02069330,1.19914436,68.705911,1.20888305,69.263897,2.05456424,117.717860,1.94773757,111.597143,0.06440914,3.690372,0.05467045,3.132386,3.18170190,182.298090,3.18241596,182.339003,0.21313511,12.211742,0.14279144,8.181347,177.701910,177.660997,1.78760612,0
4.340000,217,0,868,3.72978020,1.30193889,74.595604,1.30193889,74.595604,1.91926956,109.966046,-0.14741373,-0.14741373,-0.14741373,-0.14741373,1.20888305,69.263897,1.21770239,69.769208,1.94773757,111.597143,1.76387119,101.062375,0.09305584,5.331707,0.08423650,4.826396,3.18241596,182.339003,3.18252468,182.345232,0.14279144,8.181347,0.02175891,1.246694,177.660997,177.654768,1.78407168,0
4.345000,217,1,869,3.72978020,1.30193889,74.595604,1.30193889,74.595604,1.91926956,109.966046,-0.14741373,0.56104231,-0.14741373,0.56104231,1.21770239,69.769208,1.22775602,70.345238,1.76387119,101.062375,2.01073551,115.206659,0.08423650,4.826396,0.07418287,4.250365,3.18252468,182.345232,3.18345809,182.398713,0.02175891,1.246694,0.18666561,10.695152,177.654768,177.601287,1.78407168,0
4.350000,217,2,870,3.72978020,1.30193889,74.595604,1.30193889,74.595604,1.91926956,109.966046,0.56104231,0.20270300,0.56104231,0.20270300,1.22775602,70.345238,1.23795474,70.929582,2.01073551,115.206659,2.03973913,116.868444,0.07418287,4.250365,0.06398416,3.666022,3.18345809,182.398713,3.18449569,182.458163,0.18666561,10.695152,0.20753910,11.891114,177.601287,177.541837,1.78407168,0
4.355000,217,3,871,3.72978020,1.30193889,74.595604,1.30193889,74.595604,1.91926956,109.966046,0.20270300,-0.01974726,0.20270300,-0.01974726,1.23795474,70.929582,1.24762225,71.483489,2.03973913,116.868444,1.93350208,110.781509,0.06398416,3.666022,0.05431664,3.112114,3.18449569,182.458163,3.18519211,182.498065,0.20753910,11.891114,0.13929014,7.980737,177.541837,177.501935,1.78407168,0
4.360000,218,0,872,3.83750939,1.33954346,76.750187,1.33954346,76.750187,1.88022852,107.729159,-0.14542055,-0.14542055,-0.14542055,-0.14542055,1.24762225,71.483489,1.25637650,71.985071,1.93350208,110.781509,1.75086188,100.316996,0.09192121,5.266697,0.08316696,4.765116,3.18519211,182.498065,3.18529582,182.504007,0.13929014,7.980737,0.02075811,1.189352,177.501935,177.495993,1.78089571,0
4.365000,218,1,873,3.83750939,1.33954346,76.750187,1.33954346,76.750187,1.88022852,107.729159,-0.14542055,0.54793978,-0.14542055,0.54793978,1.25637650,71.985071,1.26632535,72.555098,1.75086188,100.316996,1.98977363,114.005631,0.08316696,4.765116,0.07321811,4.195089,3.18529582,182.504007,3.18620610,182.556162,0.02075811,1.189352,0.18205854,10.431186,177.495993,177.443838,1.78089571,0
4.370000,218,2,874,3.83750939,1.33954346,76.750187,1.33954346,76.750187,1.88022852,107.729159,0.54793978,0.19676065,0.54793978,0.19676065,1.26632535,72.555098,1.27640128,73.132406,1.98977363,114.005631,2.01517844,115.461220,0.07321811,4.195089,0.06314218,3.617780,3.18620610,182.556162,3.18721724,182.614096,0.18205854,10.431186,0.20221211,11.585900,177.443838,177.385904,1.78089571,0
4.375000,218,3,875,3.83750939,1.33954346,76.750187,1.33954346,76.750187,1.88022852,107.729159,0.19676065,-0.02094221,0.19676065,-0.02094221,1.27640128,73.132406,1.28594244,73.679074,2.01517844,115.461220,1.90822887,109.333461,0.06314218,3.617780,0.05360103,3.071113,3.18721724,182.614096,3.18789291,182.652810,0.20221211,11.585900,0.13514346,7.743150,177.385904,177.347190,1.78089571,0
4.380000,219,0,876,3.94311714,1.37640750,78.862341,1.37640750,78.862341,1.84320211,105.607702,-0.14363241,-0.14363241,-0.14363241,-0.14363241,1.28594244,73.679074,1.29457593,74.173737,1.90822887,109.333461,1.72668982,98.932039,0.09046507,5.183267,0.08183157,4.688604,3.18789291,182.652810,3.18798780,182.658246,0.13514346,7.743150,0.01897747,1.087329,177.347190,177.341754,1.77732635,0
4.385000,219,1,877,3.94311714,1.37640750,78.862341,1.37640750,78.862341,1.84320211,105.607702,-0.14363241,0.53663206,-0.14363241,0.53663206,1.29457593,74.173737,1.30436969,74.734878,1.72668982,98.932039,1.95874000,112.227535,0.08183157,4.688604,0.07203782,4.127463,3.18798780,182.658246,3.18887448,182.709049,0.01897747,1.087329,0.17734098,10.160890,177.341754,177.290951,1.77732635,0
4.390000,219,2,878,3.94311714,1.37640750,78.862341,1.37640750,78.862341,1.84320211,105.607702,0.53663206,0.19292593,0.53663206,0.19292593,1.30436969,74.734878,1.31427884,75.302631,1.95874000,112.227535,1.98182666,113.550304,0.07203782,4.127463,0.06212866,3.559710,3.18887448,182.709049,3.18986225,182.765644,0.17734098,10.160890,0.19756870,11.319853,177.290951,177.234356,1.77732635,0
4.395000,219,3,879,3.94311714,1.37640750,78.862341,1.37640750,78.862341,1.84320211,105.607702,0.19292593,-0.01996279,0.19292593,-0.01996279,1.31427884,75.302631,1.32365632,75.839921,1.98182666,113.550304,1.87548614,107.457440,0.06212866,3.559710,0.05275118,3.022420,3.18986225,182.765644,3.19052482,182.803606,0.19756870,11.319853,0.13250348,7.591890,177.234356,177.196394,1.77732635,0
4.400000,220,0,880,4.04540014,1.41211104,80.908003,1.41211104,80.908003,1.78517699,102.283107,-0.13976908,-0.13976908,-0.13976908,-0.13976908,1.32365632,75.839921,1.33213782,76.325875,1.87548614,107.457440,1.69630957,97.191379,0.08845472,5.068082,0.07997322,4.582128,3.19052482,182.803606,3.19062233,182.809194,0.13250348,7.591890,0.01949214,1.116817,177.196394,177.190806,1.77455509,0
4.405000,220,1,881,4.04540014,1.41211104,80.908003,1.41211104,80.908003,1.78517699,102.283107,-0.13976908,0.51881695,-0.13976908,0.51881695,1.33213782,76.325875,1.34172559,76.875213,1.69630957,97.191379,1.91754127,109.867022,0.07997322,4.582128,0.07038546,4.032790,3.19062233,182.809194,3.19148350,182.858535,0.01949214,1.116817,0.17225063,9.869234,177.190806,177.141465,1.77455509,0
4.410000,220,2,882,4.04540014,1.41211104,80.908003,1.41211104,80.908003,1.78517699,102.283107,0.51881695,0.18612576,0.51881695,0.18612576,1.34172559,76.875213,1.35140812,77.429982,1.91754127,109.867022,1.93650675,110.953664,0.07038546,4.032790,0.06070292,3.478021,3.19148350,182.858535,3.19244003,182.913340,0.17225063,9.869234,0.19131134,10.961333,177.141465,177.086660,1.77455509,0
4.415000,220,3,883,4.04540014,1.41211104,80.908003,1.41211104,80.908003,1.78517699,102.283107,0.18612576,-0.01960850,0.18612576,-0.01960850,1.35140812,77.429982,1.36056006,77.954349,1.93650675,110.953664,1.83039474,104.873894,0.06070292,3.478021,0.05155098,2.953654,3.19244003,182.913340,3.19307971,182.949991,0.19131134,10.961333,0.12794758,7.330857,177.086660,177.050009,1.77455509,0
4.420000,221,0,884,4.14409065,1.44656050,82.881812,1.44656050,82.881812,1.72247291,98.690428,-0.13504696,-0.13504696,-0.13504696,-0.13504696,1.36056006,77.954349,1.36883056,78.428214,1.83039474,104.873894,1.65410244,94.773089,0.08600044,4.927462,0.07772994,4.453598,3.19307971,182.949991,3.19317174,182.955264,0.12794758,7.330857,0.01838239,1.053233,177.050009,177.044736,1.77225852,0
4.425000,221,1,885,4.14409065,1.44656050,82.881812,1.44656050,82.881812,1.72247291,98.690428,-0.13504696,0.50083971,-0.13504696,0.50083971,1.36883056,78.428214,1.37815261,78.962328,1.65410244,94.773089,1.86441660,106.823202,0.07772994,4.453598,0.06840789,3.919484,3.19317174,182.955264,3.19399881,183.002652,0.01838239,1.053233,0.16541107,9.477356,177.044736,176.997348,1.77225852,0
4.430000,221,2,886,4.14409065,1.44656050,82.881812,1.44656050,82.881812,1.72247291,98.690428,0.50083971,0.18041658,0.50083971,0.18041658,1.37815261,78.962328,1.38755226,79.500888,1.86441660,106.823202,1.87992358,107.711687,0.06840789,3.919484,0.05900824,3.380923,3.19399881,183.002652,3.19491720,183.055272,0.16541107,9.477356,0.18367839,10.523996,176.997348,176.944728,1.77225852,0
4.435000,221,3,887,4.14409065,1.44656050,82.881812,1.44656050,82.881812,1.72247291,98.690428,0.18041658,-0.01745558,0.18041658,-0.01745558,1.38755226,79.500888,1.39642787,80.009423,1.87992358,107.711687,1.77513325,101.707643,0.05900824,3.380923,0.05013263,2.872388,3.19491720,183.055272,3.19553065,183.090420,0.18367839,10.523996,0.12267086,7.028522,176.944728,176.909580,1.77225852,0
4.440000,222,0,888,4.23829651,1.47944450,84.765926,1.47944450,84.765926,1.64420009,94.205726,-0.12821150,-0.12821150,-0.12821150,-0.12821150,1.39642787,80.009423,1.40444291,80.468651,1.77513325,101.707643,1.60300934,91.845670,0.08301663,4.756503,0.07500160,4.297275,3.19553065,183.090420,3.19561720,183.095378,0.12267086,7.028522,0.01733262,0.993086,176.909580,176.904622,1.77103198,0
4.445000,222,1,889,4.23829651,1.47944450,84.765926,1.47944450,84.765926,1.64420009,94.205726,-0.12821150,0.47882271,-0.12821150,0.47882271,1.40444291,80.468651,1.41344261,80.984296,1.60300934,91.845670,1.79994929,103.129498,0.07500160,4.297275,0.06600189,3.781630,3.19561720,183.095378,3.19640183,183.140335,0.01733262,0.993086,0.15693037,8.991448,176.904622,176.859665,1.77103198,0
4.450000,222,2,890,4.23829651,1.47944450,84.765926,1.47944450,84.765926,1.64420009,94.205726,0.47882271,0.17336655,0.47882271,0.17336655,1.41344261,80.984296,1.42249846,81.503158,1.79994929,103.129498,1.81118190,103.773079,0.06600189,3.781630,0.05694604,3.262768,3.19640183,183.140335,3.19727087,183.190127,0.15693037,8.991448,0.17378525,9.957162,176.859665,176.809873,1.77103198,0
4.455000,222,3,891,4.23829651,1.47944450,84.765926,1.47944450,84.765926,1.64420009,94.205726,0.17336655,-0.01490784,0.17336655,-0.01490784,1.42249846,81.503158,1.43103826,81.992453,1.81118190,103.773079,1.70795250,97.858470,0.05694604,3.262768,0.04840624,2.773473,3.19727087,183.190127,3.19784689,183.223130,0.17378525,9.957162,0.11520787,6.600925,176.809873,176.776870,1.77103198,0
4.460000,223,0,892,4.32765436,1.51063633,86.553086,1.51063633,86.553086,1.55959129,89.357999,-0.11993980,-0.11993980,-0.11993980,-0.11993980,1.43103826,81.992453,1.43874264,82.433881,1.70795250,97.858470,1.54086959,88.285324,0.07959807,4.560633,0.07189369,4.119205,3.19784689,183.223130,3.19791985,183.227310,0.11520787,6.600925,0.01458500,0.835659,176.776870,176.772690,1.77066720,0
4.465000,223,1,893,4.32765436,1.51063633,86.553086,1.51063633,86.553086,1.55959129,89.357999,-0.11993980,0.45625114,-0.11993980,0.45625114,1.43874264,82.433881,1.44736314,82.927799,1.54086959,88.285324,1.72409749,98.783510,0.07189369,4.119205,0.06327319,3.625287,3.19791985,183.227310,3.19865203,183.269261,0.01458500,0.835659,0.14643414,8.390058,176.772690,176.730739,1.77066720,0
4.470000,223,2,894,4.32765436,1.51063633,86.553086,1.51063633,86.553086,1.55959129,89.357999,0.45625114,0.16711617,0.45625114,0.16711617,1.44736314,82.927799,1.45602083,83.423849,1.72409749,98.783510,1.73154128,99.210007,0.06327319,3.625287,0.05461550,3.129238,3.19865203,183.269261,3.19946241,183.315693,0.14643414,8.390058,0.16209672,9.287458,176.730739,176.684307,1.77066720,0
4.475000,223,3,895,4.32765436,1.51063633,86.553086,1.51063633,86.553086,1.55959129,89.357999,0.16711617,-0.01078224,0.16711617,-0.01078224,1.45602083,83.423849,1.46417499,83.891047,1.73154128,99.210007,1.63083124,93.439747,0.05461550,3.129238,0.04646134,2.662039,3.19946241,183.315693,3.19999480,183.346197,0.16209672,9.287458,0.10647789,6.100734,176.684307,176.653803,1.77066720,0
4.480000,224,0,896,4.41150331,1.53990507,88.230061,1.53990507,88.230061,1.46343708,83.848768,-0.10970688,-0.10970688,-0.10970688,-0.10970688,1.46417499,83.891047,1.47152483,84.312162,1.63083124,93.439747,1.46998072,84.223691,0.07573009,4.339014,0.06838024,3.917899,3.19999480,183.346197,3.20005107,183.349420,0.10647789,6.100734,0.01125061,0.644612,176.653803,176.650580,1.77146947,0
4.485000,224,1,897,4.41150331,1.53990507,88.230061,1.53990507,88.230061,1.46343708,83.848768,-0.10970688,0.43114281,-0.10970688,0.43114281,1.47152483,84.312162,1.47971463,84.781403,1.46998072,84.223691,1.63795352,93.847824,0.06838024,3.917899,0.06019044,3.448658,3.20005107,183.349420,3.20072222,183.387874,0.01125061,0.644612,0.13421734,7.690087,176.650580,176.612126,1.77146947,0
4.490000,224,2,898,4.41150331,1.53990507,88.230061,1.53990507,88.230061,1.46343708,83.848768,0.43114281,0.16033936,0.43114281,0.16033936,1.47971463,84.781403,1.48792112,85.251600,1.63795352,93.847824,1.64128733,94.038837,0.06019044,3.448658,0.05198395,2.978461,3.20072222,183.387874,3.20146394,183.430372,0.13421734,7.690087,0.14835744,8.500255,176.612126,176.569628,1.77146947,0
4.495000,224,3,899,4.41150331,1.53990507,88.230061,1.53990507,88.230061,1.46343708,83.848768,0.16033936,-0.00591660,0.16033936,-0.00591660,1.48792112,85.251600,1.49563885,85.693794,1.64128733,94.038837,1.54354560,88.438649,0.05198395,2.978461,0.04426622,2.536268,3.20146394,183.430372,3.20194340,183.457843,0.14835744,8.500255,0.09587137,5.493025,176.569628,176.542157,1.77146947,0
4.500000,225,0,900,4.48949432,1.56712914,89.789885,1.56712914,89.789885,1.36120319,77.991198,-0.09800339,-0.09800339,-0.09800339,-0.09800339,1.49563885,85.693794,1.50258791,86.091946,1.54354560,88.438649,1.38982034,79.630840,0.07149029,4.096092,0.06454122,3.697940,3.20194340,183.457843,3.20197582,183.459701,0.09587137,5.493025,0.00650403,0.372654,176.542157,176.540299,1.77334070,0
4.505000,225,1,901,4.48949432,1.56712914,89.789885,1.56712914,89.789885,1.36120319,77.991198,-0.09800339,0.40542984,-0.09800339,0.40542984,1.50258791,86.091946,1.51029873,86.533743,1.38982034,79.630840,1.54216933,88.359794,0.06454122,3.697940,0.05683041,3.256142,3.20197582,183.459701,3.20257688,183.494139,0.00650403,0.372654,0.12021415,6.887763,176.540299,176.505861,1.77334070,0
4.510000,225,2,902,4.48949432,1.56712914,89.789885,1.56712914,89.789885,1.36120319,77.991198,0.40542984,0.15415764,0.40542984,0.15415764,1.51029873,86.533743,1.51800752,86.975424,1.54216933,88.359794,1.54175389,88.335991,0.05683041,3.256142,0.04912162,2.814461,3.20257688,183.494139,3.20324159,183.532224,0.12021415,6.887763,0.13293405,7.616560,176.505861,176.467776,1.77334070,0
4.515000,225,3,903,4.48949432,1.56712914,89.789885,1.56712914,89.789885,1.36120319,77.991198,0.15415764,0.00024796,0.15415764,0.00024796,1.51800752,86.975424,1.52524638,87.390180,1.54175389,88.335991,1.44776893,82.951049,0.04912162,2.814461,0.04188275,2.399705,3.20324159,183.532224,3.20366144,183.556280,0.13293405,7.616560,0.08396178,4.810656,176.467776,176.443720,1.77334070,0
4.520000,226,0,904,4.56115675,1.59214401,91.223132,1.59214401,91.223132,1.25074387,71.662345,-0.08465767,-0.08465767,-0.08465767,-0.08465767,1.52524638,87.390180,1.53175724,87.763225,1.44776893,82.951049,1.30216622,74.608629,0.06689763,3.832952,0.06038678,3.459907,3.20366144,183.556280,3.20366621,183.556553,0.08396178,4.810656,0.00097102,0.055635,176.443720,176.443447,1.77646470,0
4.525000,226,1,905,4.56115675,1.59214401,91.223132,1.59214401,91.223132,1.25074387,71.662345,-0.08465767,0.37817955,-0.08465767,0.37817955,1.53175724,87.763225,1.53894699,88.175167,1.30216622,74.608629,1.43795574,82.388795,0.06038678,3.459907,0.05319703,3.047965,3.20366621,183.556553,3.20418954,183.586537,0.00097102,0.055635,0.10465935,5.996539,176.443447,176.413463,1.77646470,0
4.530000,226,2,906,4.56115675,1.59214401,91.223132,1.59214401,91.223132,1.25074387,71.662345,0.37817955,0.14787865,0.37817955,0.14787865,1.53894699,88.175167,1.54611564,88.585901,1.43795574,82.388795,1.43373072,82.146719,0.05319703,3.047965,0.04602838,2.637232,3.20418954,183.586537,3.20476842,183.619705,0.10465935,5.996539,0.11576837,6.633039,176.413463,176.380295,1.77646470,0
4.535000,226,3,907,4.56115675,1.59214401,91.223132,1.59214401,91.223132,1.25074387,71.662345,0.14787865,0.00719833,0.14787865,0.00719833,1.54611564,88.585901,1.55283558,88.970925,1.43373072,82.146719,1.34397900,77.004325,0.04602838,2.637232,0.03930843,2.252207,3.20476842,183.619705,3.20512080,183.639895,0.11576837,6.633039,0.07046997,4.037632,176.380295,176.360105,1.77646470,0
4.540000,227,0,908,4.62617922,1.61484110,92.523580,1.61484110,92.523580,1.13485456,65.022376,-0.07002258,-0.07002258,-0.07002258,-0.07002258,1.55283558,88.970925,1.55887198,89.316786,1.34397900,77.004325,1.20728123,69.172119,0.06200552,3.552655,0.05596912,3.206794,3.20512080,183.639895,3.20509195,183.638242,0.07046997,4.037632,-0.00578522,-0.331469,176.360105,176.361758,1.78089166,0
4.545000,227,1,909,4.62617922,1.61484110,92.523580,1.61484110,92.523580,1.13485456,65.022376,-0.07002258,0.35027361,-0.07002258,0.35027361,1.55887198,89.316786,1.56550252,89.696687,1.20728123,69.172119,1.32611132,75.980582,0.05596912,3.206794,0.04933858,2.826892,3.20509195,183.638242,3.20552921,183.663295,-0.00578522,-0.331469,0.08745563,5.010839,176.361758,176.336705,1.78089166,0
4.550000,227,2,910,4.62617922,1.61484110,92.523580,1.61484110,92.523580,1.13485456,65.022376,0.35027361,0.14196062,0.35027361,0.14196062,1.56550252,89.696687,1.57209396,90.074349,1.32611132,75.980582,1.31829476,75.532726,0.04933858,2.826892,0.04274714,2.449231,3.20552921,183.663295,3.20601392,183.691067,0.08745563,5.010839,0.09693182,5.553784,176.336705,176.308933,1.78089166,0
4.555000,227,3,911,4.62617922,1.61484110,92.523580,1.61484110,92.523580,1.13485456,65.022376,0.14196062,0.01511431,0.14196062,0.01511431,1.57209396,90.074349,1.57826078,90.427682,1.31829476,75.532726,1.23336184,70.666428,0.04274714,2.449231,0.03658032,2.095898,3.20601392,183.691067,3.20629144,183.706967,0.09693182,5.553784,0.05552418,3.181301,176.308933,176.293033,1.78089166,0
4.560000,228,0,912,4.68427896,1.63512182,93.685579,1.63512182,93.685579,1.01403594,58.099980,-0.05411482,-0.05411482,-0.05411482,-0.05411482,1.57826078,90.427682,1.58379245,90.744623,1.23336184,70.666428,1.10634136,63.388691,0.05686104,3.257898,0.05132937,2.940957,3.20629144,183.706967,3.20622325,183.703060,0.05552418,3.181301,-0.01365844,-0.782571,176.293033,176.296940,1.78671384,0
4.565000,228,1,913,4.68427896,1.63512182,93.685579,1.63512182,93.685579,1.01403594,58.099980,-0.05411482,0.32178307,-0.05411482,0.32178307,1.58379245,90.744623,1.58983171,91.090647,1.10634136,63.388691,1.20785522,69.205007,0.05132937,2.940957,0.04529011,2.594932,3.20622325,183.703060,3.20656681,183.722745,-0.01365844,-0.782571,0.06872222,3.937493,176.296940,176.277255,1.78671384,0
4.570000,228,2,914,4.68427896,1.63512182,93.685579,1.63512182,93.685579,1.01403594,58.099980,0.32178307,0.13632774,0.32178307,0.13632774,1.58983171,91.090647,1.59581482,91.433454,1.20785522,69.205007,1.19661903,68.561220,0.04529011,2.594932,0.03930700,2.252125,3.20656681,183.722745,3.20694923,183.744656,0.06872222,3.937493,0.07649848,4.383040,176.277255,176.255344,1.78671384,0
4.575000,228,3,915,4.68427896,1.63512182,93.685579,1.63512182,93.685579,1.01403594,58.099980,0.13632774,0.02382469,0.13632774,0.02382469,1.59581482,91.433454,1.60139978,91.753449,1.19661903,68.561220,1.11698627,63.998599,0.03930700,2.252125,0.03372204,1.932131,3.20694923,183.744656,3.20714474,183.755858,0.07649848,4.383040,0.03911512,2.241131,176.255344,176.244142,1.78671384,0
4.580000,229,0,916,4.73534298,1.65294647,94.706857,1.65294647,94.706857,0.89123249,51.063860,-0.03714561,-0.03714561,-0.03714561,-0.03714561,1.60139978,91.753449,1.60640121,92.040009,1.11698627,63.998599,1.00028670,57.312206,0.05154669,2.953408,0.04654527,2.666847,3.20714474,183.755858,3.20703101,183.749342,0.03911512,2.241131,-0.02275765,-1.303917,176.244142,176.250658,1.79384887,0
4.585000,229,1,917,4.73534298,1.65294647,94.706857,1.65294647,94.706857,0.89123249,51.063860,-0.03714561,0.29366302,-0.03714561,0.29366302,1.60640121,92.040009,1.61182475,92.350756,1.00028670,57.312206,1.08470809,62.149196,0.04654527,2.666847,0.04112172,2.356101,3.20703101,183.749342,3.20727468,183.763303,-0.02275765,-1.303917,0.04872038,2.791472,176.250658,176.236697,1.79384887,0
4.590000,229,2,918,4.73534298,1.65294647,94.706857,1.65294647,94.706857,0.89123249,51.063860,0.29366302,0.13141251,0.29366302,0.13141251,1.61182475,92.350756,1.61717713,92.657424,1.08470809,62.149196,1.07048690,61.334382,0.04112172,2.356101,0.03576934,2.049432,3.20727468,183.763303,3.20754910,183.779026,0.04872038,2.791472,0.05489033,3.144985,176.236697,176.220974,1.79384887,0
4.595000,229,3,919,4.73534298,1.65294647,94.706857,1.65294647,94.706857,0.89123249,51.063860,0.13141251,0.03342438,0.13141251,0.03342438,1.61717713,92.657424,1.62216055,92.942953,1.07048690,61.334382,0.99669331,57.106320,0.03576934,2.049432,0.03078592,1.763903,3.20754910,183.779026,3.20765758,183.785241,0.05489033,3.144985,0.02169093,1.242799,176.220974,176.214759,1.79384887,0
4.600000,230,0,920,4.77940321,1.66832638,95.588060,1.66832638,95.588060,0.76899529,44.060184,-0.01923370,-0.01923370,-0.01923370,-0.01923370,1.62216055,92.942953,1.62661493,93.198170,0.99669331,57.106320,0.89088595,51.044005,0.04616582,2.645107,0.04171145,2.389890,3.20765758,183.785241,3.20749402,183.775870,0.02169093,1.242799,-0.03269368,-1.873210,176.214759,176.224130,1.80207622,0
4.605000,230,1,921,4.77940321,1.66832638,95.588060,1.66832638,95.588060,0.76899529,44.060184,-0.01923370,0.26668167,-0.01923370,0.26668167,1.62661493,93.198170,1.63140941,93.472874,0.89088595,51.044005,0.95890546,54.941236,0.04171145,2.389890,0.03691697,2.115187,3.20749402,183.775870,3.20763469,183.783930,-0.03269368,-1.873210,0.02813848,1.612216,176.224130,176.216070,1.80207622,0
4.610000,230,2,922,4.77940321,1.66832638,95.588060,1.66832638,95.588060,0.76899529,44.060184,0.26668167,0.12746048,0.26668167,0.12746048,1.63140941,93.472874,1.63612080,93.742816,0.95890546,54.941236,0.94228321,53.988851,0.03691697,2.115187,0.03220558,1.845244,3.20763469,183.783930,3.20779920,183.793355,0.02813848,1.612216,0.03288681,1.884275,176.216070,176.206645,1.80207622,0
4.615000,230,3,923,4.77940321,1.66832638,95.588060,1.66832638,95.588060,0.76899529,44.060184,0.12746048,0.04382324,0.12746048,0.04382324,1.63612080,93.742816,1.64049482,93.993430,0.94228321,53.988851,0.87481290,50.123087,0.03220558,1.845244,0.02783155,1.594631,3.20779920,183.793355,3.20781922,183.794503,0.03288681,1.884275,0.00398895,0.228550,176.206645,176.205497,1.80207622,0
4.620000,231,0,924,4.81690264,1.68141615,96.338049,1.68141615,96.338049,0.65448880,37.499446,-0.00067520,-0.00067520,-0.00067520,-0.00067520,1.64049482,93.993430,1.64439631,94.216968,0.87481290,50.123087,0.78028917,44.707276,0.04092133,2.344620,0.03701985,2.121081,3.20781922,183.794503,3.20760489,183.782222,0.00398895,0.228550,-0.04285243,-2.455263,176.205497,176.217778,1.80651951,0
4.625000,231,1,925,4.81690264,1.68141615,96.338049,1.68141615,96.338049,0.65448880,37.499446,-0.00067520,0.24330950,-0.00067520,0.24330950,1.64439631,94.216968,1.64856684,94.455922,0.78028917,44.707276,0.83409941,47.790376,0.03701985,2.121081,0.03284931,1.882127,3.20760489,183.782222,3.20764780,183.784681,-0.04285243,-2.455263,0.00858432,0.491845,176.217778,176.215319,1.80651951,0
4.630000,231,2,926,4.81690264,1.68141615,96.338049,1.68141615,96.338049,0.65448880,37.499446,0.24330950,0.12561846,0.24330950,0.12561846,1.64856684,94.455922,1.65264869,94.689795,0.83409941,47.790376,0.81635714,46.773818,0.03284931,1.882127,0.02876747,1.648254,3.20764780,183.784681,3.20771050,183.788274,0.00858432,0.491845,0.01256076,0.719678,176.215319,176.211726,1.80651951,0
4.635000,231,3,927,4.81690264,1.68141615,96.338049,1.68141615,96.338049,0.65448880,37.499446,0.12561846,0.05528307,0.12561846,0.05528307,1.65264869,94.689795,1.65642798,94.906332,0.81635714,46.773818,0.75585341,43.307211,0.02876747,1.648254,0.02498817,1.431717,3.20771050,183.788274,3.20765138,183.784886,0.01256076,0.719678,-0.01180383,-0.676310,176.211726,176.215114,1.80651951,0
4.640000,232,0,928,4.84813643,1.69231880,96.962725,1.69231880,96.962725,0.54513216,31.233772,0.01824236,0.01824236,0.01824236,0.01824236,1.65642798,94.906332,1.65979218,95.099087,0.75585341,43.307211,0.67282987,38.550312,0.03589082,2.056392,0.03252661,1.863638,3.20765138,183.784886,3.20739555,183.770228,-0.01180383,-0.676310,-0.05114827,-2.930580,176.215114,176.229772,1.81037736,0
4.645000,232,1,929,4.84813643,1.69231880,96.962725,1.69231880,96.962725,0.54513216,31.233772,0.01824236,0.22190237,0.01824236,0.22190237,1.65979218,95.099087,1.66336036,95.303528,0.67282987,38.550312,0.71362400,40.887643,0.03252661,1.863638,0.02895844,1.659196,3.20739555,183.770228,3.20735312,183.767797,-0.05114827,-2.930580,-0.00849986,-0.487006,176.229772,176.232203,1.81037736,0
4.650000,232,2,930,4.84813643,1.69231880,96.962725,1.69231880,96.962725,0.54513216,31.233772,0.22190237,0.12454748,0.22190237,0.12454748,1.66336036,95.303528,1.66683650,95.502697,0.71362400,40.887643,0.69522893,39.833684,0.02895844,1.659196,0.02548230,1.460028,3.20735312,183.767797,3.20732737,183.766322,-0.00849986,-0.487006,-0.00516130,-0.295721,176.232203,176.233678,1.81037736,0
4.655000,232,3,931,4.84813643,1.69231880,96.962725,1.69231880,96.962725,0.54513216,31.233772,0.12454748,0.06674337,0.12454748,0.06674337,1.66683650,95.502697,1.67004490,95.686524,0.69522893,39.833684,0.64169061,36.766164,0.02548230,1.460028,0.02227390,1.276200,3.20732737,183.766322,3.20720148,183.759109,-0.00516130,-0.295721,-0.02516119,-1.441630,176.233678,176.240891,1.81037736,0
4.660000,233,0,932,4.87350988,1.70117581,97.470194,1.70117581,97.470194,0.44285059,25.373470,0.03668356,0.21382380,0.03668356,0.21382380,1.67004490,95.686524,1.67343271,95.880631,0.64169061,36.766164,0.67757195,38.822013,0.03113091,1.783670,0.02774310,1.589563,3.20720148,183.759109,3.20727181,183.763139,-0.02516119,-1.441630,0.01408601,0.807069,176.240891,176.236861,1.81283283,0
4.665000,233,1,933,4.87350988,1.70117581,97.470194,1.70117581,97.470194,0.44285059,25.373470,0.21382380,0.12320948,0.21382380,0.12320948,1.67343271,95.880631,1.67672455,96.069240,0.67757195,38.822013,0.65836269,37.721403,0.02774310,1.589563,0.02445126,1.400954,3.20727181,183.763139,3.20735598,183.767961,0.01408601,0.807069,0.01680947,0.963111,176.236861,176.232039,1.81283283,0
4.670000,233,2,934,4.87350988,1.70117581,97.470194,1.70117581,97.470194,0.44285059,25.373470,0.12320948,0.06960917,0.12320948,0.06960917,1.67672455,96.069240,1.67975736,96.243007,0.65836269,37.721403,0.60656649,34.753700,0.02445126,1.400954,0.02141845,1.227187,3.20735598,183.767961,3.20734572,183.767373,0.01680947,0.963111,-0.00204392,-0.117108,176.232039,176.232627,1.81283283,0
4.675000,233,3,935,4.87350988,1.70117581,97.470194,1.70117581,97.470194,0.44285059,25.373470,0.06960917,0.04195261,0.06960917,0.04195261,1.67975736,96.243007,1.68244720,96.397124,0.60656649,34.753700,0.53795600,30.822608,0.02141845,1.227187,0.01872861,1.073071,3.20734572,183.767373,3.20718551,183.758194,-0.00204392,-0.117108,-0.03206009,-1.836908,176.232627,176.241806,1.81283283,0
4.680000,234,0,936,4.89235163,1.70775282,97.847029,1.70775282,97.847029,0.32885075,18.841760,0.03186274,0.16340303,0.03186274,0.16340303,1.68244720,96.397124,1.68516314,96.552736,0.53795600,30.822608,0.54318285,31.122085,0.02530563,1.449906,0.02258968,1.294294,3.20718551,183.758194,3.20711970,183.754423,-0.03206009,-1.836908,-0.01318192,-0.755268,176.241806,176.245577,1.81707180,0
4.685000,234,1,937,4.89235163,1.70775282,97.847029,1.70775282,97.847029,0.32885075,18.841760,0.16340303,0.10575533,0.16340303,0.10575533,1.68516314,96.552736,1.68772995,96.699803,0.54318285,31.122085,0.51336122,29.413431,0.02258968,1.294294,0.02002287,1.147226,3.20711970,183.754423,3.20703173,183.749383,-0.01318192,-0.755268,-0.01760686,-1.008799,176.245577,176.250617,1.81707180,0
4.690000,234,2,938,4.89235163,1.70775282,97.847029,1.70775282,97.847029,0.32885075,18.841760,0.10575533,0.07341433,0.10575533,0.07341433,1.68772995,96.699803,1.69004929,96.832692,0.51336122,29.413431,0.46387678,26.578182,0.02002287,1.147226,0.01770353,1.014338,3.20703173,183.749383,3.20685601,183.739315,-0.01760686,-1.008799,-0.03513280,-2.012961,176.250617,176.260685,1.81707180,0
4.695000,234,3,939,4.89235163,1.70775282,97.847029,1.70775282,97.847029,0.32885075,18.841760,0.07341433,0.05855227,0.07341433,0.05855227,1.69004929,96.832692,1.69207609,96.948818,0.46387678,26.578182,0.40535587,23.225181,0.01770353,1.014338,0.01567674,0.898211,3.20685601,183.739315,3.20656228,183.722485,-0.03513280,-2.012961,-0.05875657,-3.366503,176.260685,176.277515,1.81707180,0
4.700000,235,0,940,4.90631771,1.71262789,98.126350,1.71262789,98.126350,0.24375319,13.966029,0.05529833,0.15279961,0.05529833,0.15279961,1.69207609,96.948818,1.69409680,97.064597,0.40535587,23.225181,0.40413299,23.155115,0.02055180,1.177531,0.01853108,1.061753,3.20656228,183.722485,3.20633960,183.709727,-0.05875657,-3.366503,-0.04453520,-2.551679,176.277515,176.290273,1.82270217,0
4.705000,235,1,941,4.90631771,1.71262789,98.126350,1.71262789,98.126350,0.24375319,13.966029,0.15279961,0.11316490,0.15279961,0.11316490,1.69409680,97.064597,1.69599092,97.173122,0.40413299,23.155115,0.37881222,21.704342,0.01853108,1.061753,0.01663697,0.953228,3.20633960,183.709727,3.20610738,183.696421,-0.04453520,-2.551679,-0.04644323,-2.661001,176.290273,176.303579,1.82270217,0
4.710000,235,2,942,4.90631771,1.71262789,98.126350,1.71262789,98.126350,0.24375319,13.966029,0.11316490,0.09141350,0.11316490,0.09141350,1.69599092,97.173122,1.69769228,97.270602,0.37881222,21.704342,0.34026608,19.495810,0.01663697,0.953228,0.01493561,0.855748,3.20610738,183.696421,3.20582104,183.680015,-0.04644323,-2.661001,-0.05726602,-3.281101,176.303579,176.319985,1.82270217,0
4.715000,235,3,943,4.90631771,1.71262789,98.126350,1.71262789,98.126350,0.24375319,13.966029,0.09141350,0.08194160,0.09141350,0.08194160,1.69769228,97.270602,1.69917202,97.355385,0.34026608,19.495810,0.29595989,16.957253,0.01493561,0.855748,0.01345587,0.770964,3.20582104,183.680015,3.20546055,183.659361,-0.05726602,-3.281101,-0.07207833,-4.129784,176.319985,176.340639,1.82270217,0
4.720000,236,0,944,4.91457748,1.71551108,98.291545,1.71551108,98.291545,0.14415979,8.259748,0.08057213,0.13823605,0.08057213,0.13823605,1.69917202,97.355385,1.70060146,97.437286,0.29595989,16.957253,0.28587726,16.379560,0.01633906,0.936159,0.01490963,0.854259,3.20546055,183.659361,3.20513868,183.640919,-0.07207833,-4.129784,-0.06439374,-3.689490,176.340639,176.359081,1.82920790,0
4.725000,236,1,945,4.91457748,1.71551108,98.291545,1.71551108,98.291545,0.14415979,8.259748,0.13823605,0.11607265,0.13823605,0.11607265,1.70060146,97.437286,1.70191300,97.512432,0.28587726,16.379560,0.26231828,15.029731,0.01490963,0.854259,0.01359808,0.779113,3.20513868,183.640919,3.20480943,183.622054,-0.06439374,-3.689490,-0.06584709,-3.772760,176.359081,176.377946,1.82920790,0
4.730000,236,2,946,4.91457748,1.71551108,98.291545,1.71551108,98.291545,0.14415979,8.259748,0.11607265,0.10484982,0.11607265,0.10484982,1.70191300,97.512432,1.70307267,97.578876,0.26231828,15.029731,0.23193449,13.288867,0.01359808,0.779113,0.01243842,0.712669,3.20480943,183.622054,3.20444942,183.601427,-0.06584709,-3.772760,-0.07202494,-4.126725,176.377946,176.398573,1.82920790,0
4.735000,236,3,947,4.91457748,1.71551108,98.291545,1.71551108,98.291545,0.14415979,8.259748,0.10484982,0.10101223,0.10484982,0.10101223,1.70307267,97.578876,1.70406878,97.635949,0.23193449,13.288867,0.19921575,11.414222,0.01243842,0.712669,0.01144230,0.655596,3.20444942,183.601427,3.20404959,183.578519,-0.07202494,-4.126725,-0.07996371,-4.581583,176.398573,176.421481,1.82920790,0
4.740000,237,0,948,4.91877604,1.71697664,98.375515,1.71697664,98.375515,0.07327795,4.198517,0.10193539,0.13124657,0.10193539,0.13124657,1.70406878,97.635949,1.70499313,97.688910,0.19921575,11.414222,0.18487665,10.592652,0.01290786,0.739566,0.01198351,0.686605,3.20404959,183.578519,3.20366979,183.556758,-0.07996371,-4.581583,-0.07594176,-4.351142,176.421481,176.443242,1.83605564,0
4.745000,237,1,949,4.91877604,1.71697664,98.375515,1.71697664,98.375515,0.07327795,4.198517,0.13124657,0.12189293,0.13124657,0.12189293,1.70499313,97.688910,1.70581734,97.736134,0.18487665,10.592652,0.16484885,9.445143,0.01198351,0.686605,0.01115930,0.639381,3.20366979,183.556758,3.20329022,183.535010,-0.07594176,-4.351142,-0.07592254,-4.350041,176.443242,176.464990,1.83605564,0
4.750000,237,2,950,4.91877604,1.71697664,98.375515,1.71697664,98.375515,0.07327795,4.198517,0.12189293,0.11816597,0.12189293,0.11816597,1.70581734,97.736134,1.70653009,97.776972,0.16484885,9.445143,0.14255325,8.167700,0.01115930,0.639381,0.01044655,0.598543,3.20329022,183.535010,3.20290208,183.512771,-0.07592254,-4.350041,-0.07763379,-4.448089,176.464990,176.487229,1.83605564,0
4.755000,237,3,951,4.91877604,1.71697664,98.375515,1.71697664,98.375515,0.07327795,4.198517,0.11816597,0.11811638,0.11816597,0.11811638,1.70653009,97.776972,1.70713127,97.811417,0.14255325,8.167700,0.12022556,6.888417,0.01044655,0.598543,0.00984538,0.564098,3.20290208,183.512771,3.20250416,183.489972,-0.07763379,-4.448089,-0.07959594,-4.560511,176.487229,176.510028,1.83605564,0
4.760000,238,0,952,4.91862488,1.71692395,98.372496,1.71692395,98.372496,-0.00263453,-0.150947,0.12031746,0.11926365,0.12031746,0.11926365,1.70713127,97.811417,1.70762420,97.839659,0.12022556,6.888417,0.09859338,5.648985,0.00979269,0.561080,0.00929976,0.532837,3.20250416,183.489972,3.20209742,183.466668,-0.07959594,-4.560511,-0.08133159,-4.659957,176.510028,176.533332,1.84296703,0
4.765000,238,1,953,4.91862488,1.71692395,98.372496,1.71692395,98.372496,-0.00263453,-0.150947,0.11926365,0.12318516,0.11926365,0.12318516,1.70762420,97.839659,1.70802093,97.862390,0.09859338,5.648985,0.07934335,4.546039,0.00929976,0.532837,0.00890303,0.510106,3.20209742,183.466668,3.20168877,183.443254,-0.08133159,-4.659957,-0.08172677,-4.682599,176.533332,176.556746,1.84296703,0
4.770000,238,2,954,4.91862488,1.71692395,98.372496,1.71692395,98.372496,-0.00263453,-0.150947,0.12318516,0.12751484,0.12318516,0.12751484,1.70802093,97.862390,1.70834136,97.880750,0.07934335,4.546039,0.06407933,3.671475,0.00890303,0.510106,0.00858259,0.491746,3.20168877,183.443254,3.20129013,183.420413,-0.08172677,-4.682599,-0.07971902,-4.567564,176.556746,176.579587,1.84296703,0
4.775000,238,3,955,4.91862488,1.71692395,98.372496,1.71692395,98.372496,-0.00263453,-0.150947,0.12751484,0.13082981,0.12751484,0.13082981,1.70834136,97.880750,1.70860863,97.896063,0.06407933,3.671475,0.05344655,3.062262,0.00858259,0.491746,0.00831532,0.476433,3.20129013,183.420413,3.20091581,183.398967,-0.07971902,-4.567564,-0.07487563,-4.290058,176.579587,176.601033,1.84296703,0
4.780000,239,0,956,4.91497517,1.71564996,98.299502,1.71564996,98.299502,-0.06369948,-3.649712,0.13225651,0.10677671,0.13225651,0.10677671,1.70860863,97.896063,1.70883083,97.908795,0.05344655,3.062262,0.04443701,2.546053,0.00704134,0.403439,0.00681913,0.390707,3.20091581,183.398967,3.20056987,183.379145,-0.07487563,-4.290058,-0.06917989,-3.963715,176.601033,176.620855,1.84846067,0
4.785000,239,1,957,4.91497517,1.71564996,98.299502,1.71564996,98.299502,-0.06369948,-3.649712,0.10677671,0.10807371,0.10677671,0.10807371,1.70883083,97.908795,1.70902145,97.919716,0.04443701,2.546053,0.03812088,2.184166,0.00681913,0.390707,0.00662851,0.379786,3.20056987,183.379145,3.20026040,183.361414,-0.06917989,-3.963715,-0.06190545,-3.546921,176.620855,176.638586,1.84846067,0
4.790000,239,2,958,4.91497517,1.71564996,98.299502,1.71564996,98.299502,-0.06369948,-3.649712,0.10807371,0.10828733,0.10807371,0.10828733,1.70902145,97.919716,1.70918965,97.929354,0.03812088,2.184166,0.03365063,1.928039,0.00662851,0.379786,0.00646031,0.370148,3.20026040,183.361414,3.19999242,183.346060,-0.06190545,-3.546921,-0.05359409,-3.070715,176.638586,176.653940,1.84846067,0
4.795000,239,3,959,4.91497517,1.71564996,98.299502,1.71564996,98.299502,-0.06369948,-3.649712,0.10828733,0.10776854,0.10828733,0.10776854,1.70918965,97.929354,1.70934188,97.938076,0.03365063,1.928039,0.03044605,1.744430,0.00646031,0.370148,0.00630808,0.361426,3.19999242,183.346060,3.19976950,183.333288,-0.05359409,-3.070715,-0.04460699,-2.555793,176.653940,176.666712,1.84846067,0
4.800000,240,0,960,4.90647364,1.71268237,98.129471,1.71268237,98.129471,-0.14837980,-8.501536,0.10676527,0.04741335,0.10676527,0.04741335,1.70934188,97.938076,1.70946443,97.945097,0.03044605,1.744430,0.02450189,1.403855,0.00334048,0.191396,0.00321794,0.184374,3.19976950,183.333288,3.19958162,183.322523,-0.04460699,-2.555793,-0.03757563,-2.152925,176.666712,176.677477,1.85189724,0
4.805000,240,1,961,4.90647364,1.71268237,98.129471,1.71268237,98.129471,-0.14837980,-8.501536,0.04741335,0.04874849,0.04741335,0.04874849,1.70946443,97.945097,1.70956624,97.950930,0.02450189,1.403855,0.02036391,1.166766,0.00321794,0.184374,0.00311613,0.178541,3.19958162,183.322523,3.19943428,183.314081,-0.03757563,-2.152925,-0.02946169,-1.688031,176.677477,176.685919,1.85189724,0
4.810000,240,2,962,4.90647364,1.71268237,98.129471,1.71268237,98.129471,-0.14837980,-8.501536,0.04874849,0.04934740,0.04874849,0.04934740,1.70956624,97.950930,1.70965350,97.955930,0.02036391,1.166766,0.01746318,1.000566,0.00311613,0.178541,0.00302887,0.173541,3.19943428,183.314081,3.19933128,183.308180,-0.02946169,-1.688031,-0.02061942,-1.181406,176.685919,176.691820,1.85189724,0
4.815000,240,3,963,4.90647364,1.71268237,98.129471,1.71268237,98.129471,-0.14837980,-8.501536,0.04934740,0.04945421,0.04934740,0.04945421,1.70965350,97.955930,1.70973051,97.960342,0.01746318,1.000566,0.01541073,0.882970,0.00302887,0.173541,0.00295186,0.169129,3.19933128,183.308180,3.19927478,183.304942,-0.02061942,-1.181406,-0.01128123,-0.646367,176.691820,176.695058,1.85189724,0
4.820000,241,0,964,4.89378500,1.70825315,97.875696,1.70825315,97.875696,-0.22146106,-12.688784,0.04921770,-0.03936672,0.04921770,-0.03936672,1.70973051,97.960342,1.70977330,97.962794,0.01541073,0.882970,0.00855375,0.490094,-0.00147736,-0.084647,-0.00152016,-0.087099,3.19927478,183.304942,3.19924903,183.303467,-0.01128123,-0.646367,-0.00517094,-0.296273,176.695058,176.696533,1.84638000,0
4.825000,241,1,965,4.89378500,1.70825315,97.875696,1.70825315,97.875696,-0.22146106,-12.688784,-0.03936672,-0.03584957,-0.03936672,-0.03584957,1.70977330,97.962794,1.70979285,97.963914,0.00855375,0.490094,0.00390060,0.223488,-0.00152016,-0.087099,-0.00153971,-0.088219,3.19924903,183.303467,3.19926095,183.304150,-0.00517094,-0.296273,0.00238227,0.136494,176.696533,176.695850,1.84638000,0
4.830000,241,2,966,4.89378500,1.70825315,97.875696,1.70825315,97.875696,-0.22146106,-12.688784,-0.03584957,-0.03327847,-0.03584957,-0.03327847,1.70979285,97.963914,1.70979667,97.964133,0.00390060,0.223488,0.00075420,0.043212,-0.00153971,-0.088219,-0.00154352,-0.088437,3.19926095,183.304150,3.19931555,183.307278,0.00238227,0.136494,0.01093710,0.626649,176.695850,176.692722,1.84638000,0
4.835000,241,3,967,4.89378500,1.70825315,97.875696,1.70825315,97.875696,-0.22146106,-12.688784,-0.03327847,-0.03135204,-0.03327847,-0.03135204,1.70979667,97.964133,1.70978987,97.963744,0.00075420,0.043212,-0.00136192,-0.078032,-0.00154352,-0.088437,-0.00153673,-0.088048,3.19931555,183.307278,3.19941664,183.313070,0.01093710,0.626649,0.02020192,1.157485,176.692722,176.686930,1.84638000,0
4.840000,242,0,968,4.87570763,1.70194292,97.514146,1.70194292,97.514146,-0.31551123,-18.077462,-0.02986813,-0.15607262,-0.02986813,-0.15607262,1.70978987,97.963744,1.70973766,97.960752,-0.00136192,-0.078032,-0.01044663,-0.598548,-0.00784695,-0.449597,-0.00779474,-0.446606,3.19941664,183.313070,3.19954109,183.320201,0.02020192,1.157485,0.02489605,1.426438,176.686930,176.679799,1.83596587,0
4.845000,242,1,969,4.87570763,1.70194292,97.514146,1.70194292,97.514146,-0.31551123,-18.077462,-0.15607262,-0.14923668,-0.15607262,-0.14923668,1.70973766,97.960752,1.70965528,97.956032,-0.01044663,-0.598548,-0.01647914,-0.944185,-0.00779474,-0.446606,-0.00771236,-0.441886,3.19954109,183.320201,3.19969940,183.329271,0.02489605,1.426438,0.03168575,1.815460,176.679799,176.670729,1.83596587,0
4.850000,242,2,970,4.87570763,1.70194292,97.514146,1.70194292,97.514146,-0.31551123,-18.077462,-0.14923668,-0.14375114,-0.14923668,-0.14375114,1.70965528,97.956032,1.70955312,97.950179,-0.01647914,-0.944185,-0.02042733,-1.170400,-0.00771236,-0.441886,-0.00761020,-0.436032,3.19969940,183.329271,3.19989920,183.340719,0.03168575,1.815460,0.03994737,2.288816,176.670729,176.659281,1.83596587,0
4.855000,242,3,971,4.87570763,1.70194292,97.514146,1.70194292,97.514146,-0.31551123,-18.077462,-0.14375114,-0.13919258,-0.14375114,-0.13919258,1.70955312,97.950179,1.70943832,97.943601,-0.02042733,-1.170400,-0.02295244,-1.315078,-0.00761020,-0.436032,-0.00749540,-0.429455,3.19989920,183.340719,3.20014548,183.354830,0.03994737,2.288816,0.04926560,2.822711,176.659281,176.645170,1.83596587,0
4.860000,243,0,972,4.85183287,1.69360912,97.036655,1.69360912,97.036655,-0.41669011,-23.874585,-0.13528633,-0.30196238,-0.13528633,-0.30196238,1.70943832,97.943601,1.70887733,97.911458,-0.02295244,-1.315078,-0.11219665,-6.428394,-0.01582921,-0.906947,-0.01526821,-0.874804,3.20014548,183.354830,3.20015144,183.355172,0.04926560,2.822711,0.00118120,0.067678,176.645170,176.644828,1.85540617,0
4.865000,243,1,973,4.85183287,1.69360912,97.036655,1.69360912,97.036655,-0.41669011,-23.874585,-0.30196238,-0.23388910,-0.30196238,-0.23388910,1.70887733,97.911458,1.70807707,97.865607,-0.11219665,-6.428394,-0.16005374,-9.170404,-0.01526821,-0.874804,-0.01446795,-0.828953,3.20015144,183.355172,3.20005441,183.349612,0.00118120,0.067678,-0.01940214,-1.111661,176.644828,176.650388,1.85540617,0
4.870000,243,2,974,4.85183287,1.69360912,97.036655,1.69360912,97.036655,-0.41669011,-23.874585,-0.23388910,-0.18739557,-0.23388910,-0.18739557,1.70807707,97.865607,1.70717883,97.814142,-0.16005374,-9.170404,-0.17964435,-10.292863,-0.01446795,-0.828953,-0.01356971,-0.777487,3.20005441,183.349612,3.19994807,183.343519,-0.01940214,-1.111661,-0.02127022,-1.218694,176.650388,176.656481,1.85540617,0
4.875000,243,3,975,4.85183287,1.69360912,97.036655,1.69360912,97.036655,-0.41669011,-23.874585,-0.18739557,-0.15695047,-0.18739557,-0.15695047,1.70717883,97.814142,1.70627522,97.762369,-0.17964435,-10.292863,-0.18072563,-10.354816,-0.01356971,-0.777487,-0.01266611,-0.725714,3.19994807,183.343519,3.19989347,183.340391,-0.02127022,-1.218694,-0.01091688,-0.625491,176.656481,176.659609,1.85540617,0
4.880000,244,0,976,4.82658625,1.68479633,96.531719,1.68479633,96.531719,-0.44063926,-25.246770,-0.13818979,-0.31444550,-0.13818979,-0.31444550,1.70627522,97.762369,1.70488739,97.682852,-0.18072563,-10.354816,-0.27756014,-15.903025,-0.02147889,-1.230650,-0.02009106,-1.151133,3.19989347,183.340391,3.19957280,183.322018,-0.01091688,-0.625491,-0.06413933,-3.674913,176.659609,176.677982,1.86129153,0
4.885000,244,1,977,4.82658625,1.68479633,96.531719,1.68479633,96.531719,-0.44063926,-25.246770,-0.31444550,-0.22499847,-0.31444550,-0.22499847,1.70488739,97.682852,1.70328736,97.591177,-0.27756014,-15.903025,-0.32001448,-18.335479,-0.02009106,-1.151133,-0.01849103,-1.059458,3.19957280,183.322018,3.19916558,183.298686,-0.06413933,-3.674913,-0.08142279,-4.665182,176.677982,176.701314,1.86129153,0
4.890000,244,2,978,4.82658625,1.68479633,96.531719,1.68479633,96.531719,-0.44063926,-25.246770,-0.22499847,-0.16595078,-0.22499847,-0.16595078,1.70328736,97.591177,1.70165455,97.497624,-0.32001448,-18.335479,-0.32657126,-18.711155,-0.01849103,-1.059458,-0.01685822,-0.965905,3.19916558,183.298686,3.19879007,183.277171,-0.08142279,-4.665182,-0.07511059,-4.303520,176.701314,176.722829,1.86129153,0
4.895000,244,3,979,4.82658625,1.68479633,96.531719,1.68479633,96.531719,-0.44063926,-25.246770,-0.16595078,-0.12911987,-0.16595078,-0.12911987,1.70165455,97.497624,1.70010090,97.408606,-0.32657126,-18.711155,-0.31073767,-17.803957,-0.01685822,-0.965905,-0.01530457,-0.876887,3.19879007,183.277171,3.19851923,183.261653,-0.07511059,-4.303520,-0.05416666,-3.103521,176.722829,176.738347,1.86129153,0
4.900000,245,0,980,4.79649067,1.67429101,95.929809,1.67429101,95.929809,-0.52526593,-30.095521,-0.10813522,-0.31824160,-0.10813522,-0.31824160,1.70010090,97.408606,1.69805145,97.291182,-0.31073767,-17.803957,-0.40988681,-23.484784,-0.02580988,-1.478797,-0.02376044,-1.361373,3.19851923,183.261653,3.19797063,183.230220,-0.05416666,-3.103521,-0.10969714,-6.285183,176.738347,176.769780,1.86941516,0
4.905000,245,1,981,4.79649067,1.67429101,95.929809,1.67429101,95.929809,-0.52526593,-30.095521,-0.31824160,-0.21408892,-0.31824160,-0.21408892,1.69805145,97.291182,1.69582283,97.163491,-0.40988681,-23.484784,-0.44571614,-25.537654,-0.02376044,-1.361373,-0.02153182,-1.233682,3.19797063,183.230220,3.19735312,183.194840,-0.10969714,-6.285183,-0.12348448,-7.075139,176.769780,176.805160,1.86941516,0
4.910000,245,2,982,4.79649067,1.67429101,95.929809,1.67429101,95.929809,-0.52526593,-30.095521,-0.21408892,-0.14669085,-0.21408892,-0.14669085,1.69582283,97.163491,1.69361997,97.037276,-0.44571614,-25.537654,-0.44057211,-25.242923,-0.02153182,-1.233682,-0.01932895,-1.107467,3.19735312,183.194840,3.19680095,183.163202,-0.12348448,-7.075139,-0.11043353,-6.327375,176.805160,176.836798,1.86941516,0
4.915000,245,3,983,4.79649067,1.67429101,95.929809,1.67429101,95.929809,-0.52526593,-30.095521,-0.14669085,-0.10590792,-0.14669085,-0.10590792,1.69361997,97.037276,1.69156682,96.919640,-0.44057211,-25.242923,-0.41063580,-23.527698,-0.01932895,-1.107467,-0.01727581,-0.989831,3.19680095,183.163202,3.19639468,183.139925,-0.11043353,-6.327375,-0.08126734,-4.656276,176.836798,176.860075,1.86941516,0
4.920000,246,0,984,4.76542330,1.66344655,95.308467,1.66344655,95.308467,-0.54222345,-31.067115,-0.08391619,-0.30080557,-0.08391619,-0.30080557,1.69156682,96.919640,1.68907082,96.776629,-0.41063580,-23.527698,-0.49919483,-28.601757,-0.02812028,-1.611173,-0.02562428,-1.468163,3.19639468,183.139925,3.19573975,183.102400,-0.08126734,-4.656276,-0.13099746,-7.505602,176.860075,176.897600,1.87818599,0
4.925000,246,1,985,4.76542330,1.66344655,95.308467,1.66344655,95.308467,-0.54222345,-31.067115,-0.30080557,-0.19447088,-0.30080557,-0.19447088,1.68907082,96.776629,1.68645525,96.626768,-0.49919483,-28.601757,-0.52310789,-29.971874,-0.02562428,-1.468163,-0.02300870,-1.318302,3.19573975,183.102400,3.19504881,183.062812,-0.13099746,-7.505602,-0.13816923,-7.916514,176.897600,176.937188,1.87818599,0
4.930000,246,2,986,4.76542330,1.66344655,95.308467,1.66344655,95.308467,-0.54222345,-31.067115,-0.19447088,-0.12692404,-0.19447088,-0.12692404,1.68645525,96.626768,1.68392551,96.481825,-0.52310789,-29.971874,-0.50595742,-28.989225,-0.02300870,-1.318302,-0.02047896,-1.173358,3.19504881,183.062812,3.19445634,183.028866,-0.13816923,-7.916514,-0.11849139,-6.789056,176.937188,176.971134,1.87818599,0
4.935000,246,3,987,4.76542330,1.66344655,95.308467,1.66344655,95.308467,-0.54222345,-31.067115,-0.12692404,-0.08725500,-0.12692404,-0.08725500,1.68392551,96.481825,1.68160200,96.348697,-0.50595742,-28.989225,-0.46469206,-26.624894,-0.02047896,-1.173358,-0.01815546,-1.040231,3.19445634,183.028866,3.19404054,183.005042,-0.11849139,-6.789056,-0.08317788,-4.765741,176.971134,176.994958,1.87818599,0
4.940000,247,0,988,4.73215103,1.65183222,94.643015,1.65183222,94.643015,-0.58071613,-33.272584,-0.06707525,-0.29936171,-0.06707525,-0.29936171,1.68160200,96.348697,1.67884004,96.190449,-0.46469206,-26.624894,-0.55238509,-31.649334,-0.02976978,-1.705683,-0.02700782,-1.547434,3.19404054,183.005042,3.19337201,182.966739,-0.08317788,-4.765741,-0.13371886,-7.661526,176.994958,177.033261,1.88691449,0
4.945000,247,1,989,4.73215103,1.65183222,94.643015,1.65183222,94.643015,-0.58071613,-33.272584,-0.29936171,-0.18825483,-0.29936171,-0.18825483,1.67884004,96.190449,1.67597735,96.026429,-0.55238509,-31.649334,-0.57253069,-32.803592,-0.02700782,-1.547434,-0.02414513,-1.383414,3.19337201,182.966739,3.19267321,182.926700,-0.13371886,-7.661526,-0.13978167,-8.008900,177.033261,177.073300,1.88691449,0
4.950000,247,2,990,4.73215103,1.65183222,94.643015,1.65183222,94.643015,-0.58071613,-33.272584,-0.18825483,-0.11816740,-0.18825483,-0.11816740,1.67597735,96.026429,1.67322695,95.868843,-0.57253069,-32.803592,-0.55006802,-31.516576,-0.02414513,-1.383414,-0.02139473,-1.225828,3.19267321,182.926700,3.19208336,182.892904,-0.13978167,-8.008900,-0.11797506,-6.759473,177.073300,177.107096,1.88691449,0
4.955000,247,3,991,4.73215103,1.65183222,94.643015,1.65183222,94.643015,-0.58071613,-33.272584,-0.11816740,-0.07746840,-0.11816740,-0.07746840,1.67322695,95.868843,1.67071259,95.724780,-0.55006802,-31.516576,-0.50286424,-28.811999,-0.02139473,-1.225828,-0.01888037,-1.081765,3.19208336,182.892904,3.19168282,182.869955,-0.11797506,-6.759473,-0.08011774,-4.590408,177.107096,177.130045,1.88691449,0
4.960000,248,0,992,4.69884396,1.64020586,93.976873,1.64020586,93.976873,-0.58131814,-33.307076,-0.05725431,-0.28978157,-0.05725431,-0.28978157,1.67071259,95.724780,1.66778886,95.557263,-0.50286424,-28.811999,-0.58474463,-33.503400,-0.03050673,-1.747907,-0.02758300,-1.580390,3.19168282,182.869955,3.19104195,182.833236,-0.08011774,-4.590408,-0.12819460,-7.345010,177.130045,177.166764,1.89506435,0
4.965000,248,1,993,4.69884396,1.64020586,93.976873,1.64020586,93.976873,-0.58131814,-33.307076,-0.28978157,-0.17914391,-0.28978157,-0.17914391,1.66778886,95.557263,1.66479206,95.385559,-0.58474463,-33.503400,-0.59936255,-34.340945,-0.02758300,-1.580390,-0.02458620,-1.408686,3.19104195,182.833236,3.19038200,182.795424,-0.12819460,-7.345010,-0.13196753,-7.561182,177.166764,177.204576,1.89506435,0
4.970000,248,2,994,4.69884396,1.64020586,93.976873,1.64020586,93.976873,-0.58131814,-33.307076,-0.17914391,-0.10989571,-0.17914391,-0.10989571,1.66479206,95.385559,1.66193271,95.221730,-0.59936255,-34.340945,-0.57188225,-32.766439,-0.02458620,-1.408686,-0.02172685,-1.244857,3.19038200,182.795424,3.18984103,182.764428,-0.13196753,-7.561182,-0.10818847,-6.198742,177.204576,177.235572,1.89506435,0
4.975000,248,3,995,4.69884396,1.64020586,93.976873,1.64020586,93.976873,-0.58131814,-33.307076,-0.10989571,-0.07021523,-0.10989571,-0.07021523,1.66193271,95.221730,1.65933132,95.072682,-0.57188225,-32.766439,-0.52027977,-29.809835,-0.02172685,-1.244857,-0.01912546,-1.095808,3.18984103,182.764428,3.18949723,182.744730,-0.10818847,-6.198742,-0.06874226,-3.938641,177.235572,177.255270,1.89506435,0
4.980000,249,0,996,4.66474342,1.62830257,93.294865,1.62830257,93.294865,-0.59516430,-34.100402,-0.05106163,-0.28912735,-0.05106163,-0.28912735,1.65933132,95.072682,1.65632248,94.900288,-0.52027977,-29.809835,-0.60177344,-34.479078,-0.03102875,-1.777816,-0.02801991,-1.605422,3.18949723,182.744730,3.18890786,182.710962,-0.06874226,-3.938641,-0.11786263,-6.753032,177.255270,177.289038,1.90255296,0
4.985000,249,1,997,4.66474342,1.62830257,93.294865,1.62830257,93.294865,-0.59516430,-34.100402,-0.28912735,-0.17703247,-0.28912735,-0.17703247,1.65632248,94.900288,1.65324688,94.724069,-0.60177344,-34.479078,-0.61511832,-35.243684,-0.02801991,-1.605422,-0.02494431,-1.429203,3.18890786,182.710962,3.18829751,182.675991,-0.11786263,-6.753032,-0.12205932,-6.993484,177.289038,177.324009,1.90255296,0
4.990000,249,2,998,4.66474342,1.62830257,93.294865,1.62830257,93.294865,-0.59516430,-34.100402,-0.17703247,-0.10702133,-0.17703247,-0.10702133,1.65324688,94.724069,1.65031743,94.556224,-0.61511832,-35.243684,-0.58590078,-33.569642,-0.02494431,-1.429203,-0.02201486,-1.261358,3.18829751,182.675991,3.18780565,182.647810,-0.12205932,-6.993484,-0.09836612,-5.635963,177.324009,177.352190,1.90255296,0
4.995000,249,3,999,4.66474342,1.62830257,93.294865,1.62830257,93.294865,-0.59516430,-34.100402,-0.10702133,-0.06704330,-0.10702133,-0.06704330,1.65031743,94.556224,1.64765549,94.403706,-0.58590078,-33.569642,-0.53237987,-30.503119,-0.02201486,-1.261358,-0.01935291,-1.108840,3.18780565,182.647810,3.18751144,182.630953,-0.09836612,-5.635963,-0.05885626,-3.372215,177.352190,177.369047,1.90255296,0
5.000000,250,0,1000,4.63102436,1.61653244,92.620487,1.61653244,92.620487,-0.58850646,-33.718936,-0.04790115,-0.28330374,-0.04790115,-0.28330374,1.64765549,94.403706,1.64460373,94.228853,-0.53237987,-30.503119,-0.61034292,-34.970073,-0.03112304,-1.783219,-0.02807128,-1.608366,3.18751144,182.630953,3.18697739,182.600354,-0.05885626,-3.372215,-0.10681506,-6.120052,177.369047,177.399646,1.90928245,0
5.005000,250,1,1001,4.63102436,1.61653244,92.620487,1.61653244,92.620487,-0.58850646,-33.718936,-0.28330374,-0.17260122,-0.28330374,-0.17260122,1.64460373,94.228853,1.64149868,94.050947,-0.61034292,-34.970073,-0.62100333,-35.580870,-0.02807128,-1.608366,-0.02496624,-1.430460,3.18697739,182.600354,3.18642545,182.568730,-0.10681506,-6.120052,-0.11038024,-6.324322,177.399646,177.431270,1.90928245,0
5.010000,250,2,1002,4.63102436,1.61653244,92.620487,1.61653244,92.620487,-0.58850646,-33.718936,-0.17260122,-0.10371161,-0.17260122,-0.10371161,1.64149868,94.050947,1.63854980,93.881988,-0.62100333,-35.580870,-0.58978283,-33.792067,-0.02496624,-1.430460,-0.02201736,-1.261502,3.18642545,182.568730,3.18599319,182.543964,-0.11038024,-6.324322,-0.08647384,-4.954586,177.431270,177.456036,1.90928245,0
5.015000,250,3,1003,4.63102436,1.61653244,92.620487,1.61653244,92.620487,-0.58850646,-33.718936,-0.10371161,-0.06462240,-0.10371161,-0.06462240,1.63854980,93.881988,1.63587582,93.728780,-0.58978283,-33.792067,-0.53479904,-30.641728,-0.02201736,-1.261502,-0.01934338,-1.108294,3.18599319,182.543964,3.18575788,182.530481,-0.08647384,-4.954586,-0.04707391,-2.697136,177.456036,177.469519,1.90928245,0
5.020000,251,0,1004,4.59726095,1.60474670,91.945213,1.60474670,91.945213,-0.58928728,-33.763674,-0.04617071,-0.28188562,-0.04617071,-0.28188562,1.63587582,93.728780,1.63281631,93.553484,-0.53479904,-30.641728,-0.61190873,-35.059788,-0.03112912,-1.783567,-0.02806962,-1.608270,3.18575788,182.530481,3.18528032,182.503119,-0.04707391,-2.697136,-0.09551293,-5.472488,177.469519,177.496881,1.91533399,0
5.025000,251,1,1005,4.59726095,1.60474670,91.945213,1.60474670,91.945213,-0.58928728,-33.763674,-0.28188562,-0.17157221,-0.28188562,-0.17157221,1.63281631,93.553484,1.62970650,93.375304,-0.61190873,-35.059788,-0.62195200,-35.635225,-0.02806962,-1.608270,-0.02495980,-1.430091,3.18528032,182.503119,3.18478203,182.474569,-0.09551293,-5.472488,-0.09968160,-5.711335,177.496881,177.525431,1.91533399,0
5.030000,251,2,1006,4.59726095,1.60474670,91.945213,1.60474670,91.945213,-0.58928728,-33.763674,-0.17157221,-0.10297632,-0.17157221,-0.10297632,1.62970650,93.375304,1.62675500,93.206196,-0.62195200,-35.635225,-0.59029263,-33.821277,-0.02495980,-1.430091,-0.02200830,-1.260983,3.18478203,182.474569,3.18439960,182.452658,-0.09968160,-5.711335,-0.07646479,-4.381110,177.525431,177.547342,1.91533399,0
5.035000,251,3,1007,4.59726095,1.60474670,91.945213,1.60474670,91.945213,-0.58928728,-33.763674,-0.10297632,-0.06411600,-0.10297632,-0.06411600,1.62675500,93.206196,1.62407994,93.052926,-0.59029263,-33.821277,-0.53500891,-30.653752,-0.02200830,-1.260983,-0.01933324,-1.107713,3.18439960,182.452658,3.18421054,182.441825,-0.07646479,-4.381110,-0.03781634,-2.166717,177.547342,177.558175,1.91533399,0
5.040000,252,0,1008,4.56413269,1.59318280,91.282651,1.59318280,91.282651,-0.57819486,-33.128125,-0.04583216,-0.27711010,-0.04583216,-0.27711010,1.62407994,93.052926,1.62103379,92.878394,-0.53500891,-30.653752,-0.60922301,-34.905907,-0.03089714,-1.770276,-0.02785099,-1.595744,3.18421054,182.441825,3.18378425,182.417400,-0.03781634,-2.166717,-0.08525645,-4.884835,177.558175,177.582600,1.92072785,0
5.045000,252,1,1009,4.56413269,1.59318280,91.282651,1.59318280,91.282651,-0.57819486,-33.128125,-0.27711010,-0.16891003,-0.27711010,-0.16891003,1.62103379,92.878394,1.61794555,92.701452,-0.60922301,-34.905907,-0.61765522,-35.389037,-0.02785099,-1.595744,-0.02476275,-1.418801,3.18378425,182.417400,3.18333793,182.391828,-0.08525645,-4.884835,-0.08924979,-5.113636,177.582600,177.608172,1.92072785,0
5.050000,252,2,1010,4.56413269,1.59318280,91.282651,1.59318280,91.282651,-0.57819486,-33.128125,-0.16891003,-0.10177135,-0.16891003,-0.10177135,1.61794555,92.701452,1.61501920,92.533784,-0.61765522,-35.389037,-0.58527046,-33.533527,-0.02476275,-1.418801,-0.02183640,-1.251134,3.18333793,182.391828,3.18300581,182.372799,-0.08924979,-5.113636,-0.06641490,-3.805293,177.608172,177.627201,1.92072785,0
5.055000,252,3,1011,4.56413269,1.59318280,91.282651,1.59318280,91.282651,-0.57819486,-33.128125,-0.10177135,-0.06387806,-0.10177135,-0.06387806,1.61501920,92.533784,1.61237001,92.381997,-0.58527046,-33.533527,-0.52984899,-30.358111,-0.02183640,-1.251134,-0.01918721,-1.099346,3.18300581,182.372799,3.18286324,182.364630,-0.06641490,-3.805293,-0.02850806,-1.633392,177.627201,177.635370,1.92072785,0
5.060000,253,0,1012,4.53143120,1.58176780,90.628619,1.58176780,90.628619,-0.57075024,-32.701580,-0.04619884,-0.27449894,-0.04619884,-0.27449894,1.61237001,92.381997,1.60935760,92.209398,-0.52984899,-30.358111,-0.60248238,-34.519698,-0.03060222,-1.753378,-0.02758980,-1.580779,3.18286324,182.364630,3.18248463,182.342937,-0.02850806,-1.633392,-0.07570401,-4.337520,177.635370,177.657063,1.92555213,0
5.065000,253,1,1013,4.53143120,1.58176780,90.628619,1.58176780,90.628619,-0.57075024,-32.701580,-0.27449894,-0.16798115,-0.27449894,-0.16798115,1.60935760,92.209398,1.60630584,92.034545,-0.60248238,-34.519698,-0.61035633,-34.970842,-0.02758980,-1.580779,-0.02453804,-1.405926,3.18248463,182.342937,3.18208408,182.319988,-0.07570401,-4.337520,-0.08010431,-4.589639,177.657063,177.680012,1.92555213,0
5.070000,253,2,1014,4.53143120,1.58176780,90.628619,1.58176780,90.628619,-0.57075024,-32.701580,-0.16798115,-0.10192966,-0.16798115,-0.10192966,1.60630584,92.034545,1.60341549,91.868940,-0.61035633,-34.970842,-0.57807404,-33.121203,-0.02453804,-1.405926,-0.02164769,-1.240321,3.18208408,182.319988,3.18179369,182.303350,-0.08010431,-4.589639,-0.05808754,-3.328171,177.680012,177.696650,1.92555213,0
5.075000,253,3,1015,4.53143120,1.58176780,90.628619,1.58176780,90.628619,-0.57075024,-32.701580,-0.10192966,-0.06468678,-0.10192966,-0.06468678,1.60341549,91.868940,1.60079968,91.719065,-0.57807404,-33.121203,-0.52315027,-29.974302,-0.02164769,-1.240321,-0.01903188,-1.090447,3.18179369,182.303350,3.18168759,182.297271,-0.05808754,-3.328171,-0.02123551,-1.216705,177.696650,177.702729,1.92555213,0
5.080000,254,0,1016,4.49957180,1.57064676,89.991431,1.57064676,89.991431,-0.55605173,-31.859417,-0.04736233,-0.26978302,-0.04736233,-0.26978302,1.60079968,91.719065,1.59783506,91.549206,-0.52315027,-29.974302,-0.59292239,-33.971950,-0.03015292,-1.727635,-0.02718830,-1.557775,3.18168759,182.297271,3.18135142,182.278010,-0.02123551,-1.216705,-0.06723438,-3.852246,177.702729,177.721990,1.92984462,0
5.085000,254,1,1017,4.49957180,1.57064676,89.991431,1.57064676,89.991431,-0.55605173,-31.859417,-0.26978302,-0.16604042,-0.26978302,-0.16604042,1.59783506,91.549206,1.59483695,91.377426,-0.59292239,-33.971950,-0.59962213,-34.355817,-0.02718830,-1.557775,-0.02419019,-1.385996,3.18135142,182.278010,3.18099380,182.257519,-0.06723438,-3.852246,-0.07153370,-4.098579,177.721990,177.742481,1.92984462,0
5.090000,254,2,1018,4.49957180,1.57064676,89.991431,1.57064676,89.991431,-0.55605173,-31.859417,-0.16604042,-0.10181046,-0.16604042,-0.10181046,1.59483695,91.377426,1.59200060,91.214916,-0.59962213,-34.355817,-0.56727284,-32.502340,-0.02419019,-1.385996,-0.02135384,-1.223485,3.18099380,182.257519,3.18074322,182.243162,-0.07153370,-4.098579,-0.05012557,-2.871984,177.742481,177.756838,1.92984462,0
5.095000,254,3,1019,4.49957180,1.57064676,89.991431,1.57064676,89.991431,-0.55605173,-31.859417,-0.10181046,-0.06569099,-0.10181046,-0.06569099,1.59200060,91.214916,1.58943582,91.067964,-0.56727284,-32.502340,-0.51296484,-29.390721,-0.02135384,-1.223485,-0.01878905,-1.076533,3.18074322,182.243162,3.18067169,182.239064,-0.05012557,-2.871984,-0.01431105,-0.819963,177.756838,177.760936,1.92984462,0
5.100000,255,0,1020,4.46846199,1.55978739,89.369235,1.55978739,89.369235,-0.54296851,-31.109804,-0.04899216,-0.26617956,-0.04899216,-0.26617956,1.58943582,91.067964,1.58653307,90.901649,-0.51296484,-29.390721,-0.58055127,-33.263137,-0.02964842,-1.698730,-0.02674568,-1.532414,3.18067169,182.239064,3.18037438,182.222029,-0.01431105,-0.819963,-0.05946657,-3.407184,177.760936,177.777971,1.93367410,0
5.105000,255,1,1021,4.46846199,1.55978739,89.369235,1.55978739,89.369235,-0.54296851,-31.109804,-0.26617956,-0.16506910,-0.26617956,-0.16506910,1.58653307,90.901649,1.58359969,90.733578,-0.58055127,-33.263137,-0.58666533,-33.613448,-0.02674568,-1.532414,-0.02381229,-1.364344,3.18037438,182.222029,3.18005466,182.203711,-0.05946657,-3.407184,-0.06396274,-3.664795,177.777971,177.796289,1.93367410,0
5.110000,255,2,1022,4.46846199,1.55978739,89.369235,1.55978739,89.369235,-0.54296851,-31.109804,-0.16506910,-0.10250616,-0.16506910,-0.10250616,1.58359969,90.733578,1.58082592,90.574654,-0.58666533,-33.613448,-0.55474371,-31.784473,-0.02381229,-1.364344,-0.02103853,-1.205419,3.18005466,182.203711,3.17983770,182.191280,-0.06396274,-3.664795,-0.04340146,-2.486720,177.796289,177.808720,1.93367410,0
5.115000,255,3,1023,4.46846199,1.55978739,89.369235,1.55978739,89.369235,-0.54296851,-31.109804,-0.10250616,-0.06736708,-0.10250616,-0.06736708,1.58082592,90.574654,1.57831860,90.430994,-0.55474371,-31.784473,-0.50145930,-28.731502,-0.02103853,-1.205419,-0.01853120,-1.061760,3.17983770,182.191280,3.17979360,182.188753,-0.04340146,-2.486720,-0.00880844,-0.504687,177.808720,177.811247,1.93367410,0
5.120000,256,0,1024,4.43835926,1.54927957,88.767181,1.54927957,88.767181,-0.52539110,-30.102693,-0.05116606,-0.26132250,-0.05116606,-0.26132250,1.57831860,90.430994,1.57548809,90.268818,-0.50145930,-28.731502,-0.56609708,-32.434974,-0.02903903,-1.663814,-0.02620852,-1.501638,3.17979360,182.188753,3.17953086,182.173699,-0.00880844,-0.504687,-0.05253173,-3.009846,177.811247,177.826301,1.93707585,0
5.125000,256,1,1025,4.43835926,1.54927957,88.767181,1.54927957,88.767181,-0.52539110,-30.102693,-0.26132250,-0.16353464,-0.26132250,-0.16353464,1.57548809,90.268818,1.57263172,90.105160,-0.56609708,-32.434974,-0.57128251,-32.732077,-0.02620852,-1.501638,-0.02335215,-1.337979,3.17953086,182.173699,3.17924619,182.157389,-0.05253173,-3.009846,-0.05691746,-3.261130,177.826301,177.842611,1.93707585,0
5.130000,256,2,1026,4.43835926,1.54927957,88.767181,1.54927957,88.767181,-0.52539110,-30.102693,-0.16353464,-0.10310411,-0.16353464,-0.10310411,1.57263172,90.105160,1.56993306,89.950538,-0.57128251,-32.732077,-0.53972846,-30.924163,-0.02335215,-1.337979,-0.02065349,-1.183358,3.17924619,182.157389,3.17906070,182.146761,-0.05691746,-3.261130,-0.03708550,-2.124843,177.842611,177.853239,1.93707585,0
5.135000,256,3,1027,4.43835926,1.54927957,88.767181,1.54927957,88.767181,-0.52539110,-30.102693,-0.10310411,-0.06923151,-0.10310411,-0.06923151,1.56993306,89.950538,1.56749511,89.810854,-0.53972846,-30.924163,-0.48758146,-27.936360,-0.02065349,-1.183358,-0.01821554,-1.043673,3.17906070,182.146761,3.17904210,182.145695,-0.03708550,-2.124843,-0.00371334,-0.212758,177.853239,177.854305,1.93707585,0
5.140000,257,0,1028,4.40923309,1.53911269,88.184661,1.53911269,88.184661,-0.50834417,-29.125976,-0.05369425,-0.25703192,-0.05369425,-0.25703192,1.56749511,89.810854,1.56474710,89.653405,-0.48758146,-27.936360,-0.54961443,-31.490587,-0.02838242,-1.626193,-0.02563441,-1.468743,3.17904210,182.145695,3.17881131,182.132472,-0.00371334,-0.212758,-0.04615733,-2.644620,177.854305,177.867528,1.89315188,0
5.145000,257,1,1029,4.40923309,1.53911269,88.184661,1.53911269,88.184661,-0.50834417,-29.125976,-0.25703192,-0.16255140,-0.25703192,-0.16255140,1.56474710,89.653405,1.56197608,89.494637,-0.54961443,-31.490587,-0.55420566,-31.753645,-0.02563441,-1.468743,-0.02286339,-1.309976,3.17881131,182.132472,3.17855835,182.117978,-0.04615733,-2.644620,-0.05058086,-2.898070,177.867528,177.882022,1.89315188,0
5.150000,257,2,1030,4.40923309,1.53911269,88.184661,1.53911269,88.184661,-0.50834417,-29.125976,-0.16255140,0.09913206,-0.16255140,0.09913206,1.56197608,89.494637,1.55997753,89.380129,-0.55420566,-31.753645,-0.39969870,-22.901049,-0.02286339,-1.309976,-0.02086484,-1.195468,3.17855835,182.117978,3.17881060,182.132431,-0.05058086,-2.898070,0.05043735,2.889847,177.882022,177.867569,1.89315188,0
5.155000,257,3,1031,4.40923309,1.53911269,88.184661,1.53911269,88.184661,-0.50834417,-29.125976,0.09913206,0.04067183,0.09913206,0.04067183,1.55997753,89.380129,1.55857134,89.299560,-0.39969870,-22.901049,-0.28122863,-16.113214,-0.02086484,-1.195468,-0.01945865,-1.114899,3.17881060,182.132431,3.17944860,182.168986,0.05043735,2.889847,0.12760587,7.311278,177.867569,177.831014,1.89315188,0
5.160000,258,0,1032,4.37451982,1.52699542,87.490393,1.52699542,87.490393,-0.60586333,-34.713412,-0.00667620,-0.00667620,-0.00667620,-0.00667620,1.55857134,89.299560,1.55757129,89.242261,-0.28122863,-16.113214,-0.20001872,-11.460228,-0.03157592,-1.809167,-0.03057587,-1.751868,3.17944860,182.168986,3.18035030,182.220650,0.12760587,7.311278,0.18036295,10.334036,177.831014,177.779350,1.87359405,0
5.165000,258,1,1033,4.37451982,1.52699542,87.490393,1.52699542,87.490393,-0.60586333,-34.713412,-0.00667620,-0.03841066,-0.00667620,-0.03841066,1.55757129,89.242261,1.55684972,89.200918,-0.20001872,-11.460228,-0.14430608,-8.268129,-0.03057587,-1.751868,-0.02985430,-1.710525,3.18035030,182.220650,3.18143368,182.282723,0.18036295,10.334036,0.21669127,12.415495,177.779350,177.717277,1.87359405,0
5.170000,258,2,1034,4.37451982,1.52699542,87.490393,1.52699542,87.490393,-0.60586333,-34.713412,-0.03841066,-0.26280928,-0.03841066,-0.26280928,1.55684972,89.200918,1.55580056,89.140806,-0.14430608,-8.268129,-0.20984100,-12.023004,-0.02985430,-1.710525,-0.02880514,-1.650413,3.18143368,182.282723,3.18229961,182.332337,0.21669127,12.415495,0.17316471,9.921607,177.717277,177.667663,1.87359405,0
5.175000,258,3,1035,4.37451982,1.52699542,87.490393,1.52699542,87.490393,-0.60586333,-34.713412,-0.26280928,-0.20007658,-0.26280928,-0.20007658,1.55580056,89.140806,1.55461442,89.072845,-0.20984100,-12.023004,-0.23723090,-13.592329,-0.02880514,-1.650413,-0.02761900,-1.582452,3.18229961,182.332337,3.18307710,182.376884,0.17316471,9.921607,0.15549780,8.909368,177.667663,177.623116,1.87359405,0
5.180000,259,0,1036,4.34110689,1.51533210,86.822134,1.51533210,86.822134,-0.58316588,-33.412944,-0.15890455,-0.15890455,-0.15890455,-0.15890455,1.55461442,89.072845,1.55341649,89.004209,-0.23723090,-13.592329,-0.23958489,-13.727203,-0.03928232,-2.250711,-0.03808439,-2.182075,3.18307710,182.376884,3.18385172,182.421266,0.15549780,8.909368,0.15491931,8.876223,177.623116,177.578734,1.90403068,0
5.185000,259,1,1037,4.34110689,1.51533210,86.822134,1.51533210,86.822134,-0.58316588,-33.412944,-0.15890455,-0.13344526,-0.15890455,-0.13344526,1.55341649,89.004209,1.55228424,88.939336,-0.23958489,-13.727203,-0.22645622,-12.974986,-0.03808439,-2.182075,-0.03695214,-2.117202,3.18385172,182.421266,3.18467712,182.468558,0.15491931,8.876223,0.16507442,9.458068,177.578734,177.531442,1.90403068,0
5.190000,259,2,1038,4.34110689,1.51533210,86.822134,1.51533210,86.822134,-0.58316588,-33.412944,-0.13344526,-0.36151028,-0.13344526,-0.36151028,1.55228424,88.939336,1.55052435,88.838502,-0.22645622,-12.974986,-0.35198304,-20.167143,-0.03695214,-2.117202,-0.03519225,-2.016367,3.18467712,182.468558,3.18509555,182.492532,0.16507442,9.458068,0.08368929,4.795043,177.531442,177.507468,1.90403068,0
5.195000,259,3,1039,4.34110689,1.51533210,86.822134,1.51533210,86.822134,-0.58316588,-33.412944,-0.36151028,-0.24634457,-0.36151028,-0.24634457,1.55052435,88.838502,1.54848695,88.721767,-0.35198304,-20.167143,-0.40748852,-23.347373,-0.03519225,-2.016367,-0.03315485,-1.899633,3.18509555,182.492532,3.18534088,182.506589,0.08368929,4.795043,0.04908658,2.812454,177.507468,177.493411,1.90403068,0
5.200000,260,0,1040,4.30621672,1.50315320,86.124335,1.50315320,86.124335,-0.60894489,-34.889972,-0.17023563,-0.17023563,-0.17023563,-0.17023563,1.54848695,88.721767,1.54640341,88.602389,-0.40748852,-23.347373,-0.41671968,-23.876279,-0.04533374,-2.597432,-0.04325020,-2.478054,3.18534088,182.506589,3.18556762,182.519580,0.04908658,2.812454,0.04536827,2.599411,177.493411,177.480420,1.92072713,0
5.205000,260,1,1041,4.30621672,1.50315320,86.124335,1.50315320,86.124335,-0.60894489,-34.889972,-0.17023563,-0.12268543,-0.17023563,-0.12268543,1.54640341,88.602389,1.54441822,88.488646,-0.41671968,-23.876279,-0.39704001,-22.748717,-0.04325020,-2.478054,-0.04126501,-2.364311,3.18556762,182.519580,3.18587255,182.537051,0.04536827,2.599411,0.06097447,3.493580,177.480420,177.462949,1.92072713,0
5.210000,260,2,1042,4.30621672,1.50315320,86.124335,1.50315320,86.124335,-0.60894489,-34.889972,-0.12268543,-0.32878542,-0.12268543,-0.32878542,1.54441822,88.488646,1.54190493,88.344645,-0.39704001,-22.748717,-0.50266397,-28.800524,-0.04126501,-2.364311,-0.03875172,-2.220310,3.18587255,182.537051,3.18584061,182.535221,0.06097447,3.493580,-0.00641044,-0.367291,177.462949,177.464779,1.92072713,0
5.215000,260,3,1043,4.30621672,1.50315320,86.124335,1.50315320,86.124335,-0.60894489,-34.889972,-0.32878542,-0.21122980,-0.32878542,-0.21122980,1.54190493,88.344645,1.53922081,88.190856,-0.50266397,-28.800524,-0.53681600,-30.757291,-0.03875172,-2.220310,-0.03606761,-2.066522,3.18584061,182.535221,3.18570900,182.527680,-0.00641044,-0.367291,-0.02632335,-1.508217,177.464779,177.472320,1.92072713,0
5.220000,261,0,1044,4.26893616,1.49013984,85.378724,1.49013984,85.378724,-0.65066814,-37.280539,-0.13579226,-0.13579226,-0.13579226,-0.13579226,1.53922081,88.190856,1.53659534,88.040428,-0.53681600,-30.757291,-0.52510393,-30.086239,-0.04908097,-2.812132,-0.04645550,-2.661704,3.18570900,182.527680,3.18562961,182.523132,-0.02632335,-1.508217,-0.01585802,-0.908598,177.472320,177.476868,1.92333484,0
5.225000,261,1,1045,4.26893616,1.49013984,85.378724,1.49013984,85.378724,-0.65066814,-37.280539,-0.13579226,-0.09074259,-0.13579226,-0.09074259,1.53659534,88.040428,1.53416538,87.901201,-0.52510393,-30.086239,-0.48600289,-27.845915,-0.04645550,-2.661704,-0.04402554,-2.522478,3.18562961,182.523132,3.18569326,182.526779,-0.01585802,-0.908598,0.01272849,0.729288,177.476868,177.473221,1.92333484,0
5.230000,261,2,1046,4.26893616,1.49013984,85.378724,1.49013984,85.378724,-0.65066814,-37.280539,-0.09074259,-0.31063128,-0.09074259,-0.31063128,1.53416538,87.901201,1.53126240,87.734873,-0.48600289,-27.845915,-0.58059007,-33.265361,-0.04402554,-2.522478,-0.04112256,-2.356149,3.18569326,182.526779,3.18545628,182.513200,0.01272849,0.729288,-0.04739511,-2.715540,177.473221,177.486800,1.92333484,0
5.235000,261,3,1047,4.26893616,1.49013984,85.378724,1.49013984,85.378724,-0.65066814,-37.280539,-0.31063128,-0.19231462,-0.31063128,-0.19231462,1.53126240,87.734873,1.52824616,87.562055,-0.58059007,-33.265361,-0.60324371,-34.563319,-0.04112256,-2.356149,-0.03810632,-2.183331,3.18545628,182.513200,3.18515706,182.496057,-0.04739511,-2.715540,-0.05986616,-3.430078,177.486800,177.503943,1.92333484,0
5.240000,262,0,1048,4.23118353,1.47696161,84.623667,1.47696161,84.623667,-0.65891147,-37.752846,-0.11755800,-0.11755800,-0.11755800,-0.11755800,1.52824616,87.562055,1.52534389,87.395767,-0.60324371,-34.563319,-0.58044809,-33.257226,-0.05128455,-2.938388,-0.04838228,-2.772101,3.18515706,182.496057,3.18494534,182.483926,-0.05986616,-3.430078,-0.04233983,-2.425893,177.503943,177.516074,1.92726159,0
5.245000,262,1,1049,4.23118353,1.47696161,84.623667,1.47696161,84.623667,-0.65891147,-37.752846,-0.11755800,-0.07403421,-0.11755800,-0.07403421,1.52534389,87.395767,1.52268791,87.243591,-0.58044809,-33.257226,-0.53119189,-30.435053,-0.04838228,-2.772101,-0.04572630,-2.619924,3.18494534,182.483926,3.18490839,182.481809,-0.04233983,-2.425893,-0.00739331,-0.423605,177.516074,177.518191,1.92726159,0
5.250000,262,2,1050,4.23118353,1.47696161,84.623667,1.47696161,84.623667,-0.65891147,-37.752846,-0.07403421,-0.31256151,-0.07403421,-0.31256151,1.52268791,87.243591,1.51955318,87.063984,-0.53119189,-30.435053,-0.62695646,-35.921959,-0.04572630,-2.619924,-0.04259157,-2.440317,3.18490839,182.481809,3.18456459,182.462111,-0.00739331,-0.423605,-0.06874379,-3.938729,177.518191,177.537889,1.92726159,0
5.255000,262,3,1051,4.23118353,1.47696161,84.623667,1.47696161,84.623667,-0.65891147,-37.752846,-0.31256151,-0.18885851,-0.31256151,-0.18885851,1.51955318,87.063984,1.51631558,86.878483,-0.62695646,-35.921959,-0.64751315,-37.099771,-0.04259157,-2.440317,-0.03935397,-2.254816,3.18456459,182.462111,3.18416286,182.439093,-0.06874379,-3.938729,-0.08033022,-4.602582,177.537889,177.560907,1.92726159,0
5.260000,263,0,1052,4.19384670,1.46392858,83.876929,1.46392858,83.876929,-0.65165162,-37.336888,-0.11101198,-0.11101198,-0.11101198,-0.11101198,1.51631558,86.878483,1.51321185,86.700652,-0.64751315,-37.099771,-0.62074244,-35.565922,-0.05238700,-3.001554,-0.04928327,-2.823723,3.18416286,182.439093,3.18385911,182.421690,-0.08033022,-4.602582,-0.06073433,-3.479821,177.560907,177.578310,1.93208909,0
5.265000,263,1,1053,4.19384670,1.46392858,83.876929,1.46392858,83.876929,-0.65165162,-37.336888,-0.11101198,-0.06599092,-0.11101198,-0.06599092,1.51321185,86.700652,1.51037884,86.538333,-0.62074244,-35.565922,-0.56660134,-32.463865,-0.04928327,-2.823723,-0.04645026,-2.661404,3.18385911,182.421690,3.18374324,182.415051,-0.06073433,-3.479821,-0.02317102,-1.327602,177.578310,177.584949,1.93208909,0
5.270000,263,2,1054,4.19384670,1.46392858,83.876929,1.46392858,83.876929,-0.65165162,-37.336888,-0.06599092,-0.30738640,-0.06599092,-0.30738640,1.51037884,86.538333,1.50708270,86.349478,-0.56660134,-32.463865,-0.65922529,-37.770827,-0.04645026,-2.661404,-0.04315412,-2.472549,3.18374324,182.415051,3.18332767,182.391241,-0.02317102,-1.327602,-0.08311208,-4.761972,177.584949,177.608759,1.93208909,0
5.275000,263,3,1055,4.19384670,1.46392858,83.876929,1.46392858,83.876929,-0.65165162,-37.336888,-0.30738640,-0.18245888,-0.30738640,-0.18245888,1.50708270,86.349478,1.50370324,86.155849,-0.65922529,-37.770827,-0.67589718,-38.726056,-0.04315412,-2.472549,-0.03977466,-2.278920,3.18332767,182.391241,3.18286347,182.364644,-0.08311208,-4.761972,-0.09283890,-5.319277,177.608759,177.635356,1.93208909,0
5.280000,264,0,1056,4.15744686,1.45122266,83.148933,1.45122266,83.148933,-0.63529611,-36.399786,-0.10424614,-0.10424614,-0.10424614,-0.10424614,1.50370324,86.155849,1.50047815,85.971065,-0.67589718,-38.726056,-0.64501929,-36.956883,-0.05248058,-3.006916,-0.04925549,-2.822132,3.18286347,182.364644,3.18250704,182.344222,-0.09283890,-5.319277,-0.07127465,-4.083737,177.635356,177.655778,1.93732870,0
5.285000,264,1,1057,4.15744686,1.45122266,83.148933,1.45122266,83.148933,-0.63529611,-36.399786,-0.10424614,-0.05941582,-0.10424614,-0.05941582,1.50047815,85.971065,1.49754369,85.802933,-0.64501929,-36.956883,-0.58688724,-33.626162,-0.04925549,-2.822132,-0.04632103,-2.654000,3.18250704,182.344222,3.18234777,182.335096,-0.07127465,-4.083737,-0.03185319,-1.825053,177.655778,177.664904,1.93732870,0
5.290000,264,2,1058,4.15744686,1.45122266,83.148933,1.45122266,83.148933,-0.63529611,-36.399786,-0.05941582,-0.29842234,-0.05941582,-0.29842234,1.49754369,85.802933,1.49417341,85.609830,-0.58688724,-33.626162,-0.67406815,-38.621260,-0.04632103,-2.654000,-0.04295075,-2.460897,3.18234777,182.335096,3.18190289,182.309606,-0.03185319,-1.825053,-0.08900005,-5.099327,177.664904,177.690394,1.93732870,0
5.295000,264,3,1059,4.15744686,1.45122266,83.148933,1.45122266,83.148933,-0.63529611,-36.399786,-0.29842234,-0.17547655,-0.29842234,-0.17547655,1.49417341,85.609830,1.49074090,85.413162,-0.67406815,-38.621260,-0.68650198,-39.333666,-0.04295075,-2.460897,-0.03951824,-2.264228,3.18190289,182.309606,3.18141913,182.281889,-0.08900005,-5.099327,-0.09675270,-5.543522,177.690394,177.718111,1.93732870,0
5.300000,265,0,1060,4.12235403,1.43897295,82.447077,1.43897295,82.447077,-0.61248541,-35.092829,-0.09890413,-0.09890413,-0.09890413,-0.09890413,1.49074090,85.413162,1.48747897,85.226267,-0.68650198,-39.333666,-0.65238339,-37.378815,-0.05176795,-2.966085,-0.04850602,-2.779190,3.18141913,182.281889,3.18104959,182.260716,-0.09675270,-5.543522,-0.07388981,-4.233575,177.718111,177.739284,1.94255114,0
5.305000,265,1,1061,4.12235403,1.43897295,82.447077,1.43897295,82.447077,-0.61248541,-35.092829,-0.09890413,-0.05540323,-0.09890413,-0.05540323,1.48747897,85.226267,1.48451984,85.056721,-0.65238339,-37.378815,-0.59181893,-33.908727,-0.04850602,-2.779190,-0.04554689,-2.609645,3.18104959,182.260716,3.18088102,182.251058,-0.07388981,-4.233575,-0.03371504,-1.931729,177.739284,177.748942,1.94255114,0
5.310000,265,2,1062,4.12235403,1.43897295,82.447077,1.43897295,82.447077,-0.61248541,-35.092829,-0.05540323,-0.28892040,-0.05540323,-0.28892040,1.48451984,85.056721,1.48115373,84.863857,-0.59181893,-33.908727,-0.67323017,-38.573247,-0.04554689,-2.609645,-0.04218078,-2.416780,3.18088102,182.251058,3.18044162,182.225882,-0.03371504,-1.931729,-0.08789986,-5.036291,177.748942,177.774118,1.94255114,0
5.315000,265,3,1063,4.12235403,1.43897295,82.447077,1.43897295,82.447077,-0.61248541,-35.092829,-0.28892040,-0.16973400,-0.28892040,-0.16973400,1.48115373,84.863857,1.47774279,84.668425,-0.67323017,-38.573247,-0.68217993,-39.086031,-0.04218078,-2.416780,-0.03876984,-2.221348,3.18044162,182.225882,3.17997050,182.198889,-0.08789986,-5.036291,-0.09420743,-5.397688,177.774118,177.801111,1.94255114,0
5.320000,266,0,1064,4.08890390,1.42729664,81.778073,1.42729664,81.778073,-0.58381557,-33.450168,-0.09581470,-0.09581470,-0.09581470,-0.09581470,1.47774279,84.668425,1.47451186,84.483307,-0.68217993,-39.086031,-0.64619023,-37.023973,-0.05044615,-2.890352,-0.04721522,-2.705233,3.17997050,182.198889,3.17961574,182.178562,-0.09420743,-5.397688,-0.07096397,-4.065936,177.801111,177.821438,1.94747949,0
5.325000,266,1,1065,4.08890390,1.42729664,81.778073,1.42729664,81.778073,-0.58381557,-33.450168,-0.09581470,-0.05412388,-0.09581470,-0.05412388,1.47451186,84.483307,1.47158754,84.315755,-0.64619023,-37.023973,-0.58485508,-33.509728,-0.04721522,-2.705233,-0.04429090,-2.537682,3.17961574,182.178562,3.17946005,182.169642,-0.07096397,-4.065936,-0.03113034,-1.783637,177.821438,177.830358,1.94747949,0
5.330000,266,2,1066,4.08890390,1.42729664,81.778073,1.42729664,81.778073,-0.58381557,-33.450168,-0.05412388,-0.27970505,-0.05412388,-0.27970505,1.47158754,84.315755,1.46828413,84.126484,-0.58485508,-33.509728,-0.66067064,-37.853639,-0.04429090,-2.537682,-0.04098749,-2.348410,3.17946005,182.169642,3.17904782,182.146023,-0.03113034,-1.783637,-0.08244573,-4.723792,177.830358,177.853977,1.94747949,0
5.335000,266,3,1067,4.08890390,1.42729664,81.778073,1.42729664,81.778073,-0.58381557,-33.450168,-0.27970505,-0.16533852,-0.27970505,-0.16533852,1.46828413,84.126484,1.46494937,83.935416,-0.66067064,-37.853639,-0.66695493,-38.213703,-0.04098749,-2.348410,-0.03765273,-2.157343,3.17904782,182.146023,3.17860866,182.120861,-0.08244573,-4.723792,-0.08781590,-5.031481,177.853977,177.879139,1.94747949,0
5.340000,267,0,1068,4.05730104,1.41626525,81.146021,1.41626525,81.146021,-0.55156946,-31.602602,-0.09464073,-0.09464073,-0.09464073,-0.09464073,1.46494937,83.935416,1.46179807,83.754860,-0.66695493,-38.213703,-0.63025826,-36.111138,-0.04868412,-2.789395,-0.04553282,-2.608839,3.17860866,182.120861,3.17828417,182.102269,-0.08781590,-5.031481,-0.06491695,-3.719467,177.879139,177.897731,1.95195866,0
5.345000,267,1,1069,4.05730104,1.41626525,81.146021,1.41626525,81.146021,-0.55156946,-31.602602,-0.09464073,-0.05499268,-0.09464073,-0.05499268,1.46179807,83.754860,1.45895076,83.591721,-0.63025826,-36.111138,-0.56945795,-32.627537,-0.04553282,-2.608839,-0.04268551,-2.445699,3.17828417,182.102269,3.17815304,182.094756,-0.06491695,-3.719467,-0.02623349,-1.503068,177.897731,177.905244,1.95195866,0
5.350000,267,2,1070,4.05730104,1.41626525,81.146021,1.41626525,81.146021,-0.55156946,-31.602602,-0.05499268,-0.27030563,-0.05499268,-0.27030563,1.45895076,83.591721,1.45575297,83.408501,-0.56945795,-32.627537,-0.63956541,-36.644399,-0.04268551,-2.445699,-0.03948772,-2.262480,3.17815304,182.094756,3.17778039,182.073405,-0.02623349,-1.503068,-0.07453951,-4.270799,177.905244,177.926595,1.95195866,0
5.355000,267,3,1071,4.05730104,1.41626525,81.146021,1.41626525,81.146021,-0.55156946,-31.602602,-0.27030563,-0.16168594,-0.27030563,-0.16168594,1.45575297,83.408501,1.45253479,83.224113,-0.63956541,-36.644399,-0.64363539,-36.877592,-0.03948772,-2.262480,-0.03626955,-2.078092,3.17778039,182.073405,3.17738438,182.050715,-0.07453951,-4.270799,-0.07919911,-4.537775,177.926595,177.949285,1.95195866,0
5.360000,268,0,1072,4.02761698,1.40590346,80.552335,1.40590346,80.552335,-0.51808953,-29.684344,-0.09473038,-0.09473038,-0.09473038,-0.09473038,1.45253479,83.224113,1.44949985,83.050224,-0.64363539,-36.877592,-0.60699934,-34.778500,-0.04663134,-2.671779,-0.04359639,-2.497889,3.17738438,182.050715,3.17709899,182.034363,-0.07919911,-4.537775,-0.05707465,-3.270137,177.949285,177.965637,1.95590794,0
5.365000,268,1,1073,4.02761698,1.40590346,80.552335,1.40590346,80.552335,-0.51808953,-29.684344,-0.09473038,-0.05737114,-0.09473038,-0.05737114,1.44949985,83.050224,1.44676161,82.893334,-0.60699934,-34.778500,-0.54765099,-31.378091,-0.04359639,-2.497889,-0.04085815,-2.341000,3.17709899,182.034363,3.17699862,182.028612,-0.05707465,-3.270137,-0.02006493,-1.149636,177.965637,177.971388,1.95590794,0
5.370000,268,2,1074,4.02761698,1.40590346,80.552335,1.40590346,80.552335,-0.51808953,-29.684344,-0.05737114,-0.26104259,-0.05737114,-0.26104259,1.44676161,82.893334,1.44370091,82.717969,-0.54765099,-31.378091,-0.61213249,-35.072608,-0.04085815,-2.341000,-0.03779745,-2.165634,3.17699862,182.028612,3.17667198,182.009897,-0.02006493,-1.149636,-0.06532692,-3.742957,177.971388,177.990103,1.95590794,0
5.375000,268,3,1075,4.02761698,1.40590346,80.552335,1.40590346,80.552335,-0.51808953,-29.684344,-0.26104259,-0.15874958,-0.26104259,-0.15874958,1.44370091,82.717969,1.44062877,82.541948,-0.61213249,-35.072608,-0.61442280,-35.203833,-0.03779745,-2.165634,-0.03472531,-1.989614,3.17667198,182.009897,3.17632461,181.989994,-0.06532692,-3.742957,-0.06947129,-3.980412,177.990103,178.010006,1.95590794,0
5.380000,269,0,1076,3.99985600,1.39621305,79.997115,1.39621305,79.997115,-0.48452020,-27.760962,-0.09584904,-0.09584904,-0.09584904,-0.09584904,1.44062877,82.541948,1.43773639,82.376227,-0.61442280,-35.203833,-0.57847220,-33.144015,-0.04441571,-2.544833,-0.04152334,-2.379112,3.17632461,181.989994,3.17608237,181.976115,-0.06947129,-3.980412,-0.04843942,-2.775375,178.010006,178.023885,1.95930326,0
5.385000,269,1,1077,3.99985600,1.39621305,79.997115,1.39621305,79.997115,-0.48452020,-27.760962,-0.09584904,-0.06090260,-0.09584904,-0.06090260,1.43773639,82.376227,1.43513000,82.226892,-0.57847220,-33.144015,-0.52127606,-29.866918,-0.04152334,-2.379112,-0.03891695,-2.229777,3.17608237,181.976115,3.17601514,181.972263,-0.04843942,-2.775375,-0.01346898,-0.771716,178.023885,178.027737,1.95930326,0
5.390000,269,2,1078,3.99985600,1.39621305,79.997115,1.39621305,79.997115,-0.48452020,-27.760962,-0.06090260,-0.25244856,-0.06090260,-0.25244856,1.43513000,82.226892,1.43222725,82.060577,-0.52127606,-29.866918,-0.58053750,-33.262348,-0.03891695,-2.229777,-0.03601420,-2.063462,3.17601514,181.972263,3.17573595,181.956267,-0.01346898,-0.771716,-0.05585543,-3.200280,178.027737,178.043733,1.95930326,0
5.395000,269,3,1079,3.99985600,1.39621305,79.997115,1.39621305,79.997115,-0.48452020,-27.760962,-0.25244856,-0.15663862,-0.25244856,-0.15663862,1.43222725,82.060577,1.42931950,81.893975,-0.58053750,-33.262348,-0.58154911,-33.320309,-0.03601420,-2.063462,-0.03310645,-1.896860,3.17573595,181.956267,3.17543745,181.939164,-0.05585543,-3.200280,-0.05971503,-3.421419,178.043733,178.060836,1.95930326,0
5.400000,270,0,1080,3.97402716,1.38719714,79.480541,1.38719714,79.480541,-0.45079589,-25.828702,-0.09784079,-0.09784079,-0.09784079,-0.09784079,1.42931950,81.893975,1.42658544,81.737325,-0.58154911,-33.320309,-0.54681396,-31.330132,-0.04212236,-2.413434,-0.03938830,-2.256783,3.17543745,181.939164,3.17523742,181.927703,-0.05971503,-3.421419,-0.04002506,-2.293267,178.060836,178.072297,1.96218050,0
5.405000,270,1,1081,3.97402716,1.38719714,79.480541,1.38719714,79.480541,-0.45079589,-25.828702,-0.09784079,-0.06528616,-0.09784079,-0.06528616,1.42658544,81.737325,1.42412400,81.596295,-0.54681396,-31.330132,-0.49228716,-28.205977,-0.03938830,-2.256783,-0.03692687,-2.115754,3.17523742,181.927703,3.17520070,181.925599,-0.04002506,-2.293267,-0.00733511,-0.420271,178.072297,178.074401,1.96218050,0
5.410000,270,2,1082,3.97402716,1.38719714,79.480541,1.38719714,79.480541,-0.45079589,-25.828702,-0.06528616,-0.24460220,-0.06528616,-0.24460220,1.42412400,81.596295,1.42139006,81.439651,-0.49228716,-28.205977,-0.54678226,-31.328316,-0.03692687,-2.115754,-0.03419292,-1.959110,3.17520070,181.925599,3.17496538,181.912116,-0.00733511,-0.420271,-0.04704661,-2.695572,178.074401,178.087884,1.96218050,0
5.415000,270,3,1083,3.97402716,1.38719714,79.480541,1.38719714,79.480541,-0.45079589,-25.828702,-0.24460220,-0.15520859,-0.24460220,-0.15520859,1.42139006,81.439651,1.41865540,81.282967,-0.54678226,-31.328316,-0.54692829,-31.336683,-0.03419292,-1.959110,-0.03145826,-1.802425,3.17496538,181.912116,3.17471147,181.897568,-0.04704661,-2.695572,-0.05079692,-2.910449,178.087884,178.102432,1.96218050,0
5.420000,271,0,1084,3.95012760,1.37885463,79.002551,1.37885463,79.002551,-0.41712523,-23.899515,-0.10042191,-0.10042191,-0.10042191,-0.10042191,1.41865540,81.282967,1.41608655,81.135783,-0.54692829,-31.336683,-0.51376605,-29.436626,-0.03980076,-2.280416,-0.03723192,-2.133232,3.17471147,181.897568,3.17454863,181.888238,-0.05079692,-2.910449,-0.03258978,-1.867257,178.102432,178.111762,1.96460664,0
5.425000,271,1,1085,3.95012760,1.37885463,79.002551,1.37885463,79.002551,-0.41712523,-23.899515,-0.10042191,-0.07017136,-0.10042191,-0.07017136,1.41608655,81.135783,1.41377544,81.003366,-0.51376605,-29.436626,-0.46221286,-26.482846,-0.03723192,-2.133232,-0.03492081,-2.000815,3.17454863,181.888238,3.17453718,181.887582,-0.03258978,-1.867257,-0.00228874,-0.131135,178.111762,178.112418,1.96460664,0
5.430000,271,2,1086,3.95012760,1.37885463,79.002551,1.37885463,79.002551,-0.41712523,-23.899515,-0.07017136,-0.23710966,-0.07017136,-0.23710966,1.41377544,81.003366,1.41121471,80.856647,-0.46221286,-26.482846,-0.51215595,-29.344374,-0.03492081,-2.000815,-0.03236008,-1.854096,3.17453718,181.887582,3.17434025,181.876299,-0.00228874,-0.131135,-0.03937727,-2.256152,178.112418,178.123701,1.96460664,0
5.435000,271,3,1087,3.95012760,1.37885463,79.002551,1.37885463,79.002551,-0.41712523,-23.899515,-0.23710966,-0.15407896,-0.23710966,-0.15407896,1.41121471,80.856647,1.40865660,80.710078,-0.51215595,-29.344374,-0.51161838,-29.313574,-0.03236008,-1.854096,-0.02980196,-1.707527,3.17434025,181.876299,3.17412496,181.863964,-0.03937727,-2.256152,-0.04305175,-2.466683,178.123701,178.136036,1.96460664,0
5.440000,272,0,1088,3.92815542,1.37118483,78.563103,1.37118483,78.563103,-0.38349032,-21.972377,-0.10325956,-0.10325956,-0.10325956,-0.10325956,1.40865660,80.710078,1.40625572,80.572518,-0.51161838,-29.313574,-0.48018438,-27.512538,-0.03747177,-2.146974,-0.03507090,-2.009414,3.17412496,181.863964,3.17399311,181.856409,-0.04305175,-2.466683,-0.02634667,-1.509553,178.136036,178.143591,1.96665609,0
5.445000,272,1,1089,3.92815542,1.37118483,78.563103,1.37118483,78.563103,-0.38349032,-21.972377,-0.10325956,-0.07526731,-0.10325956,-0.07526731,1.40625572,80.572518,1.40409708,80.448837,-0.48018438,-27.512538,-0.43173227,-24.736437,-0.03507090,-2.009414,-0.03291225,-1.885733,3.17399311,181.856409,3.17400098,181.856860,-0.02634667,-1.509553,0.00156092,0.089434,178.143591,178.143140,1.96665609,0
5.450000,272,2,1090,3.92815542,1.37118483,78.563103,1.37118483,78.563103,-0.38349032,-21.972377,-0.07526731,-0.22981119,-0.07526731,-0.22981119,1.40409708,80.448837,1.40171087,80.312117,-0.43173227,-24.736437,-0.47724071,-27.343879,-0.03291225,-1.885733,-0.03052604,-1.749013,3.17400098,181.856860,3.17383647,181.847435,0.00156092,0.089434,-0.03290610,-1.885380,178.143140,178.152565,1.96665609,0
5.455000,272,3,1091,3.92815542,1.37118483,78.563103,1.37118483,78.563103,-0.38349032,-21.972377,-0.22981119,-0.15309572,-0.22981119,-0.15309572,1.40171087,80.312117,1.39933038,80.175725,-0.47724071,-27.343879,-0.47610790,-27.278973,-0.03052604,-1.749013,-0.02814555,-1.612621,3.17383647,181.847435,3.17365408,181.836984,-0.03290610,-1.885380,-0.03649043,-2.090747,178.152565,178.163016,1.96665609,0
5.460000,273,0,1092,3.90811539,1.36418962,78.162308,1.36418962,78.162308,-0.34976006,-20.039775,-0.10620546,-0.10620546,-0.10620546,-0.10620546,1.39933038,80.175725,1.39709806,80.047823,-0.47610790,-27.278973,-0.44646737,-25.580696,-0.03514075,-2.013417,-0.03290844,-1.885515,3.17365408,181.836984,3.17354774,181.830892,-0.03649043,-2.090747,-0.02126112,-1.218173,178.163016,178.169108,1.96839690,0
5.465000,273,1,1093,3.90811539,1.36418962,78.162308,1.36418962,78.162308,-0.34976006,-20.039775,-0.10620546,-0.08044291,-0.10620546,-0.08044291,1.39709806,80.047823,1.39509225,79.932898,-0.44646737,-25.580696,-0.40116417,-22.985014,-0.03290844,-1.885515,-0.03090262,-1.770590,3.17354774,181.830892,3.17356920,181.832121,-0.02126112,-1.218173,0.00428755,0.245658,178.169108,178.167879,1.96839690,0
5.470000,273,2,1094,3.90811539,1.36418962,78.162308,1.36418962,78.162308,-0.34976006,-20.039775,-0.08044291,-0.22258186,-0.08044291,-0.22258186,1.39509225,79.932898,1.39288080,79.806191,-0.40116417,-22.985014,-0.44227946,-25.340746,-0.03090262,-1.770590,-0.02869117,-1.643883,3.17356920,181.832121,3.17343163,181.824239,0.00428755,0.245658,-0.02752280,-1.576940,178.167879,178.175761,1.96839690,0
5.475000,273,3,1095,3.90811539,1.36418962,78.162308,1.36418962,78.162308,-0.34976006,-20.039775,-0.22258186,-0.15216255,-0.22258186,-0.15216255,1.39288080,79.806191,1.39067793,79.679976,-0.44227946,-25.340746,-0.44058132,-25.243450,-0.02869117,-1.643883,-0.02648830,-1.517668,3.17343163,181.824239,3.17327666,181.815360,-0.02752280,-1.576940,-0.03097727,-1.774867,178.175761,178.184640,1.96839690,0
5.480000,274,0,1096,3.89001656,1.35787189,77.800328,1.35787189,77.800328,-0.31588674,-18.098977,-0.10918617,-0.10918617,-0.10918617,-0.10918617,1.39067793,79.679976,1.38861418,79.561732,-0.44058132,-25.243450,-0.41275492,-23.649115,-0.03280604,-1.879648,-0.03074229,-1.761403,3.17327666,181.815360,3.17319083,181.810442,-0.03097727,-1.774867,-0.01718111,-0.984405,178.184640,178.189558,1.96988618,0
5.485000,274,1,1097,3.89001656,1.35787189,77.800328,1.35787189,77.800328,-0.31588674,-18.098977,-0.10918617,-0.08563805,-0.10918617,-0.08563805,1.38861418,79.561732,1.38676107,79.455556,-0.41275492,-23.649115,-0.37061211,-21.234510,-0.03074229,-1.761403,-0.02888918,-1.655228,3.17319083,181.810442,3.17322111,181.812177,-0.01718111,-0.984405,0.00605435,0.346889,178.189558,178.187823,1.96988618,0
5.490000,274,2,1098,3.89001656,1.35787189,77.800328,1.35787189,77.800328,-0.31588674,-18.098977,-0.08563805,-0.21532822,-0.08563805,-0.21532822,1.38676107,79.455556,1.38472450,79.338870,-0.37061211,-21.234510,-0.40731904,-23.337662,-0.02888918,-1.655228,-0.02685261,-1.538541,3.17322111,181.812177,3.17310596,181.805579,0.00605435,0.346889,-0.02303886,-1.320029,178.187823,178.194421,1.96988618,0
5.495000,274,3,1099,3.89001656,1.35787189,77.800328,1.35787189,77.800328,-0.31588674,-18.098977,-0.21532822,-0.15121269,-0.21532822,-0.15121269,1.38472450,79.338870,1.38269925,79.222831,-0.40731904,-23.337662,-0.40504506,-23.207373,-0.02685261,-1.538541,-0.02482736,-1.422503,3.17310596,181.805579,3.17297435,181.798039,-0.02303886,-1.320029,-0.02630874,-1.507380,178.194421,178.201961,1.96988618,0
5.500000,275,0,1100,3.87387419,1.35223711,77.477479,1.35223711,77.477479,-0.28173923,-16.142469,-0.11215401,-0.11215401,-0.11215401,-0.11215401,1.38269925,79.222831,1.38080418,79.114252,-0.40504506,-23.207373,-0.37902460,-21.716510,-0.03046215,-1.745352,-0.02856708,-1.636773,3.17297435,181.798039,3.17290497,181.794063,-0.02630874,-1.507380,-0.01389501,-0.796125,178.201961,178.205937,1.97116935,0
5.505000,275,1,1101,3.87387419,1.35223711,77.477479,1.35223711,77.477479,-0.28173923,-16.142469,-0.11215401,-0.09082985,-0.11215401,-0.09082985,1.38080418,79.114252,1.37910402,79.016840,-0.37902460,-21.716510,-0.34003979,-19.482845,-0.02856708,-1.636773,-0.02686691,-1.539361,3.17290497,181.794063,3.17294025,181.796085,-0.01389501,-0.796125,0.00707165,0.405176,178.205937,178.203915,1.97116935,0
5.510000,275,2,1102,3.87387419,1.35223711,77.477479,1.35223711,77.477479,-0.28173923,-16.142469,-0.09082985,-0.20801783,-0.09082985,-0.20801783,1.37910402,79.016840,1.37724245,78.910180,-0.34003979,-19.482845,-0.37230352,-21.331420,-0.02686691,-1.539361,-0.02500534,-1.432700,3.17294025,181.796085,3.17284393,181.790566,0.00707165,0.405176,-0.01924089,-1.102422,178.203915,178.209434,1.97116935,0
5.515000,275,3,1103,3.87387419,1.35223711,77.477479,1.35223711,77.477479,-0.28173923,-16.142469,-0.20801783,-0.15023279,-0.20801783,-0.15023279,1.37724245,78.910180,1.37539530,78.804346,-0.37230352,-21.331420,-0.36943510,-21.167072,-0.02500534,-1.432700,-0.02315819,-1.326867,3.17284393,181.790566,3.17273259,181.784187,-0.01924089,-1.102422,-0.02227550,-1.276292,178.209434,178.215813,1.97116935,0
5.520000,276,0,1104,3.85970664,1.34729171,77.194129,1.34729171,77.194129,-0.24726987,-14.167520,-0.11511660,-0.11511660,-0.11511660,-0.11511660,1.37539530,78.804346,1.37366927,78.705451,-0.36943510,-21.167072,-0.34521711,-19.779483,-0.02810359,-1.610217,-0.02637756,-1.511323,3.17273259,181.784187,3.17267656,181.780977,-0.02227550,-1.276292,-0.01120539,-0.642022,178.215813,178.219023,1.97227848,0
5.525000,276,1,1105,3.85970664,1.34729171,77.194129,1.34729171,77.194129,-0.24726987,-14.167520,-0.11511660,-0.09602404,-0.11511660,-0.09602404,1.37366927,78.705451,1.37212229,78.616816,-0.34521711,-19.779483,-0.30939144,-17.726824,-0.02637756,-1.511323,-0.02483058,-1.422687,3.17267656,181.780977,3.17271423,181.783135,-0.01120539,-0.642022,0.00752632,0.431227,178.219023,178.216865,1.97227848,0
5.530000,276,2,1106,3.85970664,1.34729171,77.194129,1.34729171,77.194129,-0.24726987,-14.167520,-0.09602404,-0.20060396,-0.09602404,-0.20060396,1.37212229,78.616816,1.37043655,78.520230,-0.30939144,-17.726824,-0.33714879,-19.317202,-0.02483058,-1.422687,-0.02314484,-1.326102,3.17271423,181.783135,3.17263460,181.778573,0.00752632,0.431227,-0.01593063,-0.912758,178.216865,178.221427,1.97227848,0
5.535000,276,3,1107,3.85970664,1.34729171,77.194129,1.34729171,77.194129,-0.24726987,-14.167520,-0.20060396,-0.14920664,-0.20060396,-0.14920664,1.37043655,78.520230,1.36876822,78.424642,-0.33714879,-19.317202,-0.33365756,-19.117170,-0.02314484,-1.326102,-0.02147651,-1.230513,3.17263460,181.778573,3.17254114,181.773218,-0.01593063,-0.912758,-0.01867941,-1.070251,178.221427,178.226782,1.97227848,0
5.540000,277,0,1108,3.84753060,1.34304154,76.950612,1.34304154,76.950612,-0.21250844,-12.175837,-0.11806345,-0.11806345,-0.11806345,-0.11806345,1.36876822,78.424642,1.36721206,78.335481,-0.33365756,-19.117170,-0.31123218,-17.832290,-0.02572668,-1.474030,-0.02417052,-1.384869,3.17254114,181.773218,3.17249656,181.770663,-0.01867941,-1.070251,-0.00891614,-0.510857,178.226782,178.229337,1.97323418,0
5.545000,277,1,1109,3.84753060,1.34304154,76.950612,1.34304154,76.950612,-0.21250844,-12.175837,-0.11806345,-0.10122728,-0.11806345,-0.10122728,1.36721206,78.335481,1.36581922,78.255677,-0.31123218,-17.832290,-0.27857092,-15.960938,-0.02417052,-1.384869,-0.02277768,-1.305065,3.17249656,181.770663,3.17253470,181.772849,-0.00891614,-0.510857,0.00760618,0.435802,178.229337,178.227151,1.97323418,0
5.550000,277,2,1110,3.84753060,1.34304154,76.950612,1.34304154,76.950612,-0.21250844,-12.175837,-0.10122728,-0.19308376,-0.10122728,-0.19308376,1.36581922,78.255677,1.36431038,78.169227,-0.27857092,-15.960938,-0.30175698,-17.289401,-0.02277768,-1.305065,-0.02126884,-1.218615,3.17253470,181.772849,3.17247009,181.769147,0.00760618,0.435802,-0.01292428,-0.740507,178.227151,178.230853,1.97323418,0
5.555000,277,3,1111,3.84753060,1.34304154,76.950612,1.34304154,76.950612,-0.21250844,-12.175837,-0.19308376,-0.14813709,-0.19308376,-0.14813709,1.36431038,78.169227,1.36282229,78.083966,-0.30175698,-17.289401,-0.29761633,-17.052160,-0.02126884,-1.218615,-0.01978076,-1.133354,3.17247009,181.769147,3.17239332,181.764748,-0.01292428,-0.740507,-0.01534275,-0.879075,178.230853,178.235252,1.97323418,0
5.560000,278,0,1112,3.83735943,1.33949113,76.747188,1.33949113,76.747188,-0.17752051,-10.171176,-0.12101460,-0.12101460,-0.12101460,-0.12101460,1.36282229,78.083966,1.36143732,78.004613,-0.29761633,-17.052160,-0.27698597,-15.870127,-0.02333117,-1.336777,-0.02194619,-1.257424,3.17239332,181.764748,3.17235899,181.762781,-0.01534275,-0.879075,-0.00686175,-0.393149,178.235252,178.237219,1.97404945,0
5.565000,278,1,1113,3.83735943,1.33949113,76.747188,1.33949113,76.747188,-0.17752051,-10.171176,-0.12101460,-0.10645580,-0.12101460,-0.10645580,1.36143732,78.004613,1.36019981,77.933708,-0.27698597,-15.870127,-0.24750429,-14.180951,-0.02194619,-1.257424,-0.02070868,-1.186520,3.17235899,181.762781,3.17239642,181.764926,-0.00686175,-0.393149,0.00746655,0.427802,178.237219,178.235074,1.97404945,0
5.570000,278,2,1114,3.83735943,1.33949113,76.747188,1.33949113,76.747188,-0.17752051,-10.171176,-0.10645580,-0.18549109,-0.10645580,-0.18549109,1.36019981,77.933708,1.35886943,77.857483,-0.24750429,-14.180951,-0.26607481,-15.244963,-0.02070868,-1.186520,-0.01937830,-1.110295,3.17239642,181.764926,3.17234612,181.762044,0.00746655,0.427802,-0.01008335,-0.577733,178.235074,178.237956,1.97404945,0
5.575000,278,3,1115,3.83735943,1.33949113,76.747188,1.33949113,76.747188,-0.17752051,-10.171176,-0.18549109,-0.14705420,-0.18549109,-0.14705420,1.35886943,77.857483,1.35756302,77.782631,-0.26607481,-15.244963,-0.26127639,-14.970035,-0.01937830,-1.110295,-0.01807189,-1.035443,3.17234612,181.762044,3.17228532,181.758560,-0.01008335,-0.577733,-0.01214170,-0.695668,178.237956,178.241440,1.97404945,0
5.580000,279,0,1116,3.82920408,1.33664429,76.584077,1.33664429,76.584077,-0.14234185,-8.155587,-0.12398100,-0.12398100,-0.12398100,-0.12398100,1.35756302,77.782631,1.35635078,77.713175,-0.26127639,-14.970035,-0.24245012,-13.891369,-0.02091873,-1.198555,-0.01970649,-1.129099,3.17228532,181.758560,3.17226076,181.757153,-0.01214170,-0.695668,-0.00492521,-0.282194,178.241440,178.242847,1.97473037,0
5.585000,279,1,1117,3.82920408,1.33664429,76.584077,1.33664429,76.584077,-0.14234185,-8.155587,-0.12398100,-0.11173010,-0.12398100,-0.11173010,1.35635078,77.713175,1.35526991,77.651246,-0.24245012,-13.891369,-0.21617563,-12.385951,-0.01970649,-1.129099,-0.01862562,-1.067169,3.17226076,181.757153,3.17229676,181.759216,-0.00492521,-0.282194,0.00721421,0.413344,178.242847,178.240784,1.97473037,0
5.590000,279,2,1118,3.82920408,1.33664429,76.584077,1.33664429,76.584077,-0.14234185,-8.155587,-0.11173010,-0.17785931,-0.11173010,-0.17785931,1.35526991,77.651246,1.35411942,77.585328,-0.21617563,-12.385951,-0.23010664,-13.184139,-0.01862562,-1.067169,-0.01747513,-1.001251,3.17229676,181.759216,3.17226028,181.757126,0.00721421,0.413344,-0.00731628,-0.419192,178.240784,178.242874,1.97473037,0
5.595000,279,3,1119,3.82920408,1.33664429,76.584077,1.33664429,76.584077,-0.14234185,-8.155587,-0.17785931,-0.14597416,-0.17785931,-0.14597416,1.35411942,77.585328,1.35299611,77.520967,-0.23010664,-13.184139,-0.22465204,-12.871614,-0.01747513,-1.001251,-0.01635182,-0.936890,3.17226028,181.757126,3.17221522,181.754544,-0.00731628,-0.419192,-0.00899278,-0.515249,178.242874,178.245456,1.97473037,0
5.600000,280,0,1120,3.82306719,1.33450210,76.461338,1.33450210,76.461338,-0.10710955,-6.136925,-0.12698269,-0.12698269,-0.12698269,-0.12698269,1.35299611,77.520967,1.35195780,77.461476,-0.22465204,-12.871614,-0.20765111,-11.897532,-0.01849401,-1.059629,-0.01745570,-1.000138,3.17221522,181.754544,3.17219996,181.753670,-0.00899278,-0.515249,-0.00303226,-0.173736,178.245456,178.246330,1.97527933,0
5.605000,280,1,1121,3.82306719,1.33450210,76.461338,1.33450210,76.461338,-0.10710955,-6.136925,-0.12698269,-0.11704731,-0.12698269,-0.11704731,1.35195780,77.461476,1.35103476,77.408590,-0.20765111,-11.897532,-0.18460974,-10.577359,-0.01745570,-1.000138,-0.01653266,-0.947252,3.17219996,181.753670,3.17223454,181.755650,-0.00303226,-0.173736,0.00692342,0.396683,178.246330,178.244350,1.97527933,0
5.610000,280,2,1122,3.82306719,1.33450210,76.461338,1.33450210,76.461338,-0.10710955,-6.136925,-0.11704731,-0.17020178,-0.11704731,-0.17020178,1.35103476,77.408590,1.35006535,77.353047,-0.18460974,-10.577359,-0.19388542,-11.108816,-0.01653266,-0.947252,-0.01556325,-0.891709,3.17223454,181.755650,3.17221165,181.754339,0.00692342,0.396683,-0.00455488,-0.260975,178.244350,178.245661,1.97527933,0
5.615000,280,3,1123,3.82306719,1.33450210,76.461338,1.33450210,76.461338,-0.10710955,-6.136925,-0.17020178,-0.14490461,-0.17020178,-0.14490461,1.35006535,77.353047,1.34912646,77.299252,-0.19388542,-11.108816,-0.18778081,-10.759048,-0.01556325,-0.891709,-0.01462436,-0.837914,3.17221165,181.754339,3.17218256,181.752673,-0.00455488,-0.260975,-0.00583155,-0.334123,178.245661,178.247327,1.97527933,0
5.620000,281,0,1124,3.81894350,1.33306277,76.378870,1.33306277,76.378870,-0.07196665,-4.123385,-0.13001585,-0.13001585,-0.13001585,-0.13001585,1.34912646,77.299252,1.34826338,77.249802,-0.18778081,-10.759048,-0.17262420,-9.890638,-0.01606369,-0.920382,-0.01520061,-0.870931,3.17218256,181.752673,3.17217708,181.752358,-0.00583155,-0.334123,-0.00111735,-0.064019,178.247327,178.247642,1.97569346,0
5.625000,281,1,1125,3.81894350,1.33306277,76.378870,1.33306277,76.378870,-0.07196665,-4.123385,-0.13001585,-0.12240934,-0.13001585,-0.12240934,1.34826338,77.249802,1.34749913,77.206013,-0.17262420,-9.890638,-0.15284300,-8.757259,-0.01520061,-0.870931,-0.01443636,-0.827143,3.17217708,181.752358,3.17221045,181.754271,-0.00111735,-0.064019,0.00665914,0.381541,178.247642,178.245729,1.97569346,0
5.630000,281,2,1126,3.81894350,1.33306277,76.378870,1.33306277,76.378870,-0.07196665,-4.123385,-0.12240934,-0.16256952,-0.12240934,-0.16256952,1.34749913,77.206013,1.34671175,77.160900,-0.15284300,-8.757259,-0.15747848,-9.022852,-0.01443636,-0.827143,-0.01364899,-0.782029,3.17221045,181.754271,3.17220163,181.753765,0.00665914,0.381541,-0.00175436,-0.100517,178.245729,178.246235,1.97569346,0
5.635000,281,3,1127,3.81894350,1.33306277,76.378870,1.33306277,76.378870,-0.07196665,-4.123385,-0.16256952,-0.14386988,-0.16256952,-0.14386988,1.34671175,77.160900,1.34595799,77.117712,-0.15747848,-9.022852,-0.15074484,-8.637043,-0.01364899,-0.782029,-0.01289523,-0.738842,3.17220163,181.753765,3.17218852,181.753014,-0.00175436,-0.100517,-0.00262214,-0.150238,178.246235,178.246986,1.97569346,0
5.640000,282,0,1128,3.81681728,1.33232057,76.336346,1.33232057,76.336346,-0.03710985,-2.126238,-0.13308382,-0.13308382,-0.13308382,-0.13308382,1.34595799,77.117712,1.34527075,77.078336,-0.15074484,-8.637043,-0.13745351,-7.875506,-0.01363742,-0.781367,-0.01295018,-0.741991,3.17218852,181.753014,3.17219281,181.753260,-0.00262214,-0.150238,0.00085479,0.048976,178.246986,178.246740,1.97325838,0
5.645000,282,1,1129,3.81681728,1.33232057,76.336346,1.33232057,76.336346,-0.03710985,-2.126238,-0.13308382,-0.12780619,-0.13308382,-0.12780619,1.34527075,77.078336,1.34466600,77.043687,-0.13745351,-7.875506,-0.12095345,-6.930122,-0.01295018,-0.741991,-0.01234543,-0.707341,3.17219281,181.753260,3.17222500,181.755104,0.00085479,0.048976,0.00646113,0.370196,178.246740,178.244896,1.97325838,0
5.650000,282,2,1130,3.81681728,1.33232057,76.336346,1.33232057,76.336346,-0.03710985,-2.126238,-0.12780619,-0.12622309,-0.12780619,-0.12622309,1.34466600,77.043687,1.34414852,77.014037,-0.12095345,-6.930122,-0.10349075,-5.929583,-0.01234543,-0.707341,-0.01182795,-0.677691,3.17222500,181.755104,3.17228866,181.758751,0.00646113,0.370196,0.01272118,0.728870,178.244896,178.241249,1.97325838,0
5.655000,282,3,1131,3.81681728,1.33232057,76.336346,1.33232057,76.336346,-0.03710985,-2.126238,-0.12622309,-0.15578604,-0.12622309,-0.15578604,1.34414852,77.014037,1.34362853,76.984244,-0.10349075,-5.929583,-0.10400163,-5.958855,-0.01182795,-0.677691,-0.01130795,-0.647898,3.17228866,181.758751,3.17232418,181.760787,0.01272118,0.728870,0.00708624,0.406012,178.241249,178.239213,1.97325838,0
5.660000,283,0,1132,3.81627083,1.33212984,76.325417,1.33212984,76.325417,-0.00953674,-0.546415,-0.14505911,-0.14505911,-0.14505911,-0.14505911,1.34362853,76.984244,1.34313858,76.956172,-0.10400163,-5.958855,-0.09799049,-5.614442,-0.01149869,-0.658826,-0.01100874,-0.630754,3.17232418,181.760787,3.17235327,181.762453,0.00708624,0.406012,0.00580450,0.332574,178.239213,178.237547,1.97371173,0
5.665000,283,1,1133,3.81627083,1.33212984,76.325417,1.33212984,76.325417,-0.00953674,-0.546415,-0.14505911,-0.13909101,-0.14505911,-0.13909101,1.34313858,76.956172,1.34269679,76.930859,-0.09799049,-5.614442,-0.08835068,-5.062121,-0.01100874,-0.630754,-0.01056695,-0.605442,3.17235327,181.762453,3.17238808,181.764448,0.00580450,0.332574,0.00694888,0.398142,178.237547,178.235552,1.97371173,0
5.670000,283,2,1134,3.81627083,1.33212984,76.325417,1.33212984,76.325417,-0.00953674,-0.546415,-0.13909101,-0.13639593,-0.13909101,-0.13639593,1.34269679,76.930859,1.34231138,76.908777,-0.08835068,-5.062121,-0.07707212,-4.415907,-0.01056695,-0.605442,-0.01018155,-0.583360,3.17238808,181.764448,3.17243409,181.767084,0.00694888,0.398142,0.00920052,0.527151,178.235552,178.232916,1.97371173,0
5.675000,283,3,1135,3.81627083,1.33212984,76.325417,1.33212984,76.325417,-0.00953674,-0.546415,-0.13639593,-0.15071726,-0.13639593,-0.15071726,1.34231138,76.908777,1.34193885,76.887433,-0.07707212,-4.415907,-0.07450052,-4.268565,-0.01018155,-0.583360,-0.00980902,-0.562015,3.17243409,181.767084,3.17246270,181.768723,0.00920052,0.527151,0.00569936,0.326549,178.232916,178.231277,1.97371173,0
5.680000,284,0,1136,3.81816506,1.33279097,76.363298,1.33279097,76.363298,0.03305674,1.894011,-0.14490557,-0.14490557,-0.14490557,-0.14490557,1.34193885,76.887433,1.34159684,76.867837,-0.07450052,-4.268565,-0.06839532,-3.918763,-0.00914788,-0.524135,-0.00880587,-0.504539,3.17246270,181.768723,3.17248559,181.770035,0.00569936,0.326549,0.00456253,0.261413,178.231277,178.229965,1.97440124,0
5.685000,284,1,1137,3.81816506,1.33279097,76.363298,1.33279097,76.363298,0.03305674,1.894011,-0.14490557,-0.14195299,-0.14490557,-0.14195299,1.34159684,76.867837,1.34129441,76.850509,-0.06839532,-3.918763,-0.06049488,-3.466101,-0.00880587,-0.504539,-0.00850344,-0.487211,3.17248559,181.770035,3.17250872,181.771360,0.00456253,0.261413,0.00463136,0.265357,178.229965,178.228640,1.97440124,0
5.690000,284,2,1138,3.81816506,1.33279097,76.363298,1.33279097,76.363298,0.03305674,1.894011,-0.14195299,-0.14093828,-0.14195299,-0.14093828,1.34129441,76.850509,1.34103453,76.835619,-0.06049488,-3.466101,-0.05197740,-2.978086,-0.00850344,-0.487211,-0.00824356,-0.472321,3.17250872,181.771360,3.17253423,181.772822,0.00463136,0.265357,0.00512321,0.293539,178.228640,178.227178,1.97440124,0
5.695000,284,3,1139,3.81816506,1.33279097,76.363298,1.33279097,76.363298,0.03305674,1.894011,-0.14093828,-0.14497995,-0.14093828,-0.14497995,1.34103453,76.835619,1.34080493,76.822464,-0.05197740,-2.978086,-0.04591708,-2.630855,-0.00824356,-0.472321,-0.00801396,-0.459166,3.17253423,181.772822,3.17255425,181.773969,0.00512321,0.293539,0.00399907,0.229130,178.227178,178.226031,1.97440124,0
5.700000,285,0,1140,3.82172799,1.33403468,76.434557,1.33403468,76.434557,0.06218553,3.562968,-0.14425135,-0.14425135,-0.14425135,-0.14425135,1.34080493,76.822464,1.34059811,76.810614,-0.04591708,-2.630855,-0.04136569,-2.370080,-0.00677025,-0.387907,-0.00656343,-0.376057,3.17255425,181.773969,3.17256379,181.774515,0.00399907,0.229130,0.00188610,0.108066,178.226031,178.225485,1.97632349,0
5.705000,285,1,1141,3.82172799,1.33403468,76.434557,1.33403468,76.434557,0.06218553,3.562968,-0.14425135,-0.14301348,-0.14425135,-0.14301348,1.34059811,76.810614,1.34040785,76.799713,-0.04136569,-2.370080,-0.03805992,-2.180673,-0.00656343,-0.376057,-0.00637317,-0.365156,3.17256379,181.774515,3.17255855,181.774215,0.00188610,0.108066,-0.00104646,-0.059958,178.225485,178.225785,1.97632349,0
5.710000,285,2,1142,3.82172799,1.33403468,76.434557,1.33403468,76.434557,0.06218553,3.562968,-0.14301348,-0.14131403,-0.14301348,-0.14131403,1.34040785,76.799713,1.34022975,76.789508,-0.03805992,-2.180673,-0.03561021,-2.040315,-0.00637317,-0.365156,-0.00619507,-0.354951,3.17255855,181.774215,3.17253590,181.772917,-0.00104646,-0.059958,-0.00454823,-0.260595,178.225785,178.227083,1.97632349,0
5.715000,285,3,1143,3.82172799,1.33403468,76.434557,1.33403468,76.434557,0.06218553,3.562968,-0.14131403,-0.12609053,-0.14131403,-0.12609053,1.34022975,76.789508,1.34006500,76.780069,-0.03561021,-2.040315,-0.03294590,-1.887661,-0.00619507,-0.354951,-0.00603032,-0.345512,3.17253590,181.772917,3.17249632,181.770650,-0.00454823,-0.260595,-0.00791854,-0.453699,178.227083,178.229350,1.97632349,0
5.720000,286,0,1144,3.82803082,1.33623481,76.560615,1.33623481,76.560615,0.11000633,6.302899,-0.12449217,-0.12449217,-0.12449217,-0.12449217,1.34006500,76.780069,1.33991027,76.771203,-0.03294590,-1.887661,-0.03095765,-1.773743,-0.00383019,-0.219454,-0.00367546,-0.210588,3.17249632,181.770650,3.17243743,181.767275,-0.00791854,-0.453699,-0.01175856,-0.673716,178.229350,178.232725,1.97778177,0
5.725000,286,1,1145,3.82803082,1.33623481,76.560615,1.33623481,76.560615,0.11000633,6.302899,-0.12449217,-0.12266493,-0.12449217,-0.12266493,1.33991027,76.771203,1.33976305,76.762768,-0.03095765,-1.773743,-0.02943536,-1.686522,-0.00367546,-0.210588,-0.00352824,-0.202153,3.17243743,181.767275,3.17235780,181.762713,-0.01175856,-0.673716,-0.01593998,-0.913294,178.232725,178.237287,1.97778177,0
5.730000,286,2,1146,3.82803082,1.33623481,76.560615,1.33623481,76.560615,0.11000633,6.302899,-0.12266493,-0.12069082,-0.12266493,-0.12069082,1.33976305,76.762768,1.33962190,76.754681,-0.02943536,-1.686522,-0.02823487,-1.617739,-0.00352824,-0.202153,-0.00338709,-0.194066,3.17235780,181.762713,3.17225599,181.756880,-0.01593998,-0.913294,-0.02037911,-1.167637,178.237287,178.243120,1.97778177,0
5.735000,286,3,1147,3.82803082,1.33623481,76.560615,1.33623481,76.560615,0.11000633,6.302899,-0.12069082,-0.09375858,-0.12069082,-0.09375858,1.33962190,76.754681,1.33949316,76.747304,-0.02823487,-1.617739,-0.02574542,-1.475104,-0.00338709,-0.194066,-0.00325835,-0.186690,3.17225599,181.756880,3.17213583,181.749995,-0.02037911,-1.167637,-0.02401992,-1.376240,178.243120,178.250005,1.97778177,0
5.740000,287,0,1148,3.83679962,1.33929563,76.735987,1.33929563,76.735987,0.15304089,8.768597,-0.09276867,-0.09276867,-0.09276867,-0.09276867,1.33949316,76.747304,1.33937359,76.740454,-0.02574542,-1.475104,-0.02391831,-1.370418,-0.00019753,-0.011318,-0.00007796,-0.004467,3.17213583,181.749995,3.17199492,181.741922,-0.02401992,-1.376240,-0.02816874,-1.613950,178.250005,178.258078,1.98025346,0
5.745000,287,1,1149,3.83679962,1.33929563,76.735987,1.33929563,76.735987,0.15304089,8.768597,-0.09276867,-0.09154034,-0.09276867,-0.09154034,1.33937359,76.740454,1.33926082,76.733992,-0.02391831,-1.370418,-0.02254685,-1.291839,-0.00007796,-0.004467,0.00003481,0.001994,3.17199492,181.741922,3.17183137,181.732551,-0.02816874,-1.613950,-0.03270032,-1.873590,178.258078,178.267449,1.98025346,0
5.750000,287,2,1150,3.83679962,1.33929563,76.735987,1.33929563,76.735987,0.15304089,8.768597,-0.09154034,-0.09015942,-0.09154034,-0.09015942,1.33926082,76.733992,1.33915341,76.727838,-0.02254685,-1.291839,-0.02148952,-1.231259,0.00003481,0.001994,0.00014222,0.008148,3.17183137,181.732551,3.17164373,181.721800,-0.03270032,-1.873590,-0.03753387,-2.150532,178.267449,178.278200,1.98025346,0
5.755000,287,3,1151,3.83679962,1.33929563,76.735987,1.33929563,76.735987,0.15304089,8.768597,-0.09015942,-0.04468060,-0.09015942,-0.04468060,1.33915341,76.727838,1.33906353,76.722688,-0.02148952,-1.231259,-0.01797414,-1.029842,0.00014222,0.008148,0.00023210,0.013298,3.17164373,181.721800,3.17143941,181.710093,-0.03753387,-2.150532,-0.04084364,-2.340168,178.278200,178.289907,1.98025346,0
5.760000,288,0,1152,3.84874678,1.34346604,76.974934,1.34346604,76.974934,0.20852089,11.947367,-0.04512501,-0.04512501,-0.04512501,-0.04512501,1.33906353,76.722688,1.33898604,76.718249,-0.01797414,-1.029842,-0.01550608,-0.888433,0.00440252,0.252246,0.00448000,0.256685,3.17143941,181.710093,3.17121458,181.697211,-0.04084364,-2.340168,-0.04496691,-2.576414,178.289907,178.302789,1.98375583,0
5.765000,288,1,1153,3.84874678,1.34346604,76.974934,1.34346604,76.974934,0.20852089,11.947367,-0.04512501,-0.04514599,-0.04512501,-0.04514599,1.33898604,76.718249,1.33891726,76.714308,-0.01550608,-0.888433,-0.01375568,-0.788142,0.00448000,0.256685,0.00454879,0.260626,3.17121458,181.697211,3.17096615,181.682977,-0.04496691,-2.576414,-0.04969638,-2.847393,178.302789,178.317023,1.98375583,0
5.770000,288,2,1154,3.84874678,1.34346604,76.974934,1.34346604,76.974934,0.20852089,11.947367,-0.04514599,-0.04488659,-0.04514599,-0.04488659,1.33891726,76.714308,1.33885479,76.710729,-0.01375568,-0.788142,-0.01249762,-0.716061,0.00454879,0.260626,0.00461125,0.264205,3.17096615,181.682977,3.17069173,181.667254,-0.04969638,-2.847393,-0.05489610,-3.145315,178.317023,178.332746,1.98375583,0
5.775000,288,3,1155,3.84874678,1.34346604,76.974934,1.34346604,76.974934,0.20852089,11.947367,-0.04488659,0.01677799,-0.04488659,0.01677799,1.33885479,76.710729,1.33881557,76.708482,-0.01249762,-0.716061,-0.00785574,-0.450101,0.00461125,0.264205,0.00465047,0.266453,3.17069173,181.667254,3.17040157,181.650630,-0.05489610,-3.145315,-0.05800869,-3.323653,178.332746,178.349370,1.98375583,0
5.780000,289,0,1156,3.86424923,1.34887743,77.284984,1.34887743,77.284984,0.27056932,15.502480,0.01460552,0.01460552,0.01460552,0.01460552,1.33881557,76.708482,1.33879209,76.707136,-0.00785574,-0.450101,-0.00469322,-0.268902,0.01006186,0.576502,0.01008534,0.577848,3.17040157,181.650630,3.17009020,181.632789,-0.05800869,-3.323653,-0.06227227,-3.567938,178.349370,178.367211,1.98833585,0
5.785000,289,1,1157,3.86424923,1.34887743,77.284984,1.34887743,77.284984,0.27056932,15.502480,0.01460552,0.01306248,0.01460552,0.01306248,1.33879209,76.707136,1.33877933,76.706405,-0.00469322,-0.268902,-0.00254248,-0.145673,0.01008534,0.577848,0.01009810,0.578578,3.17009020,181.632789,3.16975331,181.613487,-0.06227227,-3.567938,-0.06738830,-3.861065,178.367211,178.386513,1.98833585,0
5.790000,289,2,1158,3.86424923,1.34887743,77.284984,1.34887743,77.284984,0.27056932,15.502480,0.01306248,0.01194477,0.01306248,0.01194477,1.33877933,76.706405,1.33877397,76.706098,-0.00254248,-0.145673,-0.00108403,-0.062110,0.01009810,0.578578,0.01010346,0.578886,3.16975331,181.613487,3.16938758,181.592532,-0.06738830,-3.861065,-0.07315923,-4.191715,178.386513,178.407468,1.98833585,0
5.795000,289,3,1159,3.86424923,1.34887743,77.284984,1.34887743,77.284984,0.27056932,15.502480,0.01194477,0.09453297,0.01194477,0.09453297,1.33877397,76.706098,1.33879888,76.707525,-0.00108403,-0.062110,0.00497215,0.284883,0.01010346,0.578886,0.01007855,0.577458,3.16938758,181.592532,3.16900706,181.570730,-0.07315923,-4.191715,-0.07609103,-4.359695,178.407468,178.429270,1.98833585,0
5.800000,290,0,1160,3.88402414,1.35578012,77.680479,1.35578012,77.680479,0.34513474,19.774764,0.09017467,0.09017467,0.09017467,0.09017467,1.33879888,76.707525,1.33884394,76.710107,0.00497215,0.284883,0.00900557,0.515981,0.01698124,0.972954,0.01693618,0.970372,3.16900706,181.570730,3.16860414,181.547644,-0.07609103,-4.359695,-0.08058788,-4.617345,178.429270,178.452356,1.99393499,0
5.805000,290,1,1161,3.88402414,1.35578012,77.680479,1.35578012,77.680479,0.34513474,19.774764,0.09017467,0.08670521,0.09017467,0.08670521,1.33884394,76.710107,1.33890224,76.713447,0.00900557,0.515981,0.01165730,0.667914,0.01693618,0.970372,0.01687789,0.967032,3.16860414,181.547644,3.16817284,181.522932,-0.08058788,-4.617345,-0.08623661,-4.940994,178.452356,178.477068,1.99393499,0
5.810000,290,2,1162,3.88402414,1.35578012,77.680479,1.35578012,77.680479,0.34513474,19.774764,0.08670521,0.08384800,0.08670521,0.08384800,1.33890224,76.713447,1.33896911,76.717279,0.01165730,0.667914,0.01336554,0.765789,0.01687789,0.967032,0.01681101,0.963200,3.16817284,181.522932,3.16770911,181.496363,-0.08623661,-4.940994,-0.09276229,-5.314888,178.477068,178.503637,1.99393499,0
5.815000,290,3,1163,3.88402414,1.35578012,77.680479,1.35578012,77.680479,0.34513474,19.774764,0.08384800,0.18965149,0.08384800,0.18965149,1.33896911,76.717279,1.33914089,76.727121,0.01336554,0.765789,0.03435500,1.968396,0.01681101,0.963200,0.01663923,0.953358,3.16770911,181.496363,3.16727519,181.471501,-0.09276229,-5.314888,-0.08676214,-4.971104,178.503637,178.528499,1.99393499,0
5.820000,291,0,1164,3.90830016,1.36425412,78.166003,1.36425412,78.166003,0.42369962,24.276200,0.17284393,0.17284393,0.17284393,0.17284393,1.33914089,76.727121,1.33936656,76.740051,0.03435500,1.968396,0.04512350,2.585386,0.02511322,1.438882,0.02488756,1.425952,3.16727519,181.471501,3.16683626,181.446352,-0.08676214,-4.971104,-0.08780518,-5.030866,178.528499,178.553648,1.99946558,0
5.825000,291,1,1165,3.90830016,1.36425412,78.166003,1.36425412,78.166003,0.42369962,24.276200,0.17284393,0.16147232,0.17284393,0.16147232,1.33936656,76.740051,1.33961141,76.754080,0.04512350,2.585386,0.04897606,2.806122,0.02488756,1.425952,0.02464271,1.411923,3.16683626,181.446352,3.16636777,181.419510,-0.08780518,-5.030866,-0.09369624,-5.368399,178.553648,178.580490,1.99946558,0
5.830000,291,2,1166,3.90830016,1.36425412,78.166003,1.36425412,78.166003,0.42369962,24.276200,0.16147232,0.15411949,0.16147232,0.15411949,1.33961141,76.754080,1.33985317,76.767932,0.04897606,2.806122,0.04835591,2.770589,0.02464271,1.411923,0.02440095,1.398071,3.16636777,181.419510,3.16585374,181.390058,-0.09369624,-5.368399,-0.10282804,-5.891613,178.580490,178.609942,1.99946558,0
5.835000,291,3,1167,3.90830016,1.36425412,78.166003,1.36425412,78.166003,0.42369962,24.276200,0.15411949,0.28773308,0.15411949,0.28773308,1.33985317,76.767932,1.34049797,76.804876,0.04835591,2.770589,0.12896845,7.389348,0.02440095,1.398071,0.02375615,1.361127,3.16585374,181.390058,3.16556191,181.373337,-0.10282804,-5.891613,-0.05835156,-3.343298,178.609942,178.626663,1.99946558,0
5.840000,292,0,1168,3.93614054,1.37397218,78.722807,1.37397218,78.722807,0.48590302,27.840193,0.22348213,0.22348213,0.22348213,0.22348213,1.34049797,76.804876,1.34135056,76.853726,0.12896845,7.389348,0.17051561,9.769825,0.03347421,1.917931,0.03262162,1.869081,3.16556191,181.373337,3.16536188,181.361876,-0.05835156,-3.343298,-0.04000142,-2.291913,178.626663,178.638124,2.00159407,0
5.845000,292,1,1169,3.93614054,1.37397218,78.722807,1.37397218,78.722807,0.48590302,27.840193,0.22348213,0.17996216,0.22348213,0.17996216,1.34135056,76.853726,1.34227860,76.906899,0.17051561,9.769825,0.18560214,10.634219,0.03262162,1.869081,0.03169358,1.815908,3.16536188,181.361876,3.16516519,181.350607,-0.04000142,-2.291913,-0.03934095,-2.254070,178.638124,178.649393,2.00159407,0
5.850000,292,2,1170,3.93614054,1.37397218,78.722807,1.37397218,78.722807,0.48590302,27.840193,0.17996216,0.15179253,0.17996216,0.15179253,1.34227860,76.906899,1.34319639,76.959484,0.18560214,10.634219,0.18356095,10.517268,0.03169358,1.815908,0.03077579,1.763323,3.16516519,181.350607,3.16491437,181.336236,-0.03934095,-2.254070,-0.05016278,-2.874115,178.649393,178.663764,2.00159407,0
5.855000,292,3,1171,3.93614054,1.37397218,78.722807,1.37397218,78.722807,0.48590302,27.840193,0.15179253,0.30421495,0.15179253,0.30421495,1.34319639,76.959484,1.34456730,77.038031,0.18356095,10.517268,0.27418923,15.709886,0.03077579,1.763323,0.02940488,1.684775,3.16491437,181.336236,3.16491628,181.336345,-0.05016278,-2.874115,0.00036879,0.021130,178.663764,178.663655,2.00159407,0
5.860000,293,0,1172,3.96737576,1.38487530,79.347510,1.38487530,79.347510,0.54515600,31.235138,0.21906137,0.21906137,0.21906137,0.21906137,1.34456730,77.038031,1.34611094,77.126476,0.27418923,15.709886,0.30871746,17.688207,0.04030800,2.309478,0.03876436,2.221034,3.16491628,181.336345,3.16498685,181.340389,0.00036879,0.021130,0.01409802,0.807757,178.663655,178.659611,1.98914587,0
5.865000,293,1,1173,3.96737576,1.38487530,79.347510,1.38487530,79.347510,0.54515600,31.235138,0.21906137,0.16619349,0.21906137,0.16619349,1.34611094,77.126476,1.34766650,77.215603,0.30871746,17.688207,0.31110403,17.824948,0.03876436,2.221034,0.03720880,2.131907,3.16498685,181.340389,3.16501904,181.342233,0.01409802,0.807757,0.00642488,0.368119,178.659611,178.657767,1.98914587,0
5.870000,293,2,1174,3.96737576,1.38487530,79.347510,1.38487530,79.347510,0.54515600,31.235138,0.16619349,0.13356066,0.16619349,0.13356066,1.34766650,77.215603,1.34913480,77.299730,0.31110403,17.824948,0.29365161,16.824998,0.03720880,2.131907,0.03574049,2.047780,3.16501904,181.342233,3.16494656,181.338080,0.00642488,0.368119,-0.01449236,-0.830351,178.657767,178.661920,1.98914587,0
5.875000,293,3,1175,3.96737576,1.38487530,79.347510,1.38487530,79.347510,0.54515600,31.235138,0.13356066,0.30967426,0.13356066,0.30967426,1.34913480,77.299730,1.35105121,77.409532,0.29365161,16.824998,0.38327476,21.960026,0.03574049,2.047780,0.03382409,1.937977,3.16494656,181.338080,3.16512418,181.348257,-0.01449236,-0.830351,0.03552740,2.035570,178.661920,178.651743,1.98914587,0
5.880000,294,0,1176,4.00268602,1.39720094,80.053717,1.39720094,80.053717,0.61628222,35.310370,0.21425152,0.21425152,0.21425152,0.21425152,1.35105121,77.409532,1.35312557,77.528384,0.38327476,21.960026,0.41488397,23.771101,0.04614973,2.644185,0.04407537,2.525333,3.16512418,181.348257,3.16535902,181.361713,0.03552740,2.035570,0.04698123,2.691826,178.651743,178.638287,1.98004603,0
5.885000,294,1,1177,4.00268602,1.39720094,80.053717,1.39720094,80.053717,0.61628222,35.310370,0.21425152,0.15262699,0.21425152,0.15262699,1.35312557,77.528384,1.35517073,77.645563,0.41488397,23.771101,0.40902862,23.435614,0.04407537,2.525333,0.04203022,2.408154,3.16535902,181.361713,3.16552687,181.371329,0.04698123,2.691826,0.03354957,1.922249,178.638287,178.628671,1.98004603,0
5.890000,294,2,1178,4.00268602,1.39720094,80.053717,1.39720094,80.053717,0.61628222,35.310370,0.15262699,0.11545467,0.15262699,0.11545467,1.35517073,77.645563,1.35707355,77.754587,0.40902862,23.435614,0.38057518,21.805352,0.04203022,2.408154,0.04012740,2.299130,3.16552687,181.371329,3.16555238,181.372791,0.03354957,1.922249,0.00508239,0.291200,178.628671,178.627209,1.98004603,0
5.895000,294,3,1179,4.00268602,1.39720094,80.053717,1.39720094,80.053717,0.61628222,35.310370,0.11545467,0.31358528,0.11545467,0.31358528,1.35707355,77.754587,1.35943651,77.889975,0.38057518,21.805352,0.47258410,27.077074,0.04012740,2.299130,0.03776443,2.163742,3.16555238,181.372791,3.16583467,181.388965,0.00508239,0.291200,0.05646180,3.235023,178.627209,178.611035,1.98004603,0
5.900000,295,0,1180,4.04084110,1.41051960,80.816820,1.41051960,80.816820,0.66593289,38.155144,0.20771217,0.20771217,0.20771217,0.20771217,1.35943651,77.889975,1.36195922,78.034515,0.47258410,27.077074,0.50454402,28.908243,0.05108309,2.926845,0.04856038,2.782305,3.16583467,181.388965,3.16617727,181.408595,0.05646180,3.235023,0.06853732,3.926899,178.611035,178.591405,1.97014272,0
5.905000,295,1,1181,4.04084110,1.41051960,80.816820,1.41051960,80.816820,0.66593289,38.155144,0.20771217,0.13689613,0.20771217,0.13689613,1.36195922,78.034515,1.36442649,78.175880,0.50454402,28.908243,0.49345046,28.272629,0.04856038,2.782305,0.04609311,2.640940,3.16617727,181.408595,3.16643858,181.423567,0.06853732,3.926899,0.05223798,2.993016,178.591405,178.576433,1.97014272,0
5.910000,295,2,1182,4.04084110,1.41051960,80.816820,1.41051960,80.816820,0.66593289,38.155144,0.13689613,0.09461975,0.13689613,0.09461975,1.36442649,78.175880,1.36670971,78.306698,0.49345046,28.272629,0.45665485,26.164395,0.04609311,2.640940,0.04380989,2.510122,3.16643858,181.423567,3.16653371,181.429017,0.05223798,2.993016,0.01904834,1.091390,178.576433,178.570983,1.97014272,0
5.915000,295,3,1183,4.04084110,1.41051960,80.816820,1.41051960,80.816820,0.66593289,38.155144,0.09461975,0.31891012,0.09461975,0.31891012,1.36670971,78.306698,1.36949086,78.466046,0.45665485,26.164395,0.55622530,31.869362,0.04380989,2.510122,0.04102874,2.350774,3.16653371,181.429017,3.16691589,181.450915,0.01904834,1.091390,0.07642950,4.379088,178.570983,178.549085,1.97014272,0
5.920000,296,0,1184,4.08132315,1.42465055,81.626464,1.42465055,81.626464,0.70654750,40.482190,0.19985533,0.19985533,0.19985533,0.19985533,1.36949086,78.466046,1.37240791,78.633181,0.55622530,31.869362,0.58341366,33.427140,0.05515969,3.160417,0.05224264,2.993283,3.16691589,181.450915,3.16734576,181.475544,0.07642950,4.379088,0.08596762,4.925582,178.549085,178.524456,1.96281660,0
5.925000,296,1,1185,4.08132315,1.42465055,81.626464,1.42465055,81.626464,0.70654750,40.482190,0.19985533,0.12419271,0.19985533,0.12419271,1.37240791,78.633181,1.37523091,78.794927,0.58341366,33.427140,0.56460232,32.349330,0.05224264,2.993283,0.04941964,2.831537,3.16734576,181.475544,3.16767192,181.494232,0.08596762,4.925582,0.06522899,3.737346,178.524456,178.505768,1.96281660,0
5.930000,296,2,1186,4.08132315,1.42465055,81.626464,1.42465055,81.626464,0.70654750,40.482190,0.12419271,0.07971716,0.12419271,0.07971716,1.37523091,78.794927,1.37782466,78.943538,0.56460232,32.349330,0.51875222,29.722313,0.04941964,2.831537,0.04682589,2.682926,3.16767192,181.494232,3.16780567,181.501895,0.06522899,3.737346,0.02675382,1.532881,178.505768,178.498105,1.96281660,0
5.935000,296,3,1187,4.08132315,1.42465055,81.626464,1.42465055,81.626464,0.70654750,40.482190,0.07971716,0.32342339,0.07971716,0.32342339,1.37782466,78.943538,1.38093007,79.121465,0.51875222,29.722313,0.62107295,35.584859,0.04682589,2.682926,0.04372048,2.504999,3.16780567,181.501895,3.16823912,181.526730,0.02675382,1.532881,0.08671059,4.968151,178.498105,178.473270,1.96281660,0
5.940000,297,0,1188,4.12403631,1.43956017,82.480722,1.43956017,82.480722,0.74548125,42.712929,0.19613266,0.19613266,0.19613266,0.19613266,1.38093007,79.121465,1.38416004,79.306529,0.62107295,35.584859,0.64600450,37.013331,0.05863011,3.359258,0.05540013,3.174194,3.16823912,181.526730,3.16871667,181.554092,0.08671059,4.968151,0.09553063,5.473502,178.473270,178.445908,1.95656443,0
5.945000,297,1,1189,4.12403631,1.43956017,82.480722,1.43956017,82.480722,0.74548125,42.712929,0.19613266,0.11564827,0.19613266,0.11564827,1.38416004,79.306529,1.38727009,79.484721,0.64600450,37.013331,0.62200505,35.638264,0.05540013,3.174194,0.05229008,2.996001,3.16871667,181.554092,3.16907740,181.574760,0.09553063,5.473502,0.07215725,4.134306,178.445908,178.425240,1.95656443,0
5.950000,297,2,1190,4.12403631,1.43956017,82.480722,1.43956017,82.480722,0.74548125,42.712929,0.11564827,0.06873703,0.11564827,0.06873703,1.38727009,79.484721,1.39011753,79.647867,0.62200505,35.638264,0.56948614,32.629152,0.05229008,2.996001,0.04944265,2.832855,3.16907740,181.574760,3.16922784,181.583379,0.07215725,4.134306,0.03008629,1.723818,178.425240,178.416621,1.95656443,0
5.955000,297,3,1191,4.12403631,1.43956017,82.480722,1.43956017,82.480722,0.74548125,42.712929,0.06873703,0.32786512,0.06873703,0.32786512,1.39011753,79.647867,1.39349008,79.841100,0.56948614,32.629152,0.67451447,38.646832,0.04944265,2.832855,0.04607010,2.639622,3.16922784,181.583379,3.16969132,181.609935,0.03008629,1.723818,0.09268295,5.310342,178.416621,178.390065,1.95656443,0
5.960000,298,0,1192,4.16829205,1.45500839,83.365840,1.45500839,83.365840,0.77241063,44.255869,0.19350576,0.19350576,0.19350576,0.19350576,1.39349008,79.841100,1.39697933,80.041020,0.67451447,38.646832,0.69785613,39.984211,0.06151831,3.524740,0.05802906,3.324820,3.16969132,181.609935,3.17019796,181.638964,0.09268295,5.310342,0.10130755,5.804495,178.390065,178.361036,1.95058537,0
5.965000,298,1,1193,4.16829205,1.45500839,83.365840,1.45500839,83.365840,0.77241063,44.255869,0.19350576,0.10885000,0.19350576,0.10885000,1.39697933,80.041020,1.40032804,80.232887,0.69785613,39.984211,0.66973078,38.372747,0.05802906,3.324820,0.05468035,3.132953,3.17019796,181.638964,3.17057824,181.660752,0.10130755,5.804495,0.07607298,4.358661,178.361036,178.339248,1.95058537,0
5.970000,298,2,1194,4.16829205,1.45500839,83.365840,1.45500839,83.365840,0.77241063,44.255869,0.10885000,0.05979300,0.10885000,0.05979300,1.40032804,80.232887,1.40338695,80.408149,0.66973078,38.372747,0.61178148,35.052497,0.05468035,3.132953,0.05162144,2.957690,3.17057824,181.660752,3.17073464,181.669713,0.07607298,4.358661,0.03128723,1.792626,178.339248,178.330287,1.95058537,0
5.975000,298,3,1195,4.16829205,1.45500839,83.365840,1.45500839,83.365840,0.77241063,44.255869,0.05979300,0.33372402,0.05979300,0.33372402,1.40338695,80.408149,1.40698886,80.614523,0.61178148,35.052497,0.72037935,41.274697,0.05162144,2.957690,0.04801953,2.751316,3.17073464,181.669713,3.17122030,181.697539,0.03128723,1.792626,0.09714786,5.566162,178.330287,178.302461,1.95058537,0
5.980000,299,0,1196,4.21383190,1.47090483,84.276639,1.47090483,84.276639,0.79482198,45.539945,0.19250202,0.19250202,0.19250202,0.19250202,1.40698886,80.614523,1.41070449,80.827414,0.72037935,41.274697,0.74311835,42.577545,0.06391597,3.662115,0.06020033,3.449225,3.17122030,181.697539,3.17175174,181.727988,0.09714786,5.566162,0.10627937,6.089360,178.302461,178.272012,1.94462788,0
5.985000,299,1,1197,4.21383190,1.47090483,84.276639,1.47090483,84.276639,0.79482198,45.539945,0.19250202,0.10370350,0.19250202,0.10370350,1.41070449,80.827414,1.41426384,81.031349,0.74311835,42.577545,0.71187168,40.787243,0.06020033,3.449225,0.05664098,3.245289,3.17175174,181.727988,3.17215133,181.750883,0.10627937,6.089360,0.07989462,4.577625,178.272012,178.249117,1.94462788,0
5.990000,299,2,1198,4.21383190,1.47090483,84.276639,1.47090483,84.276639,0.79482198,45.539945,0.10370350,0.05242443,0.10370350,0.05242443,1.41426384,81.031349,1.41751111,81.217404,0.71187168,40.787243,0.64945024,37.210758,0.05664098,3.245289,0.05339372,3.059235,3.17215133,181.750883,3.17231679,181.760363,0.07989462,4.577625,0.03307357,1.894976,178.249117,178.239637,1.94462788,0
5.995000,299,3,1199,4.21383190,1.47090483,84.276639,1.47090483,84.276639,0.79482198,45.539945,0.05242443,0.33620977,0.05242443,0.33620977,1.41751111,81.217404,1.42130899,81.435007,0.64945024,37.210758,0.75956726,43.519998,0.05339372,3.059235,0.04959583,2.841632,3.17231679,181.760363,3.17282128,181.789269,0.03307357,1.894976,0.10088222,5.780126,178.239637,178.210731,1.94462788,0
6.000000,300,0,1200,4.26020527,1.48709214,85.204103,1.48709214,85.204103,0.80936551,46.373228,0.19009924,0.19009924,0.19009924,0.19009924,1.42130899,81.435007,1.42521322,81.658702,0.75956726,43.519998,0.78085333,44.739600,0.06578314,3.769096,0.06187892,3.545401,3.17282128,181.789269,3.17337132,181.820783,0.10088222,5.780126,0.11000021,6.302548,178.210731,178.179217,1.93891692,0
6.005000,300,1,1201,4.26020527,1.48709214,85.204103,1.48709214,85.204103,0.80936551,46.373228,0.19009924,0.09845495,0.19009924,0.09845495,1.42521322,81.658702,1.42894530,81.872535,0.78085333,44.739600,0.74642372,42.766929,0.06187892,3.545401,0.05814683,3.331568,3.17337132,181.820783,3.17378354,181.844402,0.11000021,6.302548,0.08246467,4.724878,178.179217,178.155598,1.93891692,0
6.010000,300,2,1202,4.26020527,1.48709214,85.204103,1.48709214,85.204103,0.80936551,46.373228,0.09845495,0.04574537,0.09845495,0.04574537,1.42894530,81.872535,1.43234503,82.067325,0.74642372,42.766929,0.67994964,38.958245,0.05814683,3.331568,0.05474710,3.136778,3.17378354,181.844402,3.17395306,181.854115,0.08246467,4.724878,0.03392305,1.943648,178.155598,178.145885,1.93891692,0
6.015000,300,3,1203,4.26020527,1.48709214,85.204103,1.48709214,85.204103,0.80936551,46.373228,0.04574537,0.33802986,0.04574537,0.33802986,1.43234503,82.067325,1.43630099,82.293985,0.67994964,38.958245,0.79118145,45.331358,0.05474710,3.136778,0.05079114,2.910118,3.17395306,181.854115,3.17447019,181.883744,0.03392305,1.943648,0.10344425,5.926919,178.145885,178.116256,1.93891692,0
6.020000,301,0,1204,4.30708981,1.50345790,86.141793,1.50345790,86.141793,0.81828833,46.884468,0.18804741,0.18804741,0.18804741,0.18804741,1.43630099,82.293985,1.44035709,82.526382,0.79118145,45.331358,0.81122828,46.479956,0.06715691,3.847808,0.06310081,3.615410,3.17447019,181.883744,3.17503381,181.916037,0.10344425,5.926919,0.11271997,6.458378,178.116256,178.083963,1.93334222,0
6.025000,301,1,1205,4.30708981,1.50345790,86.141793,1.50345790,86.141793,0.81828833,46.884468,0.18804741,0.09415436,0.18804741,0.09415436,1.44035709,82.526382,1.44422805,82.748172,0.81122828,46.479956,0.77419227,44.357950,0.06310081,3.615410,0.05922985,3.393620,3.17503381,181.916037,3.17545605,181.940230,0.11271997,6.458378,0.08444277,4.838214,178.083963,178.059770,1.93334222,0
6.030000,301,2,1206,4.30708981,1.50345790,86.141793,1.50345790,86.141793,0.81828833,46.884468,0.09415436,0.04032898,0.09415436,0.04032898,1.44422805,82.748172,1.44775021,82.949977,0.77419227,44.357950,0.70443350,40.361067,0.05922985,3.393620,0.05570769,3.191816,3.17545605,181.940230,3.17562962,181.950174,0.08444277,4.838214,0.03471481,1.989012,178.059770,178.049826,1.93334222,0
6.035000,301,3,1207,4.30708981,1.50345790,86.141793,1.50345790,86.141793,0.81828833,46.884468,0.04032898,0.33807421,0.04032898,0.33807421,1.44775021,82.949977,1.45182872,83.183658,0.70443350,40.361067,0.81570053,46.736198,0.05570769,3.191816,0.05162919,2.958134,3.17562962,181.950174,3.17615581,181.980323,0.03471481,1.989012,0.10525598,6.030724,178.049826,178.019677,1.93334222,0
6.040000,302,0,1208,4.35404825,1.51984954,87.080964,1.51984954,87.080964,0.81958175,46.958575,0.18561983,0.18561983,0.18561983,0.18561983,1.45182872,83.183658,1.45600009,83.422660,0.81570053,46.736198,0.83427978,47.800710,0.06802082,3.897306,0.06384945,3.658304,3.17615581,181.980323,3.17672873,182.013149,0.10525598,6.030724,0.11456025,6.563819,178.019677,177.986851,1.92789400,0
6.045000,302,1,1209,4.35404825,1.51984954,87.080964,1.51984954,87.080964,0.81958175,46.958575,0.18561983,0.09035540,0.18561983,0.09035540,1.45600009,83.422660,1.45997477,83.650392,0.83427978,47.800710,0.79494250,45.546850,0.06384945,3.658304,0.05987477,3.430572,3.17672873,182.013149,3.17715764,182.037724,0.11456025,6.563819,0.08576374,4.913900,177.986851,177.962276,1.92789400,0
6.050000,302,2,1210,4.35404825,1.51984954,87.080964,1.51984954,87.080964,0.81958175,46.958575,0.09035540,0.03592348,0.09035540,0.03592348,1.45997477,83.650392,1.46358728,83.857374,0.79494250,45.546850,0.72251379,41.396991,0.05987477,3.430572,0.05626225,3.223590,3.17715764,182.037724,3.17733407,182.047832,0.08576374,4.913900,0.03527512,2.021116,177.962276,177.952168,1.92789400,0
6.055000,302,3,1211,4.35404825,1.51984954,87.080964,1.51984954,87.080964,0.81958175,46.958575,0.03592348,0.33712912,0.03592348,0.33712912,1.46358728,83.857374,1.46775341,84.096076,0.72251379,41.396991,0.83321464,47.739682,0.05626225,3.223590,0.05209613,2.984888,3.17733407,182.047832,3.17786622,182.078322,0.03527512,2.021116,0.10645362,6.099343,177.952168,177.921678,1.92789400,0
6.060000,303,0,1212,4.40069532,1.53613245,88.013906,1.53613245,88.013906,0.81414580,46.647118,0.18328428,0.18328428,0.18328428,0.18328428,1.46775341,84.096076,1.47200537,84.339695,0.83321464,47.739682,0.85038245,48.723325,0.06837904,3.917831,0.06412709,3.674211,3.17786622,182.078322,3.17844534,182.111503,0.10645362,6.099343,0.11583856,6.637061,177.921678,177.888497,1.92255116,0
6.065000,303,1,1213,4.40069532,1.53613245,88.013906,1.53613245,88.013906,0.81414580,46.647118,0.18328428,0.08730841,0.18328428,0.08730841,1.47200537,84.339695,1.47605133,84.571512,0.85038245,48.723325,0.80920124,46.363816,0.06412709,3.674211,0.06008112,3.442395,3.17844534,182.111503,3.17887950,182.136379,0.11583856,6.637061,0.08683929,4.975525,177.888497,177.863621,1.92255116,0
6.070000,303,2,1214,4.40069532,1.53613245,88.013906,1.53613245,88.013906,0.81414580,46.647118,0.08730841,0.03262281,0.08730841,0.03262281,1.47605133,84.571512,1.47972524,84.782011,0.80920124,46.363816,0.73477441,42.099473,0.06008112,3.442395,0.05640721,3.231895,3.17887950,182.136379,3.17905974,182.146706,0.08683929,4.975525,0.03604789,2.065392,177.863621,177.853294,1.92255116,0
6.075000,303,3,1215,4.40069532,1.53613245,88.013906,1.53613245,88.013906,0.81414580,46.647118,0.03262281,0.33439159,0.03262281,0.33439159,1.47972524,84.782011,1.48394430,85.023745,0.73477441,42.099473,0.84381944,48.347293,0.05640721,3.231895,0.05218816,2.990161,3.17905974,182.146706,3.17959547,182.177401,0.03604789,2.065392,0.10715245,6.139383,177.853294,177.822599,1.92255116,0
6.080000,304,0,1216,4.44660091,1.55215645,88.932014,1.55215645,88.932014,0.80119967,45.905360,0.18054295,0.18054295,0.18054295,0.18054295,1.48394430,85.023745,1.48824096,85.269926,0.84381944,48.347293,0.85932916,49.235934,0.06821215,3.908268,0.06391549,3.662088,3.17959547,182.177401,3.18017769,182.210760,0.10715245,6.139383,0.11646530,6.672970,177.822599,177.789240,1.91738772,0
6.085000,304,1,1217,4.44660091,1.55215645,88.932014,1.55215645,88.932014,0.80119967,45.905360,0.18054295,0.08472919,0.18054295,0.08472919,1.48824096,85.269926,1.49232388,85.503860,0.85932916,49.235934,0.81658852,46.787076,0.06391549,3.662088,0.05983257,3.428154,3.18017769,182.210760,3.18061495,182.235813,0.11646530,6.672970,0.08746125,5.011160,177.789240,177.764187,1.91738772,0
6.090000,304,2,1218,4.44660091,1.55215645,88.932014,1.55215645,88.932014,0.80119967,45.905360,0.08472919,0.03029919,0.08472919,0.03029919,1.49232388,85.503860,1.49602771,85.716074,0.81658852,46.787076,0.74075764,42.442287,0.05983257,3.428154,0.05612874,3.215940,3.18061495,182.235813,3.18079877,182.246345,0.08746125,5.011160,0.03676922,2.106721,177.764187,177.753655,1.91738772,0
6.095000,304,3,1219,4.44660091,1.55215645,88.932014,1.55215645,88.932014,0.80119967,45.905360,0.03029919,0.33018923,0.03029919,0.33018923,1.49602771,85.716074,1.50026405,85.958798,0.74075764,42.442287,0.84725630,48.544210,0.05612874,3.215940,0.05189240,2.973215,3.18079877,182.246345,3.18133473,182.277053,0.03676922,2.106721,0.10721599,6.143023,177.753655,177.722947,1.91738772,0
6.100000,305,0,1220,4.49135065,1.56777704,89.827007,1.56777704,89.827007,0.78102946,44.749692,0.17761660,0.17761660,0.17761660,0.17761660,1.50026405,85.958798,1.50456905,86.205457,0.84725630,48.544210,0.86099553,49.331410,0.06751299,3.868209,0.06320798,3.621551,3.18133473,182.277053,3.18191671,182.310398,0.10721599,6.143023,0.11638759,6.668518,177.722947,177.689602,1.91245794,0
6.105000,305,1,1221,4.49135065,1.56777704,89.827007,1.56777704,89.827007,0.78102946,44.749692,0.17761660,0.08276415,0.17761660,0.08276415,1.50456905,86.205457,1.50865436,86.439527,0.86099553,49.331410,0.81706887,46.814598,0.06320798,3.621551,0.05912268,3.387480,3.18191671,182.310398,3.18235493,182.335506,0.11638759,6.668518,0.08763010,5.020835,177.689602,177.664494,1.91245794,0
6.110000,305,2,1222,4.49135065,1.56777704,89.827007,1.56777704,89.827007,0.78102946,44.749692,0.08276415,0.02904177,0.08276415,0.02904177,1.50865436,86.439527,1.51235676,86.651659,0.81706887,46.814598,0.74048227,42.426509,0.05912268,3.387480,0.05542028,3.175348,3.18235493,182.335506,3.18254232,182.346243,0.08763010,5.020835,0.03746986,2.146865,177.664494,177.653757,1.91245794,0
6.115000,305,3,1223,4.49135065,1.56777704,89.827007,1.56777704,89.827007,0.78102946,44.749692,0.02904177,0.32426453,0.02904177,0.32426453,1.51235676,86.651659,1.51657367,86.893270,0.74048227,42.426509,0.84338742,48.322540,0.05542028,3.175348,0.05120337,2.933737,3.18254232,182.346243,3.18307519,182.376774,0.03746986,2.146865,0.10656552,6.105755,177.653757,177.623226,1.91245794,0
6.120000,306,0,1224,4.53450584,1.58284104,90.690111,1.58284104,90.690111,0.75320005,43.155184,0.17436790,0.17436790,0.17436790,0.17436790,1.51657367,86.893270,1.52084947,87.138256,0.84338742,48.322540,0.85516012,48.997066,0.06626737,3.796841,0.06199157,3.551855,3.18307519,182.376774,3.18365240,182.409846,0.10656552,6.105755,0.11546575,6.615700,177.623226,177.590154,1.90784991,0
6.125000,306,1,1225,4.53450584,1.58284104,90.690111,1.58284104,90.690111,0.75320005,43.155184,0.17436790,0.08135414,0.17436790,0.08135414,1.52084947,87.138256,1.52490139,87.370414,0.85516012,48.997066,0.81038487,46.431633,0.06199157,3.551855,0.05793965,3.319697,3.18365240,182.409846,3.18408823,182.434817,0.11546575,6.615700,0.08717609,4.994822,177.590154,177.565183,1.90784991,0
6.130000,306,2,1226,4.53450584,1.58284104,90.690111,1.58284104,90.690111,0.75320005,43.155184,0.08135414,0.02883911,0.08135414,0.02883911,1.52490139,87.370414,1.52856982,87.580599,0.81038487,46.431633,0.73368376,42.036983,0.05793965,3.319697,0.05427122,3.109512,3.18408823,182.434817,3.18427801,182.445691,0.08717609,4.994822,0.03796853,2.175437,177.565183,177.554309,1.90784991,0
6.135000,306,3,1227,4.53450584,1.58284104,90.690111,1.58284104,90.690111,0.75320005,43.155184,0.02883911,0.31674528,0.02883911,0.31674528,1.52856982,87.580599,1.53272998,87.818959,0.73368376,42.036983,0.83202589,47.671572,0.05427122,3.109512,0.05011106,2.871152,3.18427801,182.445691,3.18480325,182.475785,0.03796853,2.175437,0.10506383,6.019714,177.554309,177.524215,1.90784991,0
6.140000,307,0,1228,4.57562304,1.59719372,91.512459,1.59719372,91.512459,0.71763396,41.117397,0.17089224,0.17089224,0.17089224,0.17089224,1.53272998,87.818959,1.53693843,88.060085,0.83202589,47.671572,0.84169406,48.225517,0.06446373,3.693500,0.06025529,3.452374,3.18480325,182.475785,3.18537116,182.508324,0.10506383,6.019714,0.11359271,6.508383,177.524215,177.491676,1.81356645,0
6.145000,307,1,1229,4.57562304,1.59719372,91.512459,1.59719372,91.512459,0.71763396,41.117397,0.17089224,0.08056402,0.17089224,0.08056402,1.53693843,88.060085,1.54092062,88.288248,0.84169406,48.225517,0.79644704,45.633054,0.06025529,3.452374,0.05627310,3.224211,3.18537116,182.508324,3.18580127,182.532967,0.11359271,6.508383,0.08600993,4.928006,177.491676,177.467033,1.81356645,0
6.150000,307,2,1230,4.57562304,1.59719372,91.512459,1.59719372,91.512459,0.71763396,41.117397,0.08056402,0.61807823,0.08056402,0.61807823,1.54092062,88.288248,1.54631066,88.597075,0.79644704,45.633054,1.07800126,61.764923,0.05627310,3.224211,0.05088305,2.915384,3.18580127,182.532967,3.18717909,182.611910,0.08600993,4.928006,0.27557728,15.789415,177.467033,177.388090,1.81356645,0
6.155000,307,3,1231,4.57562304,1.59719372,91.512459,1.59719372,91.512459,0.71763396,41.117397,0.61807823,0.33091354,0.61807823,0.33091354,1.54631066,88.597075,1.55223548,88.936542,1.07800126,61.764923,1.18497002,67.893781,0.05088305,2.915384,0.04495823,2.575917,3.18717909,182.611910,3.18892932,182.712191,0.27557728,15.789415,0.35003331,20.055432,177.388090,177.287809,1.81356645,0
6.160000,308,0,1232,4.60115910,1.60610747,92.023180,1.60610747,92.023180,0.44568777,25.536028,0.14426994,0.14426994,0.14426994,0.14426994,1.55223548,88.936542,1.55812788,89.274151,1.18497002,67.893781,1.17847109,67.521420,0.05387199,3.086638,0.04797959,2.749028,3.18892932,182.712191,3.19068027,182.812513,0.35003331,20.055432,0.35021114,20.065620,177.287809,177.187487,1.82112229,0
6.165000,308,1,1233,4.60115910,1.60610747,92.023180,1.60610747,92.023180,0.44568777,25.536028,0.14426994,0.03056335,0.14426994,0.03056335,1.55812788,89.274151,1.56364214,89.590096,1.17847109,67.521420,1.10284960,63.188628,0.04797959,2.749028,0.04246533,2.433084,3.19068027,182.812513,3.19220805,182.900049,0.35021114,20.065620,0.30556047,17.507325,177.187487,177.099951,1.82112229,0
6.170000,308,2,1234,4.60115910,1.60610747,92.023180,1.60610747,92.023180,0.44568777,25.536028,0.03056335,0.14672756,0.03056335,0.14672756,1.56364214,89.590096,1.56913149,89.904612,1.10284960,63.188628,1.09786153,62.902832,0.04246533,2.433084,0.03697598,2.118568,3.19220805,182.900049,3.19375157,182.988486,0.30556047,17.507325,0.30870178,17.687309,177.099951,177.011514,1.82112229,0
6.175000,308,3,1235,4.60115910,1.60610747,92.023180,1.60610747,92.023180,0.44568777,25.536028,0.14672756,0.04011822,0.14672756,0.04011822,1.56913149,89.904612,1.57427180,90.199130,1.09786153,62.902832,1.02806497,58.903784,0.03697598,2.118568,0.03183568,1.824050,3.19375157,182.988486,3.19510031,183.065763,0.30870178,17.687309,0.26975220,15.455663,177.011514,176.934237,1.82112229,0
6.180000,309,0,1236,4.63382816,1.61751115,92.676562,1.61751115,92.676562,0.57018399,32.669136,-0.01822376,-0.01822376,-0.01822376,-0.01822376,1.57427180,90.199130,1.57888579,90.463492,1.02806497,58.903784,0.92280483,52.872822,0.04323936,2.477433,0.03862536,2.213070,3.19510031,183.065763,3.19614077,183.125377,0.26975220,15.455663,0.20807676,11.921920,176.934237,176.874623,1.85512507,0
6.185000,309,1,1237,4.63382816,1.61751115,92.676562,1.61751115,92.676562,0.57018399,32.669136,-0.01822376,-0.04344654,-0.01822376,-0.04344654,1.57888579,90.463492,1.58289683,90.693308,0.92280483,52.872822,0.80221558,45.963567,0.03862536,2.213070,0.03461432,1.983255,3.19614077,183.125377,3.19682503,183.164582,0.20807676,11.921920,0.13685764,7.841365,176.874623,176.835418,1.85512507,0
6.190000,309,2,1238,4.63382816,1.61751115,92.676562,1.61751115,92.676562,0.57018399,32.669136,-0.04344654,0.18122816,-0.04344654,0.18122816,1.58289683,90.693308,1.58698797,90.927713,0.80221558,45.963567,0.81822717,46.880964,0.03461432,1.983255,0.03052318,1.748849,3.19682503,183.164582,3.19760847,183.209470,0.13685764,7.841365,0.15670508,8.978540,176.835418,176.790530,1.85512507,0
6.195000,309,3,1239,4.63382816,1.61751115,92.676562,1.61751115,92.676562,0.57018399,32.669136,0.18122816,0.08920622,0.18122816,0.08920622,1.58698797,90.927713,1.59087944,91.150678,0.81822717,46.880964,0.77829534,44.593038,0.03052318,1.748849,0.02663171,1.525885,3.19760847,183.209470,3.19830799,183.249549,0.15670508,8.978540,0.13988590,8.014872,176.790530,176.750451,1.85512507,0
6.200000,310,0,1240,4.65313721,1.62425125,93.062741,1.62425125,93.062741,0.33700466,19.308945,0.03681517,0.03681517,0.03681517,0.03681517,1.59087944,91.150678,1.59441197,91.353077,0.77829534,44.593038,0.70651466,40.480308,0.03337181,1.912064,0.02983928,1.709665,3.19830799,183.249549,3.19881964,183.278865,0.13988590,8.014872,0.10234880,5.864155,176.750451,176.721135,1.88473713,0
6.205000,310,1,1241,4.65313721,1.62425125,93.062741,1.62425125,93.062741,0.33700466,19.308945,0.03681517,0.01189375,0.03681517,0.01189375,1.59441197,91.353077,1.59750986,91.530573,0.70651466,40.480308,0.61958522,35.499618,0.02983928,1.709665,0.02674139,1.532169,3.19881964,183.278865,3.19909501,183.294642,0.10234880,5.864155,0.05507017,3.155288,176.721135,176.705358,1.88473713,0
6.210000,310,2,1242,4.65313721,1.62425125,93.062741,1.62425125,93.062741,0.33700466,19.308945,0.01189375,0.14011526,0.01189375,0.14011526,1.59750986,91.530573,1.60056293,91.705501,0.61958522,35.499618,0.61061287,34.985540,0.02674139,1.532169,0.02368832,1.357241,3.19909501,183.294642,3.19939351,183.311745,0.05507017,3.155288,0.05969531,3.420289,176.705358,176.688255,1.88473713,0
6.215000,310,3,1243,4.65313721,1.62425125,93.062741,1.62425125,93.062741,0.33700466,19.308945,0.14011526,0.08477163,0.14011526,0.08477163,1.60056293,91.705501,1.60340285,91.868216,0.61061287,34.985540,0.56799448,32.543686,0.02368832,1.357241,0.02084839,1.194525,3.19939351,183.311745,3.19960427,183.323821,0.05969531,3.420289,0.04216624,2.415948,176.688255,176.676179,1.88473713,0
6.220000,311,0,1244,4.67108107,1.63051486,93.421620,1.63051486,93.421620,0.31318069,17.943931,0.05511999,0.05511999,0.05511999,0.05511999,1.60340285,91.868216,1.60593963,92.013563,0.56799448,32.543686,0.50734979,29.069002,0.02711201,1.553404,0.02457523,1.408057,3.19960427,183.323821,3.19966841,183.327496,0.04216624,2.415948,0.01280358,0.733591,176.676179,176.672504,1.89971876,0
6.225000,311,1,1245,4.67108107,1.63051486,93.421620,1.63051486,93.421620,0.31318069,17.943931,0.05511999,0.04301977,0.05511999,0.04301977,1.60593963,92.013563,1.60813642,92.139429,0.50734979,29.069002,0.43934894,25.172840,0.02457523,1.408057,0.02237844,1.282190,3.19966841,183.327496,3.19956136,183.321362,0.01280358,0.733591,-0.02139413,-1.225794,176.672504,176.678638,1.89971876,0
6.230000,311,2,1246,4.67108107,1.63051486,93.421620,1.63051486,93.421620,0.31318069,17.943931,0.04301977,0.16767788,0.04301977,0.16767788,1.60813642,92.139429,1.61037207,92.267523,0.43934894,25.172840,0.44713664,25.619042,0.02237844,1.282190,0.02014279,1.154097,3.19956136,183.321362,3.19953465,183.319832,-0.02139413,-1.225794,-0.00535429,-0.306778,176.678638,176.680168,1.89971876,0
6.235000,311,3,1247,4.67108107,1.63051486,93.421620,1.63051486,93.421620,0.31318069,17.943931,0.16767788,0.11800289,0.16767788,0.11800289,1.61037207,92.267523,1.61249566,92.389196,0.44713664,25.619042,0.42472297,24.334834,0.02014279,1.154097,0.01801920,1.032424,3.19953465,183.319832,3.19948769,183.317141,-0.00535429,-0.306778,-0.00938008,-0.537439,176.680168,176.682859,1.89971876,0
6.240000,312,0,1248,4.68240261,1.63446677,93.648048,1.63446677,93.648048,0.19759536,11.321380,0.08981228,0.08981228,0.08981228,0.08981228,1.61249566,92.389196,1.61442149,92.499538,0.42472297,24.334834,0.38516989,22.068609,0.02197111,1.258852,0.02004528,1.148510,3.19948769,183.317141,3.19936371,183.310038,-0.00938008,-0.537439,-0.02480736,-1.421357,176.682859,176.689962,1.90208721,0
6.245000,312,1,1249,4.68240261,1.63446677,93.648048,1.63446677,93.648048,0.19759536,11.321380,0.08981228,0.07649136,0.08981228,0.07649136,1.61442149,92.499538,1.61610913,92.596233,0.38516989,22.068609,0.33751750,19.338328,0.02004528,1.148510,0.01835763,1.051815,3.19936371,183.310038,3.19913530,183.296951,-0.02480736,-1.421357,-0.04567763,-2.617136,176.689962,176.703049,1.90208721,0
6.250000,312,2,1250,4.68240261,1.63446677,93.648048,1.63446677,93.648048,0.19759536,11.321380,0.07649136,0.15213442,0.07649136,0.15213442,1.61610913,92.596233,1.61778843,92.692449,0.33751750,19.338328,0.33585310,19.242965,0.01835763,1.051815,0.01667833,0.955598,3.19913530,183.296951,3.19895458,183.286596,-0.04567763,-2.617136,-0.03615953,-2.071789,176.703049,176.713404,1.90208721,0
6.255000,312,3,1251,4.68240261,1.63446677,93.648048,1.63446677,93.648048,0.19759536,11.321380,0.15213442,0.11960649,0.15213442,0.11960649,1.61778843,92.692449,1.61936045,92.782519,0.33585310,19.242965,0.31441158,18.014457,0.01667833,0.955598,0.01510632,0.865528,3.19895458,183.286596,3.19875526,183.275176,-0.03615953,-2.071789,-0.03987826,-2.284856,176.713404,176.724824,1.90208721,0
6.260000,313,0,1252,4.69202852,1.63782692,93.840570,1.63782692,93.840570,0.16800761,9.626127,0.10183001,0.10183001,0.10183001,0.10183001,1.61936045,92.782519,1.62077129,92.863354,0.31441158,18.014457,0.28216141,16.166658,0.01846647,1.058051,0.01705563,0.977216,3.19875526,183.275176,3.19850087,183.260601,-0.03987826,-2.284856,-0.05088702,-2.915611,176.724824,176.739399,1.90558314,0
6.265000,313,1,1253,4.69202852,1.63782692,93.840570,1.63782692,93.840570,0.16800761,9.626127,0.10183001,0.09415865,0.10183001,0.09415865,1.62077129,92.863354,1.62199748,92.933610,0.28216141,16.166658,0.24524602,14.051562,0.01705563,0.977216,0.01582944,0.906960,3.19850087,183.260601,3.19817519,183.241941,-0.05088702,-2.915611,-0.06513777,-3.732119,176.739399,176.758059,1.90558314,0
6.270000,313,2,1254,4.69202852,1.63782692,93.840570,1.63782692,93.840570,0.16800761,9.626127,0.09415865,0.16035461,0.09415865,0.16035461,1.62199748,92.933610,1.62324035,93.004821,0.24524602,14.051562,0.24857458,14.242275,0.01582944,0.906960,0.01458657,0.835749,3.19817519,183.241941,3.19791079,183.226791,-0.06513777,-3.732119,-0.05287032,-3.029246,176.758059,176.773209,1.90558314,0
6.275000,313,3,1255,4.69202852,1.63782692,93.840570,1.63782692,93.840570,0.16800761,9.626127,0.16035461,0.13337708,0.16035461,0.13337708,1.62324035,93.004821,1.62441790,93.072290,0.24857458,14.242275,0.23550005,13.493159,0.01458657,0.835749,0.01340902,0.768280,3.19791079,183.226791,3.19765258,183.211997,-0.05287032,-3.029246,-0.05165185,-2.959433,176.773209,176.788003,1.90558314,0
6.280000,314,0,1256,4.69795036,1.63989401,93.959006,1.63989401,93.959006,0.10335445,5.921774,0.11815262,0.11815262,0.11815262,0.11815262,1.62441790,93.072290,1.62548375,93.133359,0.23550005,13.493159,0.21316813,12.213634,0.01547611,0.886716,0.01441026,0.825647,3.19765258,183.211997,3.19736886,183.195741,-0.05165185,-2.959433,-0.05673087,-3.250439,176.788003,176.804259,1.90929627,0
6.285000,314,1,1257,4.69795036,1.63989401,93.959006,1.63989401,93.959006,0.10335445,5.921774,0.11815262,0.11106491,0.11815262,0.11106491,1.62548375,93.133359,1.62641633,93.186791,0.21316813,12.213634,0.18652563,10.687131,0.01441026,0.825647,0.01347768,0.772214,3.19736886,183.195741,3.19704461,183.177163,-0.05673087,-3.250439,-0.06483625,-3.714843,176.804259,176.822837,1.90929627,0
6.290000,314,2,1258,4.69795036,1.63989401,93.959006,1.63989401,93.959006,0.10335445,5.921774,0.11106491,0.15072441,0.11106491,0.15072441,1.62641633,93.186791,1.62733626,93.239500,0.18652563,10.687131,0.18399358,10.542055,0.01347768,0.772214,0.01255774,0.719506,3.19704461,183.177163,3.19675899,183.160798,-0.06483625,-3.714843,-0.05713041,-3.273332,176.822837,176.839202,1.90929627,0
6.295000,314,3,1259,4.69795036,1.63989401,93.959006,1.63989401,93.959006,0.10335445,5.921774,0.15072441,0.13393974,0.15072441,0.13393974,1.62733626,93.239500,1.62819254,93.288561,0.18399358,10.542055,0.17125537,9.812210,0.01255774,0.719506,0.01170146,0.670445,3.19675899,183.160798,3.19647717,183.144651,-0.05713041,-3.273332,-0.05637142,-3.229844,176.839202,176.855349,1.90929627,0
6.300000,315,0,1260,4.70207214,1.64133275,94.041439,1.64133275,94.041439,0.07193685,4.121678,0.12492943,0.12492943,0.12492943,0.12492943,1.62819254,93.288561,1.62895775,93.332404,0.17125537,9.812210,0.15303768,8.768413,0.01314020,0.752878,0.01237500,0.709035,3.19647717,183.144651,3.19618011,183.127631,-0.05637142,-3.229844,-0.05941635,-3.404306,176.855349,176.872369,1.91302776,0
6.305000,315,1,1261,4.70207214,1.64133275,94.041439,1.64133275,94.041439,0.07193685,4.121678,0.12492943,0.12123299,0.12492943,0.12123299,1.62895775,93.332404,1.62962055,93.370380,0.15303768,8.768413,0.13257118,7.595769,0.01237500,0.709035,0.01171219,0.671059,3.19618011,183.127631,3.19585943,183.109257,-0.05941635,-3.404306,-0.06412804,-3.674266,176.872369,176.890743,1.91302776,0
6.310000,315,2,1262,4.70207214,1.64133275,94.041439,1.64133275,94.041439,0.07193685,4.121678,0.12123299,0.14979029,0.12123299,0.14979029,1.62962055,93.370380,1.63026786,93.407468,0.13257118,7.595769,0.12946527,7.417813,0.01171219,0.671059,0.01106489,0.633971,3.19585943,183.109257,3.19557190,183.092783,-0.06412804,-3.674266,-0.05750664,-3.294888,176.890743,176.907217,1.91302776,0
6.315000,315,3,1263,4.70207214,1.64133275,94.041439,1.64133275,94.041439,0.07193685,4.121678,0.14979029,0.13881922,0.14979029,0.13881922,1.63026786,93.407468,1.63086629,93.441755,0.12946527,7.417813,0.11968772,6.857601,0.01106489,0.633971,0.01046646,0.599684,3.19557190,183.092783,3.19529438,183.076882,-0.05750664,-3.294888,-0.05548706,-3.179174,176.907217,176.923118,1.91302776,0
6.320000,316,0,1264,4.70362186,1.64187372,94.072434,1.64187372,94.072434,0.02704859,1.549770,0.13308191,0.13308191,0.13308191,0.13308191,1.63086629,93.441755,1.63139844,93.472245,0.11968772,6.857601,0.10642063,6.097453,0.01100743,0.630679,0.01047528,0.600189,3.19529438,183.076882,3.19501472,183.060859,-0.05548706,-3.179174,-0.05594887,-3.205634,176.923118,176.939141,1.91652608,0
6.325000,316,1,1265,4.70362186,1.64187372,94.072434,1.64187372,94.072434,0.02704859,1.549770,0.13308191,0.13089228,0.13308191,0.13089228,1.63139844,93.472245,1.63185751,93.498548,0.10642063,6.097453,0.09182090,5.260950,0.01047528,0.600189,0.01001620,0.573886,3.19501472,183.060859,3.19472742,183.044398,-0.05594887,-3.205634,-0.05746045,-3.292241,176.939141,176.955602,1.91652608,0
6.330000,316,2,1266,4.70362186,1.64187372,94.072434,1.64187372,94.072434,0.02704859,1.549770,0.13089228,0.14182997,0.13089228,0.14182997,1.63185751,93.498548,1.63227689,93.522577,0.09182090,5.260950,0.08386960,4.805374,0.01001620,0.573886,0.00959682,0.549858,3.19472742,183.044398,3.19445372,183.028716,-0.05746045,-3.292241,-0.05472928,-3.135757,176.955602,176.971284,1.91652608,0
6.335000,316,3,1267,4.70362186,1.64187372,94.072434,1.64187372,94.072434,0.02704859,1.549770,0.14182997,0.13850737,0.14182997,0.13850737,1.63227689,93.522577,1.63264632,93.543744,0.08386960,4.805374,0.07389686,4.233978,0.00959682,0.549858,0.00922740,0.528691,3.19445372,183.028716,3.19418621,183.013389,-0.05472928,-3.135757,-0.05350336,-3.065517,176.971284,176.986611,1.91652608,0
6.340000,317,0,1268,4.70335770,1.64178145,94.067148,1.64178145,94.067148,-0.00461340,-0.264328,0.13746977,0.13746977,0.13746977,0.13746977,1.63264632,93.543744,1.63296282,93.561878,0.07389686,4.233978,0.06329193,3.626360,0.00913513,0.523404,0.00881863,0.505270,3.19418621,183.013389,3.19392204,182.998253,-0.05350336,-3.065517,-0.05285609,-3.028431,176.986611,177.001747,1.91968203,0
6.345000,317,1,1269,4.70335770,1.64178145,94.067148,1.64178145,94.067148,-0.00461340,-0.264328,0.13746977,0.13789701,0.13746977,0.13789701,1.63296282,93.561878,1.63322937,93.577150,0.06329193,3.626360,0.05331372,3.054651,0.00881863,0.505270,0.00855207,0.489998,3.19392204,182.998253,3.19366241,182.983377,-0.05285609,-3.028431,-0.05194967,-2.976497,177.001747,177.016623,1.91968203,0
6.350000,317,2,1270,4.70335770,1.64178145,94.067148,1.64178145,94.067148,-0.00461340,-0.264328,0.13789701,0.13707781,0.13789701,0.13707781,1.63322937,93.577150,1.63346028,93.590380,0.05331372,3.054651,0.04618142,2.646000,0.00855207,0.489998,0.00832117,0.476768,3.19366241,182.983377,3.19341588,182.969252,-0.05194967,-2.976497,-0.04930888,-2.825191,177.016623,177.030748,1.91968203,0
6.355000,317,3,1271,4.70335770,1.64178145,94.067148,1.64178145,94.067148,-0.00461340,-0.264328,0.13707781,0.13700533,0.13707781,0.13700533,1.63346028,93.590380,1.63366580,93.602155,0.04618142,2.646000,0.04111450,2.355687,0.00832117,0.476768,0.00811565,0.464992,3.19341588,182.969252,3.19318867,182.956234,-0.04930888,-2.825191,-0.04544505,-2.603810,177.030748,177.043766,1.91968203,0
6.360000,318,0,1272,4.70075512,1.64087307,94.015102,1.64087307,94.015102,-0.04541874,-2.602302,0.13612032,0.13612032,0.13612032,0.13612032,1.63366580,93.602155,1.63385308,93.612886,0.04111450,2.355687,0.03746416,2.146538,0.00720727,0.412946,0.00702000,0.402216,3.19318867,182.956234,3.19298482,182.944554,-0.04544505,-2.603810,-0.04077809,-2.336412,177.043766,177.055446,1.92181242,0
6.365000,318,1,1273,4.70075512,1.64087307,94.015102,1.64087307,94.015102,-0.04541874,-2.602302,0.13612032,0.13469744,0.13612032,0.13469744,1.63385308,93.612886,1.63402700,93.622851,0.03746416,2.146538,0.03478660,1.993125,0.00702000,0.402216,0.00684607,0.392251,3.19298482,182.944554,3.19280696,182.934364,-0.04077809,-2.336412,-0.03558926,-2.039115,177.055446,177.065636,1.92181242,0
6.370000,318,2,1274,4.70075512,1.64087307,94.015102,1.64087307,94.015102,-0.04541874,-2.602302,0.13469744,0.11475992,0.13469744,0.11475992,1.63402700,93.622851,1.63418531,93.631921,0.03478660,1.993125,0.03167386,1.814778,0.00684607,0.392251,0.00668776,0.383180,3.19280696,182.934364,3.19265294,182.925539,-0.03558926,-2.039115,-0.03079788,-1.764589,177.065636,177.074461,1.92181242,0
6.375000,318,3,1275,4.70075512,1.64087307,94.015102,1.64087307,94.015102,-0.04541874,-2.602302,0.11475992,0.11357355,0.11475992,0.11357355,1.63418531,93.631921,1.63433230,93.640343,0.03167386,1.814778,0.02939228,1.684054,0.00668776,0.383180,0.00654078,0.374759,3.19265294,182.925539,3.19252515,182.918217,-0.03079788,-1.764589,-0.02554925,-1.463864,177.074461,177.081783,1.92181242,0
6.380000,319,0,1276,4.69560671,1.63907588,93.912130,1.63907588,93.912130,-0.08985996,-5.148597,0.11208963,0.11208963,0.11208963,0.11208963,1.63433230,93.640343,1.63447070,93.648273,0.02939228,1.684054,0.02768257,1.586094,0.00474358,0.271787,0.00460517,0.263857,3.19252515,182.918217,3.19242525,182.912493,-0.02554925,-1.463864,-0.02000025,-1.145930,177.081783,177.087507,1.92265701,0
6.385000,319,1,1277,4.69560671,1.63907588,93.912130,1.63907588,93.912130,-0.08985996,-5.148597,0.11208963,0.11041117,0.11208963,0.11041117,1.63447070,93.648273,1.63460255,93.655827,0.02768257,1.586094,0.02636694,1.510714,0.00460517,0.263857,0.00447333,0.256303,3.19242525,182.912493,3.19235396,182.908409,-0.02000025,-1.145930,-0.01425258,-0.816613,177.087507,177.091591,1.92265701,0
6.390000,319,2,1278,4.69560671,1.63907588,93.912130,1.63907588,93.912130,-0.08985996,-5.148597,0.11041117,0.07267046,0.11041117,0.07267046,1.63460255,93.655827,1.63471830,93.662459,0.02636694,1.510714,0.02313853,1.325740,0.00447333,0.256303,0.00435758,0.249671,3.19235396,182.908409,3.19230485,182.905595,-0.01425258,-0.816613,-0.00982036,-0.562665,177.091591,177.094405,1.92265701,0
6.395000,319,3,1279,4.69560671,1.63907588,93.912130,1.63907588,93.912130,-0.08985996,-5.148597,0.07267046,0.07241106,0.07267046,0.07241106,1.63471830,93.662459,1.63482249,93.668429,0.02313853,1.325740,0.02083126,1.193543,0.00435758,0.249671,0.00425339,0.243701,3.19230485,182.905595,3.19228077,182.904215,-0.00982036,-0.562665,-0.00480893,-0.275532,177.094405,177.095785,1.92265701,0
6.400000,320,0,1280,4.68780327,1.63635194,93.756060,1.63635194,93.756060,-0.13619661,-7.803491,0.07179689,0.07179689,0.07179689,0.07179689,1.63482249,93.668429,1.63491821,93.673913,0.02083126,1.193543,0.01915625,1.097572,0.00152946,0.087631,0.00143373,0.082147,3.19228077,182.904215,3.19228387,182.904393,-0.00480893,-0.275532,0.00060437,0.034628,177.095785,177.095607,1.91723716,0
6.405000,320,1,1281,4.68780327,1.63635194,93.756060,1.63635194,93.756060,-0.13619661,-7.803491,0.07179689,0.07095003,0.07179689,0.07095003,1.63491821,93.673913,1.63500774,93.679043,0.01915625,1.097572,0.01791586,1.026503,0.00143373,0.082147,0.00134420,0.077017,3.19228387,182.904393,3.19231534,182.906196,0.00060437,0.034628,0.00630420,0.361204,177.095607,177.093804,1.91723716,0
6.410000,320,2,1282,4.68780327,1.63635194,93.756060,1.63635194,93.756060,-0.13619661,-7.803491,0.07095003,0.01547194,0.07095003,0.01547194,1.63500774,93.679043,1.63507605,93.682957,0.01791586,1.026503,0.01366251,0.782804,0.00134420,0.077017,0.00127590,0.073104,3.19231534,182.906196,3.19236541,182.909065,0.00630420,0.361204,0.01001920,0.574058,177.093804,177.090935,1.91723716,0
6.415000,320,3,1283,4.68780327,1.63635194,93.756060,1.63635194,93.756060,-0.13619661,-7.803491,0.01547194,0.01681089,0.01547194,0.01681089,1.63507605,93.682957,1.63512969,93.686030,0.01366251,0.782804,0.01072498,0.614496,0.00127590,0.073104,0.00122225,0.070030,3.19236541,182.909065,3.19243860,182.913258,0.01001920,0.574058,0.01463440,0.838489,177.090935,177.086742,1.91723716,0
6.420000,321,0,1284,4.67680502,1.63251293,93.536101,1.63251293,93.536101,-0.19195080,-10.997971,0.01761198,0.01761198,0.01761198,0.01761198,1.63512969,93.686030,1.63517308,93.688516,0.01072498,0.614496,0.00868870,0.497826,-0.00261676,-0.149929,-0.00266016,-0.152416,3.19243860,182.913258,3.19253802,182.918955,0.01463440,0.838489,0.01988773,1.139483,177.086742,177.081045,1.90942764,0
6.425000,321,1,1285,4.67680502,1.63251293,93.536101,1.63251293,93.536101,-0.19195080,-10.997971,0.01761198,0.01804304,0.01761198,0.01804304,1.63517308,93.688516,1.63520944,93.690600,0.00868870,0.497826,0.00726964,0.416520,-0.00266016,-0.152416,-0.00269651,-0.154499,3.19253802,182.918955,3.19266605,182.926290,0.01988773,1.139483,0.02560577,1.467102,177.081045,177.073710,1.90942764,0
6.430000,321,2,1286,4.67680502,1.63251293,93.536101,1.63251293,93.536101,-0.19195080,-10.997971,0.01804304,-0.05856180,0.01804304,-0.05856180,1.63520944,93.690600,1.63521743,93.691057,0.00726964,0.416520,0.00160506,0.091963,-0.00269651,-0.154499,-0.00270450,-0.154957,3.19266605,182.926290,3.19280887,182.934473,0.02560577,1.467102,0.02857806,1.637402,177.073710,177.065527,1.90942764,0
6.435000,321,3,1287,4.67680502,1.63251293,93.536101,1.63251293,93.536101,-0.19195080,-10.997971,-0.05856180,-0.05511332,-0.05856180,-0.05511332,1.63521743,93.691057,1.63520634,93.690422,0.00160506,0.091963,-0.00220584,-0.126385,-0.00270450,-0.154957,-0.00269341,-0.154321,3.19280887,182.934473,3.19297314,182.943885,0.02857806,1.637402,0.03286279,1.882899,177.065527,177.056115,1.90942764,0
6.440000,322,0,1288,4.66216850,1.62740374,93.243366,1.62740374,93.243366,-0.25545955,-14.636754,-0.05246592,-0.05246592,-0.05246592,-0.05246592,1.63520634,93.690422,1.63518262,93.689063,-0.00220584,-0.126385,-0.00474972,-0.272139,-0.00780261,-0.447056,-0.00777888,-0.445697,3.19297314,182.943885,3.19316363,182.954799,0.03286279,1.882899,0.03808242,2.181962,177.056115,177.045201,1.90076947,0
6.445000,322,1,1289,4.66216850,1.62740374,93.243366,1.62740374,93.243366,-0.25545955,-14.636754,-0.05246592,-0.05036783,-0.05246592,-0.05036783,1.63518262,93.689063,1.63515043,93.687219,-0.00474972,-0.272139,-0.00642767,-0.368279,-0.00777888,-0.445697,-0.00774670,-0.443853,3.19316363,182.954799,3.19338346,182.967394,0.03808242,2.181962,0.04398562,2.520190,177.045201,177.032606,1.90076947,0
6.450000,322,2,1290,4.66216850,1.62740374,93.243366,1.62740374,93.243366,-0.25545955,-14.636754,-0.05036783,-0.15084267,-0.05036783,-0.15084267,1.63515043,93.687219,1.63508177,93.683284,-0.00642767,-0.368279,-0.01372722,-0.786512,-0.00774670,-0.443853,-0.00767803,-0.439919,3.19338346,182.967394,3.19361496,182.980659,0.04398562,2.520190,0.04628401,2.651879,177.032606,177.019341,1.90076947,0
6.455000,322,3,1291,4.66216850,1.62740374,93.243366,1.62740374,93.243366,-0.25545955,-14.636754,-0.15084267,-0.14481926,-0.15084267,-0.14481926,1.63508177,93.683284,1.63498902,93.677971,-0.01372722,-0.786512,-0.01854200,-1.062378,-0.00767803,-0.439919,-0.00758529,-0.434605,3.19361496,182.980659,3.19386673,182.995084,0.04628401,2.651879,0.05036653,2.885790,177.019341,177.004916,1.90076947,0
6.460000,323,0,1292,4.64329672,1.62081623,92.865929,1.62081623,92.865929,-0.32937527,-18.871813,-0.13989067,-0.13989067,-0.13989067,-0.13989067,1.63498902,93.677971,1.63488078,93.671769,-0.01854200,-1.062378,-0.02165967,-1.241008,-0.01417279,-0.812041,-0.01406455,-0.805839,3.19386673,182.995084,3.19414544,183.011053,0.05036653,2.885790,0.05572119,3.192589,177.004916,176.988947,1.91219556,0
6.465000,323,1,1293,4.64329672,1.62081623,92.865929,1.62081623,92.865929,-0.32937527,-18.871813,-0.13989067,-0.13574409,-0.13989067,-0.13574409,1.63488078,93.671769,1.63476264,93.665000,-0.02165967,-1.241008,-0.02362031,-1.353344,-0.01406455,-0.805839,-0.01394641,-0.799071,3.19414544,183.011053,3.19445539,183.028811,0.05572119,3.192589,0.06200462,3.552603,176.988947,176.971189,1.91219556,0
6.470000,323,2,1294,4.64329672,1.62081623,92.865929,1.62081623,92.865929,-0.32937527,-18.871813,-0.13574409,-0.26387787,-0.13574409,-0.26387787,1.63476264,93.665000,1.63431394,93.639291,-0.02362031,-1.353344,-0.08973885,-5.141657,-0.01394641,-0.799071,-0.01349771,-0.773362,3.19445539,183.028811,3.19458485,183.036229,0.06200462,3.552603,0.02589140,1.483468,176.971189,176.963771,1.91219556,0
6.475000,323,3,1295,4.64329672,1.62081623,92.865929,1.62081623,92.865929,-0.32937527,-18.871813,-0.26387787,-0.21278763,-0.26387787,-0.21278763,1.63431394,93.639291,1.63369000,93.603542,-0.08973885,-5.141657,-0.12479477,-7.150213,-0.01349771,-0.773362,-0.01287377,-0.737613,3.19458485,183.036229,3.19463730,183.039234,0.02589140,1.483468,0.01049406,0.601266,176.963771,176.960766,1.91219556,0
6.480000,324,0,1296,4.62253857,1.61357033,92.450770,1.61357033,92.450770,-0.36229491,-20.757969,-0.17797470,-0.17797470,-0.17797470,-0.17797470,1.63369000,93.603542,1.63299656,93.563811,-0.12479477,-7.150213,-0.13868485,-7.946057,-0.02011967,-1.152772,-0.01942623,-1.113041,3.19463730,183.039234,3.19468331,183.041871,0.01049406,0.601266,0.00918527,0.526277,176.960766,176.958129,1.91657186,0
6.485000,324,1,1297,4.62253857,1.61357033,92.450770,1.61357033,92.450770,-0.36229491,-20.757969,-0.17797470,-0.15525818,-0.17797470,-0.15525818,1.63299656,93.563811,1.63230276,93.524059,-0.13868485,-7.946057,-0.13876356,-7.950566,-0.01942623,-1.113041,-0.01873243,-1.073289,3.19468331,183.041871,3.19476867,183.046761,0.00918527,0.526277,0.01707042,0.978063,176.958129,176.953239,1.91657186,0
6.490000,324,2,1298,4.62253857,1.61357033,92.450770,1.61357033,92.450770,-0.36229491,-20.757969,-0.15525818,-0.28624868,-0.15525818,-0.28624868,1.63230276,93.524059,1.63121033,93.461467,-0.13876356,-7.950566,-0.21848117,-12.518049,-0.01873243,-1.073289,-0.01763999,-1.010697,3.19476867,183.046761,3.19462943,183.038783,0.01707042,0.978063,-0.02784787,-1.595565,176.953239,176.961217,1.91657186,0
6.495000,324,3,1299,4.62253857,1.61357033,92.450770,1.61357033,92.450770,-0.36229491,-20.757969,-0.28624868,-0.21361303,-0.28624868,-0.21361303,1.63121033,93.461467,1.62994015,93.388692,-0.21848117,-12.518049,-0.25403836,-14.555326,-0.01763999,-1.010697,-0.01636982,-0.937922,3.19462943,183.038783,3.19441199,183.026325,-0.02784787,-1.595565,-0.04350799,-2.492824,176.961217,176.973675,1.91657186,0
6.500000,325,0,1300,4.59856987,1.60520363,91.971393,1.60520363,91.971393,-0.41833520,-23.968841,-0.16555929,-0.16555929,-0.16555929,-0.16555929,1.62994015,93.388692,1.62863827,93.314099,-0.25403836,-14.555326,-0.26038095,-14.918730,-0.02473652,-1.417298,-0.02343464,-1.342706,3.19441199,183.026325,3.19421244,183.014891,-0.04350799,-2.492824,-0.03989619,-2.285884,176.973675,176.985109,1.91992593,0
6.505000,325,1,1301,4.59856987,1.60520363,91.971393,1.60520363,91.971393,-0.41833520,-23.968841,-0.16555929,-0.13548040,-0.16555929,-0.13548040,1.62863827,93.314099,1.62739611,93.242929,-0.26038095,-14.918730,-0.24843726,-14.234406,-0.02343464,-1.342706,-0.02219248,-1.271535,3.19421244,183.014891,3.19409108,183.007938,-0.03989619,-2.285884,-0.02426944,-1.390536,176.985109,176.992062,1.91992593,0
6.510000,325,2,1302,4.59856987,1.60520363,91.971393,1.60520363,91.971393,-0.41833520,-23.968841,-0.13548040,-0.28557968,-0.13548040,-0.28557968,1.62739611,93.242929,1.62575734,93.149034,-0.24843726,-14.234406,-0.32775125,-18.778763,-0.02219248,-1.271535,-0.02055371,-1.177641,3.19409108,183.007938,3.19374466,182.988090,-0.02426944,-1.390536,-0.06928539,-3.969761,176.992062,177.011910,1.91992593,0
6.515000,325,3,1303,4.59856987,1.60520363,91.971393,1.60520363,91.971393,-0.41833520,-23.968841,-0.28557968,-0.20227814,-0.28557968,-0.20227814,1.62575734,93.149034,1.62397528,93.046929,-0.32775125,-18.778763,-0.35642126,-20.421434,-0.02055371,-1.177641,-0.01877165,-1.075536,3.19374466,182.988090,3.19334030,182.964922,-0.06928539,-3.969761,-0.08086011,-4.632943,177.011910,177.035078,1.91992593,0
6.520000,326,0,1304,4.57279110,1.59620512,91.455816,1.59620512,91.455816,-0.44992566,-25.778841,-0.14837265,-0.14837265,-0.14837265,-0.14837265,1.62397528,93.046929,1.62221372,92.946000,-0.35642126,-20.421434,-0.35231987,-20.186441,-0.02777016,-1.591113,-0.02600861,-1.490183,3.19334030,182.964922,3.19298577,182.944609,-0.08086011,-4.632943,-0.07091539,-4.063152,177.035078,177.055391,1.92471051,0
6.525000,326,1,1305,4.57279110,1.59620512,91.455816,1.59620512,91.455816,-0.44992566,-25.778841,-0.14837265,-0.11575317,-0.14837265,-0.11575317,1.62221372,92.946000,1.62057173,92.851921,-0.35231987,-20.186441,-0.32838833,-18.815266,-0.02600861,-1.490183,-0.02436662,-1.396104,3.19298577,182.944609,3.19274569,182.930853,-0.07091539,-4.063152,-0.04802797,-2.751800,177.055391,177.069147,1.92471051,0
6.530000,326,2,1306,4.57279110,1.59620512,91.455816,1.59620512,91.455816,-0.44992566,-25.778841,-0.11575317,-0.27813005,-0.11575317,-0.27813005,1.62057173,92.851921,1.61855578,92.736415,-0.32838833,-18.815266,-0.40317976,-23.100499,-0.02436662,-1.396104,-0.02235067,-1.280599,3.19274569,182.930853,3.19229150,182.904830,-0.04802797,-2.751800,-0.09081512,-5.203323,177.069147,177.095170,1.92471051,0
6.535000,326,3,1307,4.57279110,1.59620512,91.455816,1.59620512,91.455816,-0.44992566,-25.778841,-0.27813005,-0.19016695,-0.27813005,-0.19016695,1.61855578,92.736415,1.61643326,92.614804,-0.40317976,-23.100499,-0.42449355,-24.321689,-0.02235067,-1.280599,-0.02022815,-1.158987,3.19229150,182.904830,3.19179988,182.876662,-0.09081512,-5.203323,-0.09834430,-5.634714,177.095170,177.123338,1.92471051,0
6.540000,327,0,1308,4.54552174,1.58668637,90.910433,1.58668637,90.910433,-0.47593713,-27.269189,-0.13413668,-0.13413668,-0.13413668,-0.13413668,1.61643326,92.614804,1.61437452,92.496846,-0.42449355,-24.321689,-0.41174451,-23.591222,-0.02974689,-1.704371,-0.02768815,-1.586414,3.19179988,182.876662,3.19138217,182.852729,-0.09834430,-5.634714,-0.08355153,-4.787150,177.123338,177.147271,1.92999279,0
6.545000,327,1,1309,4.54552174,1.58668637,90.910433,1.58668637,90.910433,-0.47593713,-27.269189,-0.13413668,-0.10108232,-0.13413668,-0.10108232,1.61437452,92.496846,1.61248004,92.388301,-0.41174451,-23.591222,-0.37890121,-21.709440,-0.02768815,-1.586414,-0.02579367,-1.477869,3.19138217,182.852729,3.19110370,182.836774,-0.08355153,-4.787150,-0.05568246,-3.190370,177.147271,177.163226,1.92999279,0
6.550000,327,2,1310,4.54552174,1.58668637,90.910433,1.58668637,90.910433,-0.47593713,-27.269189,-0.10108232,-0.27448940,-0.10108232,-0.27448940,1.61248004,92.388301,1.61022258,92.258958,-0.37890121,-21.709440,-0.45148742,-25.868324,-0.02579367,-1.477869,-0.02353621,-1.348525,3.19110370,182.836774,3.19061375,182.808702,-0.05568246,-3.190370,-0.09796730,-5.613113,177.163226,177.191298,1.92999279,0
6.555000,327,3,1311,4.54552174,1.58668637,90.910433,1.58668637,90.910433,-0.47593713,-27.269189,-0.27448940,-0.18310070,-0.27448940,-0.18310070,1.61022258,92.258958,1.60788000,92.124738,-0.45148742,-25.868324,-0.46851337,-26.843839,-0.02353621,-1.348525,-0.02119362,-1.214305,3.19061375,182.808702,3.19009566,182.779018,-0.09796730,-5.613113,-0.10363261,-5.937711,177.191298,177.220982,1.92999279,0
6.560000,328,0,1312,4.51763248,1.57695115,90.352645,1.57695115,90.352645,-0.48676133,-27.889370,-0.12540340,-0.12540340,-0.12540340,-0.12540340,1.60788000,92.124738,1.60562766,91.995688,-0.46851337,-26.843839,-0.45046306,-25.809632,-0.03092885,-1.772093,-0.02867651,-1.643043,3.19009566,182.779018,3.18966413,182.754292,-0.10363261,-5.937711,-0.08632047,-4.945798,177.220982,177.245708,1.93526983,0
6.565000,328,1,1313,4.51763248,1.57695115,90.352645,1.57695115,90.352645,-0.48676133,-27.889370,-0.12540340,-0.09185505,-0.12540340,-0.09185505,1.60562766,91.995688,1.60356760,91.877656,-0.45046306,-25.809632,-0.41201821,-23.606904,-0.02867651,-1.643043,-0.02661645,-1.525010,3.18966413,182.754292,3.18938541,182.738323,-0.08632047,-4.945798,-0.05574327,-3.193854,177.245708,177.261677,1.93526983,0
6.570000,328,2,1314,4.51763248,1.57695115,90.352645,1.57695115,90.352645,-0.48676133,-27.889370,-0.09185505,-0.26984739,-0.09185505,-0.26984739,1.60356760,91.877656,1.60115862,91.739631,-0.41201821,-23.606904,-0.48179075,-27.604577,-0.02661645,-1.525010,-0.02420747,-1.386986,3.18938541,182.738323,3.18889952,182.710484,-0.05574327,-3.193854,-0.09717411,-5.567666,177.261677,177.289516,1.93526983,0
6.575000,328,3,1315,4.51763248,1.57695115,90.352645,1.57695115,90.352645,-0.48676133,-27.889370,-0.26984739,-0.17721891,-0.26984739,-0.17721891,1.60115862,91.739631,1.59868240,91.597755,-0.48179075,-27.604577,-0.49524918,-28.375688,-0.02420747,-1.386986,-0.02173126,-1.245109,3.18889952,182.710484,3.18839216,182.681414,-0.09717411,-5.567666,-0.10148299,-5.814547,177.289516,177.318586,1.93526983,0
6.580000,329,0,1316,4.48934126,1.56707573,89.786825,1.56707573,89.786825,-0.49377084,-28.290985,-0.11912298,-0.11912298,-0.11912298,-0.11912298,1.59868240,91.597755,1.59631550,91.462141,-0.49524918,-28.375688,-0.47338891,-27.123187,-0.03160667,-1.810929,-0.02923977,-1.675316,3.18839216,182.681414,3.18797898,182.657741,-0.10148299,-5.814547,-0.08264825,-4.735396,177.318586,177.342259,1.94023955,0
6.585000,329,1,1317,4.48934126,1.56707573,89.786825,1.56707573,89.786825,-0.49377084,-28.290985,-0.11912298,-0.08571005,-0.11912298,-0.08571005,1.59631550,91.462141,1.59415936,91.338603,-0.47338891,-27.123187,-0.43121633,-24.706876,-0.02923977,-1.675316,-0.02708364,-1.551778,3.18797898,182.657741,3.18772602,182.643247,-0.08264825,-4.735396,-0.05059355,-2.898797,177.342259,177.356753,1.94023955,0
6.590000,329,2,1318,4.48934126,1.56707573,89.786825,1.56707573,89.786825,-0.49377084,-28.290985,-0.08571005,-0.26696205,-0.08571005,-0.26696205,1.59415936,91.338603,1.59166312,91.195579,-0.43121633,-24.706876,-0.49924299,-28.604516,-0.02708364,-1.551778,-0.02458739,-1.408754,3.18772602,182.643247,3.18726683,182.616937,-0.05059355,-2.898797,-0.09184933,-5.262579,177.356753,177.383063,1.94023955,0
6.595000,329,3,1319,4.48934126,1.56707573,89.786825,1.56707573,89.786825,-0.49377084,-28.290985,-0.26696205,-0.17370224,-0.26696205,-0.17370224,1.59166312,91.195579,1.58911026,91.049311,-0.49924299,-28.604516,-0.51057148,-29.253591,-0.02458739,-1.408754,-0.02203453,-1.262485,3.18726683,182.616937,3.18678832,182.589521,-0.09184933,-5.262579,-0.09571247,-5.483920,177.383063,177.410479,1.94023955,0
6.600000,330,0,1320,4.46104574,1.55719864,89.220910,1.55719864,89.220910,-0.49385428,-28.295766,-0.11542702,-0.11542702,-0.11542702,-0.11542702,1.58911026,91.049311,1.58667791,90.909948,-0.51057148,-29.253591,-0.48647207,-27.872796,-0.03191161,-1.828401,-0.02947927,-1.689037,3.18678832,182.589521,3.18640661,182.567651,-0.09571247,-5.483920,-0.07634286,-4.374124,177.410479,177.432349,1.94478226,0
6.605000,330,1,1321,4.46104574,1.55719864,89.220910,1.55719864,89.220910,-0.49385428,-28.295766,-0.11542702,-0.08213425,-0.11542702,-0.08213425,1.58667791,90.909948,1.58446729,90.783289,-0.48647207,-27.872796,-0.44213328,-25.332371,-0.02947927,-1.689037,-0.02726865,-1.562378,3.18640661,182.567651,3.18618774,182.555110,-0.07634286,-4.374124,-0.04378349,-2.508609,177.432349,177.444890,1.94478226,0
6.610000,330,2,1322,4.46104574,1.55719864,89.220910,1.55719864,89.220910,-0.49385428,-28.295766,-0.08213425,-0.26370955,-0.08213425,-0.26370955,1.58446729,90.783289,1.58192635,90.637703,-0.44213328,-25.332371,-0.50819021,-29.117154,-0.02726865,-1.562378,-0.02472770,-1.416793,3.18618774,182.555110,3.18576455,182.530863,-0.04378349,-2.508609,-0.08464599,-4.849858,177.444890,177.469137,1.94478226,0
6.615000,330,3,1323,4.46104574,1.55719864,89.220910,1.55719864,89.220910,-0.49385428,-28.295766,-0.26370955,-0.17080832,-0.26370955,-0.17080832,1.58192635,90.637703,1.57933748,90.489372,-0.50819021,-29.117154,-0.51776677,-29.665851,-0.02472770,-1.416793,-0.02213883,-1.268462,3.18576455,182.530863,3.18532324,182.505578,-0.08464599,-4.849858,-0.08823954,-5.055753,177.469137,177.494422,1.94478226,0
6.620000,331,0,1324,4.43288708,1.54736948,88.657741,1.54736948,88.657741,-0.49145818,-28.158479,-0.11292982,-0.11292982,-0.11292982,-0.11292982,1.57933748,90.489372,1.57687664,90.348376,-0.51776677,-29.665851,-0.49215642,-28.198486,-0.03196800,-1.831631,-0.02950716,-1.690636,3.18532324,182.505578,3.18497944,182.485880,-0.08823954,-5.055753,-0.06873854,-3.938428,177.494422,177.514120,1.94885004,0
6.625000,331,1,1325,4.43288708,1.54736948,88.657741,1.54736948,88.657741,-0.49145818,-28.158479,-0.11292982,-0.08002806,-0.11292982,-0.08002806,1.57687664,90.348376,1.57464397,90.220454,-0.49215642,-28.198486,-0.44654417,-25.585096,-0.02950716,-1.690636,-0.02727449,-1.562713,3.18497944,182.485880,3.18479848,182.475511,-0.06873854,-3.938428,-0.03618302,-2.073134,177.514120,177.524489,1.94885004,0
6.630000,331,2,1326,4.43288708,1.54736948,88.657741,1.54736948,88.657741,-0.49145818,-28.158479,-0.08002806,-0.26101494,-0.08002806,-0.26101494,1.57464397,90.220454,1.57208908,90.074069,-0.44654417,-25.585096,-0.51096982,-29.276414,-0.02727449,-1.562713,-0.02471960,-1.416329,3.18479848,182.475511,3.18441463,182.453518,-0.03618302,-2.073134,-0.07678992,-4.399738,177.524489,177.546482,1.94885004,0
6.635000,331,3,1327,4.43288708,1.54736948,88.657741,1.54736948,88.657741,-0.49145818,-28.158479,-0.26101494,-0.16887474,-0.26101494,-0.16887474,1.57208908,90.074069,1.56949222,89.925280,-0.51096982,-29.276414,-0.51937753,-29.758140,-0.02471960,-1.416329,-0.02212274,-1.267540,3.18441463,182.453518,3.18401265,182.430487,-0.07678992,-4.399738,-0.08041196,-4.607266,177.546482,177.569513,1.94885004,0
6.640000,332,0,1328,4.40507364,1.53766072,88.101469,1.53766072,88.101469,-0.48543811,-27.813555,-0.11158180,-0.11158180,-0.11158180,-0.11158180,1.56949222,89.925280,1.56702745,89.784059,-0.51937753,-29.758140,-0.49295411,-28.244190,-0.03183150,-1.823811,-0.02936673,-1.682590,3.18401265,182.430487,3.18370700,182.412974,-0.08041196,-4.607266,-0.06115231,-3.503769,177.569513,177.587026,1.90349102,0
6.645000,332,1,1329,4.40507364,1.53766072,88.101469,1.53766072,88.101469,-0.48543811,-27.813555,-0.11158180,-0.07911873,-0.11158180,-0.07911873,1.56702745,89.784059,1.56479347,89.656061,-0.49295411,-28.244190,-0.44679531,-25.599486,-0.02936673,-1.682590,-0.02713275,-1.554592,3.18370700,182.412974,3.18356204,182.404669,-0.06115231,-3.503769,-0.02899219,-1.661130,177.587026,177.595331,1.90349102,0
6.650000,332,2,1330,4.40507364,1.53766072,88.101469,1.53766072,88.101469,-0.48543811,-27.813555,-0.07911873,0.13273668,-0.07911873,0.13273668,1.56479347,89.656061,1.56324816,89.567522,-0.44679531,-25.599486,-0.30905721,-17.707674,-0.02713275,-1.554592,-0.02558744,-1.466052,3.18356204,182.404669,3.18388128,182.422960,-0.02899219,-1.661130,0.06383308,3.657366,177.595331,177.577040,1.90349102,0
6.655000,332,3,1331,4.40507364,1.53766072,88.101469,1.53766072,88.101469,-0.48543811,-27.813555,0.13273668,0.07589769,0.13273668,0.07589769,1.56324816,89.567522,1.56217444,89.506002,-0.30905721,-17.707674,-0.21474837,-12.304175,-0.02558744,-1.466052,-0.02451372,-1.404533,3.18388128,182.422960,3.18452096,182.459611,0.06383308,3.657366,0.12794912,7.330944,177.577040,177.540389,1.90349102,0
6.660000,333,0,1332,4.36707735,1.52439749,87.341543,1.52439749,87.341543,-0.66316128,-37.996342,0.03729105,-0.15929222,0.03729105,-0.15929222,1.56217444,89.506002,1.56108773,89.443738,-0.21474837,-12.304175,-0.21733075,-12.452135,-0.03777695,-2.164460,-0.03669024,-2.102196,3.18452096,182.459611,3.18516135,182.496303,0.12794912,7.330944,0.12809019,7.339027,177.540389,177.503697,1.87942863,0
6.665000,333,1,1333,4.36707735,1.52439749,87.341543,1.52439749,87.341543,-0.66316128,-37.996342,-0.15929222,-0.13591194,-0.15929222,-0.13591194,1.56108773,89.443738,1.56005931,89.384814,-0.21733075,-12.452135,-0.20569517,-11.785465,-0.03669024,-2.102196,-0.03566182,-2.043272,3.18516135,182.496303,3.18585157,182.535849,0.12809019,7.339027,0.13804562,7.909432,177.503697,177.464151,1.87942863,0
6.670000,333,2,1334,4.36707735,1.52439749,87.341543,1.52439749,87.341543,-0.66316128,-37.996342,-0.13591194,-0.12275696,-0.13591194,-0.12275696,1.56005931,89.384814,1.55912900,89.331511,-0.20569517,-11.785465,-0.18605824,-10.660352,-0.03566182,-2.043272,-0.03473151,-1.989969,3.18585157,182.535849,3.18662024,182.579890,0.13804562,7.909432,0.15371159,8.807025,177.464151,177.420110,1.87942863,0
6.675000,333,3,1335,4.36707735,1.52439749,87.341543,1.52439749,87.341543,-0.66316128,-37.996342,-0.12275696,-0.11665916,-0.12275696,-0.11665916,1.55912900,89.331511,1.55831540,89.284895,-0.18605824,-10.660352,-0.16271023,-9.322610,-0.03473151,-1.989969,-0.03391790,-1.943353,3.18662024,182.579890,3.18748164,182.629245,0.15371159,8.807025,0.17228281,9.871078,177.420110,177.370755,1.87942863,0
6.680000,334,0,1336,4.33330154,1.51260757,86.666030,1.51260757,86.666030,-0.58949590,-33.775627,-0.11526299,-0.30943823,-0.11526299,-0.30943823,1.55831540,89.284895,1.55703259,89.211396,-0.16271023,-9.322610,-0.25656411,-14.700041,-0.04570782,-2.618865,-0.04442501,-2.545366,3.18748164,182.629245,3.18804955,182.661784,0.17228281,9.871078,0.11356785,6.506959,177.370755,177.338216,1.89711201,0
6.685000,334,1,1337,4.33330154,1.51260757,86.666030,1.51260757,86.666030,-0.58949590,-33.775627,-0.30943823,-0.22399092,-0.30943823,-0.22399092,1.55703259,89.211396,1.55554020,89.125889,-0.25656411,-14.700041,-0.29846445,-17.100753,-0.04442501,-2.545366,-0.04293263,-2.459858,3.18804955,182.661784,3.18849802,182.687480,0.11356785,6.506959,0.08971328,5.140192,177.338216,177.312520,1.89711201,0
6.690000,334,2,1338,4.33330154,1.51260757,86.666030,1.51260757,86.666030,-0.58949590,-33.775627,-0.22399092,-0.16744947,-0.22399092,-0.16744947,1.55554020,89.125889,1.55401027,89.038230,-0.29846445,-17.100753,-0.30598626,-17.531721,-0.04293263,-2.459858,-0.04140270,-2.372200,3.18849802,182.687480,3.18894291,182.712970,0.08971328,5.140192,0.08895858,5.096951,177.312520,177.287030,1.89711201,0
6.695000,334,3,1339,4.33330154,1.51260757,86.666030,1.51260757,86.666030,-0.58949590,-33.775627,-0.16744947,-0.13206053,-0.16744947,-0.13206053,1.55401027,89.038230,1.55255032,88.954581,-0.30598626,-17.531721,-0.29199004,-16.729797,-0.04140270,-2.372200,-0.03994274,-2.288551,3.18894291,182.712970,3.18945670,182.742408,0.08895858,5.096951,0.10274833,5.887045,177.287030,177.257592,1.89711201,0
6.700000,335,0,1340,4.29472446,1.49914157,85.894485,1.49914157,85.894485,-0.67330003,-38.577250,-0.11177778,-0.37704229,-0.11177778,-0.37704229,1.55255032,88.954581,1.55041564,88.832272,-0.29199004,-16.729797,-0.42693546,-24.461600,-0.05340874,-3.060096,-0.05127406,-2.937787,3.18945670,182.742408,3.18954659,182.747558,0.10274833,5.887045,0.01798722,1.030592,177.257592,177.252442,1.92932987,0
6.705000,335,1,1341,4.29472446,1.49914157,85.894485,1.49914157,85.894485,-0.67330003,-38.577250,-0.37704229,-0.24838018,-0.37704229,-0.24838018,1.55041564,88.832272,1.54799736,88.693715,-0.42693546,-24.461600,-0.48365587,-27.711440,-0.05127406,-2.937787,-0.04885578,-2.799230,3.18954659,182.747558,3.18947291,182.743337,0.01798722,1.030592,-0.01473541,-0.844277,177.252442,177.256663,1.92932987,0
6.710000,335,2,1342,4.29472446,1.49914157,85.894485,1.49914157,85.894485,-0.67330003,-38.577250,-0.24838018,-0.16388083,-0.24838018,-0.16388083,1.54799736,88.693715,1.54555237,88.553628,-0.48365587,-27.711440,-0.48900250,-28.017779,-0.04885578,-2.799230,-0.04641080,-2.659143,3.18947291,182.743337,3.18940592,182.739498,-0.01473541,-0.844277,-0.01337820,-0.766514,177.256663,177.260502,1.92932987,0
6.715000,335,3,1343,4.29472446,1.49914157,85.894485,1.49914157,85.894485,-0.67330003,-38.577250,-0.16388083,-0.11157370,-0.16388083,-0.11157370,1.54555237,88.553628,1.54323959,88.421115,-0.48900250,-28.017779,-0.46254775,-26.502034,-0.04641080,-2.659143,-0.04409802,-2.526630,3.18940592,182.739498,3.18945122,182.742094,-0.01337820,-0.766514,0.00904387,0.518175,177.260502,177.257906,1.92932987,0
6.720000,336,0,1344,4.25681782,1.48590970,85.136355,1.48590970,85.136355,-0.66159368,-37.906525,-0.08217192,-0.31797028,-0.08217192,-0.31797028,1.54323959,88.421115,1.54043174,88.260237,-0.46254775,-26.502034,-0.56157798,-32.176048,-0.05732989,-3.284761,-0.05452204,-3.123883,3.18945122,182.742094,3.18919230,182.727259,0.00904387,0.518175,-0.05180324,-2.968107,177.257906,177.272741,1.93516898,0
6.725000,336,1,1345,4.25681782,1.48590970,85.136355,1.48590970,85.136355,-0.66159368,-37.906525,-0.31797028,-0.19872665,-0.31797028,-0.19872665,1.54043174,88.260237,1.53749120,88.091757,-0.56157798,-32.176048,-0.58811134,-33.696298,-0.05452204,-3.123883,-0.05158150,-2.955402,3.18919230,182.727259,3.18886900,182.708735,-0.05180324,-2.968107,-0.06463585,-3.703361,177.272741,177.291265,1.93516898,0
6.730000,336,2,1346,4.25681782,1.48590970,85.136355,1.48590970,85.136355,-0.66159368,-37.906525,-0.19872665,-0.12301254,-0.19872665,-0.12301254,1.53749120,88.091757,1.53464818,87.928864,-0.58811134,-33.696298,-0.56861353,-32.579155,-0.05158150,-2.955402,-0.04873848,-2.792509,3.18886900,182.708735,3.18863344,182.695239,-0.06463585,-3.703361,-0.04709861,-2.698552,177.291265,177.304761,1.93516898,0
6.735000,336,3,1347,4.25681782,1.48590970,85.136355,1.48590970,85.136355,-0.66159368,-37.906525,-0.12301254,-0.07857132,-0.12301254,-0.07857132,1.53464818,87.928864,1.53203773,87.779296,-0.56861353,-32.579155,-0.52209759,-29.913988,-0.04873848,-2.792509,-0.04612803,-2.642942,3.18863344,182.695239,3.18857455,182.691865,-0.04709861,-2.698552,-0.01178551,-0.675260,177.304761,177.308135,1.93516898,0
6.740000,337,0,1348,4.21511936,1.47135413,84.302382,1.47135413,84.302382,-0.72777867,-41.698646,-0.05599785,-0.32531786,-0.05599785,-0.32531786,1.53203773,87.779296,1.52890968,87.600072,-0.52209759,-29.913988,-0.62559927,-35.844198,-0.06068361,-3.476915,-0.05755556,-3.297690,3.18857455,182.691865,3.18819404,182.670063,-0.01178551,-0.675260,-0.07609708,-4.360041,177.308135,177.329937,1.93924737,0
6.745000,337,1,1349,4.21511936,1.47135413,84.302382,1.47135413,84.302382,-0.72777867,-41.698646,-0.32531786,-0.19681978,-0.32531786,-0.19681978,1.52890968,87.600072,1.52565479,87.413581,-0.62559927,-35.844198,-0.65097815,-37.298300,-0.05755556,-3.297690,-0.05430067,-3.111199,3.18819404,182.670063,3.18775034,182.644641,-0.07609708,-4.360041,-0.08872796,-5.083738,177.329937,177.355359,1.93924737,0
6.750000,337,2,1350,4.21511936,1.47135413,84.302382,1.47135413,84.302382,-0.72777867,-41.698646,-0.19681978,-0.11555338,-0.19681978,-0.11555338,1.52565479,87.413581,1.52252007,87.233974,-0.65097815,-37.298300,-0.62695068,-35.921628,-0.05430067,-3.111199,-0.05116594,-2.931592,3.18775034,182.644641,3.18740630,182.624929,-0.08872796,-5.083738,-0.06882037,-3.943117,177.355359,177.375071,1.93924737,0
6.755000,337,3,1351,4.21511936,1.47135413,84.302382,1.47135413,84.302382,-0.72777867,-41.698646,-0.11555338,-0.06816530,-0.11555338,-0.06816530,1.52252007,87.233974,1.51964951,87.069503,-0.62695068,-35.921628,-0.57411397,-32.894307,-0.05116594,-2.931592,-0.04829538,-2.767121,3.18740630,182.624929,3.18725634,182.616336,-0.06882037,-3.943117,-0.03001503,-1.719734,177.375071,177.383664,1.93924737,0
6.760000,338,0,1352,4.17543602,1.45750213,83.508720,1.45750213,83.508720,-0.69260001,-39.683058,-0.04441500,-0.30905247,-0.04441500,-0.30905247,1.51964951,87.069503,1.51631081,86.878210,-0.57411397,-32.894307,-0.66773313,-38.258290,-0.06214738,-3.560783,-0.05880868,-3.369489,3.18725634,182.616336,3.18681359,182.590969,-0.03001503,-1.719734,-0.08852916,-5.072347,177.383664,177.409031,1.94368684,0
6.765000,338,1,1353,4.17543602,1.45750213,83.508720,1.45750213,83.508720,-0.69260001,-39.683058,-0.30905247,-0.18263721,-0.30905247,-0.18263721,1.51631081,86.878210,1.51288831,86.682115,-0.66773313,-38.258290,-0.68449605,-39.218734,-0.05880868,-3.369489,-0.05538619,-3.173395,3.18681359,182.590969,3.18633246,182.563402,-0.08852916,-5.072347,-0.09624476,-5.514419,177.409031,177.436598,1.94368684,0
6.770000,338,2,1354,4.17543602,1.45750213,83.508720,1.45750213,83.508720,-0.69260001,-39.683058,-0.18263721,-0.10350895,-0.18263721,-0.10350895,1.51288831,86.682115,1.50962257,86.495002,-0.68449605,-39.218734,-0.65315276,-37.422897,-0.05538619,-3.173395,-0.05212045,-2.986282,3.18633246,182.563402,3.18597102,182.542693,-0.09624476,-5.514419,-0.07231150,-4.143144,177.436598,177.457307,1.94368684,0
6.775000,338,3,1355,4.17543602,1.45750213,83.508720,1.45750213,83.508720,-0.69260001,-39.683058,-0.10350895,-0.05816174,-0.10350895,-0.05816174,1.50962257,86.495002,1.50665140,86.324767,-0.65315276,-37.422897,-0.59424114,-34.047509,-0.05212045,-2.986282,-0.04914927,-2.816046,3.18597102,182.542693,3.18581939,182.534005,-0.07231150,-4.143144,-0.03031815,-1.737102,177.457307,177.465995,1.94368684,0
6.780000,339,0,1356,4.13469553,1.44328094,82.693906,1.44328094,82.693906,-0.71105957,-40.740712,-0.03626728,-0.32737875,-0.03626728,-0.32737875,1.50665140,86.324767,1.50315630,86.124512,-0.59424114,-34.047509,-0.69900954,-40.050296,-0.06337047,-3.630860,-0.05987537,-3.430606,3.18581939,182.534005,3.18533397,182.506193,-0.03031815,-1.737102,-0.09708012,-5.562281,177.465995,177.493807,1.94887912,0
6.785000,339,1,1357,4.13469553,1.44328094,82.693906,1.44328094,82.693906,-0.71105957,-40.740712,-0.32737875,-0.19073439,-0.32737875,-0.19073439,1.50315630,86.124512,1.49955285,85.918049,-0.69900954,-40.050296,-0.72070271,-41.293223,-0.05987537,-3.430606,-0.05627191,-3.224143,3.18533397,182.506193,3.18478918,182.474979,-0.09708012,-5.562281,-0.10893399,-6.241458,177.493807,177.525021,1.94887912,0
6.790000,339,2,1358,4.13469553,1.44328094,82.693906,1.44328094,82.693906,-0.71105957,-40.740712,-0.19073439,-0.10484457,-0.19073439,-0.10484457,1.49955285,85.918049,1.49610198,85.720329,-0.72070271,-41.293223,-0.69017905,-39.544347,-0.05627191,-3.224143,-0.05282104,-3.026423,3.18478918,182.474979,3.18435693,182.450212,-0.10893399,-6.241458,-0.08644488,-4.952927,177.525021,177.549788,1.94887912,0
6.795000,339,3,1359,4.13469553,1.44328094,82.693906,1.44328094,82.693906,-0.71105957,-40.740712,-0.10484457,-0.05527258,-0.10484457,-0.05527258,1.49610198,85.720329,1.49295437,85.539985,-0.69017905,-39.544347,-0.62951875,-36.068767,-0.05282104,-3.026423,-0.04967344,-2.846078,3.18435693,182.450212,3.18413568,182.437536,-0.08644488,-4.952927,-0.04423200,-2.534307,177.549788,177.562464,1.94887912,0
6.800000,340,0,1360,4.09656811,1.42997193,81.931357,1.42997193,81.931357,-0.66545010,-38.127482,-0.03096533,-0.30800533,-0.03096533,-0.30800533,1.49295437,85.539985,1.48934174,85.332996,-0.62951875,-36.068767,-0.72251689,-41.397169,-0.06298244,-3.608628,-0.05936980,-3.401639,3.18413568,182.437536,3.18361473,182.407688,-0.04423200,-2.534307,-0.10416584,-5.968263,177.562464,177.592312,1.95416379,0
6.805000,340,1,1361,4.09656811,1.42997193,81.931357,1.42997193,81.931357,-0.66545010,-38.127482,-0.30800533,-0.17650700,-0.30800533,-0.17650700,1.48934174,85.332996,1.48566389,85.122271,-0.72251689,-41.397169,-0.73556858,-42.144975,-0.05936980,-3.401639,-0.05569196,-3.190914,3.18361473,182.407688,3.18305826,182.375804,-0.10416584,-5.968263,-0.11129567,-6.376772,177.592312,177.624196,1.95416379,0
6.810000,340,2,1362,4.09656811,1.42997193,81.931357,1.42997193,81.931357,-0.66545010,-38.127482,-0.17650700,-0.09463596,-0.17650700,-0.09463596,1.48566389,85.122271,1.48216963,84.922064,-0.73556858,-42.144975,-0.69884682,-40.040973,-0.05569196,-3.190914,-0.05219769,-2.990708,3.18305826,182.375804,3.18262959,182.351243,-0.11129567,-6.376772,-0.08571575,-4.911151,177.624196,177.648757,1.95416379,0
6.815000,340,3,1363,4.09656811,1.42997193,81.931357,1.42997193,81.931357,-0.66545010,-38.127482,-0.09463596,-0.04814434,-0.09463596,-0.04814434,1.48216963,84.922064,1.47900033,84.740477,-0.69884682,-40.040973,-0.63386118,-36.317571,-0.05219769,-2.990708,-0.04902840,-2.809120,3.18262959,182.351243,3.18242121,182.339304,-0.08571575,-4.911151,-0.04165555,-2.386687,177.648757,177.660696,1.95416379,0
6.820000,341,0,1364,4.05865717,1.41673863,81.173144,1.41673863,81.173144,-0.66166520,-37.910623,-0.02615643,-0.31058025,-0.02615643,-0.31058025,1.47900033,84.740477,1.47535813,84.531794,-0.63386118,-36.317571,-0.72843349,-41.736165,-0.06226170,-3.567333,-0.05861950,-3.358650,3.18242121,182.339304,3.18190289,182.309606,-0.04165555,-2.386687,-0.10365163,-5.938801,177.660696,177.690394,1.95952082,0
6.825000,341,1,1365,4.05865717,1.41673863,81.173144,1.41673863,81.173144,-0.66166520,-37.910623,-0.31058025,-0.17748928,-0.31058025,-0.17748928,1.47535813,84.531794,1.47164762,84.319198,-0.72843349,-41.736165,-0.74209094,-42.518679,-0.05861950,-3.358650,-0.05490899,-3.146053,3.18190289,182.309606,3.18134189,182.277463,-0.10365163,-5.938801,-0.11219842,-6.428496,177.690394,177.722537,1.95952082,0
6.830000,341,2,1366,4.05865717,1.41673863,81.173144,1.41673863,81.173144,-0.66166520,-37.910623,-0.17748928,-0.09457874,-0.17748928,-0.09457874,1.47164762,84.319198,1.46812093,84.117133,-0.74209094,-42.518679,-0.70534289,-40.413171,-0.05490899,-3.146053,-0.05138230,-2.943989,3.18134189,182.277463,3.18090391,182.252369,-0.11219842,-6.428496,-0.08761766,-5.020122,177.722537,177.747631,1.95952082,0
6.835000,341,3,1367,4.05865717,1.41673863,81.173144,1.41673863,81.173144,-0.66166520,-37.910623,-0.09457874,-0.04745579,-0.09457874,-0.04745579,1.46812093,84.117133,1.46492124,83.933804,-0.70534289,-40.413171,-0.63994712,-36.666269,-0.05138230,-2.943989,-0.04818261,-2.760660,3.18090391,182.252369,3.18068242,182.239679,-0.08761766,-5.020122,-0.04430636,-2.538567,177.747631,177.760321,1.95952082,0
6.840000,342,0,1368,4.02360964,1.40450466,80.472189,1.40450466,80.472189,-0.61169863,-35.047750,-0.02512264,-0.29130268,-0.02512264,-0.29130268,1.46492124,83.933804,1.46130717,83.726733,-0.63994712,-36.666269,-0.72280765,-41.413828,-0.06041658,-3.461615,-0.05680251,-3.254544,3.18068242,182.239679,3.18018460,182.211156,-0.04430636,-2.538567,-0.09955764,-5.704232,177.760321,177.788844,1.96442938,0
6.845000,342,1,1369,4.02360964,1.40450466,80.472189,1.40450466,80.472189,-0.61169863,-35.047750,-0.29130268,-0.16623402,-0.29130268,-0.16623402,1.46130717,83.726733,1.45765901,83.517709,-0.72280765,-41.413828,-0.72963065,-41.804757,-0.05680251,-3.254544,-0.05315435,-3.045520,3.18018460,182.211156,3.17966175,182.181199,-0.09955764,-5.704232,-0.10459158,-5.992656,177.788844,177.818801,1.96442938,0
6.850000,342,2,1370,4.02360964,1.40450466,80.472189,1.40450466,80.472189,-0.61169863,-35.047750,-0.16623402,-0.08892345,-0.16623402,-0.08892345,1.45765901,83.517709,1.45421171,83.320194,-0.72963065,-41.804757,-0.68945265,-39.502727,-0.05315435,-3.045520,-0.04970706,-2.848004,3.17966175,182.181199,3.17926812,182.158645,-0.10459158,-5.992656,-0.07873823,-4.511369,177.818801,177.841355,1.96442938,0
6.855000,342,3,1371,4.02360964,1.40450466,80.472189,1.40450466,80.472189,-0.61169863,-35.047750,-0.08892345,-0.04557514,-0.08892345,-0.04557514,1.45421171,83.320194,1.45109713,83.141741,-0.68945265,-39.502727,-0.62292165,-35.690781,-0.04970706,-2.848004,-0.04659247,-2.669552,3.17926812,182.158645,3.17908978,182.148427,-0.07873823,-4.511369,-0.03565172,-2.042693,177.841355,177.851573,1.96442938,0
6.860000,343,0,1372,3.98970699,1.39267039,79.794136,1.39267039,79.794136,-0.59171319,-33.902668,-0.02566624,-0.29033232,-0.02566624,-0.29033232,1.45109713,83.141741,1.44757116,82.939718,-0.62292165,-35.690781,-0.70520025,-40.404998,-0.05842674,-3.347605,-0.05490077,-3.145582,3.17908978,182.148427,3.17863250,182.122227,-0.03565172,-2.042693,-0.09146847,-5.240757,177.851573,177.877773,1.96899486,0
6.865000,343,1,1373,3.98970699,1.39267039,79.794136,1.39267039,79.794136,-0.59171319,-33.902668,-0.29033232,-0.16739798,-0.29033232,-0.16739798,1.44757116,82.939718,1.44400752,82.735536,-0.70520025,-40.404998,-0.71273869,-40.836919,-0.05490077,-3.145582,-0.05133712,-2.941400,3.17863250,182.122227,3.17814302,182.094182,-0.09146847,-5.240757,-0.09790564,-5.609580,177.877773,177.905818,1.96899486,0
6.870000,343,2,1374,3.98970699,1.39267039,79.794136,1.39267039,79.794136,-0.59171319,-33.902668,-0.16739798,-0.09132147,-0.16739798,-0.09132147,1.44400752,82.735536,1.44063735,82.542440,-0.71273869,-40.836919,-0.67402619,-38.618856,-0.05133712,-2.941400,-0.04796696,-2.748304,3.17814302,182.094182,3.17777348,182.073008,-0.09790564,-5.609580,-0.07393260,-4.236026,177.905818,177.926992,1.96899486,0
6.875000,343,3,1375,3.98970699,1.39267039,79.794136,1.39267039,79.794136,-0.59171319,-33.902668,-0.09132147,-0.04858160,-0.09132147,-0.04858160,1.44063735,82.542440,1.43759072,82.367881,-0.67402619,-38.618856,-0.60933053,-34.912068,-0.04796696,-2.748304,-0.04492033,-2.573745,3.17777348,182.073008,3.17760873,182.063569,-0.07393260,-4.236026,-0.03295564,-1.888219,177.926992,177.936431,1.96899486,0
6.880000,344,0,1376,3.95869899,1.38184655,79.173975,1.38184655,79.173975,-0.54119229,-31.008034,-0.02886343,-0.27354288,-0.02886343,-0.27354288,1.43759072,82.367881,1.43418372,82.172674,-0.60933053,-34.912068,-0.68140888,-39.041853,-0.05574417,-3.193906,-0.05233717,-2.998699,3.17760873,182.063569,3.17719436,182.039827,-0.03295564,-1.888219,-0.08288344,-4.748871,177.936431,177.960173,1.97295189,0
6.885000,344,1,1377,3.95869899,1.38184655,79.173975,1.38184655,79.173975,-0.54119229,-31.008034,-0.27354288,-0.15948343,-0.27354288,-0.15948343,1.43418372,82.172674,1.43076301,81.976682,-0.68140888,-39.041853,-0.68414265,-39.198486,-0.05233717,-2.998699,-0.04891646,-2.802707,3.17719436,182.039827,3.17675948,182.014911,-0.08288344,-4.748871,-0.08699334,-4.984351,177.960173,177.985089,1.97295189,0
6.890000,344,2,1378,3.95869899,1.38184655,79.173975,1.38184655,79.173975,-0.54119229,-31.008034,-0.15948343,-0.08932924,-0.15948343,-0.08932924,1.43076301,81.976682,1.42754185,81.792123,-0.68414265,-39.198486,-0.64422584,-36.911421,-0.04891646,-2.802707,-0.04569530,-2.618148,3.17675948,182.014911,3.17644429,181.996852,-0.08699334,-4.984351,-0.06305239,-3.612636,177.985089,178.003148,1.97295189,0
6.895000,344,3,1379,3.95869899,1.38184655,79.173975,1.38184655,79.173975,-0.54119229,-31.008034,-0.08932924,-0.05033350,-0.08932924,-0.05033350,1.42754185,81.792123,1.42463887,81.625794,-0.64422584,-36.911421,-0.58060193,-33.266040,-0.04569530,-2.618148,-0.04279232,-2.451819,3.17644429,181.996852,3.17632627,181.990090,-0.06305239,-3.612636,-0.02358541,-1.351345,178.003148,178.009910,1.97295189,0
6.900000,345,0,1380,3.92920446,1.37155104,78.584086,1.37155104,78.584086,-0.51477551,-29.494464,-0.03280687,-0.26949215,-0.03280687,-0.26949215,1.42463887,81.625794,1.42138779,81.439522,-0.58060193,-33.266040,-0.65022397,-37.255089,-0.05308783,-3.041709,-0.04983675,-2.855436,3.17632627,181.990090,3.17596292,181.969271,-0.02358541,-1.351345,-0.07265171,-4.162636,178.009910,178.030729,1.97643423,0
6.905000,345,1,1381,3.92920446,1.37155104,78.584086,1.37155104,78.584086,-0.51477551,-29.494464,-0.26949215,-0.16011715,-0.26949215,-0.16011715,1.42138779,81.439522,1.41812110,81.252354,-0.65022397,-37.255089,-0.65334922,-37.434153,-0.04983675,-2.855436,-0.04657006,-2.668268,3.17596292,181.969271,3.17557406,181.946991,-0.07265171,-4.162636,-0.07776167,-4.455416,178.030729,178.053009,1.97643423,0
6.910000,345,2,1382,3.92920446,1.37155104,78.584086,1.37155104,78.584086,-0.51477551,-29.494464,-0.16011715,-0.09279346,-0.16011715,-0.09279346,1.41812110,81.252354,1.41504335,81.076012,-0.65334922,-37.434153,-0.61554456,-35.268105,-0.04657006,-2.668268,-0.04349232,-2.491926,3.17557406,181.946991,3.17529440,181.930968,-0.07776167,-4.455416,-0.05593480,-3.204828,178.053009,178.069032,1.97643423,0
6.915000,345,3,1383,3.92920446,1.37155104,78.584086,1.37155104,78.584086,-0.51477551,-29.494464,-0.09279346,-0.05532169,-0.09279346,-0.05532169,1.41504335,81.076012,1.41226852,80.917026,-0.61554456,-35.268105,-0.55495912,-31.796815,-0.04349232,-2.491926,-0.04071748,-2.332940,3.17529440,181.930968,3.17519855,181.925476,-0.05593480,-3.204828,-0.01917358,-1.098565,178.069032,178.074524,1.97643423,0
6.920000,346,0,1384,3.90244150,1.36220896,78.048824,1.36220896,78.048824,-0.46710372,-26.763072,-0.03842258,-0.25489950,-0.03842258,-0.25489950,1.41226852,80.917026,1.40918994,80.740636,-0.55495912,-31.796815,-0.61571473,-35.277855,-0.05005956,-2.868201,-0.04698098,-2.691812,3.17519855,181.925476,3.17488337,181.907417,-0.01917358,-1.098565,-0.06302838,-3.611260,178.074524,178.092583,1.97931242,0
6.925000,346,1,1385,3.90244150,1.36220896,78.048824,1.36220896,78.048824,-0.46710372,-26.763072,-0.25489950,-0.15462255,-0.25489950,-0.15462255,1.40918994,80.740636,1.40611243,80.564308,-0.61571473,-35.277855,-0.61550474,-35.265824,-0.04698098,-2.691812,-0.04390347,-2.515484,3.17488337,181.907417,3.17455053,181.888347,-0.06302838,-3.611260,-0.06657439,-3.814432,178.092583,178.111653,1.97931242,0
6.930000,346,2,1386,3.90244150,1.36220896,78.048824,1.36220896,78.048824,-0.46710372,-26.763072,-0.15462255,-0.09320593,-0.15462255,-0.09320593,1.40611243,80.564308,1.40322268,80.398737,-0.61550474,-35.265824,-0.57795602,-33.114441,-0.04390347,-2.515484,-0.04101372,-2.349913,3.17455053,181.888347,3.17432284,181.875302,-0.06657439,-3.814432,-0.04553514,-2.608972,178.111653,178.124698,1.97931242,0
6.935000,346,3,1387,3.90244150,1.36220896,78.048824,1.36220896,78.048824,-0.46710372,-26.763072,-0.09320593,-0.05933142,-0.09320593,-0.05933142,1.40322268,80.398737,1.40062356,80.249819,-0.57795602,-33.114441,-0.51981330,-29.783108,-0.04101372,-2.349913,-0.03841460,-2.200994,3.17432284,181.875302,3.17426801,181.872160,-0.04553514,-2.608972,-0.01098106,-0.629169,178.124698,178.127840,1.97931242,0
6.940000,347,0,1388,3.87740993,1.35347140,77.548199,1.35347140,77.548199,-0.43687820,-25.031277,-0.04438734,-0.25029755,-0.04438734,-0.25029755,1.40062356,80.249819,1.39773464,80.084296,-0.51981330,-29.783108,-0.57777572,-33.104110,-0.04715216,-2.701620,-0.04426324,-2.536097,3.17426801,181.872160,3.17400026,181.856819,-0.01098106,-0.629169,-0.05354111,-3.067679,178.127840,178.143181,1.98176658,0
6.945000,347,1,1389,3.87740993,1.35347140,77.548199,1.35347140,77.548199,-0.43687820,-25.031277,-0.25029755,-0.15559578,-0.25029755,-0.15559578,1.39773464,80.084296,1.39484382,79.918664,-0.57777572,-33.104110,-0.57816190,-33.126236,-0.04426324,-2.536097,-0.04137242,-2.370465,3.17400026,181.856819,3.17371011,181.840195,-0.05354111,-3.067679,-0.05801550,-3.324043,178.143181,178.159805,1.98176658,0
6.950000,347,2,1390,3.87740993,1.35347140,77.548199,1.35347140,77.548199,-0.43687820,-25.031277,-0.15559578,-0.09753418,-0.15559578,-0.09753418,1.39484382,79.918664,1.39212751,79.763031,-0.57816190,-33.126236,-0.54324889,-31.125869,-0.04137242,-2.370465,-0.03865612,-2.214832,3.17371011,181.840195,3.17351389,181.828952,-0.05801550,-3.324043,-0.03923227,-2.247843,178.159805,178.171048,1.98176658,0
6.955000,347,3,1391,3.87740993,1.35347140,77.548199,1.35347140,77.548199,-0.43687820,-25.031277,-0.09753418,-0.06544876,-0.09753418,-0.06544876,1.39212751,79.763031,1.38968337,79.622992,-0.54324889,-31.125869,-0.48882952,-28.007869,-0.03865612,-2.214832,-0.03621197,-2.074793,3.17351389,181.828952,3.17347574,181.826766,-0.03923227,-2.247843,-0.00763528,-0.437470,178.171048,178.173234,1.98176658,0
6.960000,348,0,1392,3.85500097,1.34564912,77.100015,1.34564912,77.100015,-0.39111376,-22.409168,-0.05123329,-0.23807478,-0.05123329,-0.23807478,1.38968337,79.622992,1.38698649,79.468472,-0.48882952,-28.007869,-0.53936464,-30.903317,-0.04403424,-2.522976,-0.04133737,-2.368457,3.17347574,181.826766,3.17324710,181.813666,-0.00763528,-0.437470,-0.04573927,-2.620667,178.173234,178.186334,1.98376811,0
6.965000,348,1,1393,3.85500097,1.34564912,77.100015,1.34564912,77.100015,-0.39111376,-22.409168,-0.23807478,-0.15194464,-0.23807478,-0.15194464,1.38698649,79.468472,1.38429880,79.314479,-0.53936464,-30.903317,-0.53753477,-30.798474,-0.04133737,-2.368457,-0.03864968,-2.214463,3.17324710,181.813666,3.17300105,181.799569,-0.04573927,-2.620667,-0.04919705,-2.818783,178.186334,178.200431,1.98376811,0
6.970000,348,2,1394,3.85500097,1.34564912,77.100015,1.34564912,77.100015,-0.39111376,-22.409168,-0.15194464,-0.09935522,-0.15194464,-0.09935522,1.38429880,79.314479,1.38178015,79.170171,-0.53753477,-30.798474,-0.50373256,-28.861750,-0.03864968,-2.214463,-0.03613102,-2.070155,3.17300105,181.799569,3.17284322,181.790525,-0.04919705,-2.818783,-0.03157984,-1.809391,178.200431,178.209475,1.98376811,0
6.975000,348,3,1395,3.85500097,1.34564912,77.100015,1.34564912,77.100015,-0.39111376,-22.409168,-0.09935522,-0.07051611,-0.09935522,-0.07051611,1.38178015,79.170171,1.37951815,79.040568,-0.50373256,-28.861750,-0.45239747,-25.920465,-0.03613102,-2.070155,-0.03386903,-1.940552,3.17284322,181.790525,3.17283106,181.789829,-0.03157984,-1.809391,-0.00243474,-0.139500,178.209475,178.210171,1.98376811,0
6.980000,349,0,1396,3.83449936,1.33849275,76.689986,1.33849275,76.689986,-0.35781860,-20.501496,-0.05797911,-0.23273039,-0.05797911,-0.23273039,1.37951815,79.040568,1.37701976,78.897421,-0.45239747,-25.920465,-0.49968651,-28.629928,-0.04102540,-2.350582,-0.03852701,-2.207435,3.17283106,181.789829,3.17263722,181.778723,-0.00243474,-0.139500,-0.03877148,-2.221442,178.210171,178.221277,1.98548067,0
6.985000,349,1,1397,3.83449936,1.33849275,76.689986,1.33849275,76.689986,-0.35781860,-20.501496,-0.23273039,-0.15263891,-0.23273039,-0.15263891,1.37701976,78.897421,1.37452841,78.754677,-0.49968651,-28.629928,-0.49828187,-28.549448,-0.03852701,-2.207435,-0.03603566,-2.064691,3.17263722,181.778723,3.17242289,181.766442,-0.03877148,-2.221442,-0.04287979,-2.456831,178.221277,178.233558,1.98548067,0
6.990000,349,2,1398,3.83449936,1.33849275,76.689986,1.33849275,76.689986,-0.35781860,-20.501496,-0.15263891,-0.10370588,-0.15263891,-0.10370588,1.37452841,78.754677,1.37219274,78.620853,-0.49828187,-28.549448,-0.46712768,-26.764445,-0.03603566,-2.064691,-0.03369999,-1.930867,3.17242289,181.766442,3.17228603,181.758601,-0.04287979,-2.456831,-0.02736908,-1.568133,178.233558,178.241399,1.98548067,0
6.995000,349,3,1399,3.83449936,1.33849275,76.689986,1.33849275,76.689986,-0.35781860,-20.501496,-0.10370588,-0.07684088,-0.10370588,-0.07684088,1.37219274,78.620853,1.37009454,78.500635,-0.46712768,-26.764445,-0.41964075,-24.043644,-0.03369999,-1.930867,-0.03160179,-1.810649,3.17228603,181.758601,3.17228055,181.758287,-0.02736908,-1.568133,-0.00111264,-0.063750,178.241399,178.241713,1.98548067,0
7.000000,350,0,1400,3.81656957,1.33223403,76.331387,1.33223403,76.331387,-0.31293631,-17.929930,-0.06512594,-0.22157145,-0.06512594,-0.22157145,1.37009454,78.500635,1.36779380,78.368812,-0.41964075,-24.043644,-0.46014810,-26.364544,-0.03786051,-2.169248,-0.03555977,-2.037425,3.17228055,181.758287,3.17211413,181.748752,-0.00111264,-0.063750,-0.03327684,-1.906623,178.241713,178.251248,1.98637557,0
7.005000,350,1,1401,3.81656957,1.33223403,76.331387,1.33223403,76.331387,-0.31293631,-17.929930,-0.22157145,-0.14975405,-0.22157145,-0.14975405,1.36779380,78.368812,1.36550879,78.237891,-0.46014810,-26.364544,-0.45699212,-26.183720,-0.03555977,-2.037425,-0.03327477,-1.906504,3.17211413,181.748752,3.17193151,181.738288,-0.03327684,-1.906623,-0.03653839,-2.093495,178.251248,178.261712,1.98637557,0
7.010000,350,2,1402,3.81656957,1.33223403,76.331387,1.33223403,76.331387,-0.31293631,-17.929930,-0.14975405,-0.10606432,-0.14975405,-0.10606432,1.36550879,78.237891,1.36337245,78.115487,-0.45699212,-26.183720,-0.42727432,-24.481015,-0.03327477,-1.906504,-0.03113842,-1.784100,3.17193151,181.738288,3.17182016,181.731909,-0.03653839,-2.093495,-0.02227835,-1.276456,178.261712,178.268091,1.98637557,0
7.015000,350,3,1403,3.81656957,1.33223403,76.331387,1.33223403,76.331387,-0.31293631,-17.929930,-0.10606432,-0.08226824,-0.10606432,-0.08226824,1.36337245,78.115487,1.36145699,78.005740,-0.42727432,-24.481015,-0.38308948,-21.949411,-0.03113842,-1.784100,-0.02922297,-1.674353,3.17182016,181.731909,3.17182779,181.732346,-0.02227835,-1.276456,0.00150540,0.086253,178.268091,178.267654,1.98637557,0
7.020000,351,0,1404,3.80071020,1.32669806,76.014200,1.32669806,76.014200,-0.27679801,-15.859358,-0.07210588,-0.21523333,-0.07210588,-0.21523333,1.36145699,78.005740,1.35935831,77.885494,-0.38308948,-21.949411,-0.41974562,-24.049653,-0.03475893,-1.991540,-0.03266025,-1.871294,3.17182779,181.732346,3.17168593,181.724218,0.00150540,0.086253,-0.02837410,-1.625716,178.267654,178.275782,1.98764193,0
7.025000,351,1,1405,3.80071020,1.32669806,76.014200,1.32669806,76.014200,-0.27679801,-15.859358,-0.21523333,-0.14990854,-0.21523333,-0.14990854,1.35935831,77.885494,1.35727489,77.766123,-0.41974562,-24.049653,-0.41668576,-23.874335,-0.03266025,-1.871294,-0.03057683,-1.751923,3.17168593,181.724218,3.17152619,181.715066,-0.02837410,-1.625716,-0.03195811,-1.831065,178.275782,178.284934,1.98764193,0
7.030000,351,2,1406,3.80071020,1.32669806,76.014200,1.32669806,76.014200,-0.27679801,-15.859358,-0.14990854,-0.11018991,-0.14990854,-0.11018991,1.35727489,77.766123,1.35532749,77.654545,-0.41668576,-23.874335,-0.38947833,-22.315464,-0.03057683,-1.751923,-0.02862942,-1.640345,3.17152619,181.715066,3.17142820,181.709451,-0.03195811,-1.831065,-0.01960898,-1.123512,178.284934,178.290549,1.98764193,0
7.035000,351,3,1407,3.80071020,1.32669806,76.014200,1.32669806,76.014200,-0.27679801,-15.859358,-0.11018991,-0.08857584,-0.11018991,-0.08857584,1.35532749,77.654545,1.35358179,77.554524,-0.38947833,-22.315464,-0.34913039,-20.003698,-0.02862942,-1.640345,-0.02688372,-1.540324,3.17142820,181.709451,3.17143512,181.709847,-0.01960898,-1.123512,0.00139305,0.079816,178.290549,178.290153,1.98764193,0
7.040000,352,0,1408,3.78742647,1.32206118,75.748526,1.32206118,75.748526,-0.23184419,-13.283693,-0.07936525,-0.20453978,-0.07936525,-0.20453978,1.35358179,77.554524,1.35168540,77.445869,-0.34913039,-20.003698,-0.37928697,-21.731543,-0.03152061,-1.805998,-0.02962422,-1.697343,3.17143512,181.709847,3.17131305,181.702853,0.00139305,0.079816,-0.02440642,-1.398385,178.290153,178.297147,1.98833120,0
7.045000,352,1,1409,3.78742647,1.32206118,75.748526,1.32206118,75.748526,-0.23184419,-13.283693,-0.20453978,-0.14740133,-0.20453978,-0.14740133,1.35168540,77.445869,1.34981191,77.338526,-0.37928697,-21.731543,-0.37470466,-21.468996,-0.02962422,-1.697343,-0.02775073,-1.590000,3.17131305,181.702853,3.17117691,181.695053,-0.02440642,-1.398385,-0.02720507,-1.558736,178.297147,178.304947,1.98833120,0
7.050000,352,2,1410,3.78742647,1.32206118,75.748526,1.32206118,75.748526,-0.23184419,-13.283693,-0.14740133,-0.11284971,-0.14740133,-0.11284971,1.34981191,77.338526,1.34806633,77.238511,-0.37470466,-21.468996,-0.34911612,-20.002880,-0.02775073,-1.590000,-0.02600515,-1.489985,3.17117691,181.695053,3.17109609,181.690422,-0.02720507,-1.558736,-0.01614195,-0.924866,178.304947,178.309578,1.98833120,0
7.055000,352,3,1411,3.78742647,1.32206118,75.748526,1.32206118,75.748526,-0.23184419,-13.283693,-0.11284971,-0.09423971,-0.11284971,-0.09423971,1.34806633,77.238511,1.34650528,77.149070,-0.34911612,-20.002880,-0.31221345,-17.888513,-0.02600515,-1.489985,-0.02444410,-1.400544,3.17109609,181.690422,3.17110801,181.691105,-0.01614195,-0.924866,0.00237328,0.135979,178.309578,178.308895,1.98833120,0
7.060000,353,0,1412,3.77636719,1.31820083,75.527344,1.31820083,75.527344,-0.19301772,-11.059101,-0.08652639,-0.19724560,-0.08652639,-0.19724560,1.34650528,77.149070,1.34481561,77.052259,-0.31221345,-17.888513,-0.33793691,-19.362359,-0.02830446,-1.621726,-0.02661479,-1.524915,3.17110801,181.691105,3.17100453,181.685177,0.00237328,0.135979,-0.02067954,-1.184851,178.308895,178.314823,1.98950768,0
7.065000,353,1,1413,3.77636719,1.31820083,75.527344,1.31820083,75.527344,-0.19301772,-11.059101,-0.19724560,-0.14706707,-0.19724560,-0.14706707,1.34481561,77.052259,1.34314990,76.956821,-0.33793691,-19.362359,-0.33315292,-19.088256,-0.02661479,-1.524915,-0.02494907,-1.429477,3.17100453,181.685177,3.17088699,181.678442,-0.02067954,-1.184851,-0.02353091,-1.348222,178.314823,178.321558,1.98950768,0
7.070000,353,2,1414,3.77636719,1.31820083,75.527344,1.31820083,75.527344,-0.19301772,-11.059101,-0.14706707,-0.11679935,-0.14706707,-0.11679935,1.34314990,76.956821,1.34160006,76.868021,-0.33315292,-19.088256,-0.30996716,-17.759810,-0.02494907,-1.429477,-0.02339923,-1.340677,3.17088699,181.678442,3.17081571,181.674358,-0.02353091,-1.348222,-0.01423784,-0.815768,178.321558,178.325642,1.98950768,0
7.075000,353,3,1415,3.77636719,1.31820083,75.527344,1.31820083,75.527344,-0.19301772,-11.059101,-0.11679935,-0.10057163,-0.11679935,-0.10057163,1.34160006,76.868021,1.34021544,76.788689,-0.30996716,-17.759810,-0.27691558,-15.866094,-0.02339923,-1.340677,-0.02201462,-1.261345,3.17081571,181.674358,3.17082357,181.674808,-0.01423784,-0.815768,0.00155321,0.088992,178.325642,178.325192,1.98950768,0
7.080000,354,0,1416,3.76791024,1.31524873,75.358201,1.31524873,75.358201,-0.14760494,-8.457140,-0.09393787,-0.18667555,-0.09393787,-0.18667555,1.34021544,76.788689,1.33873439,76.703830,-0.27691558,-15.866094,-0.29621401,-16.971813,-0.02496672,-1.430487,-0.02348566,-1.345629,3.17082357,181.674808,3.17073655,181.669822,0.00155321,0.088992,-0.01740429,-0.997192,178.325192,178.330178,1.99017763,0
7.085000,354,1,1417,3.76791024,1.31524873,75.358201,1.31524873,75.358201,-0.14760494,-8.457140,-0.18667555,-0.14475965,-0.18667555,-0.14475965,1.33873439,76.703830,1.33728421,76.620741,-0.29621401,-16.971813,-0.29002851,-16.617410,-0.02348566,-1.345629,-0.02203548,-1.262540,3.17073655,181.669822,3.17063904,181.664235,-0.01740429,-0.997192,-0.01948753,-1.116553,178.330178,178.335765,1.99017763,0
7.090000,354,2,1418,3.76791024,1.31524873,75.358201,1.31524873,75.358201,-0.14760494,-8.457140,-0.14475965,-0.11969519,-0.14475965,-0.11969519,1.33728421,76.620741,1.33594120,76.543792,-0.29002851,-16.617410,-0.26860464,-15.389912,-0.02203548,-1.262540,-0.02069247,-1.185591,3.17063904,181.664235,3.17058158,181.660943,-0.01948753,-1.116553,-0.01151446,-0.659730,178.335765,178.339057,1.99017763,0
7.095000,354,3,1419,3.76791024,1.31524873,75.358201,1.31524873,75.358201,-0.14760494,-8.457140,-0.11969519,-0.10648489,-0.11969519,-0.10648489,1.33594120,76.543792,1.33474541,76.475279,-0.26860464,-15.389912,-0.23914944,-13.702253,-0.02069247,-1.185591,-0.01949668,-1.117077,3.17058158,181.660943,3.17059040,181.661449,-0.01151446,-0.659730,0.00174842,0.100177,178.339057,178.338551,1.99017763,0
7.100000,355,0,1420,3.76180077,1.31311619,75.236016,1.31311619,75.236016,-0.10662675,-6.109263,-0.10133314,-0.17854023,-0.10133314,-0.17854023,1.33474541,76.475279,1.33347785,76.402653,-0.23914944,-13.702253,-0.25350288,-14.524645,-0.02162921,-1.239263,-0.02036166,-1.166637,3.17059040,181.661449,3.17052007,181.657419,0.00174842,0.100177,-0.01406625,-0.805937,178.338551,178.342581,1.99110842,0
7.105000,355,1,1421,3.76180077,1.31311619,75.236016,1.31311619,75.236016,-0.10662675,-6.109263,-0.17854023,-0.14404583,-0.17854023,-0.14404583,1.33347785,76.402653,1.33224344,76.331927,-0.25350288,-14.524645,-0.24688448,-14.145439,-0.02036166,-1.166637,-0.01912725,-1.095911,3.17052007,181.657419,3.17044020,181.652842,-0.01406625,-0.805937,-0.01599364,-0.916368,178.342581,178.347158,1.99110842,0
7.110000,355,2,1422,3.76180077,1.31311619,75.236016,1.31311619,75.236016,-0.10662675,-6.109263,-0.14404583,-0.12357235,-0.14404583,-0.12357235,1.33224344,76.331927,1.33110440,76.266664,-0.24688448,-14.145439,-0.22781889,-13.053061,-0.01912725,-1.095911,-0.01798820,-1.030648,3.17044020,181.652842,3.17039156,181.650056,-0.01599364,-0.916368,-0.00970668,-0.556152,178.347158,178.349944,1.99110842,0
7.115000,355,3,1423,3.76180077,1.31311619,75.236016,1.31311619,75.236016,-0.10662675,-6.109263,-0.12357235,-0.11293697,-0.12357235,-0.11293697,1.33110440,76.266664,1.33009291,76.208710,-0.22781889,-13.053061,-0.20228744,-11.590216,-0.01798820,-1.030648,-0.01697671,-0.972694,3.17039156,181.650056,3.17039585,181.650302,-0.00970668,-0.556152,0.00083775,0.048000,178.349944,178.349698,1.99110842,0
7.120000,356,0,1424,3.75831151,1.31189811,75.166225,1.31189811,75.166225,-0.06090403,-3.489544,-0.10897350,-0.16801548,-0.10897350,-0.16801548,1.33009291,76.208710,1.32904172,76.148481,-0.20228744,-11.590216,-0.21024296,-12.046034,-0.01819479,-1.042485,-0.01714361,-0.982256,3.17039585,181.650302,3.17034173,181.647201,0.00083775,0.048000,-0.01084618,-0.621441,178.349698,178.352799,1.99157298,0
7.125000,356,1,1425,3.75831151,1.31189811,75.166225,1.31189811,75.166225,-0.06090403,-3.489544,-0.16801548,-0.14192104,-0.16801548,-0.14192104,1.32904172,76.148481,1.32803011,76.090520,-0.21024296,-12.046034,-0.20233363,-11.592863,-0.01714361,-0.982256,-0.01613200,-0.924295,3.17034173,181.647201,3.17028165,181.643758,-0.01084618,-0.621441,-0.01202541,-0.689005,178.352799,178.356242,1.99157298,0
7.130000,356,2,1426,3.75831151,1.31189811,75.166225,1.31189811,75.166225,-0.06090403,-3.489544,-0.14192104,-0.12672901,-0.14192104,-0.12672901,1.32803011,76.090520,1.32710421,76.037470,-0.20233363,-11.592863,-0.18518806,-10.610494,-0.01613200,-0.924295,-0.01520610,-0.871245,3.17028165,181.643758,3.17024612,181.641723,-0.01202541,-0.689005,-0.00711003,-0.407375,178.356242,178.358277,1.99157298,0
7.135000,356,3,1427,3.75831151,1.31189811,75.166225,1.31189811,75.166225,-0.06090403,-3.489544,-0.12672901,-0.11913395,-0.12672901,-0.11913395,1.32710421,76.037470,1.32628703,75.990649,-0.18518806,-10.610494,-0.16342501,-9.363564,-0.01520610,-0.871245,-0.01438892,-0.824424,3.17024612,181.641723,3.17025042,181.641969,-0.00711003,-0.407375,0.00084495,0.048412,178.358277,178.358031,1.99157298,0
7.140000,357,0,1428,3.75724721,1.31152666,75.144942,1.31152666,75.144942,-0.01857281,-1.064143,-0.11665630,-0.15930700,-0.11665630,-0.15930700,1.32628703,75.990649,1.32545662,75.943070,-0.16342501,-9.363564,-0.16608663,-9.516063,-0.01476038,-0.845707,-0.01392996,-0.798128,3.17025042,181.641969,3.17021346,181.639851,0.00084495,0.048412,-0.00741236,-0.424697,178.358031,178.360149,1.99258232,0
7.145000,357,1,1429,3.75724721,1.31152666,75.144942,1.31152666,75.144942,-0.01857281,-1.064143,-0.15930700,-0.14100218,-0.15930700,-0.14100218,1.32545662,75.943070,1.32466853,75.897916,-0.16608663,-9.516063,-0.15761931,-9.030921,-0.01392996,-0.798128,-0.01314187,-0.752974,3.17021346,181.639851,3.17017198,181.637475,-0.00741236,-0.424697,-0.00830026,-0.475570,178.360149,178.362525,1.99258232,0
7.150000,357,2,1430,3.75724721,1.31152666,75.144942,1.31152666,75.144942,-0.01857281,-1.064143,-0.14100218,-0.15499544,-0.14100218,-0.15499544,1.32466853,75.897916,1.32388020,75.852748,-0.15761931,-9.030921,-0.15765990,-9.033247,-0.01314187,-0.752974,-0.01235354,-0.707806,3.17017198,181.637475,3.17009759,181.633213,-0.00830026,-0.475570,-0.01485829,-0.851318,178.362525,178.366787,1.99258232,0
7.155000,357,3,1431,3.75724721,1.31152666,75.144942,1.31152666,75.144942,-0.01857281,-1.064143,-0.15499544,-0.13920259,-0.15499544,-0.13920259,1.32388020,75.852748,1.32313967,75.810319,-0.15765990,-9.033247,-0.14809899,-8.485447,-0.01235354,-0.707806,-0.01161301,-0.665377,3.17009759,181.633213,3.17002225,181.628896,-0.01485829,-0.851318,-0.01508392,-0.864245,178.366787,178.371104,1.99258232,0
7.160000,358,0,1432,3.75963187,1.31235909,75.192637,1.31235909,75.192637,0.04162192,2.384761,-0.13048410,-0.13048410,-0.13048410,-0.13048410,1.32313967,75.810319,1.32247353,75.772152,-0.14809899,-8.485447,-0.13323775,-7.633961,-0.01078057,-0.617681,-0.01011443,-0.579514,3.17002225,181.628896,3.16996312,181.625508,-0.01508392,-0.864245,-0.01183656,-0.678185,178.371104,178.374492,1.99308693,0
7.165000,358,1,1433,3.75963187,1.31235909,75.192637,1.31235909,75.192637,0.04162192,2.384761,-0.13048410,-0.13405657,-0.13048410,-0.13405657,1.32247353,75.772152,1.32187080,75.737618,-0.13323775,-7.633961,-0.12054883,-6.906939,-0.01011443,-0.579514,-0.00951171,-0.544981,3.16996312,181.625508,3.16991282,181.622626,-0.01183656,-0.678185,-0.01006820,-0.576866,178.374492,178.377374,1.99308693,0
7.170000,358,2,1434,3.75963187,1.31235909,75.192637,1.31235909,75.192637,0.04162192,2.384761,-0.13405657,-0.13008547,-0.13405657,-0.13008547,1.32187080,75.737618,1.32134354,75.707408,-0.12054883,-6.906939,-0.10544579,-6.041599,-0.00951171,-0.544981,-0.00898445,-0.514771,3.16991282,181.622626,3.16987920,181.620700,-0.01006820,-0.576866,-0.00672884,-0.385534,178.377374,178.379300,1.99308693,0
7.175000,358,3,1435,3.75963187,1.31235909,75.192637,1.31235909,75.192637,0.04162192,2.384761,-0.13008547,-0.12916231,-0.13008547,-0.12916231,1.32134354,75.707408,1.32089460,75.681686,-0.10544579,-6.041599,-0.08978167,-5.144111,-0.00898445,-0.514771,-0.00853550,-0.489048,3.16987920,181.620700,3.16986394,181.619825,-0.00672884,-0.385534,-0.00303947,-0.174149,178.379300,178.380175,1.99308693,0
7.180000,359,0,1436,3.76316905,1.31359375,75.263378,1.31359375,75.263378,0.06173253,3.537013,-0.13016367,-0.13016367,-0.13016367,-0.13016367,1.32089460,75.681686,1.32052100,75.660280,-0.08978167,-5.144111,-0.07472647,-4.281511,-0.00730085,-0.418308,-0.00692725,-0.396902,3.16986394,181.619825,3.16986513,181.619894,-0.00303947,-0.174149,0.00023413,0.013414,178.380175,178.380106,1.99252450,0
7.185000,359,1,1437,3.76316905,1.31359375,75.263378,1.31359375,75.263378,0.06173253,3.537013,-0.13016367,-0.11563206,-0.13016367,-0.11563206,1.32052100,75.660280,1.32022059,75.643068,-0.07472647,-4.281511,-0.06007553,-3.442074,-0.00692725,-0.396902,-0.00662684,-0.379690,3.16986513,181.619894,3.16988134,181.620823,0.00023413,0.013414,0.00323777,0.185510,178.380106,178.379177,1.99252450,0
7.190000,359,2,1438,3.76316905,1.31359375,75.263378,1.31359375,75.263378,0.06173253,3.537013,-0.11563206,-0.11895847,-0.11563206,-0.11895847,1.32022059,75.643068,1.31997120,75.628779,-0.06007553,-3.442074,-0.04987873,-2.857841,-0.00662684,-0.379690,-0.00637746,-0.365401,3.16988134,181.620823,3.16989779,181.621765,0.00323777,0.185510,0.00329294,0.188671,178.379177,178.378235,1.99252450,0
7.195000,359,3,1439,3.76316905,1.31359375,75.263378,1.31359375,75.263378,0.06173253,3.537013,-0.11895847,-0.12046528,-0.11895847,-0.12046528,1.31997120,75.628779,1.31975758,75.616539,-0.04987873,-2.857841,-0.04273279,-2.448409,-0.00637746,-0.365401,-0.00616384,-0.353162,3.16989779,181.621765,3.16990447,181.622148,0.00329294,0.188671,0.00133310,0.076381,178.378235,178.377852,1.99252450,0
7.200000,360,0,1440,3.77021074,1.31605172,75.404209,1.31605172,75.404209,0.12289882,7.041584,-0.12074566,-0.12074566,-0.12074566,-0.12074566,1.31975758,75.616539,1.31956923,75.605748,-0.04273279,-2.448409,-0.03767775,-2.158776,-0.00370586,-0.212330,-0.00351751,-0.201538,3.16990447,181.622148,3.16989446,181.621574,0.00133310,0.076381,-0.00200907,-0.115111,178.377852,178.378426,1.99348426,0
7.205000,360,1,1441,3.77021074,1.31605172,75.404209,1.31605172,75.404209,0.12289882,7.041584,-0.12074566,-0.09550714,-0.12074566,-0.09550714,1.31956923,75.605748,1.31940651,75.596424,-0.03767775,-2.158776,-0.03255532,-1.865282,-0.00351751,-0.201538,-0.00335479,-0.192215,3.16989446,181.621574,3.16986799,181.620058,-0.00200907,-0.115111,-0.00531013,-0.304248,178.378426,178.379942,1.99348426,0
7.210000,360,2,1442,3.77021074,1.31605172,75.404209,1.31605172,75.404209,0.12289882,7.041584,-0.09550714,-0.09551477,-0.09550714,-0.09551477,1.31940651,75.596424,1.31926191,75.588139,-0.03255532,-1.865282,-0.02891997,-1.656992,-0.00335479,-0.192215,-0.00321019,-0.183930,3.16986799,181.620058,3.16981983,181.617298,-0.00531013,-0.304248,-0.00961143,-0.550695,178.379942,178.382702,1.99348426,0
7.215000,360,3,1443,3.77021074,1.31605172,75.404209,1.31605172,75.404209,0.12289882,7.041584,-0.09551477,-0.09494066,-0.09551477,-0.09494066,1.31926191,75.588139,1.31913042,75.580606,-0.02891997,-1.656992,-0.02630476,-1.507152,-0.00321019,-0.183930,-0.00307870,-0.176396,3.16981983,181.617298,3.16974664,181.613104,-0.00961143,-0.550695,-0.01461520,-0.837389,178.382702,178.386896,1.99348426,0
7.220000,361,0,1444,3.78029394,1.31957150,75.605877,1.31957150,75.605877,0.17598867,10.083408,-0.09397554,-0.09397554,-0.09397554,-0.09397554,1.31913042,75.580606,1.31900847,75.573618,-0.02630476,-1.507152,-0.02438989,-1.397438,0.00044107,0.025272,0.00056303,0.032259,3.16974664,181.613104,3.16964602,181.607340,-0.01461520,-0.837389,-0.02012353,-1.152994,178.386896,178.392660,1.99514544,0
7.225000,361,1,1445,3.78029394,1.31957150,75.605877,1.31957150,75.605877,0.17598867,10.083408,-0.09397554,-0.04359722,-0.09397554,-0.04359722,1.31900847,75.573618,1.31890857,75.567895,-0.02438989,-1.397438,-0.01996790,-1.144076,0.00056303,0.032259,0.00066292,0.037983,3.16964602,181.607340,3.16952586,181.600455,-0.02012353,-1.152994,-0.02402373,-1.376459,178.392660,178.399545,1.99514544,0
7.230000,361,2,1446,3.78029394,1.31957150,75.605877,1.31957150,75.605877,0.17598867,10.083408,-0.04359722,-0.04441738,-0.04359722,-0.04441738,1.31890857,75.567895,1.31882417,75.563059,-0.01996790,-1.144076,-0.01687916,-0.967105,0.00066292,0.037983,0.00074732,0.042818,3.16952586,181.600455,3.16938138,181.592177,-0.02402373,-1.376459,-0.02887699,-1.654530,178.399545,178.407823,1.99514544,0
7.235000,361,3,1447,3.78029394,1.31957150,75.605877,1.31957150,75.605877,0.17598867,10.083408,-0.04441738,-0.04469585,-0.04441738,-0.04469585,1.31882417,75.563059,1.31875062,75.558845,-0.01687916,-0.967105,-0.01470382,-0.842467,0.00074732,0.042818,0.00082088,0.047033,3.16938138,181.592177,3.16920924,181.582314,-0.02887699,-1.654530,-0.03441843,-1.972031,178.407823,178.417686,1.99514544,0
7.240000,362,0,1448,3.79382467,1.32429457,75.876490,1.32429457,75.876490,0.23615360,13.530605,-0.04461002,-0.04461002,-0.04461002,-0.04461002,1.31875062,75.558845,1.31868482,75.555074,-0.01470382,-0.842467,-0.01315465,-0.753706,0.00554395,0.317645,0.00560975,0.321415,3.16920924,181.582314,3.16900682,181.570716,-0.03441843,-1.972031,-0.04047325,-2.318946,178.417686,178.429284,1.99804187,0
7.245000,362,1,1449,3.79382467,1.32429457,75.876490,1.32429457,75.876490,0.23615360,13.530605,-0.04461002,0.02611542,-0.04461002,0.02611542,1.31868482,75.555074,1.31864607,75.552855,-0.01315465,-0.753706,-0.00775524,-0.444342,0.00560975,0.321415,0.00564849,0.323635,3.16900682,181.570716,3.16878629,181.558080,-0.04047325,-2.318946,-0.04408833,-2.526075,178.429284,178.441920,1.99804187,0
7.250000,362,2,1450,3.79382467,1.32429457,75.876490,1.32429457,75.876490,0.23615360,13.530605,0.02611542,0.02344894,0.02611542,0.02344894,1.31864607,75.552855,1.31862569,75.551687,-0.00775524,-0.444342,-0.00408503,-0.234055,0.00564849,0.323635,0.00566888,0.324803,3.16878629,181.558080,3.16854143,181.544051,-0.04408833,-2.526075,-0.04897874,-2.806275,178.441920,178.455949,1.99804187,0
7.255000,362,3,1451,3.79382467,1.32429457,75.876490,1.32429457,75.876490,0.23615360,13.530605,0.02344894,0.02151871,0.02344894,0.02151871,1.31862569,75.551687,1.31861770,75.551229,-0.00408503,-0.234055,-0.00159745,-0.091527,0.00566888,0.324803,0.00567687,0.325260,3.16854143,181.544051,3.16826749,181.528355,-0.04897874,-2.806275,-0.05479522,-3.139535,178.455949,178.471645,1.99804187,0
7.260000,363,0,1452,3.81133080,1.33040535,76.226612,1.33040535,76.226612,0.30553937,17.506116,0.02009392,0.02009392,0.02009392,0.02009392,1.31861770,75.551229,1.31861806,75.551250,-0.00159745,-0.091527,0.00008145,0.004667,0.01178765,0.675383,0.01178730,0.675362,3.16826749,181.528355,3.16796088,181.510788,-0.05479522,-3.139535,-0.06130618,-3.512585,178.471645,178.489212,2.00220275,0
7.265000,363,1,1453,3.81133080,1.33040535,76.226612,1.33040535,76.226612,0.30553937,17.506116,0.02009392,0.11347961,0.02009392,0.11347961,1.31861806,75.551250,1.31865287,75.553244,0.00008145,0.004667,0.00695058,0.398239,0.01178730,0.675362,0.01175249,0.673368,3.16796088,181.510788,3.16763806,181.492292,-0.06130618,-3.512585,-0.06454942,-3.698409,178.489212,178.507708,2.00220275,0
7.270000,363,2,1454,3.81133080,1.33040535,76.226612,1.33040535,76.226612,0.30553937,17.506116,0.11347961,0.10840416,0.11347961,0.10840416,1.31865287,75.553244,1.31871045,75.556543,0.00695058,0.398239,0.01151746,0.659902,0.01175249,0.673368,0.01169491,0.670069,3.16763806,181.492292,3.16729045,181.472375,-0.06454942,-3.698409,-0.06950892,-3.982568,178.507708,178.527625,2.00220275,0
7.275000,363,3,1455,3.81133080,1.33040535,76.226612,1.33040535,76.226612,0.30553937,17.506116,0.10840416,0.10434532,0.10840416,0.10434532,1.31871045,75.556543,1.31878304,75.560703,0.01151746,0.659902,0.01451203,0.831478,0.01169491,0.670069,0.01162231,0.665909,3.16729045,181.472375,3.16691184,181.450683,-0.06950892,-3.982568,-0.07571372,-4.338076,178.527625,178.549317,2.00220275,0
7.280000,364,0,1456,3.83350563,1.33814585,76.670110,1.33814585,76.670110,0.38702488,22.174892,0.10098648,0.10098648,0.10098648,0.10098648,1.31878304,75.560703,1.31886518,75.565409,0.01451203,0.831478,0.01643314,0.941550,0.01936281,1.109407,0.01928067,1.104701,3.16691184,181.450683,3.16649771,181.426954,-0.07571372,-4.338076,-0.08285023,-4.746968,178.549317,178.573046,2.00637770,0
7.285000,364,1,1457,3.83350563,1.33814585,76.670110,1.33814585,76.670110,0.38702488,22.174892,0.10098648,0.22033358,0.10098648,0.22033358,1.31886518,75.565409,1.31914556,75.581473,0.01643314,0.941550,0.05607080,3.212620,0.01928067,1.104701,0.01900029,1.088637,3.16649771,181.426954,3.16617179,181.408281,-0.08285023,-4.746968,-0.06519766,-3.735551,178.573046,178.591719,2.00637770,0
7.290000,364,2,1458,3.83350563,1.33814585,76.670110,1.33814585,76.670110,0.38702488,22.174892,0.22033358,0.18947458,0.22033358,0.18947458,1.31914556,75.581473,1.31953025,75.603514,0.05607080,3.212620,0.07694491,4.408619,0.01900029,1.088637,0.01861560,1.066596,3.16617179,181.408281,3.16587067,181.391028,-0.06519766,-3.735551,-0.06020131,-3.449281,178.591719,178.608972,2.00637770,0
7.295000,364,3,1459,3.83350563,1.33814585,76.670110,1.33814585,76.670110,0.38702488,22.174892,0.18947458,0.16848230,0.18947458,0.16848230,1.31953025,75.603514,1.31995547,75.627877,0.07694491,4.408619,0.08505448,4.873263,0.01861560,1.066596,0.01819038,1.042232,3.16587067,181.391028,3.16555142,181.372736,-0.06020131,-3.449281,-0.06385674,-3.658721,178.608972,178.627264,2.00637770,0
7.300000,365,0,1460,3.85911846,1.34708643,77.182367,1.34708643,77.182367,0.44702888,25.612868,0.15481424,0.15481424,0.15481424,0.15481424,1.31995547,75.627877,1.32037973,75.652186,0.08505448,4.873263,0.08485251,4.861691,0.02713096,1.554490,0.02670670,1.530181,3.16555142,181.372736,3.16518545,181.351768,-0.06385674,-3.658721,-0.07321363,-4.194832,178.627264,178.648232,2.00800729,0
7.305000,365,1,1461,3.85911846,1.34708643,77.182367,1.34708643,77.182367,0.44702888,25.612868,0.15481424,0.30126619,0.15481424,0.30126619,1.32037973,75.652186,1.32124817,75.701944,0.08485251,4.861691,0.17368948,9.951674,0.02670670,1.530181,0.02583826,1.480423,3.16518545,181.351768,3.16506696,181.344979,-0.07321363,-4.194832,-0.02369503,-1.357625,178.648232,178.655021,2.00800729,0
7.310000,365,2,1462,3.85911846,1.34708643,77.182367,1.34708643,77.182367,0.44702888,25.612868,0.30126619,0.22730303,0.30126619,0.22730303,1.32124817,75.701944,1.32233596,75.764270,0.17368948,9.951674,0.21755703,12.465100,0.02583826,1.480423,0.02475047,1.418098,3.16506696,181.344979,3.16504645,181.343804,-0.02369503,-1.357625,-0.00412132,-0.236134,178.655021,178.656196,2.00800729,0
7.315000,365,3,1463,3.85911846,1.34708643,77.182367,1.34708643,77.182367,0.44702888,25.612868,0.22730303,0.17760134,0.22730303,0.17760134,1.32233596,75.764270,1.32349205,75.830509,0.21755703,12.465100,0.23120642,13.247152,0.02475047,1.418098,0.02359438,1.351858,3.16504645,181.343804,3.16502333,181.342479,-0.00412132,-0.236134,-0.00462521,-0.265005,178.656196,178.657521,2.00800729,0
7.320000,366,0,1464,3.88733125,1.35693455,77.746623,1.35693455,77.746623,0.49240589,28.212779,0.14578485,0.14578485,0.14578485,0.14578485,1.32349205,75.830509,1.32461965,75.895115,0.23120642,13.247152,0.22551174,12.920871,0.03344250,1.916114,0.03231490,1.851507,3.16502333,181.342479,3.16493344,181.337329,-0.00462521,-0.265005,-0.01797875,-1.030107,178.657521,178.662671,1.99296629,0
7.325000,366,1,1465,3.88733125,1.35693455,77.746623,1.35693455,77.746623,0.49240589,28.212779,0.14578485,0.30567169,0.14578485,0.30567169,1.32461965,75.895115,1.32620478,75.985936,0.22551174,12.920871,0.31702563,18.164231,0.03231490,1.851507,0.03072977,1.760686,3.16493344,181.337329,3.16509914,181.346823,-0.01797875,-1.030107,0.03312991,1.898204,178.662671,178.653177,1.99296629,0
7.330000,366,2,1466,3.88733125,1.35693455,77.746623,1.35693455,77.746623,0.49240589,28.212779,0.30567169,0.21566963,0.30567169,0.21566963,1.32620478,75.985936,1.32797384,76.087296,0.31702563,18.164231,0.35382006,20.272396,0.03072977,1.760686,0.02896070,1.659326,3.16509914,181.346823,3.16533899,181.360565,0.03312991,1.898204,0.04799139,2.749704,178.653177,178.639435,1.99296629,0
7.335000,366,3,1467,3.88733125,1.35693455,77.746623,1.35693455,77.746623,0.49240589,28.212779,0.21566963,0.15684891,0.21566963,0.15684891,1.32797384,76.087296,1.32974815,76.188957,0.35382006,20.272396,0.35485342,20.331603,0.02896070,1.659326,0.02718639,1.557666,3.16533899,181.360565,3.16553521,181.371808,0.04799139,2.749704,0.03925442,2.249113,178.639435,178.628192,1.99296629,0
7.340000,367,0,1468,3.91950893,1.36816669,78.390177,1.36816669,78.390177,0.56160688,32.177704,0.12070274,0.12070274,0.12070274,0.12070274,1.32974815,76.188957,1.33141768,76.284614,0.35485342,20.331603,0.33391145,19.131717,0.03841853,2.201220,0.03674901,2.105563,3.16553521,181.371808,3.16561556,181.376411,0.03925442,2.249113,0.01605685,0.919990,178.628192,178.623589,1.98341048,0
7.345000,367,1,1469,3.91950893,1.36816669,78.390177,1.36816669,78.390177,0.56160688,32.177704,0.12070274,0.29761696,0.12070274,0.29761696,1.33141768,76.284614,1.33352029,76.405085,0.33391145,19.131717,0.42053139,24.094674,0.03674901,2.105563,0.03464639,1.985092,3.16561556,181.376411,3.16593695,181.394825,0.01605685,0.919990,0.06429965,3.684099,178.623589,178.605175,1.98341048,0
7.350000,367,2,1470,3.91950893,1.36816669,78.390177,1.36816669,78.390177,0.56160688,32.177704,0.29761696,0.20038223,0.29761696,0.20038223,1.33352029,76.405085,1.33576047,76.533438,0.42053139,24.094674,0.44803530,25.670532,0.03464639,1.985092,0.03240621,1.856739,3.16593695,181.394825,3.16630435,181.415876,0.06429965,3.684099,0.07347208,4.209640,178.605175,178.584124,1.98341048,0
7.355000,367,3,1471,3.91950893,1.36816669,78.390177,1.36816669,78.390177,0.56160688,32.177704,0.20038223,0.13805580,0.20038223,0.13805580,1.33576047,76.533438,1.33794868,76.658813,0.44803530,25.670532,0.43764737,25.075347,0.03240621,1.856739,0.03021801,1.731364,3.16630435,181.415876,3.16659284,181.432405,0.07347208,4.209640,0.05771128,3.306613,178.584124,178.567595,1.98341048,0
7.360000,368,0,1472,3.95431757,1.38031721,79.086351,1.38031721,79.086351,0.60752630,34.808693,0.10091019,0.10091019,0.10091019,0.10091019,1.33794868,76.658813,1.33997202,76.774741,0.43764737,25.075347,0.40467697,23.186283,0.04236853,2.427538,0.04034519,2.311609,3.16659284,181.432405,3.16672850,181.440178,0.05771128,3.306613,0.02714594,1.555348,178.567595,178.559822,1.97524941,0
7.365000,368,1,1473,3.95431757,1.38031721,79.086351,1.38031721,79.086351,0.60752630,34.808693,0.10091019,0.30609035,0.10091019,0.30609035,1.33997202,76.774741,1.34245431,76.916966,0.40467697,23.186283,0.49645409,28.444724,0.04034519,2.311609,0.03786290,2.169384,3.16672850,181.440178,3.16712570,181.462936,0.02714594,1.555348,0.07946391,4.552947,178.559822,178.537064,1.97524941,0
7.370000,368,2,1474,3.95431757,1.38031721,79.086351,1.38031721,79.086351,0.60752630,34.808693,0.30609035,0.19797611,0.30609035,0.19797611,1.34245431,76.916966,1.34506679,77.066650,0.49645409,28.444724,0.52250093,29.937098,0.03786290,2.169384,0.03525043,2.019701,3.16712570,181.462936,3.16756749,181.488249,0.07946391,4.552947,0.08836461,5.062919,178.537064,178.511751,1.97524941,0
7.375000,368,3,1475,3.95431757,1.38031721,79.086351,1.38031721,79.086351,0.60752630,34.808693,0.19797611,0.12913418,0.19797611,0.12913418,1.34506679,77.066650,1.34760022,77.211805,0.52250093,29.937098,0.50669497,29.031483,0.03525043,2.019701,0.03271699,1.874545,3.16756749,181.488249,3.16791630,181.508234,0.08836461,5.062919,0.06974773,3.996251,178.511751,178.491766,1.97524941,0
7.380000,369,0,1476,3.99113250,1.39316797,79.822645,1.39316797,79.822645,0.64253807,36.814720,0.08853626,0.08853626,0.08853626,0.08853626,1.34760022,77.211805,1.34993124,77.345363,0.50669497,29.031483,0.46620792,26.711746,0.04556775,2.610840,0.04323673,2.477282,3.16791630,181.508234,3.16809106,181.518247,0.06974773,3.996251,0.03497079,2.003679,178.491766,178.481753,1.96815300,0
7.385000,369,1,1477,3.99113250,1.39316797,79.822645,1.39316797,79.822645,0.64253807,36.814720,0.08853626,0.31071854,0.08853626,0.31071854,1.34993124,77.345363,1.35273528,77.506022,0.46620792,26.711746,0.56080562,32.131795,0.04323673,2.477282,0.04043269,2.316623,3.16809106,181.518247,3.16854095,181.544024,0.03497079,2.003679,0.08996405,5.154561,178.481753,178.455976,1.96815300,0
7.390000,369,2,1478,3.99113250,1.39316797,79.822645,1.39316797,79.822645,0.64253807,36.814720,0.31071854,0.19437218,0.31071854,0.19437218,1.35273528,77.506022,1.35565865,77.673519,0.56080562,32.131795,0.58466828,33.499025,0.04043269,2.316623,0.03750932,2.149126,3.16854095,181.544024,3.16903210,181.572164,0.08996405,5.154561,0.09824863,5.629232,178.455976,178.427836,1.96815300,0
7.395000,369,3,1479,3.99113250,1.39316797,79.822645,1.39316797,79.822645,0.64253807,36.814720,0.19437218,0.12070465,0.19437218,0.12070465,1.35565865,77.673519,1.35847735,77.835019,0.58466828,33.499025,0.56374454,32.300183,0.03750932,2.149126,0.03469062,1.987626,3.16903210,181.572164,3.16941762,181.594253,0.09824863,5.629232,0.07709827,4.417405,178.427836,178.405747,1.96815300,0
7.400000,370,0,1480,4.02962399,1.40660405,80.592476,1.40660405,80.592476,0.67180395,38.491531,0.07765770,0.07765770,0.07765770,0.07765770,1.35847735,77.835019,1.36106062,77.983029,0.56374454,32.300183,0.51665092,29.601917,0.04812670,2.757457,0.04554343,2.609446,3.16941762,181.594253,3.16961169,181.605373,0.07709827,4.417405,0.03882274,2.224379,178.405747,178.394627,1.96225083,0
7.405000,370,1,1481,4.02962399,1.40660405,80.592476,1.40660405,80.592476,0.67180395,38.491531,0.07765770,0.31301117,0.07765770,0.31301117,1.36106062,77.983029,1.36412382,78.158538,0.51665092,29.601917,0.61265010,35.102265,0.04554343,2.609446,0.04248023,2.433938,3.16961169,181.605373,3.17008996,181.632775,0.03882274,2.224379,0.09564645,5.480138,178.394627,178.367225,1.96225083,0
7.410000,370,2,1482,4.02962399,1.40660405,80.592476,1.40660405,80.592476,0.67180395,38.491531,0.31301117,0.19058990,0.31301117,0.19058990,1.36412382,78.158538,1.36729491,78.340228,0.61265010,35.102265,0.63422090,36.338181,0.04248023,2.433938,0.03930914,2.252248,3.17008996,181.632775,3.17060661,181.662377,0.09564645,5.480138,0.10332648,5.920171,178.367225,178.337623,1.96225083,0
7.415000,370,3,1483,4.02962399,1.40660405,80.592476,1.40660405,80.592476,0.67180395,38.491531,0.19058990,0.11342621,0.19058990,0.11342621,1.36729491,78.340228,1.37033927,78.514657,0.63422090,36.338181,0.60887980,34.886243,0.03930914,2.252248,0.03626478,2.077819,3.17060661,181.662377,3.17100739,181.685341,0.10332648,5.920171,0.08017641,4.593770,178.337623,178.314659,1.96225083,0
7.420000,371,0,1484,4.06939936,1.42048836,81.387988,1.42048836,81.387988,0.69421530,39.775607,0.06868172,0.06868172,0.06868172,0.06868172,1.37033927,78.514657,1.37312090,78.674033,0.60887980,34.886243,0.55633682,31.875752,0.05014908,2.873331,0.04736745,2.713955,3.17100739,181.685341,3.17120361,181.696583,0.08017641,4.593770,0.03922594,2.247481,178.314659,178.303417,1.95704412,0
7.425000,371,1,1485,4.06939936,1.42048836,81.387988,1.42048836,81.387988,0.69421530,39.775607,0.06868172,0.31524563,0.06868172,0.31524563,1.37312090,78.674033,1.37638938,78.861303,0.55633682,31.875752,0.65370238,37.454387,0.04736745,2.713955,0.04409897,2.526685,3.17120361,181.696583,3.17169309,181.724628,0.03922594,2.247481,0.09790172,5.609355,178.303417,178.275372,1.95704412,0
7.430000,371,2,1486,4.06939936,1.42048836,81.387988,1.42048836,81.387988,0.69421530,39.775607,0.31524563,0.18784618,0.31524563,0.18784618,1.37638938,78.861303,1.37975740,79.054276,0.65370238,37.454387,0.67361301,38.595183,0.04409897,2.526685,0.04073095,2.333712,3.17169309,181.724628,3.17222023,181.754831,0.09790172,5.609355,0.10543124,6.040765,178.275372,178.245169,1.95704412,0
7.435000,371,3,1487,4.06939936,1.42048836,81.387988,1.42048836,81.387988,0.69421530,39.775607,0.18784618,0.10780239,0.18784618,0.10780239,1.37975740,79.054276,1.38298166,79.239012,0.67361301,38.595183,0.64486074,36.947799,0.04073095,2.333712,0.03750670,2.148976,3.17222023,181.754831,3.17262506,181.778026,0.10543124,6.040765,0.08097472,4.639510,178.245169,178.221974,1.95704412,0
7.440000,372,0,1488,4.11008549,1.43469048,82.201709,1.43469048,82.201709,0.71010590,40.686071,0.06163311,0.06163311,0.06163311,0.06163311,1.38298166,79.239012,1.38592184,79.407472,0.64486074,36.947799,0.58804041,33.692234,0.05170882,2.962697,0.04876864,2.794237,3.17262506,181.778026,3.17281580,181.788954,0.08097472,4.639510,0.03814555,2.185579,178.221974,178.211046,1.95225286,0
7.445000,372,1,1489,4.11008549,1.43469048,82.201709,1.43469048,82.201709,0.71010590,40.686071,0.06163311,0.31671524,0.06163311,0.31671524,1.38592184,79.407472,1.38935339,79.604086,0.58804041,33.692234,0.68630749,39.322523,0.04876864,2.794237,0.04533708,2.597623,3.17281580,181.788954,3.17330766,181.817136,0.03814555,2.185579,0.09837806,5.636648,178.211046,178.182864,1.95225286,0
7.450000,372,2,1490,4.11008549,1.43469048,82.201709,1.43469048,82.201709,0.71010590,40.686071,0.31671524,0.18548203,0.31671524,0.18548203,1.38935339,79.604086,1.39287734,79.805993,0.68630749,39.322523,0.70478874,40.381421,0.04533708,2.597623,0.04181314,2.395716,3.17330766,181.817136,3.17383718,181.847476,0.09837806,5.636648,0.10591849,6.068682,178.182864,178.152524,1.95225286,0
7.455000,372,3,1491,4.11008549,1.43469048,82.201709,1.43469048,82.201709,0.71010590,40.686071,0.18548203,0.10322762,0.18548203,0.10322762,1.39287734,79.805993,1.39624369,79.998871,0.70478874,40.381421,0.67326313,38.575136,0.04181314,2.395716,0.03844678,2.202838,3.17383718,181.847476,3.17424011,181.870562,0.10591849,6.068682,0.08058221,4.617020,178.152524,178.129438,1.95225286,0
7.460000,373,0,1492,4.15135002,1.44909453,83.027001,1.44909453,83.027001,0.72020292,41.264588,0.05598640,0.05598640,0.05598640,0.05598640,1.39624369,79.998871,1.39930880,80.174489,0.67326313,38.575136,0.61301774,35.123329,0.05285084,3.028130,0.04978573,2.852512,3.17424011,181.870562,3.17442226,181.880998,0.08058221,4.617020,0.03643948,2.087828,178.129438,178.119002,1.94777155,0
7.465000,373,1,1493,4.15135002,1.44909453,83.027001,1.44909453,83.027001,0.72020292,41.264588,0.05598640,0.31710625,0.05598640,0.31710625,1.39930880,80.174489,1.40286648,80.378329,0.61301774,35.123329,0.71153057,40.767698,0.04978573,2.852512,0.04622805,2.648672,3.17442226,181.880998,3.17491126,181.909016,0.03643948,2.087828,0.09779052,5.602984,178.119002,178.090984,1.94777155,0
7.470000,373,2,1494,4.15135002,1.44909453,83.027001,1.44909453,83.027001,0.72020292,41.264588,0.31710625,0.18319511,0.31710625,0.18319511,1.40286648,80.378329,1.40650964,80.587066,0.71153057,40.767698,0.72862941,41.747390,0.04622805,2.648672,0.04258490,2.439935,3.17491126,181.909016,3.17543817,181.939205,0.09779052,5.602984,0.10536727,6.037100,178.090984,178.060795,1.94777155,0
7.475000,373,3,1495,4.15135002,1.44909453,83.027001,1.44909453,83.027001,0.72020292,41.264588,0.18319511,0.09943962,0.18319511,0.09943962,1.40650964,80.587066,1.40998363,80.786111,0.72862941,41.747390,0.69480878,39.809611,0.04258490,2.439935,0.03911090,2.240889,3.17543817,181.939205,3.17583537,181.961963,0.10536727,6.037100,0.07945998,4.552722,178.060795,178.038037,1.94777155,0
7.480000,374,0,1496,4.19286537,1.46358609,83.857306,1.46358609,83.857306,0.72457790,41.515256,0.05150414,0.05150414,0.05150414,0.05150414,1.40998363,80.786111,1.41314292,80.967125,0.69480878,39.809611,0.63184619,36.202120,0.05360246,3.071195,0.05044317,2.890181,3.17583537,181.961963,3.17600775,181.971840,0.07945998,4.552722,0.03446229,1.974544,178.038037,178.028160,1.94351852,0
7.485000,374,1,1497,4.19286537,1.46358609,83.857306,1.46358609,83.857306,0.72457790,41.515256,0.05150414,0.31650829,0.05150414,0.31650829,1.41314292,80.967125,1.41679299,81.176259,0.63184619,36.202120,0.73000330,41.826108,0.05044317,2.890181,0.04679310,2.681047,3.17600775,181.971840,3.17649031,181.999488,0.03446229,1.974544,0.09652029,5.530205,178.028160,178.000512,1.94351852,0
7.490000,374,2,1498,4.19286537,1.46358609,83.857306,1.46358609,83.857306,0.72457790,41.515256,0.31650829,0.18097782,0.31650829,0.18097782,1.41679299,81.176259,1.42052186,81.389907,0.73000330,41.826108,0.74576193,42.729011,0.04679310,2.681047,0.04306424,2.467399,3.17649031,181.999488,3.17701101,182.029323,0.09652029,5.530205,0.10414714,5.967191,178.000512,177.970677,1.94351852,0
7.495000,374,3,1499,4.19286537,1.46358609,83.857306,1.46358609,83.857306,0.72457790,41.515256,0.18097782,0.09636021,0.18097782,0.09636021,1.42052186,81.389907,1.42407227,81.593331,0.74576193,42.729011,0.71007693,40.684411,0.04306424,2.467399,0.03951383,2.263975,3.17701101,182.029323,3.17740059,182.051644,0.10414714,5.967191,0.07793824,4.465532,177.970677,177.948356,1.94351852,0
7.500000,375,0,1500,4.23430729,1.47805202,84.686143,1.47805202,84.686143,0.72329640,41.441831,0.04808521,0.04808521,0.04808521,0.04808521,1.42407227,81.593331,1.42729747,81.778121,0.71007693,40.684411,0.64504355,36.958273,0.05397975,3.092812,0.05075455,2.908021,3.17740059,182.051644,3.17756319,182.060960,0.07793824,4.465532,0.03249688,1.861934,177.948356,177.939040,1.93945491,0
7.505000,375,1,1501,4.23430729,1.47805202,84.686143,1.47805202,84.686143,0.72329640,41.441831,0.04808521,0.31484127,0.04808521,0.31484127,1.42729747,81.778121,1.43100846,81.990745,0.64504355,36.958273,0.74219483,42.524631,0.05075455,2.908021,0.04704356,2.695398,3.17756319,182.060960,3.17803717,182.088117,0.03249688,1.861934,0.09481221,5.432339,177.939040,177.911883,1.93945491,0
7.510000,375,2,1502,4.23430729,1.47805202,84.686143,1.47805202,84.686143,0.72329640,41.441831,0.31484127,0.17873287,0.31484127,0.17873287,1.43100846,81.990745,1.43479145,82.207494,0.74219483,42.524631,0.75659633,43.349776,0.04704356,2.695398,0.04326057,2.478648,3.17803717,182.088117,3.17854953,182.117473,0.09481221,5.432339,0.10245872,5.870452,177.911883,177.882527,1.93945491,0
7.515000,375,3,1503,4.23430729,1.47805202,84.686143,1.47805202,84.686143,0.72329640,41.441831,0.17873287,0.09389782,0.17873287,0.09389782,1.43479145,82.207494,1.43838859,82.413595,0.75659633,43.349776,0.71942192,41.219840,0.04326057,2.478648,0.03966343,2.272547,3.17854953,182.117473,3.17893052,182.139302,0.10245872,5.870452,0.07617667,4.364601,177.882527,177.860698,1.93945491,0
7.520000,376,0,1504,4.27535629,1.49238086,85.507125,1.49238086,85.507125,0.71644187,41.049095,0.04563618,0.04563618,0.04563618,0.04563618,1.43838859,82.413595,1.44165313,82.600640,0.71942192,41.219840,0.65290725,37.408830,0.05399227,3.093529,0.05072773,2.906485,3.17893052,182.139302,3.17908382,182.148086,0.07617667,4.364601,0.03066187,1.756796,177.860698,177.851914,1.93558633,0
7.525000,376,1,1505,4.27535629,1.49238086,85.507125,1.49238086,85.507125,0.71644187,41.049095,0.04563618,0.31203794,0.04563618,0.31203794,1.44165313,82.600640,1.44539499,82.815033,0.65290725,37.408830,0.74836171,42.877967,0.05072773,2.906485,0.04698586,2.692092,3.17908382,182.148086,3.17954755,182.174655,0.03066187,1.756796,0.09275468,5.314452,177.851914,177.825345,1.93558633,0
7.530000,376,2,1506,4.27535629,1.49238086,85.507125,1.49238086,85.507125,0.71644187,41.049095,0.31203794,0.17639112,0.31203794,0.17639112,1.44539499,82.815033,1.44920170,83.033141,0.74836171,42.877967,0.76134694,43.621966,0.04698586,2.692092,0.04317915,2.473983,3.17954755,182.174655,3.18004942,182.203410,0.09275468,5.314452,0.10035971,5.750188,177.825345,177.796590,1.93558633,0
7.535000,376,3,1507,4.27535629,1.49238086,85.507125,1.49238086,85.507125,0.71644187,41.049095,0.17639112,0.09198523,0.17639112,0.09198523,1.44920170,83.033141,1.45281684,83.240274,0.76134694,43.621966,0.72301722,41.425835,0.04317915,2.473983,0.03956401,2.266851,3.18004942,182.203410,3.18042040,182.224666,0.10035971,5.750188,0.07420305,4.251522,177.796590,177.775334,1.93558633,0
7.540000,377,0,1508,4.31569433,1.50646150,86.313886,1.50646150,86.313886,0.70403218,40.338073,0.04409933,0.04409933,0.04409933,0.04409933,1.45281684,83.240274,1.45609474,83.428083,0.72301722,41.425835,0.65557563,37.561717,0.05364466,3.073612,0.05036676,2.885803,3.18042040,182.224666,3.18056512,182.232958,0.07420305,4.251522,0.02895858,1.659204,177.775334,177.767042,1.93193483,0
7.545000,377,1,1509,4.31569433,1.50646150,86.313886,1.50646150,86.313886,0.70403218,40.338073,0.04409933,0.30808353,0.04409933,0.30808353,1.45609474,83.428083,1.45983791,83.642551,0.65557563,37.561717,0.74863321,42.893523,0.05036676,2.885803,0.04662359,2.671335,3.18056512,182.232958,3.18101692,182.258844,0.02895858,1.659204,0.09034025,5.176115,177.767042,177.741156,1.93193483,0
7.550000,377,2,1510,4.31569433,1.50646150,86.313886,1.50646150,86.313886,0.70403218,40.338073,0.30808353,0.17393589,0.30808353,0.17393589,1.45983791,83.642551,1.46363854,83.860311,0.74863321,42.893523,0.76013303,43.552414,0.04662359,2.671335,0.04282296,2.453575,3.18101692,182.258844,3.18150616,182.286875,0.09034025,5.176115,0.09783302,5.605419,177.741156,177.713125,1.93193483,0
7.555000,377,3,1511,4.31569433,1.50646150,86.313886,1.50646150,86.313886,0.70403218,40.338073,0.17393589,0.09059811,0.17393589,0.09059811,1.46363854,83.860311,1.46724343,84.066856,0.76013303,43.552414,0.72096723,41.308380,0.04282296,2.453575,0.03921807,2.247030,3.18150616,182.286875,3.18186617,182.307502,0.09783302,5.605419,0.07198758,4.124585,177.713125,177.692498,1.93193483,0
7.560000,378,0,1512,4.35501194,1.52018595,87.100239,1.52018595,87.100239,0.68622231,39.317642,0.04345226,0.04345226,0.04345226,0.04345226,1.46724343,84.066856,1.47050917,84.253969,0.72096723,41.308380,0.65313953,37.422139,0.05294251,3.033383,0.04967678,2.846270,3.18186617,182.307502,3.18200278,182.315330,0.07198758,4.124585,0.02734572,1.566794,177.692498,177.684670,1.92854512,0
7.565000,378,1,1513,4.35501194,1.52018595,87.100239,1.52018595,87.100239,0.68622231,39.317642,0.04345226,0.30295897,0.04345226,0.30295897,1.47050917,84.253969,1.47422457,84.466846,0.65313953,37.422139,0.74308854,42.575837,0.04967678,2.846270,0.04596138,2.633393,3.18200278,182.315330,3.18244028,182.340397,0.02734572,1.566794,0.08751727,5.014370,177.684670,177.659603,1.92854512,0
7.570000,378,2,1514,4.35501194,1.52018595,87.100239,1.52018595,87.100239,0.68622231,39.317642,0.30295897,0.17134809,0.30295897,0.17134809,1.47422457,84.466846,1.47798967,84.682570,0.74308854,42.575837,0.75302213,43.144990,0.04596138,2.633393,0.04219627,2.417668,3.18244028,182.340397,3.18291426,182.367553,0.08751727,5.014370,0.09481622,5.432569,177.659603,177.632447,1.92854512,0
7.575000,378,3,1515,4.35501194,1.52018595,87.100239,1.52018595,87.100239,0.68622231,39.317642,0.17134809,0.08971739,0.17134809,0.08971739,1.47798967,84.682570,1.48155630,84.886923,0.75302213,43.144990,0.71332794,40.870681,0.04219627,2.417668,0.03862965,2.213316,3.18291426,182.367553,3.18326163,182.387457,0.09481622,5.432569,0.06945670,3.979576,177.632447,177.612543,1.92854512,0
7.580000,379,0,1516,4.39300394,1.53344762,87.860077,1.53344762,87.860077,0.66308379,37.991903,0.04367208,0.04367208,0.04367208,0.04367208,1.48155630,84.886923,1.48478448,85.071884,0.71332794,40.870681,0.64564091,36.992499,0.05189133,2.973154,0.04866314,2.788193,3.18326163,182.387457,3.18339038,182.394833,0.06945670,3.979576,0.02573664,1.474601,177.612543,177.605167,1.92545819,0
7.585000,379,1,1517,4.39300394,1.53344762,87.860077,1.53344762,87.860077,0.66308379,37.991903,0.04367208,0.29671860,0.04367208,0.29671860,1.48478448,85.071884,1.48844349,85.281530,0.64564091,36.992499,0.73180270,41.929206,0.04866314,2.788193,0.04500413,2.578547,3.18339038,182.394833,3.18381143,182.418957,0.02573664,1.474601,0.08421709,4.825284,177.605167,177.581043,1.92545819,0
7.590000,379,2,1518,4.39300394,1.53344762,87.860077,1.53344762,87.860077,0.66308379,37.991903,0.29671860,0.16864967,0.29671860,0.16864967,1.48844349,85.281530,1.49214399,85.493553,0.73180270,41.929206,0.74010253,42.404751,0.04500413,2.578547,0.04130363,2.366524,3.18381143,182.418957,3.18426776,182.445103,0.08421709,4.825284,0.09124569,5.227993,177.581043,177.554897,1.92545819,0
7.595000,379,3,1519,4.39300394,1.53344762,87.860077,1.53344762,87.860077,0.66308379,37.991903,0.16864967,0.08935165,0.16864967,0.08935165,1.49214399,85.493553,1.49564493,85.694142,0.74010253,42.404751,0.70019275,40.118089,0.04130363,2.366524,0.03780270,2.165935,3.18426776,182.445103,3.18460059,182.464173,0.09124569,5.227993,0.06654664,3.812842,177.554897,177.535827,1.92545819,0
7.600000,380,0,1520,4.42937994,1.54614520,88.587595,1.54614520,88.587595,0.63487887,36.375880,0.04475594,0.04475594,0.04475594,0.04475594,1.49564493,85.694142,1.49881077,85.875531,0.70019275,40.118089,0.63317138,36.278048,0.05050027,2.893453,0.04733443,2.712063,3.18460059,182.464173,3.18472099,182.471072,0.06654664,3.812842,0.02406255,1.378683,177.535827,177.528928,1.92273200,0
7.605000,380,1,1521,4.42937994,1.54614520,88.587595,1.54614520,88.587595,0.63487887,36.375880,0.04475594,0.28937101,0.04475594,0.28937101,1.49881077,85.875531,1.50238514,86.080328,0.63317138,36.278048,0.71487254,40.959179,0.04733443,2.712063,0.04376006,2.507267,3.18472099,182.471072,3.18512273,182.494090,0.02406255,1.378683,0.08037031,4.604880,177.528928,177.505910,1.92273200,0
7.610000,380,2,1522,4.42937994,1.54614520,88.587595,1.54614520,88.587595,0.63487887,36.375880,0.28937101,0.16583395,0.28937101,0.16583395,1.50238514,86.080328,1.50599253,86.287016,0.71487254,40.959179,0.72146702,41.337015,0.04376006,2.507267,0.04015267,2.300578,3.18512273,182.494090,3.18555784,182.519020,0.08037031,4.604880,0.08704479,4.987299,177.505910,177.480980,1.92273200,0
7.615000,380,3,1523,4.42937994,1.54614520,88.587595,1.54614520,88.587595,0.63487887,36.375880,0.16583395,0.08948660,0.16583395,0.08948660,1.50599253,86.287016,1.50940073,86.482291,0.72146702,41.337015,0.68164575,39.055425,0.04015267,2.300578,0.03674448,2.105303,3.18555784,182.519020,3.18587375,182.537120,0.08704479,4.987299,0.06316966,3.619355,177.480980,177.462880,1.92273200,0
7.620000,381,0,1524,4.46386576,1.55818307,89.277314,1.55818307,89.277314,0.60189366,34.485967,0.04668951,0.04668951,0.04668951,0.04668951,1.50940073,86.482291,1.51247978,86.658708,0.68164575,39.055425,0.61580640,35.283108,0.04878235,2.795023,0.04570329,2.618606,3.18587375,182.537120,3.18598485,182.543485,0.06316966,3.619355,0.02222451,1.273370,177.462880,177.456515,1.92041588,0
7.625000,381,1,1525,4.46386576,1.55818307,89.277314,1.55818307,89.277314,0.60189366,34.485967,0.04668951,0.28100491,0.04668951,0.28100491,1.51247978,86.658708,1.51594198,86.857077,0.61580640,35.283108,0.69242734,39.673164,0.04570329,2.618606,0.04224110,2.420237,3.18598485,182.543485,3.18636441,182.565233,0.02222451,1.273370,0.07590802,4.349209,177.456515,177.434767,1.92041588,0
7.630000,381,2,1526,4.46386576,1.55818307,89.277314,1.55818307,89.277314,0.60189366,34.485967,0.28100491,0.16294765,0.28100491,0.16294765,1.51594198,86.857077,1.51942837,87.056833,0.69242734,39.673164,0.69727319,39.950811,0.04224110,2.420237,0.03875470,2.220481,3.18636441,182.565233,3.18677521,182.588770,0.07590802,4.349209,0.08215760,4.707284,177.434767,177.411230,1.92041588,0
7.635000,381,3,1527,4.46386576,1.55818307,89.277314,1.55818307,89.277314,0.60189366,34.485967,0.16294765,0.09013462,0.16294765,0.09013462,1.51942837,87.056833,1.52271760,87.245292,0.69727319,39.950811,0.65785205,37.692146,0.03875470,2.220481,0.03546548,2.032022,3.18677521,182.588770,3.18707156,182.605749,0.08215760,4.707284,0.05926932,3.395882,177.411230,177.394251,1.92041588,0
7.640000,382,0,1528,4.49620152,1.56947041,89.924030,1.56947041,89.924030,0.56436658,32.335823,0.04946232,0.04946232,0.04946232,0.04946232,1.52271760,87.245292,1.52568614,87.415377,0.65785205,37.692146,0.59370452,34.016763,0.04675281,2.678739,0.04378426,2.508653,3.18707156,182.605749,3.18717241,182.611528,0.05926932,3.395882,0.02015609,1.154859,177.394251,177.388472,1.91855323,0
7.645000,382,1,1529,4.49620152,1.56947041,89.924030,1.56947041,89.924030,0.56436658,32.335823,0.04946232,0.27171469,0.04946232,0.27171469,1.52568614,87.415377,1.52900958,87.605796,0.59370452,34.016763,0.66468304,38.083533,0.04378426,2.508653,0.04046082,2.318235,3.18717241,182.611528,3.18752646,182.631813,0.02015609,1.154859,0.07079621,4.056324,177.388472,177.368187,1.91855323,0
7.650000,382,2,1530,4.49620152,1.56947041,89.924030,1.56947041,89.924030,0.56436658,32.335823,0.27171469,0.16002798,0.27171469,0.16002798,1.52900958,87.605796,1.53234839,87.797096,0.66468304,38.083533,0.66775954,38.259803,0.04046082,2.318235,0.03712201,2.126935,3.18752646,182.631813,3.18790936,182.653752,0.07079621,4.056324,0.07655929,4.386524,177.368187,177.346248,1.91855323,0
7.655000,382,3,1531,4.49620152,1.56947041,89.924030,1.56947041,89.924030,0.56436658,32.335823,0.16002798,0.09129095,0.16002798,0.09129095,1.53234839,87.797096,1.53549361,87.977303,0.66775954,38.259803,0.62904710,36.041744,0.03712201,2.126935,0.03397679,1.946727,3.18790936,182.653752,3.18818355,182.669462,0.07655929,4.386524,0.05481268,3.140535,177.346248,177.330538,1.91855323,0
7.660000,383,0,1532,4.52614784,1.57992363,90.522956,1.57992363,90.522956,0.52266121,29.946281,0.05304861,0.05304861,0.05304861,0.05304861,1.53549361,87.977303,1.53832901,88.139760,0.62904710,36.041744,0.56708550,32.491606,0.04443002,2.545652,0.04159462,2.383196,3.18818355,182.669462,3.18827248,182.674557,0.05481268,3.140535,0.01780781,1.020312,177.330538,177.325443,1.92755342,0
7.665000,383,1,1533,4.52614784,1.57992363,90.522956,1.57992363,90.522956,0.52266121,29.946281,0.05304861,0.03581381,0.05304861,0.03581381,1.53832901,88.139760,1.54080224,88.281465,0.56708550,32.491606,0.49464616,28.341137,0.04159462,2.383196,0.03912139,2.241491,3.18827248,182.674557,3.18814206,182.667085,0.01780781,1.020312,-0.02608216,-1.494398,177.325443,177.332915,1.92755342,0
7.670000,383,2,1534,4.52614784,1.57992363,90.522956,1.57992363,90.522956,0.52266121,29.946281,0.03581381,0.25824547,0.03581381,0.25824547,1.54080224,88.281465,1.54358947,88.441162,0.49464616,28.341137,0.55744064,31.938996,0.03912139,2.241491,0.03633416,2.081794,3.18814206,182.667085,3.18824077,182.672740,-0.02608216,-1.494398,0.01971843,1.129783,177.332915,177.327260,1.92755342,0
7.675000,383,3,1535,4.52614784,1.57992363,90.522956,1.57992363,90.522956,0.52266121,29.946281,0.25824547,0.16249657,0.25824547,0.16249657,1.54358947,88.441162,1.54639959,88.602170,0.55744064,31.938996,0.56202185,32.201480,0.03633416,2.081794,0.03352404,1.920786,3.18824077,182.672740,3.18837547,182.680458,0.01971843,1.129783,0.02692139,1.542482,177.327260,177.319542,1.92755342,0
7.680000,384,0,1536,4.55543756,1.59014761,91.108747,1.59014761,91.108747,0.51119924,29.289559,0.10337639,0.10337639,0.10337639,0.10337639,1.54639959,88.602170,1.54905283,88.754190,0.56202185,32.201480,0.53065974,30.404563,0.04374802,2.506577,0.04109478,2.354557,3.18837547,182.680458,3.18842721,182.683422,0.02692139,1.542482,0.01034616,0.592791,177.319542,177.316578,1.92284882,0
7.685000,384,1,1537,4.55543756,1.59014761,91.108747,1.59014761,91.108747,0.51119924,29.289559,0.10337639,0.07029152,0.10337639,0.07029152,1.54905283,88.754190,1.55144870,88.891463,0.53065974,30.404563,0.47918299,27.455163,0.04109478,2.354557,0.03869891,2.217284,3.18842721,182.683422,3.18832946,182.677822,0.01034616,0.592791,-0.01954057,-1.119592,177.316578,177.322178,1.92284882,0
7.690000,384,2,1538,4.55543756,1.59014761,91.108747,1.59014761,91.108747,0.51119924,29.289559,0.07029152,0.26423073,0.07029152,0.26423073,1.55144870,88.891463,1.55417681,89.047772,0.47918299,27.455163,0.54561722,31.261564,0.03869891,2.217284,0.03597081,2.060975,3.18832946,182.677822,3.18847346,182.686073,-0.01954057,-1.119592,0.02877988,1.648966,177.322178,177.313927,1.92284882,0
7.695000,384,3,1539,4.55543756,1.59014761,91.108747,1.59014761,91.108747,0.51119924,29.289559,0.26423073,0.16734695,0.26423073,0.16734695,1.55417681,89.047772,1.55694258,89.206239,0.54561722,31.261564,0.55314845,31.693072,0.03597081,2.060975,0.03320503,1.902508,3.18847346,182.686073,3.18866372,182.696974,0.02877988,1.648966,0.03807042,2.181274,177.313927,177.303026,1.92284882,0
7.700000,385,0,1540,4.58113718,1.59911847,91.622739,1.59911847,91.622739,0.44854283,25.699611,0.10723305,0.10723305,0.10723305,0.10723305,1.55694258,89.206239,1.55956328,89.356394,0.55314845,31.693072,0.52413243,30.030576,0.04217589,2.416500,0.03955519,2.266346,3.18866372,182.696974,3.18877983,182.703626,0.03807042,2.181274,0.02321389,1.330058,177.303026,177.296374,1.91648149,0
7.705000,385,1,1541,4.58113718,1.59911847,91.622739,1.59911847,91.622739,0.44854283,25.699611,0.10723305,0.07330513,0.10723305,0.07330513,1.55956328,89.356394,1.56193578,89.492328,0.52413243,30.030576,0.47448957,27.186250,0.03955519,2.266346,0.03718269,2.130411,3.18877983,182.703626,3.18875360,182.702123,0.02321389,1.330058,-0.00525675,-0.301190,177.296374,177.297877,1.91648149,0
7.710000,385,2,1542,4.58113718,1.59911847,91.622739,1.59911847,91.622739,0.44854283,25.699611,0.07330513,0.26195955,0.07330513,0.26195955,1.56193578,89.492328,1.56463349,89.646895,0.47448957,27.186250,0.53954500,30.913651,0.03718269,2.130411,0.03448498,1.975844,3.18875360,182.702123,3.18896556,182.714268,-0.00525675,-0.301190,0.04238901,2.428712,177.297877,177.285732,1.91648149,0
7.715000,385,3,1543,4.58113718,1.59911847,91.622739,1.59911847,91.622739,0.44854283,25.699611,0.26195955,0.16656160,0.26195955,0.16656160,1.56463349,89.646895,1.56736648,89.803484,0.53954500,30.913651,0.54660106,31.317934,0.03448498,1.975844,0.03175199,1.819255,3.18896556,182.714268,3.18922377,182.729062,0.04238901,2.428712,0.05164528,2.959057,177.285732,177.270938,1.91648149,0
7.720000,386,0,1544,4.60528135,1.60754645,92.105627,1.60754645,92.105627,0.42139888,24.144377,0.10740519,0.10740519,0.10740519,0.10740519,1.56736648,89.803484,1.56995499,89.951795,0.54660106,31.317934,0.51769239,29.661589,0.04017997,2.302143,0.03759146,2.153832,3.18922377,182.729062,3.18940973,182.739717,0.05164528,2.959057,0.03718134,2.130334,177.270938,177.260283,1.91401422,0
7.725000,386,1,1545,4.60528135,1.60754645,92.105627,1.60754645,92.105627,0.42139888,24.144377,0.10740519,0.07405329,0.10740519,0.07405329,1.56995499,89.951795,1.57229757,90.086015,0.51769239,29.661589,0.46850744,26.843499,0.03759146,2.153832,0.03524888,2.019612,3.18940973,182.739717,3.18945670,182.742408,0.03718134,2.130334,0.00937710,0.537268,177.260283,177.257592,1.91401422,0
7.730000,386,2,1546,4.60528135,1.60754645,92.105627,1.60754645,92.105627,0.42139888,24.144377,0.07405329,0.23795223,0.07405329,0.23795223,1.57229757,90.086015,1.57489240,90.234688,0.46850744,26.843499,0.51897019,29.734802,0.03524888,2.019612,0.03265405,1.870939,3.18945670,182.742408,3.18969536,182.756082,0.00937710,0.537268,0.04774349,2.735501,177.257592,177.243918,1.91401422,0
7.735000,386,3,1547,4.60528135,1.60754645,92.105627,1.60754645,92.105627,0.42139888,24.144377,0.23795223,0.15390682,0.23795223,0.15390682,1.57489240,90.234688,1.57748413,90.383183,0.51897019,29.734802,0.51833594,29.698462,0.03265405,1.870939,0.03006232,1.722444,3.18969536,182.756082,3.18995690,182.771067,0.04774349,2.735501,0.05232151,2.997802,177.243918,177.228933,1.91401422,0
7.740000,387,0,1548,4.62665844,1.61500847,92.533169,1.61500847,92.533169,0.37310123,21.377126,0.10247707,0.10247707,0.10247707,0.10247707,1.57748413,90.383183,1.57991636,90.522539,0.51833594,29.698462,0.48643470,27.870655,0.03752434,2.149986,0.03509212,2.010630,3.18995690,182.771067,3.19013834,182.781463,0.05232151,2.997802,0.03630111,2.079901,177.228933,177.218537,1.91296029,0
7.745000,387,1,1549,4.62665844,1.61500847,92.533169,1.61500847,92.533169,0.37310123,21.377126,0.10247707,0.07415485,0.10247707,0.07415485,1.57991636,90.522539,1.58210289,90.647819,0.48643470,27.870655,0.43731511,25.056310,0.03509212,2.010630,0.03290558,1.885351,3.19013834,182.781463,3.19018316,182.784031,0.03630111,2.079901,0.00896794,0.513825,177.218537,177.215969,1.91296029,0
7.750000,387,2,1550,4.62665844,1.61500847,92.533169,1.61500847,92.533169,0.37310123,21.377126,0.07415485,0.23027658,0.07415485,0.23027658,1.58210289,90.647819,1.58451843,90.786219,0.43731511,25.056310,0.48311478,27.680438,0.03290558,1.885351,0.03049004,1.746951,3.19018316,182.784031,3.19040656,182.796831,0.00896794,0.513825,0.04466568,2.559155,177.215969,177.203169,1.91296029,0
7.755000,387,3,1551,4.62665844,1.61500847,92.533169,1.61500847,92.533169,0.37310123,21.377126,0.23027658,0.15278864,0.23027658,0.15278864,1.58451843,90.786219,1.58692741,90.924243,0.48311478,27.680438,0.48180422,27.605348,0.03049004,1.746951,0.02808106,1.608926,3.19040656,182.796831,3.19065261,182.810928,0.04466568,2.559155,0.04921286,2.819689,177.203169,177.189072,1.91296029,0
7.760000,388,0,1552,4.64531422,1.62152052,92.906282,1.62152052,92.906282,0.32560229,18.655637,0.10544252,0.10544252,0.10544252,0.10544252,1.58692741,90.924243,1.58918595,91.053648,0.48180422,27.605348,0.45170939,25.881042,0.03459311,1.982039,0.03233457,1.852634,3.19065261,182.810928,3.19082665,182.820900,0.04921286,2.819689,0.03480012,1.993900,177.189072,177.179100,1.91268969,0
7.765000,388,1,1553,4.64531422,1.62152052,92.906282,1.62152052,92.906282,0.32560229,18.655637,0.10544252,0.07944536,0.10544252,0.07944536,1.58918595,91.053648,1.59121501,91.169905,0.45170939,25.881042,0.40580973,23.251185,0.03233457,1.852634,0.03030550,1.736378,3.19082665,182.820900,3.19087672,182.823769,0.03480012,1.993900,0.01000769,0.573399,177.179100,177.176231,1.91268969,0
7.770000,388,2,1554,4.64531422,1.62152052,92.906282,1.62152052,92.906282,0.32560229,18.655637,0.07944536,0.21734476,0.07944536,0.21734476,1.59121501,91.169905,1.59343374,91.297028,0.40580973,23.251185,0.44375050,25.425031,0.03030550,1.736378,0.02808678,1.609254,3.19087672,182.823769,3.19108129,182.835490,0.01000769,0.573399,0.04089553,2.343141,177.176231,177.164510,1.91268969,0
7.775000,388,3,1555,4.64531422,1.62152052,92.906282,1.62152052,92.906282,0.32560229,18.655637,0.21734476,0.14879847,0.21734476,0.14879847,1.59343374,91.297028,1.59563386,91.423086,0.44375050,25.425031,0.44001734,25.211137,0.02808678,1.609254,0.02588665,1.483196,3.19108129,182.835490,3.19130254,182.848167,0.04089553,2.343141,0.04423160,2.534284,177.164510,177.151833,1.91268969,0
7.780000,389,0,1556,4.66102934,1.62700617,93.220587,1.62700617,93.220587,0.27428269,15.715241,0.10717630,0.10717630,0.10717630,0.10717630,1.59563386,91.423086,1.59768879,91.540825,0.44001734,25.211137,0.41097987,23.547412,0.03137231,1.797501,0.02931738,1.679762,3.19130254,182.848167,3.19145703,182.857018,0.04423160,2.534284,0.03090306,1.770615,177.151833,177.142982,1.91331983,0
7.785000,389,1,1557,4.66102934,1.62700617,93.220587,1.62700617,93.220587,0.27428269,15.715241,0.10717630,0.08457804,0.10717630,0.08457804,1.59768879,91.540825,1.59952986,91.646310,0.41097987,23.547412,0.36820394,21.096532,0.02931738,1.679762,0.02747631,1.574277,3.19145703,182.857018,3.19149971,182.859464,0.03090306,1.770615,0.00855427,0.490124,177.142982,177.140536,1.91331983,0
7.790000,389,2,1558,4.66102934,1.62700617,93.220587,1.62700617,93.220587,0.27428269,15.715241,0.08457804,0.20524788,0.08457804,0.20524788,1.59952986,91.646310,1.60152388,91.760559,0.36820394,21.096532,0.39879313,22.849163,0.02747631,1.574277,0.02548230,1.460028,3.19149971,182.859464,3.19167447,182.869477,0.00855427,0.490124,0.03492841,2.001251,177.140536,177.130523,1.91331983,0
7.795000,389,3,1559,4.66102934,1.62700617,93.220587,1.62700617,93.220587,0.27428269,15.715241,0.20524788,0.14587593,0.20524788,0.14587593,1.60152388,91.760559,1.60349035,91.873230,0.39879313,22.849163,0.39328611,22.533634,0.02548230,1.460028,0.02351582,1.347357,3.19167447,182.869477,3.19186163,182.880200,0.03492841,2.001251,0.03743670,2.144965,177.130523,177.119800,1.91331983,0
7.800000,390,0,1560,4.67385101,1.63148177,93.477020,1.63148177,93.477020,0.22377968,12.821631,0.11005592,0.11005592,0.11005592,0.11005592,1.60349035,91.873230,1.60532033,91.978080,0.39328611,22.533634,0.36600217,20.970380,0.02799141,1.603790,0.02616143,1.498940,3.19186163,182.880200,3.19198966,182.887536,0.03743670,2.144965,0.02560161,1.466864,177.119800,177.112464,1.91474295,0
7.805000,390,1,1561,4.67385101,1.63148177,93.477020,1.63148177,93.477020,0.22377968,12.821631,0.11005592,0.09083748,0.11005592,0.09083748,1.60532033,91.978080,1.60695553,92.071770,0.36600217,20.970380,0.32703453,18.737698,0.02616143,1.498940,0.02452624,1.405250,3.19198966,182.887536,3.19202018,182.889284,0.02560161,1.466864,0.00609371,0.349144,177.112464,177.110716,1.91474295,0
7.810000,390,2,1562,4.67385101,1.63148177,93.477020,1.63148177,93.477020,0.22377968,12.821631,0.09083748,0.19267321,0.09083748,0.19267321,1.60695553,92.071770,1.60870540,92.172030,0.32703453,18.737698,0.34998113,20.052442,0.02452624,1.405250,0.02277637,1.304990,3.19202018,182.889284,3.19215870,182.897221,0.00609371,0.349144,0.02770109,1.587156,177.110716,177.102779,1.91474295,0
7.815000,390,3,1563,4.67385101,1.63148177,93.477020,1.63148177,93.477020,0.22377968,12.821631,0.19267321,0.14305925,0.19267321,0.14305925,1.60870540,92.172030,1.61041927,92.270228,0.34998113,20.052442,0.34276405,19.638933,0.02277637,1.304990,0.02106249,1.206792,3.19215870,182.897221,3.19230556,182.905636,0.02770109,1.587156,0.02936045,1.682230,177.102779,177.094364,1.91474295,0
7.820000,391,0,1564,4.68373919,1.63493335,93.674781,1.63493335,93.674781,0.17257929,9.888065,0.11337709,0.11337709,0.11337709,0.11337709,1.61041927,92.270228,1.61200678,92.361185,0.34276405,19.638933,0.31750154,18.191499,0.02451408,1.404553,0.02292657,1.313596,3.19230556,182.905636,3.19240117,182.911114,0.02936045,1.682230,0.01912939,1.096033,177.094364,177.088886,1.91669905,0
7.825000,391,1,1565,4.68373919,1.63493335,93.674781,1.63493335,93.674781,0.17257929,9.888065,0.11337709,0.09772158,0.11337709,0.09772158,1.61200678,92.361185,1.61342037,92.442178,0.31750154,18.191499,0.28272134,16.198740,0.02292657,1.313596,0.02151299,1.232603,3.19240117,182.911114,3.19241428,182.911865,0.01912939,1.096033,0.00264325,0.151447,177.088886,177.088135,1.91669905,0
7.830000,391,2,1566,4.68373919,1.63493335,93.674781,1.63493335,93.674781,0.17257929,9.888065,0.09772158,0.18111849,0.09772158,0.18111849,1.61342037,92.442178,1.61491358,92.527733,0.28272134,16.198740,0.29864487,17.111091,0.02151299,1.232603,0.02001977,1.147048,3.19241428,182.911865,3.19251347,182.917548,0.00264325,0.151447,0.01982112,1.135667,177.088135,177.082452,1.91669905,0
7.835000,391,3,1567,4.68373919,1.63493335,93.674781,1.63493335,93.674781,0.17257929,9.888065,0.18111849,0.14110994,0.18111849,0.14110994,1.61491358,92.527733,1.61636484,92.610883,0.29864487,17.111091,0.29024443,16.629781,0.02001977,1.147048,0.01856852,1.063898,3.19251347,182.917548,3.19261789,182.923531,0.01982112,1.135667,0.02090529,1.197785,177.082452,177.076469,1.91669905,0
7.840000,392,0,1568,4.69074488,1.63737881,93.814895,1.63737881,93.814895,0.12227297,7.005725,0.11743593,0.11743593,0.11743593,0.11743593,1.61636484,92.610883,1.61770213,92.687504,0.29024443,16.629781,0.26745120,15.323825,0.02101398,1.204012,0.01967669,1.127391,3.19261789,182.923531,3.19268036,182.927110,0.02090529,1.197785,0.01249834,0.716102,177.076469,177.072890,1.91904628,0
7.845000,392,1,1569,4.69074488,1.63737881,93.814895,1.63737881,93.814895,0.12227297,7.005725,0.11743593,0.10520983,0.11743593,0.10520983,1.61770213,92.687504,1.61888826,92.755465,0.26745120,15.323825,0.23722510,13.591997,0.01967669,1.127391,0.01849055,1.059431,3.19268036,182.927110,3.19267631,182.926878,0.01249834,0.716102,-0.00080039,-0.045859,177.072890,177.073122,1.91904628,0
7.850000,392,2,1570,4.69074488,1.63737881,93.814895,1.63737881,93.814895,0.12227297,7.005725,0.10520983,0.16977453,0.10520983,0.16977453,1.61888826,92.755465,1.62011957,92.826014,0.23722510,13.591997,0.24625303,14.109259,0.01849055,1.059431,0.01725924,0.988882,3.19267631,182.926878,3.19273615,182.930306,-0.00080039,-0.045859,0.01195502,0.684972,177.073122,177.069694,1.91904628,0
7.855000,392,3,1571,4.69074488,1.63737881,93.814895,1.63737881,93.814895,0.12227297,7.005725,0.16977453,0.13940191,0.16977453,0.13940191,1.62011957,92.826014,1.62130368,92.893858,0.24625303,14.109259,0.23681526,13.568515,0.01725924,0.988882,0.01607513,0.921037,3.19273615,182.930306,3.19279861,182.933885,0.01195502,0.684972,0.01248348,0.715251,177.069694,177.066115,1.91904628,0
7.860000,393,0,1572,4.69492531,1.63883805,93.898504,1.63883805,93.898504,0.07296205,4.180417,0.12172842,0.12172842,0.12172842,0.12172842,1.62130368,92.893858,1.62238681,92.955917,0.23681526,13.568515,0.21663269,12.412139,0.01753438,1.004646,0.01645124,0.942587,3.19279861,182.933885,3.19282818,182.935579,0.01248348,0.715251,0.00591736,0.339040,177.066115,177.064421,1.92169082,0
7.865000,393,1,1573,4.69492531,1.63883805,93.898504,1.63883805,93.898504,0.07296205,4.180417,0.12172842,0.11292410,0.12172842,0.11292410,1.62238681,92.955917,1.62334228,93.010661,0.21663269,12.412139,0.19109747,10.949078,0.01645124,0.942587,0.01549578,0.887843,3.19282818,182.935579,3.19280720,182.934377,0.00591736,0.339040,-0.00418029,-0.239513,177.064421,177.065623,1.92169082,0
7.870000,393,2,1574,4.69492531,1.63883805,93.898504,1.63883805,93.898504,0.07296205,4.180417,0.11292410,0.15899134,0.11292410,0.15899134,1.62334228,93.010661,1.62431014,93.066115,0.19109747,10.949078,0.19357008,11.090748,0.01549578,0.887843,0.01452792,0.832388,3.19280720,182.934377,3.19282866,182.935607,-0.00418029,-0.239513,0.00430153,0.246459,177.065623,177.064393,1.92169082,0
7.875000,393,3,1575,4.69492531,1.63883805,93.898504,1.63883805,93.898504,0.07296205,4.180417,0.15899134,0.13806009,0.15899134,0.13806009,1.62431014,93.066115,1.62522674,93.118633,0.19357008,11.090748,0.18331699,10.503290,0.01452792,0.832388,0.01361132,0.779871,3.19282866,182.935607,3.19285035,182.936850,0.00430153,0.246459,0.00434532,0.248969,177.064393,177.063150,1.92169082,0
7.880000,394,0,1576,4.69637346,1.63934350,93.927464,1.63934350,93.927464,0.02527237,1.448000,0.12625742,0.12625742,0.12625742,0.12625742,1.62522674,93.118633,1.62605619,93.166157,0.18331699,10.503290,0.16588823,9.504696,0.01411676,0.808831,0.01328731,0.761307,3.19285035,182.936850,3.19284844,182.936740,0.00434532,0.248969,-0.00036058,-0.020660,177.063150,177.063260,1.92340374,0
7.885000,394,1,1577,4.69637346,1.63934350,93.927464,1.63934350,93.927464,0.02527237,1.448000,0.12625742,0.12077188,0.12625742,0.12077188,1.62605619,93.166157,1.62678182,93.207733,0.16588823,9.504696,0.14512441,8.315016,0.01328731,0.761307,0.01256168,0.719731,3.19284844,182.936740,3.19281197,182.934650,-0.00036058,-0.020660,-0.00727852,-0.417029,177.063260,177.065350,1.92340374,0
7.890000,394,2,1578,4.69637346,1.63934350,93.927464,1.63934350,93.927464,0.02527237,1.448000,0.12077188,0.14867115,0.12077188,0.14867115,1.62678182,93.207733,1.62748837,93.248215,0.14512441,8.315016,0.14132258,8.097188,0.01256168,0.719731,0.01185513,0.679249,3.19281197,182.934650,3.19279718,182.933803,-0.00727852,-0.417029,-0.00295795,-0.169478,177.065350,177.066197,1.92340374,0
7.895000,394,3,1579,4.69637346,1.63934350,93.927464,1.63934350,93.927464,0.02527237,1.448000,0.14867115,0.13696384,0.14867115,0.13696384,1.62748837,93.248215,1.62814033,93.285569,0.14132258,8.097188,0.13040288,7.471535,0.01185513,0.679249,0.01120317,0.641894,3.19279718,182.933803,3.19278026,182.932834,-0.00295795,-0.169478,-0.00337283,-0.193249,177.066197,177.067166,1.92340374,0
7.900000,395,0,1580,4.69519567,1.63893247,93.903913,1.63893247,93.903913,-0.02055168,-1.177525,0.13088322,0.13088322,0.13088322,0.13088322,1.62814033,93.285569,1.62871921,93.318737,0.13040288,7.471535,0.11578619,6.634060,0.01079214,0.618344,0.01021326,0.585176,3.19278026,182.932834,3.19274902,182.931044,-0.00337283,-0.193249,-0.00625126,-0.358171,177.067166,177.068956,1.92396855,0
7.905000,395,1,1581,4.69519567,1.63893247,93.903913,1.63893247,93.903913,-0.02055168,-1.177525,0.13088322,0.12861729,0.13088322,0.12861729,1.62871921,93.318737,1.62921822,93.347328,0.11578619,6.634060,0.09979171,5.717644,0.01021326,0.585176,0.00971425,0.556585,3.19274902,182.931044,3.19269872,182.928162,-0.00625126,-0.358171,-0.01006104,-0.576455,177.068956,177.071838,1.92396855,0
7.910000,395,2,1582,4.69519567,1.63893247,93.903913,1.63893247,93.903913,-0.02055168,-1.177525,0.12861729,0.13893223,0.12861729,0.13893223,1.62921822,93.347328,1.62966859,93.373132,0.09979171,5.717644,0.09006827,5.160532,0.00971425,0.556585,0.00926387,0.530781,3.19269872,182.928162,3.19265008,182.925375,-0.01006104,-0.576455,-0.00973687,-0.557881,177.071838,177.074625,1.92396855,0
7.915000,395,3,1583,4.69519567,1.63893247,93.903913,1.63893247,93.903913,-0.02055168,-1.177525,0.13893223,0.13612080,0.13893223,0.13612080,1.62966859,93.373132,1.63006175,93.395658,0.09006827,5.160532,0.07863530,4.505471,0.00926387,0.530781,0.00887072,0.508255,3.19265008,182.925375,3.19259715,182.922342,-0.00973687,-0.557881,-0.01057641,-0.605983,177.074625,177.077658,1.92396855,0
7.920000,396,0,1584,4.69151735,1.63764846,93.830345,1.63764846,93.830345,-0.06420016,-3.678398,0.13554096,0.13554096,0.13554096,0.13554096,1.63006175,93.395658,1.63039601,93.414810,0.07863530,4.505471,0.06684954,3.830196,0.00758672,0.434687,0.00725245,0.415535,3.19259715,182.922342,3.19253874,182.918996,-0.01057641,-0.605983,-0.01168105,-0.669275,177.077658,177.081004,1.92464161,0
7.925000,396,1,1585,4.69151735,1.63764846,93.830345,1.63764846,93.830345,-0.06420016,-3.678398,0.13554096,0.13636112,0.13554096,0.13636112,1.63039601,93.414810,1.63067472,93.430779,0.06684954,3.830196,0.05574477,3.193940,0.00725245,0.415535,0.00697374,0.399566,3.19253874,182.918996,3.19247699,182.915458,-0.01168105,-0.669275,-0.01236778,-0.708622,177.081004,177.084542,1.92464161,0
7.930000,396,2,1586,4.69151735,1.63764846,93.830345,1.63764846,93.830345,-0.06420016,-3.678398,0.13636112,0.12964344,0.13636112,0.12964344,1.63067472,93.430779,1.63091195,93.444371,0.05574477,3.193940,0.04745434,2.718934,0.00697374,0.399566,0.00673652,0.385974,3.19247699,182.915458,3.19242096,182.912247,-0.01236778,-0.708622,-0.01122308,-0.643035,177.084542,177.087753,1.92464161,0
7.935000,396,3,1587,4.69151735,1.63764846,93.830345,1.63764846,93.830345,-0.06420016,-3.678398,0.12964344,0.13017750,0.12964344,0.13017750,1.63091195,93.444371,1.63111997,93.456290,0.04745434,2.718934,0.04160237,2.383640,0.00673652,0.385974,0.00652850,0.374055,3.19242096,182.912247,3.19237852,182.909816,-0.01122308,-0.643035,-0.00849418,-0.486680,177.087753,177.090184,1.92464161,0
7.940000,397,0,1588,4.68503428,1.63538539,93.700681,1.63538539,93.700681,-0.11315346,-6.483216,0.12974644,0.12974644,0.12974644,0.12974644,1.63111997,93.456290,1.63130713,93.467013,0.04160237,2.383640,0.03742250,2.144152,0.00426543,0.244391,0.00407827,0.233668,3.19237852,182.909816,3.19235516,182.908477,-0.00849418,-0.486680,-0.00468267,-0.268297,177.090184,177.091523,1.92154670,0
7.945000,397,1,1589,4.68503428,1.63538539,93.700681,1.63538539,93.700681,-0.11315346,-6.483216,0.12974644,0.12866306,0.12974644,0.12866306,1.63130713,93.467013,1.63147902,93.476862,0.03742250,2.144152,0.03438982,1.970392,0.00407827,0.233668,0.00390637,0.223818,3.19235516,182.908477,3.19235444,182.908436,-0.00468267,-0.268297,-0.00012635,-0.007239,177.091523,177.091564,1.92154670,0
7.950000,397,2,1590,4.68503428,1.63538539,93.700681,1.63538539,93.700681,-0.11315346,-6.483216,0.12866306,0.10148001,0.12866306,0.10148001,1.63147902,93.476862,1.63163197,93.485626,0.03438982,1.970392,0.03058460,1.752368,0.00390637,0.223818,0.00375342,0.215055,3.19235444,182.908436,3.19237399,182.909556,-0.00012635,-0.007239,0.00391371,0.224239,177.091564,177.090444,1.92154670,0
7.955000,397,3,1591,4.68503428,1.63538539,93.700681,1.63538539,93.700681,-0.11315346,-6.483216,0.10148001,0.10084295,0.10148001,0.10084295,1.63163197,93.485626,1.63177121,93.493603,0.03058460,1.752368,0.02784499,1.595400,0.00375342,0.215055,0.00361419,0.207078,3.19237399,182.909556,3.19241738,182.912043,0.00391371,0.224239,0.00866966,0.496735,177.090444,177.087957,1.92154670,0
7.960000,398,0,1592,4.67530727,1.63199008,93.506144,1.63199008,93.506144,-0.16976595,-9.726872,0.09980536,0.09980536,0.09980536,0.09980536,1.63177121,93.493603,1.63190043,93.501007,0.02784499,1.595400,0.02583739,1.480373,0.00021887,0.012540,0.00008965,0.005136,3.19241738,182.912043,3.19248700,182.916031,0.00866966,0.496735,0.01393370,0.798342,177.087957,177.083969,1.91339159,0
7.965000,398,1,1593,4.67530727,1.63199008,93.506144,1.63199008,93.506144,-0.16976595,-9.726872,0.09980536,0.09850073,0.09980536,0.09850073,1.63190043,93.501007,1.63202214,93.507981,0.02583739,1.480373,0.02433314,1.394186,0.00008965,0.005136,-0.00003207,-0.001837,3.19248700,182.916031,3.19258475,182.921632,0.01393370,0.798342,0.01956926,1.121236,177.083969,177.078368,1.91339159,0
7.970000,398,2,1594,4.67530727,1.63199008,93.506144,1.63199008,93.506144,-0.16976595,-9.726872,0.09850073,0.05176306,0.09850073,0.05176306,1.63202214,93.507981,1.63212430,93.513834,0.02433314,1.394186,0.02042394,1.170206,-0.00003207,-0.001837,-0.00013423,-0.007691,3.19258475,182.921632,3.19270301,182.928408,0.01956926,1.121236,0.02366268,1.355772,177.078368,177.071592,1.91339159,0
7.975000,398,3,1595,4.67530727,1.63199008,93.506144,1.63199008,93.506144,-0.16976595,-9.726872,0.05176306,0.05220938,0.05176306,0.05220938,1.63212430,93.513834,1.63221264,93.518895,0.02042394,1.170206,0.01767645,1.012786,-0.00013423,-0.007691,-0.00022256,-0.012752,3.19270301,182.928408,3.19284606,182.936604,0.02366268,1.355772,0.02859404,1.638318,177.071592,177.063396,1.91339159,0
7.980000,399,0,1596,4.66221476,1.62741995,93.244295,1.62741995,93.244295,-0.22850633,-13.092448,0.05219412,0.05219412,0.05219412,0.05219412,1.63221264,93.518895,1.63229132,93.523403,0.01767645,1.012786,0.01572546,0.901002,-0.00479269,-0.274601,-0.00487137,-0.279109,3.19284606,182.936604,3.19301677,182.946385,0.02859404,1.638318,0.03413505,1.955795,177.063396,177.053615,1.90397561,0
7.985000,399,1,1597,4.66221476,1.62741995,93.244295,1.62741995,93.244295,-0.22850633,-13.092448,0.05219412,0.05186224,0.05219412,0.05186224,1.63229132,93.523403,1.63236296,93.527508,0.01572546,0.901002,0.01432058,0.820509,-0.00487137,-0.279109,-0.00494301,-0.283214,3.19301677,182.946385,3.19321752,182.957887,0.03413505,1.955795,0.04013548,2.299594,177.053615,177.042113,1.90397561,0
7.990000,399,2,1598,4.66221476,1.62741995,93.244295,1.62741995,93.244295,-0.22850633,-13.092448,0.05186224,-0.01658201,0.05186224,-0.01658201,1.63236296,93.527508,1.63240874,93.530131,0.01432058,0.820509,0.00916225,0.524958,-0.00494301,-0.283214,-0.00498879,-0.285837,3.19321752,182.957887,3.19343638,182.970427,0.04013548,2.299594,0.04375948,2.507234,177.042113,177.029573,1.90397561,0
7.995000,399,3,1599,4.66221476,1.62741995,93.244295,1.62741995,93.244295,-0.22850633,-13.092448,-0.01658201,-0.01420927,-0.01658201,-0.01420927,1.63240874,93.530131,1.63243699,93.531750,0.00916225,0.524958,0.00564531,0.323453,-0.00498879,-0.285837,-0.00501704,-0.287455,3.19343638,182.970427,3.19367933,182.984347,0.04375948,2.507234,0.04859950,2.784546,177.029573,177.015653,1.90397561,0
