time_s,target_angle_deg,motor_angle_deg,motor_vel_deg_s,motor_torque_nm,pole_angle_deg,pole_vel_deg_s,policy_action,policy_updated
0.1065,0.000,-57.201,-2.309,-0.004,0.000,0.000,3.174034,1
0.1115,-51.201,-57.289,-4.156,-0.029,0.000,0.000,3.174034,0
0.1165,-51.201,-54.564,246.099,-0.818,358.950,-87.077,3.174034,0
0.1215,-51.201,-53.135,198.080,-1.042,358.950,-87.077,3.174034,0
0.1265,-51.201,-52.058,142.673,-0.826,357.190,-187.549,3.747036,1
0.1315,-39.201,-51.311,88.189,-0.718,356.130,-183.752,3.747036,0
0.1365,-39.201,-50.651,109.429,0.851,355.430,-150.541,3.747036,0
0.1415,-39.201,-49.794,141.749,0.585,355.080,-104.354,3.747036,0
0.1465,-39.201,-48.783,153.754,0.237,354.730,-81.220,3.843246,1
0.1515,-21.201,-47.684,162.065,0.336,354.730,-81.220,3.843246,0
0.1565,-21.201,-46.234,252.563,1.623,353.670,-127.532,3.843246,0
0.1615,-21.201,-44.255,314.434,1.117,352.620,-152.872,3.843246,0
0.1665,-21.201,-41.926,355.989,0.519,350.860,-222.650,3.891577,1
0.1725,2.799,-39.024,374.458,0.062,348.750,-287.172,3.891577,0
0.1775,2.799,-36.123,482.502,2.072,346.990,-288.227,3.891577,0
0.1825,2.799,-32.474,561.918,1.009,344.180,-382.299,3.891577,0
0.1876,2.799,-28.584,598.856,0.461,344.180,-382.299,3.870747,1
0.1925,32.799,-24.518,607.167,0.237,340.660,-467.932,3.870747,0
0.1975,32.799,-20.034,720.752,2.603,337.500,-513.691,3.870747,0
0.2025,32.799,-14.781,816.790,1.416,333.630,-578.669,3.870747,0
0.2075,32.799,-14.781,816.790,1.416,329.060,-671.478,3.498200,1
0.2125,62.799,-9.154,852.805,0.411,323.790,-774.260,3.498200,0
0.2176,62.799,2.517,934.068,2.179,323.790,-774.260,3.498200,0
0.2225,62.799,9.066,1002.403,1.316,318.160,-847.810,3.498200,0
0.2275,62.799,9.066,1002.403,1.316,311.840,-961.811,2.943310,1
0.2325,86.799,22.738,1019.025,-0.145,305.160,-1036.343,2.943310,0
0.2375,86.799,29.595,1040.265,1.017,297.770,-1136.311,2.943310,0
0.2425,86.799,36.695,1060.581,0.361,290.390,-1182.688,2.943310,0
0.2476,86.799,43.728,1054.116,-0.278,290.390,-1182.688,2.761017,1
0.2525,104.799,50.651,1008.867,-0.843,282.660,-1202.139,2.761017,0
0.2575,104.799,57.355,990.398,-0.087,275.270,-1249.064,2.761017,0
0.2635,104.799,57.355,990.398,-0.087,267.890,-1242.837,2.761017,0
0.2685,104.799,71.224,916.523,-0.859,260.510,-1233.003,4.310430,1
0.2735,116.799,77.049,844.494,-1.349,253.830,-1167.651,4.310430,0
0.2785,116.799,82.499,799.245,-0.486,247.150,-1146.003,4.310430,0
0.2835,116.799,87.621,753.996,-0.859,247.150,-1146.003,4.310430,0
0.2885,116.799,87.621,753.996,-0.859,241.170,-1065.159,5.324224,1
0.2935,122.799,96.698,622.866,-1.316,235.900,-976.589,5.324224,0
0.2985,122.799,100.654,570.229,-0.760,229.920,-988.689,5.324224,0
0.3035,122.799,104.259,520.363,-0.793,224.650,-933.072,5.324224,0
0.3085,122.799,104.259,520.363,-0.793,219.020,-934.368,6.291191,1
0.3136,125.824,110.391,409.549,-0.942,219.020,-934.368,6.291191,0
0.3185,125.824,112.941,368.918,-0.693,214.100,-869.844,6.291191,0
0.3235,125.824,112.941,368.918,-0.693,208.480,-913.782,6.291191,0
0.3285,125.824,117.271,290.425,-0.677,203.550,-868.286,6.452777,1
0.3335,129.056,119.007,247.946,-0.527,197.930,-900.428,6.452777,0
0.3385,129.056,119.007,247.946,-0.527,192.300,-921.021,6.452777,0
0.3435,129.056,121.952,203.620,-0.046,192.300,-921.021,6.452777,0
0.3495,129.056,121.952,203.620,-0.046,186.680,-924.315,6.589051,1
0.3545,131.781,123.381,172.223,-0.469,181.050,-906.195,6.589051,0
0.3595,131.781,124.458,151.907,-0.203,174.730,-1017.551,6.589051,0
0.3645,131.781,125.425,142.673,0.104,168.750,-1006.020,6.589051,0
0.3695,131.781,127.183,122.357,-0.137,162.770,-1002.703,6.525895,1
0.3745,130.518,127.183,122.357,-0.137,156.450,-1025.889,6.525895,0
0.3798,130.518,128.612,90.036,-0.112,150.120,-1036.354,6.525895,0
0.3845,130.518,129.140,63.256,-0.394,150.120,-1036.354,6.525895,0
0.3895,130.518,129.469,45.711,-0.336,143.440,-1081.332,5.836376,1
0.3945,123.255,129.469,45.711,-0.336,136.410,-1125.683,5.836376,0
0.3995,123.255,129.711,30.936,-0.253,129.020,-1176.944,5.836376,0
0.4046,123.255,129.315,-68.797,-0.735,121.290,-1233.484,5.836376,0
0.4096,123.255,128.788,-83.572,-0.295,121.290,-1233.484,4.879063,1
0.4145,109.992,128.216,-86.342,-0.112,113.200,-1257.225,4.879063,0
0.4195,109.992,127.381,-150.984,-1.391,105.120,-1338.253,4.879063,0
0.4245,109.992,127.381,-150.984,-1.391,96.330,-1402.196,4.879063,0
0.4295,109.992,124.590,-241.482,-0.453,87.540,-1434.054,2.861202,1
0.4345,90.729,122.919,-254.410,-0.469,78.400,-1467.796,2.861202,0
0.4405,90.729,120.480,-369.841,-1.773,69.260,-1507.253,2.861202,0
0.4455,90.729,117.798,-423.401,-0.901,69.260,-1507.253,2.861202,0
0.4505,90.729,114.787,-456.645,-0.336,59.770,-1527.517,0.489837,1
0.4555,65.465,111.732,-462.186,-0.054,50.980,-1507.431,0.489837,0
0.4605,65.465,108.193,-567.459,-1.955,41.480,-1555.977,0.489837,0
0.4655,65.465,108.193,-567.459,-1.955,32.340,-1541.351,0.489837,0
0.4705,65.465,99.621,-680.120,-0.643,24.260,-1438.399,-1.703591,1
0.4755,35.465,95.050,-681.043,0.079,24.260,-1438.399,-1.703591,0
0.4805,35.465,90.082,-789.087,-2.395,16.170,-1381.682,-1.703591,0
0.4855,35.465,90.082,-789.087,-2.395,8.790,-1322.518,-1.703591,0
0.4905,35.465,84.390,-865.733,-1.025,1.760,-1246.135,-1.272883,1
0.4955,5.465,72.411,-897.130,0.046,355.430,-1149.835,-1.272883,0
0.5005,5.465,66.169,-971.930,-1.922,348.400,-1157.475,-1.272883,0
0.5055,5.465,66.169,-971.930,-1.922,348.400,-1157.475,-1.272883,0
0.5105,5.465,52.454,-1049.499,-0.303,342.420,-1066.745,0.840348,1
0.5155,-18.535,52.454,-1049.499,-0.303,336.450,-1038.172,0.840348,0
0.5205,-18.535,38.409,-1052.270,-0.668,329.770,-1078.897,0.840348,0
0.5255,-18.535,31.288,-1067.968,-0.187,323.090,-1095.706,0.840348,0
0.5315,-18.535,31.288,-1067.968,-0.187,315.700,-1158.338,1.301830,1
0.5365,-36.535,16.210,-995.016,0.818,308.320,-1199.429,1.301830,0
0.5416,-36.535,9.682,-976.547,-0.004,308.320,-1199.429,1.301830,0
0.5465,-36.535,3.264,-957.154,0.154,299.880,-1293.075,1.301830,0
0.5515,-36.535,3.264,-957.154,0.154,291.090,-1391.254,1.363919,1
0.5565,-48.535,-8.671,-838.029,1.316,282.660,-1396.711,1.363919,0
0.5615,-48.535,-14.034,-798.321,0.577,273.870,-1429.796,1.363919,0
0.5665,-48.535,-14.034,-798.321,0.577,265.080,-1447.174,1.363919,0
0.5716,-48.535,-23.968,-697.665,1.034,265.080,-1447.174,-0.052366,1
0.5765,-54.535,-23.968,-697.665,1.034,256.990,-1359.620,-0.052366,0
0.5816,-54.535,-32.299,-581.311,0.760,249.610,-1333.010,-0.052366,0
0.5865,-54.535,-32.299,-581.311,0.760,242.230,-1284.309,-0.052366,0
0.5915,-54.535,-39.244,-480.655,0.693,235.550,-1197.016,-0.425596,1
0.5965,-54.535,-39.244,-480.655,0.693,229.570,-1095.774,-0.425596,0
0.6016,-54.535,-44.761,-364.300,0.942,229.570,-1095.774,-0.425596,0
0.6065,-54.535,-46.893,-302.429,0.834,224.650,-949.682,-0.425596,0
0.6115,-54.535,-46.893,-302.429,0.834,219.380,-924.943,-0.629771,1
0.6175,-48.535,-48.739,-250.716,0.685,214.800,-843.294,-0.629771,0
0.6225,-48.535,-51.487,-134.362,1.349,210.940,-744.211,-0.629771,0
0.6275,-48.535,-52.014,-52.175,1.158,207.420,-665.533,-0.629771,0
0.6325,-48.535,-52.014,-52.175,1.158,204.260,-595.392,-0.713026,1
0.6375,-36.535,-51.860,43.864,0.411,204.260,-595.392,-0.713026,0
0.6425,-36.535,-51.860,43.864,0.411,201.450,-527.222,-0.713026,0
0.6475,-36.535,-50.388,159.295,1.009,199.690,-413.734,-0.713026,0
0.6525,-36.535,-49.179,190.692,0.353,197.930,-353.090,-0.979518,1
0.6575,-19.590,-47.816,209.161,0.477,196.520,-294.018,-0.979518,0
0.6625,-19.590,-47.816,209.161,0.477,195.120,-263.746,-0.979518,0
0.6675,-19.590,-46.102,295.965,1.524,195.120,-263.746,-0.979518,0
0.6725,-19.590,-41.288,390.157,0.685,194.770,-160.726,-1.162302,1
0.6775,-8.646,-41.288,390.157,0.685,194.770,-80.363,-1.162302,0
0.6825,-8.646,-38.607,404.932,0.095,194.770,-40.182,-1.162302,0
0.6876,-8.646,-32.694,462.186,0.295,195.120,8.825,-1.162302,0
0.6925,-8.646,-29.507,473.267,-0.012,196.170,91.362,-2.503357,1
0.6975,-3.702,-26.386,460.339,-0.286,196.170,91.362,-2.503357,0
0.7036,-3.702,-22.870,447.411,-0.179,197.580,162.610,-2.503357,0
0.7085,-3.702,-22.870,447.411,-0.179,198.280,139.702,-2.503357,0
0.7135,-3.702,-17.265,394.774,-0.303,199.690,189.170,-3.976446,1
0.7185,-4.758,-14.781,358.760,-0.585,200.740,181.918,-3.976446,0
0.7235,-4.758,-12.605,300.582,-0.884,201.800,179.411,-3.976446,0
0.7285,-4.758,-10.781,261.798,-0.461,202.500,148.332,-3.976446,0
0.7336,-4.758,-9.264,209.161,-0.785,202.500,148.332,-4.218635,1
0.7385,-11.814,-8.033,172.223,-0.444,203.200,129.802,-4.218635,0
0.7435,-11.814,-7.220,90.960,-1.648,203.910,126.790,-4.218635,0
0.7485,-11.814,-7.000,3.232,-1.125,204.260,92.486,-4.218635,0
0.7535,-11.814,-7.220,-51.251,-0.635,204.260,46.243,-4.213221,1
0.7585,-24.869,-7.572,-60.486,-0.220,203.910,-5.918,-4.213221,0
0.7636,-24.869,-8.253,-129.745,-1.316,203.910,-5.918,-4.213221,0
0.7686,-24.869,-9.374,-184.228,-1.142,202.850,-89.634,-4.213221,0
0.7735,-24.869,-10.781,-224.860,-0.444,202.150,-104.334,-3.739056,1
0.7785,-43.925,-12.363,-239.635,-0.411,201.450,-110.802,-3.739056,0
0.7835,-43.925,-14.363,-336.597,-1.690,200.040,-172.107,-3.739056,0
0.7885,-43.925,-14.363,-336.597,-1.690,198.980,-173.829,-3.739056,0
0.7945,-43.925,-16.935,-404.932,-1.150,197.230,-234.041,-3.275128,1
0.7995,-65.503,-23.309,-459.416,-0.336,197.230,-234.041,-3.275128,0
0.8045,-65.503,-23.309,-459.416,-0.336,195.470,-261.227,-3.275128,0
0.8095,-65.503,-26.650,-539.756,-1.939,193.710,-280.519,-3.275128,0
0.8145,-65.503,-30.540,-608.091,-0.934,191.250,-344.594,-3.286637,1
0.8195,-81.080,-38.870,-626.560,-0.029,188.790,-377.576,-3.286637,0
0.8245,-81.080,-38.870,-626.560,-0.029,187.030,-334.755,-3.286637,0
0.8295,-81.080,-47.706,-684.737,-0.245,187.030,-334.755,-3.286637,0
0.8345,-81.080,-52.256,-685.660,-0.012,184.570,-369.201,-3.625992,1
0.8395,-90.657,-56.696,-661.651,0.320,182.110,-387.802,-3.625992,0
0.8445,-90.657,-61.026,-646.876,0.162,180.000,-374.872,-3.625992,0
0.8495,-90.657,-65.246,-624.713,0.270,177.890,-363.323,-3.625992,0
0.8545,-90.657,-69.290,-600.703,0.361,176.130,-327.922,-3.412631,1
0.8595,-94.234,-73.026,-543.449,0.710,176.130,-327.922,-3.412631,0
0.8645,-94.234,-73.026,-543.449,0.710,174.730,-279.079,-3.412631,0
0.8695,-94.234,-79.598,-449.258,0.560,173.320,-259.048,-3.412631,0
0.8745,-94.234,-79.598,-449.258,0.560,171.910,-246.610,-3.266310,1
0.8805,-91.812,-85.159,-333.827,0.768,171.210,-181.624,-3.266310,0
0.8855,-91.812,-87.115,-270.109,1.025,170.510,-148.291,-3.266310,0
0.8905,-91.812,-88.676,-210.085,0.735,170.160,-103.789,-3.266310,0
0.8956,-91.812,-89.885,-162.065,0.726,170.160,-103.789,-3.348986,1
0.9006,-83.389,-90.764,-121.433,0.668,170.160,-51.894,-3.348986,0
0.9055,-83.389,-91.137,-9.696,1.756,170.510,4.959,-3.348986,0
0.9105,-83.389,-90.874,55.869,0.959,171.210,60.847,-3.348986,0
0.9155,-83.389,-90.874,55.869,0.959,172.970,177.223,-4.621040,1
0.9205,-80.966,-89.775,101.118,0.328,174.380,206.114,-4.621040,0
0.9256,-80.966,-89.027,118.663,0.203,174.380,206.114,-4.621040,0
0.9305,-80.966,-88.170,130.668,0.295,176.130,245.068,-4.621040,0
0.9355,-80.966,-88.170,130.668,0.295,178.240,303.594,-5.687513,1
0.9405,-84.544,-86.412,135.285,-0.012,179.650,268.949,-5.687513,0
0.9455,-84.544,-85.621,110.352,-0.477,181.410,281.086,-5.687513,0
0.9506,-84.544,-85.005,76.184,-0.594,183.160,286.124,-5.687513,0
0.9556,-84.544,-85.005,76.184,-0.594,183.160,286.124,-5.837334,1
0.9605,-94.121,-84.478,16.160,-0.062,184.920,280.690,-5.837334,0
0.9655,-94.121,-84.653,-55.869,-1.067,185.980,234.928,-5.837334,0
0.9715,-94.121,-85.379,-110.352,-0.743,187.030,204.959,-5.837334,0
0.9765,-94.121,-86.170,-126.051,-0.552,187.730,160.864,-5.874425,1
0.9816,-109.698,-87.049,-132.515,-0.137,188.090,110.444,-5.874425,0
0.9865,-109.698,-88.214,-204.544,-1.499,188.440,84.289,-5.874425,0
0.9915,-109.698,-89.863,-271.032,-1.050,188.440,84.289,-5.874425,0
0.9966,-109.698,-91.841,-308.894,-0.702,188.440,42.145,-5.655341,1
1.0015,-119.276,-93.929,-316.281,-0.154,188.440,21.072,-5.655341,0
1.0065,-119.276,-96.193,-360.607,-1.017,188.090,-18.943,-5.655341,0
1.0115,-119.276,-98.698,-383.693,-0.569,187.380,-68.732,-5.655341,0
1.0165,-119.276,-101.314,-398.468,-0.071,186.330,-121.887,-4.767607,1
1.0216,-122.853,-103.907,-383.693,0.311,186.330,-121.887,-4.767607,0
1.0265,-122.853,-103.907,-383.693,0.311,185.980,-89.505,-4.767607,0
1.0315,-122.853,-108.919,-365.224,0.012,185.270,-105.027,-4.767607,0
1.0365,-122.853,-111.226,-343.061,0.444,184.920,-81.657,-4.613727,1
1.0415,-120.430,-111.226,-343.061,0.444,184.220,-99.358,-4.613727,0
1.0465,-120.430,-115.249,-252.563,0.652,184.220,-49.679,-4.613727,0
1.0516,-120.430,-116.787,-211.008,0.793,184.220,-49.679,-4.613727,0
1.0576,-120.430,-116.787,-211.008,0.793,184.220,-24.839,-4.631593,1
1.0626,-112.008,-119.007,-119.587,0.262,184.920,45.663,-4.631593,0
1.0676,-112.008,-119.359,-10.620,1.474,185.620,82.650,-4.631593,0
1.0726,-112.008,-119.359,-10.620,1.474,187.380,187.523,-4.631593,0
1.0776,-112.008,-118.590,87.266,0.353,189.490,269.984,-5.568826,1
1.0826,-109.585,-117.952,102.041,0.369,191.950,339.851,-5.568826,0
1.0876,-109.585,-117.227,113.122,0.552,191.950,339.851,-5.568826,0
1.0925,-109.585,-116.414,126.051,0.286,194.770,401.756,-5.568826,0
1.0975,-109.585,-115.556,126.974,-0.071,196.880,379.601,-5.799458,1
1.1026,-113.162,-114.743,124.204,0.079,200.040,452.769,-5.799458,0
1.1075,-113.162,-114.743,124.204,0.079,202.850,460.898,-5.799458,0
1.1125,-113.162,-113.424,66.950,-0.527,205.660,463.710,-5.799458,0
1.1176,-113.162,-113.161,32.782,-0.411,205.660,463.710,-5.505955,1
1.1226,-110.739,-113.161,32.782,-0.411,208.480,452.543,-5.505955,0
1.1276,-110.739,-112.919,24.471,0.303,211.290,476.216,-5.505955,0
1.1325,-110.739,-112.743,32.782,0.079,214.450,502.110,-5.505955,0
1.1375,-110.739,-112.523,34.629,-0.012,217.270,486.770,-5.265268,1
1.1426,-105.305,-112.303,30.936,-0.029,220.430,502.501,-5.265268,0
1.1486,-105.305,-111.908,67.873,0.486,223.590,518.547,-5.265268,0
1.1535,-105.305,-111.908,67.873,0.486,223.590,518.547,-5.265268,0
1.1585,-105.305,-111.336,93.730,0.469,227.460,577.043,-4.755404,1
1.1636,-95.108,-110.040,97.424,0.195,230.980,585.833,-4.755404,0
1.1685,-95.108,-110.040,97.424,0.195,235.900,704.072,-4.755404,0
1.1735,-95.108,-109.226,136.209,0.818,240.120,703.505,-4.755404,0
1.1785,-95.108,-106.831,197.156,0.602,245.040,755.763,-3.929685,1
1.1836,-78.911,-105.446,214.702,0.021,245.040,755.763,-3.929685,0
1.1886,-78.911,-103.797,276.573,1.706,249.960,785.463,-3.929685,0
1.1935,-78.911,-101.687,339.367,0.884,255.590,870.297,-3.929685,0
1.1985,-78.911,-99.292,368.918,0.502,261.560,933.180,-2.679520,1
1.2035,-56.713,-96.764,375.382,0.345,267.890,994.122,-2.679520,0
1.2085,-56.713,-93.841,475.114,2.096,274.220,1025.169,-2.679520,0
1.2135,-56.713,-93.841,475.114,2.096,274.220,1025.169,-2.679520,0
1.2185,-56.713,-90.346,547.143,1.274,280.900,1050.716,-1.168488,1
1.2236,-28.516,-82.499,591.469,0.062,287.580,1095.715,-1.168488,0
1.2286,-28.516,-78.148,689.354,2.221,294.610,1138.788,-1.168488,0
1.2345,-28.516,-78.148,689.354,2.221,300.940,1096.986,-1.168488,0
1.2396,-28.516,-67.004,805.709,0.569,307.270,1067.517,1.441076,1
1.2446,1.484,-61.575,809.403,-0.120,313.240,1037.897,1.441076,0
1.2496,1.484,-61.575,809.403,-0.120,313.240,1037.897,1.441076,0
1.2545,1.484,-49.794,951.614,1.034,318.870,980.682,1.441076,0
1.2596,1.484,-43.332,971.930,0.428,324.140,939.110,3.094380,1
1.2646,31.484,-36.870,968.236,-0.087,328.360,820.540,3.094380,0
1.2696,31.484,-30.189,1018.102,1.524,332.230,733.783,3.094380,0
1.2745,31.484,-30.189,1018.102,1.524,335.740,658.143,3.094380,0
1.2796,31.484,-15.990,1085.514,0.071,335.740,658.143,3.933773,1
1.2846,61.484,-15.990,1085.514,0.071,338.200,520.634,3.933773,0
1.2896,61.484,-1.594,1093.825,1.059,340.660,481.129,3.933773,0
1.2945,61.484,5.770,1127.069,0.718,342.770,416.182,3.933773,0
1.2996,61.484,13.330,1134.456,0.079,344.180,325.406,4.881702,1
1.3046,91.484,20.891,1098.442,-0.851,345.590,280.217,4.881702,0
1.3096,91.484,28.254,1115.987,0.909,345.590,280.217,4.881702,0
1.3145,91.484,35.903,1140.921,0.594,346.640,226.496,4.881702,0
1.3205,91.484,35.903,1140.921,0.594,346.990,142.903,5.045122,1
1.3256,115.484,52.234,1094.748,-0.776,347.340,100.513,5.045122,0
1.3306,115.484,59.465,1081.820,0.345,347.700,80.390,5.045122,0
1.3355,115.484,66.674,1079.050,-0.079,348.050,69.408,5.045122,0
1.3405,115.484,66.674,1079.050,-0.079,348.050,34.704,4.891860,1
1.3456,133.484,80.631,1004.250,-1.067,348.050,34.704,4.891860,0
1.3505,133.484,80.631,1004.250,-1.067,348.400,45.788,4.891860,0
1.3555,133.484,93.467,946.073,-0.519,348.750,52.737,4.891860,0
1.3605,133.484,99.577,897.130,-0.768,349.100,55.712,4.363244,1
1.3656,145.484,105.358,833.412,-1.017,349.450,56.967,4.363244,0
1.3706,145.484,110.633,785.393,-0.544,350.510,116.404,4.363244,0
1.3755,145.484,115.732,745.685,-0.494,350.510,116.404,4.363244,0
1.3806,145.484,120.502,693.972,-0.934,351.910,174.296,3.911803,1
1.3856,151.484,124.854,629.330,-0.984,352.970,175.585,3.911803,0
1.3905,151.484,124.854,629.330,-0.984,355.080,264.251,3.911803,0
1.3955,151.484,128.832,576.694,-0.444,357.190,308.151,3.911803,0
1.4006,151.484,135.887,475.114,-0.843,359.650,356.957,4.580226,1
1.4056,151.484,138.876,419.707,-0.751,359.650,356.957,4.580226,0
1.4116,151.484,138.876,419.707,-0.751,2.460,409.914,4.580226,0
1.4166,151.484,143.932,296.889,-0.843,5.620,469.942,4.580226,0
1.4216,151.484,145.690,245.176,-0.710,9.490,564.551,5.223535,1
1.4265,145.484,145.690,245.176,-0.710,13.010,575.268,5.223535,0
1.4316,145.484,148.218,128.821,-1.100,17.930,697.311,5.223535,0
1.4365,145.484,148.745,53.098,-1.175,22.850,760.698,5.223535,0
1.4416,145.484,148.811,-10.620,-0.693,22.850,760.698,5.452520,1
1.4465,133.484,148.811,-10.620,-0.693,27.770,764.216,5.452520,0
1.4515,133.484,148.613,-40.170,-0.320,33.050,854.854,5.452520,0
1.4565,133.484,148.108,-102.965,-1.191,38.320,866.067,5.452520,0
1.4616,133.484,145.910,-194.386,-0.726,43.950,902.266,5.046038,1
1.4666,115.484,144.547,-209.161,-0.112,49.220,890.796,5.046038,0
1.4716,115.484,144.547,-209.161,-0.112,49.220,890.796,5.046038,0
1.4765,115.484,142.833,-297.812,-1.964,55.200,932.501,5.046038,0
1.4815,115.484,140.525,-367.994,-1.125,60.820,945.604,3.860658,1
1.4866,91.484,135.118,-418.784,-0.162,66.800,970.706,3.860658,0
1.4916,91.484,131.931,-528.674,-2.130,72.070,924.963,3.860658,0
1.4966,91.484,128.041,-596.086,-0.992,77.700,926.078,3.860658,0
1.5026,91.484,123.183,-638.565,-0.610,82.970,903.808,1.769502,1
1.5076,61.484,118.897,-642.258,-0.104,82.970,903.808,1.769502,0
1.5126,61.484,114.238,-744.761,-2.238,88.590,909.908,1.769502,0
1.5175,61.484,114.238,-744.761,-2.238,93.520,878.690,1.769502,0
1.5226,61.484,103.226,-859.269,-0.610,98.440,848.789,-1.991004,1
1.5276,31.484,97.445,-867.580,0.104,102.660,775.679,-1.991004,0
1.5326,31.484,91.423,-939.609,-1.739,106.520,707.786,-1.991004,0
1.5375,31.484,91.423,-939.609,-1.739,106.520,707.786,-1.991004,0
1.5426,31.484,78.016,-1027.336,-0.120,110.040,643.040,-3.440599,1
1.5476,1.484,71.202,-1013.485,0.378,112.500,529.652,-3.440599,0
1.5525,1.484,71.202,-1013.485,0.378,113.910,381.785,-3.440599,0
1.5576,1.484,56.959,-1107.676,-0.768,114.960,278.667,-3.440599,0
1.5626,1.484,49.530,-1117.834,-0.212,115.310,168.455,-1.877627,1
1.5676,-28.516,42.123,-1084.590,0.544,115.310,168.455,-1.877627,0
1.5725,-28.516,42.123,-1084.590,0.544,115.310,84.228,-1.877627,0
1.5775,-28.516,27.199,-1139.074,-0.602,113.910,-76.817,-1.877627,0
1.5826,-28.516,19.507,-1143.691,-0.129,111.450,-243.978,0.947962,1
1.5886,-52.516,10.803,-1098.442,0.851,108.630,-356.793,0.947962,0
1.5936,-52.516,3.550,-1089.207,-0.411,105.120,-465.765,0.947962,0
1.5985,-52.516,3.550,-1089.207,-0.411,100.900,-590.502,0.947962,0
1.6036,-52.516,-3.682,-1079.973,-0.170,100.900,-590.502,3.659133,1
1.6086,-70.516,-17.638,-1006.097,1.142,96.330,-654.976,3.659133,0
1.6136,-70.516,-24.188,-976.547,0.203,91.050,-795.670,3.659133,0
1.6186,-70.516,-30.562,-950.690,0.394,85.780,-839.594,3.659133,0
1.6236,-70.516,-36.716,-904.518,0.693,80.510,-859.309,3.624546,1
1.6286,-82.516,-42.475,-834.336,1.158,74.880,-899.220,3.624546,0
1.6336,-82.516,-47.838,-794.627,0.577,74.880,-899.220,3.624546,0
1.6386,-82.516,-52.937,-750.302,0.469,69.260,-908.538,3.624546,0
1.6435,-82.516,-52.937,-750.302,0.469,63.280,-963.116,0.639559,1
1.6486,-88.516,-62.081,-629.330,1.133,57.300,-980.331,0.639559,0
1.6536,-88.516,-66.059,-581.311,0.411,50.980,-1016.020,0.639559,0
1.6586,-88.516,-69.729,-532.368,0.552,44.300,-1065.909,0.639559,0
1.6636,-88.516,-73.092,-475.114,0.702,44.300,-1065.909,-1.605973,1
1.6686,-88.516,-73.092,-475.114,0.702,37.970,-1028.268,-1.605973,0
1.6746,-88.516,-78.983,-349.525,0.652,30.590,-1168.999,-1.605973,0
1.6796,-88.516,-81.093,-296.889,0.893,23.200,-1202.494,-1.605973,0
1.6846,-88.516,-82.851,-245.176,0.536,15.120,-1273.472,-3.428555,1
1.6896,-82.516,-84.302,-197.156,0.743,6.680,-1340.651,-3.428555,0
1.6946,-82.516,-85.379,-131.591,1.175,358.240,-1367.638,-3.428555,0
1.6995,-82.516,-85.928,-54.945,1.025,358.240,-1367.638,-3.428555,0
1.7046,-82.516,-85.972,14.313,0.602,348.750,-1468.044,-3.929785,1
1.7096,-78.596,-85.752,40.170,0.212,338.910,-1554.077,-3.929785,0
1.7146,-78.596,-85.379,66.950,0.444,329.060,-1606.072,-3.929785,0
1.7196,-78.596,-84.807,96.500,0.502,319.220,-1620.726,-3.929785,0
1.7246,-78.596,-84.148,99.271,0.411,309.380,-1627.942,-3.349306,1
1.7296,-68.675,-83.489,103.888,0.237,309.380,-1627.942,-3.349306,0
1.7346,-68.675,-82.675,135.285,0.826,299.530,-1624.218,-3.349306,0
1.7395,-68.675,-82.675,135.285,0.826,290.390,-1588.556,-3.349306,0
1.7446,-68.675,-80.323,190.692,0.627,280.900,-1582.256,-2.581255,1
1.7496,-52.755,-78.939,210.085,0.046,271.760,-1554.674,-2.581255,0
1.7546,-52.755,-77.246,280.267,1.673,262.970,-1491.356,-2.581255,0
1.7606,-52.755,-77.246,280.267,1.673,254.530,-1465.686,-2.581255,0
1.7656,-52.755,-72.367,371.688,0.262,254.530,-1465.686,-1.902638,1
1.7706,-38.053,-69.861,372.611,0.195,246.450,-1366.629,-1.902638,0
1.7756,-38.053,-67.158,431.712,1.374,239.060,-1337.863,-1.902638,0
1.7806,-38.053,-64.125,462.186,0.776,231.680,-1287.023,-1.902638,0
1.7856,-38.053,-60.916,477.885,0.403,225.000,-1200.217,-0.404696,1
1.7906,-17.351,-57.707,484.349,0.071,218.670,-1125.908,-0.404696,0
1.7957,-17.351,-54.300,542.526,1.532,218.670,-1125.908,-0.404696,0
1.8006,-17.351,-50.476,590.545,0.934,212.700,-1047.954,-0.404696,0
1.8056,-17.351,-46.453,600.703,0.270,207.420,-976.139,1.272469,1
1.8106,9.351,-42.387,604.397,-0.253,202.500,-899.562,1.272469,0
1.8155,9.351,-42.387,604.397,-0.253,197.930,-830.647,1.272469,0
1.8206,9.351,-33.156,752.149,1.000,194.060,-737.709,1.272469,0
1.8256,9.351,-33.156,752.149,1.000,194.060,-737.709,2.591626,1
1.8306,39.351,-27.991,786.316,0.403,191.250,-587.100,2.591626,0
1.8356,39.351,-17.221,860.192,2.055,188.090,-577.096,2.591626,0
1.8406,39.351,-11.089,930.374,1.191,185.620,-494.181,2.591626,0
1.8456,39.351,-4.715,956.231,0.345,183.870,-393.332,4.012131,1
1.8516,69.351,2.649,941.456,-0.137,182.110,-340.420,4.012131,0
1.8566,69.351,9.088,991.322,1.615,181.050,-260.410,4.012131,0
1.8616,69.351,15.924,1043.958,0.884,181.050,-260.410,4.012131,0
1.8666,69.351,22.957,1056.887,0.203,180.000,-216.671,5.559885,1
1.8716,99.351,22.957,1056.887,0.203,178.950,-190.282,5.559885,0
1.8766,99.351,29.925,1036.571,-0.436,178.240,-159.303,5.559885,0
1.8816,99.351,44.189,1102.136,0.502,177.190,-167.026,5.559885,0
1.8866,99.351,51.618,1111.370,0.095,176.840,-112.701,6.817849,1
1.8916,129.351,51.618,1111.370,0.095,176.840,-112.701,6.817849,0
1.8966,129.351,58.916,1077.203,-0.386,175.780,-142.751,6.817849,0
1.9016,129.351,73.686,1138.150,0.436,175.080,-131.053,6.817849,0
1.9066,129.351,73.686,1138.150,0.436,174.380,-123.794,7.842699,1
1.9116,156.854,88.786,1100.289,-0.652,173.320,-150.035,7.842699,0
1.9166,156.854,88.786,1100.289,-0.652,171.910,-192.342,7.842699,0
1.9216,156.854,103.731,1120.605,0.262,171.910,-192.342,7.842699,0
1.9266,156.854,111.248,1107.676,-0.228,170.510,-211.624,8.231339,1
1.9326,178.357,119.623,1062.427,-1.000,168.750,-254.028,8.231339,0
1.9376,178.357,126.568,1031.954,0.021,166.640,-303.755,8.231339,0
1.9426,178.357,133.426,1010.714,-0.311,163.830,-386.306,8.231339,0
1.9476,178.357,140.107,987.628,-0.735,160.660,-456.348,7.175653,1
1.9526,193.860,146.459,919.293,-1.191,156.800,-550.222,7.175653,0
1.9577,193.860,146.459,919.293,-1.191,156.800,-550.222,7.175653,0
1.9626,193.860,158.262,859.269,-0.361,151.880,-675.229,7.175653,0
1.9676,193.860,163.779,811.249,-0.893,146.950,-759.773,5.846869,1
1.9726,203.362,168.900,741.067,-0.992,140.620,-905.580,5.846869,0
1.9776,203.362,173.648,693.972,-0.569,133.950,-1009.269,5.846869,0
1.9826,203.362,178.110,654.263,-0.560,126.560,-1118.933,5.846869,0
1.9877,203.362,182.242,593.316,-0.785,126.560,-1118.933,3.781763,1
1.9926,206.865,186.044,545.296,-1.150,118.120,-1224.770,3.781763,0
1.9976,206.865,189.429,492.660,-0.909,109.340,-1390.107,3.781763,0
2.0026,206.865,192.550,445.564,-1.034,100.200,-1457.419,3.781763,0
2.0076,206.865,195.297,387.387,-0.735,90.700,-1519.246,0.940488,1
2.0126,204.368,197.671,329.209,-0.735,80.860,-1571.426,0.940488,0
2.0186,204.368,197.671,329.209,-0.735,70.660,-1644.140,0.940488,0
2.0236,204.368,201.408,203.620,-0.619,70.660,-1644.140,0.940488,0
2.0286,204.368,202.551,149.137,-0.893,60.470,-1653.029,-2.422071,1
2.0336,195.871,203.408,114.969,-0.726,50.620,-1652.059,-2.422071,0
2.0386,195.871,203.715,1.385,-1.723,40.430,-1697.082,-2.422071,0
2.0436,195.871,203.452,-61.409,-0.934,30.590,-1669.485,-2.422071,0
2.0486,195.871,202.924,-86.342,-0.718,21.450,-1592.373,-6.009258,1
2.0536,181.373,202.287,-102.041,-0.469,21.450,-1592.373,-6.009258,0
2.0586,181.373,201.320,-174.993,-1.374,11.600,-1603.310,-6.009258,0
2.0636,181.373,199.869,-246.099,-1.059,2.460,-1581.188,-6.009258,0
2.0686,181.373,198.111,-270.109,-0.428,353.670,-1516.387,-5.187235,1
2.0736,160.876,196.199,-291.348,-0.519,345.230,-1466.885,-5.187235,0
2.0786,160.876,193.847,-394.774,-1.881,336.800,-1430.621,-5.187235,0
2.0836,160.876,190.902,-467.727,-0.901,336.800,-1430.621,-5.187235,0
2.0886,160.876,187.605,-503.741,-0.361,329.410,-1324.177,-2.324605,1
2.0936,134.379,184.154,-511.129,-0.037,322.380,-1249.702,-2.324605,0
2.0986,134.379,184.154,-511.129,-0.037,315.350,-1215.151,-2.324605,0
2.1036,134.379,175.714,-705.053,-1.299,308.670,-1161.760,-2.324605,0
2.1096,134.379,170.087,-734.603,-0.444,302.700,-1074.864,-0.040803,1
2.1146,104.379,165.120,-741.067,0.095,296.720,-1041.158,-0.040803,0
2.1197,104.379,159.933,-832.489,-2.204,296.720,-1041.158,-0.040803,0
2.1246,104.379,159.933,-832.489,-2.204,290.390,-1035.746,-0.040803,0
2.1296,104.379,147.954,-933.145,-0.179,284.770,-993.688,1.087730,1
2.1346,74.379,147.954,-933.145,-0.179,278.790,-999.259,1.087730,0
2.1396,74.379,141.756,-924.834,0.212,273.160,-969.090,1.087730,0
2.1446,74.379,128.480,-1043.035,-0.876,267.890,-924.201,1.087730,0
2.1496,74.379,121.425,-1063.351,-0.046,267.890,-924.201,1.337274,1
2.1546,44.379,121.425,-1063.351,-0.046,262.620,-874.271,1.337274,0
2.1596,44.379,107.380,-1085.514,-1.125,258.050,-843.923,1.337274,0
2.1646,44.379,99.973,-1120.605,-0.718,253.830,-775.335,1.337274,0
2.1696,44.379,92.456,-1122.452,-0.195,250.660,-650.533,-0.058467,1
2.1746,14.379,92.456,-1122.452,-0.195,247.500,-588.739,-0.058467,0
2.1797,14.379,85.005,-1087.361,0.660,247.500,-588.739,-0.058467,0
2.1846,14.379,70.081,-1152.002,-0.635,245.390,-466.015,-0.058467,0
2.1896,14.379,62.300,-1140.921,-0.021,243.980,-353.743,-3.566417,1
2.1946,-15.621,54.783,-1107.676,0.843,243.280,-234.857,-3.566417,0
2.2006,-15.621,46.190,-1123.375,-0.976,242.930,-146.698,-3.566417,0
2.2056,-15.621,38.607,-1140.921,-0.320,243.630,-15.916,-3.566417,0
2.2106,-15.621,31.002,-1133.533,0.245,245.390,140.951,-6.667959,1
2.2156,-45.621,31.002,-1133.533,0.245,245.390,140.951,-6.667959,0
2.2206,-45.621,16.320,-1101.212,-0.868,247.500,243.423,-6.667959,0
2.2256,-45.621,8.891,-1122.452,-0.361,250.660,389.338,-6.667959,0
2.2306,-45.621,1.440,-1114.141,0.137,254.530,517.299,-5.611138,1
2.2356,-75.621,-5.879,-1081.820,0.602,258.750,610.377,-5.611138,0
2.2406,-75.621,-5.879,-1081.820,0.602,263.320,683.064,-5.611138,0
2.2456,-75.621,-20.628,-1120.605,-0.536,263.320,683.064,-5.611138,0
2.2506,-75.621,-28.035,-1118.758,0.145,268.950,805.731,-4.747312,1
2.2556,-99.621,-28.035,-1118.758,0.145,274.220,809.464,-4.747312,0
2.2606,-99.621,-42.629,-1084.590,-0.494,279.840,923.403,-4.747312,0
2.2656,-99.621,-49.904,-1095.672,-0.262,285.470,930.535,-4.747312,0
2.2706,-99.621,-57.179,-1067.968,0.453,290.740,906.422,-3.696032,1
2.2756,-117.621,-64.191,-1019.949,1.183,290.740,906.422,-3.696032,0
2.2806,-117.621,-70.872,-984.858,0.286,296.020,884.442,-3.696032,0
2.2856,-117.621,-77.444,-962.695,0.560,300.590,828.701,-3.696032,0
2.2916,-117.621,-84.675,-905.441,1.059,304.800,765.675,-0.539604,1
2.2966,-129.621,-90.412,-831.565,1.341,308.670,705.194,-0.539604,0
2.3016,-129.621,-95.709,-785.393,0.428,312.190,646.959,-0.539604,0
2.3066,-129.621,-95.709,-785.393,0.428,315.000,557.393,-0.539604,0
2.3117,-129.621,-100.720,-735.527,0.810,315.000,557.393,2.485397,1
2.3166,-135.621,-109.666,-610.861,0.926,317.460,472.910,2.485397,0
2.3216,-135.621,-113.556,-572.076,0.726,319.920,452.947,2.485397,0
2.3266,-135.621,-117.139,-524.980,0.834,321.680,374.336,2.485397,0
2.3316,-135.621,-117.139,-524.980,0.834,323.090,303.665,4.891960,1
2.3366,-135.621,-123.293,-413.243,0.909,324.490,269.130,4.891960,0
2.3417,-135.621,-125.799,-359.683,0.602,324.490,269.130,4.891960,0
2.3466,-135.621,-127.931,-301.506,0.868,325.200,192.993,4.891960,0
2.3516,-135.621,-129.733,-246.099,0.751,325.900,155.233,5.163912,1
2.3566,-129.621,-131.228,-209.161,0.710,326.600,136.132,5.163912,0
2.3616,-129.621,-131.228,-209.161,0.710,326.950,97.131,5.163912,0
2.3666,-129.621,-132.898,-49.404,1.158,326.950,48.566,5.163912,0
2.3717,-129.621,-132.964,7.849,0.660,326.950,48.566,4.139057,1
2.3777,-117.621,-132.744,41.093,0.311,326.950,24.283,4.139057,0
2.3826,-117.621,-132.744,41.093,0.311,326.600,-17.814,4.139057,0
2.3876,-117.621,-132.217,108.505,1.092,326.250,-38.755,4.139057,0
2.3926,-117.621,-131.272,156.525,0.917,325.550,-76.976,3.464339,1
2.3987,-99.621,-128.414,211.931,0.145,324.490,-116.854,3.464339,0
2.4037,-99.621,-128.414,211.931,0.145,323.790,-125.911,3.464339,0
2.4086,-99.621,-126.700,295.965,1.889,322.380,-180.622,3.464339,0
2.4137,-99.621,-121.842,392.004,0.436,322.380,-180.622,3.052890,1
2.4186,-75.621,-119.117,416.014,0.137,321.330,-171.982,3.052890,0
2.4236,-75.621,-115.952,521.287,2.096,319.570,-244.002,3.052890,0
2.4286,-75.621,-112.062,598.856,0.967,318.160,-239.465,3.052890,0
2.4336,-75.621,-107.886,630.254,0.544,315.700,-325.436,2.635073,1
2.4396,-45.621,-107.886,630.254,0.544,313.240,-363.898,2.635073,0
2.4446,-45.621,-98.303,736.450,2.204,310.430,-419.123,2.635073,0
2.4496,-45.621,-92.984,819.561,1.324,310.430,-419.123,2.635073,0
2.4546,-45.621,-87.335,854.652,0.594,307.620,-440.854,2.288305,1
2.4596,-15.621,-81.576,862.963,-0.112,303.750,-546.902,2.288305,0
2.4646,-15.621,-81.576,862.963,-0.112,300.230,-567.040,2.288305,0
2.4696,-15.621,-69.048,1002.403,1.042,296.020,-635.111,2.288305,0
2.4746,-15.621,-62.234,1030.107,0.203,291.450,-697.225,1.519803,1
2.4796,14.379,-55.421,1015.332,-0.403,291.450,-697.225,1.519803,0
2.4846,14.379,-48.519,1054.116,1.225,286.520,-751.414,1.519803,0
2.4896,14.379,-48.519,1054.116,1.225,281.600,-795.783,1.519803,0
2.4946,14.379,-33.837,1116.911,0.320,276.680,-807.076,0.439907,1
2.4996,38.379,-26.518,1082.743,-0.502,271.760,-815.740,0.439907,0
2.5046,38.379,-19.243,1096.595,0.403,267.190,-787.020,0.439907,0
2.5096,38.379,-11.902,1100.289,0.095,267.190,-787.020,0.439907,0
2.5146,38.379,-4.561,1079.973,-0.328,262.970,-743.134,1.190588,1
2.5196,56.379,2.583,1031.030,-0.909,259.100,-695.337,1.190588,0
2.5246,56.379,9.352,1000.556,0.037,255.590,-641.185,1.190588,0
2.5306,56.379,9.352,1000.556,0.037,252.770,-555.434,1.190588,0
2.5356,56.379,23.177,912.829,-0.909,250.310,-479.703,1.366525,1
2.5406,68.379,23.177,912.829,-0.909,248.200,-418.355,1.366525,0
2.5456,68.379,28.936,831.565,-1.250,248.200,-418.355,1.366525,0
2.5506,68.379,34.299,785.393,-0.643,246.450,-351.912,1.366525,0
2.5556,68.379,44.014,678.273,-1.059,245.040,-296.017,1.611002,1
2.5606,74.379,48.322,617.325,-1.084,243.630,-265.197,1.611002,0
2.5656,74.379,52.212,567.459,-0.428,242.580,-220.608,1.611002,0
2.5706,74.379,55.795,520.363,-0.552,242.230,-139.404,1.611002,0
2.5757,74.379,59.047,465.880,-0.619,242.230,-139.404,0.618221,1
2.5806,74.379,61.927,414.167,-0.718,241.520,-125.775,0.618221,0
2.5856,74.379,64.432,356.913,-0.868,241.520,-62.888,0.618221,0
2.5906,74.379,64.432,356.913,-0.868,241.170,-60.695,0.618221,0
2.5956,74.379,68.389,254.410,-0.594,240.820,-59.417,-0.728556,1
2.6006,68.379,69.883,208.238,-0.768,240.820,-29.708,-0.728556,0
2.6057,68.379,71.004,135.285,-1.308,240.820,-29.708,-0.728556,0
2.6106,68.379,71.004,135.285,-1.308,240.820,-14.854,-0.728556,0
2.6156,68.379,71.664,-6.926,-0.577,241.170,22.278,-2.403128,1
2.6216,56.379,71.400,-41.093,-0.278,241.170,11.139,-2.403128,0
2.6266,56.379,70.872,-109.429,-1.358,241.170,5.570,-2.403128,0
2.6316,56.379,69.927,-159.295,-1.084,241.880,62.174,-2.403128,0
2.6366,56.379,68.740,-187.922,-0.436,241.880,31.087,-2.614519,1
2.6416,38.379,67.378,-208.238,-0.453,241.880,31.087,-2.614519,0
2.6466,38.379,67.378,-208.238,-0.453,242.580,73.776,-2.614519,0
2.6516,38.379,65.663,-294.118,-1.665,243.280,95.919,-2.614519,0
2.6566,38.379,60.784,-405.856,-0.693,243.630,77.155,-2.693122,1
2.6616,14.379,58.058,-415.090,-0.137,244.690,127.143,-2.693122,0
2.6666,14.379,58.058,-415.090,-0.137,245.740,150.957,-2.693122,0
2.6716,14.379,54.871,-525.904,-1.997,245.740,150.957,-2.693122,0
2.6766,14.379,51.025,-597.933,-1.142,247.150,191.620,-3.863820,1
2.6816,-15.621,42.563,-637.641,-0.154,248.200,181.761,-3.863820,0
2.6866,-15.621,42.563,-637.641,-0.154,249.960,242.171,-3.863820,0
2.6916,-15.621,32.431,-837.106,-1.308,252.070,296.353,-3.863820,0
2.6966,-15.621,32.431,-837.106,-1.308,254.530,350.534,-4.688510,1
2.7016,-45.621,26.562,-874.044,-0.693,254.530,350.534,-4.688510,0
2.7077,-45.621,13.550,-957.154,-2.096,256.990,378.067,-4.688510,0
2.7127,-45.621,6.869,-1020.872,-1.100,259.800,424.461,-4.688510,0
2.7176,-45.621,-0.033,-1034.724,-0.369,263.320,511.921,-5.197347,1
2.7226,-75.621,-0.033,-1034.724,-0.369,267.190,578.311,-5.197347,0
2.7276,-75.621,-13.770,-1046.729,-1.274,271.050,610.346,-5.197347,0
2.7326,-75.621,-20.979,-1091.054,-0.643,275.270,658.764,-5.197347,0
2.7377,-75.621,-28.320,-1098.442,0.046,275.270,658.764,-5.173288,1
2.7426,-103.466,-35.574,-1077.203,0.610,279.490,657.729,-5.173288,0
2.7476,-103.466,-42.761,-1089.207,-0.934,283.710,706.186,-5.173288,0
2.7526,-103.466,-42.761,-1089.207,-0.934,288.280,733.762,-5.173288,0
2.7576,-103.466,-50.146,-1115.064,-0.502,292.150,688.651,-3.348101,1
2.7626,-125.311,-57.575,-1107.676,0.195,296.020,666.296,-3.348101,0
2.7677,-125.311,-71.839,-1059.657,-0.162,296.020,666.296,-3.348101,0
2.7726,-125.311,-78.873,-1057.810,0.104,299.530,621.352,-3.348101,0
2.7776,-125.311,-85.796,-1015.332,0.444,302.700,579.384,-0.588686,1
2.7826,-141.155,-92.522,-962.695,0.976,305.160,494.642,-0.588686,0
2.7876,-141.155,-98.786,-913.752,0.278,307.270,423.039,-0.588686,0
2.7926,-141.155,-104.852,-884.202,0.627,309.020,356.042,-0.588686,0
2.7986,-141.155,-104.852,-884.202,0.627,310.080,267.179,2.391362,1
2.8036,-151.000,-116.567,-751.225,1.158,310.080,267.179,2.391362,0
2.8086,-151.000,-121.359,-705.976,0.619,310.780,191.283,2.391362,0
2.8136,-151.000,-121.359,-705.976,0.619,311.130,125.156,2.391362,0
2.8186,-151.000,-125.865,-669.038,0.461,311.130,62.578,4.578380,1
2.8236,-154.845,-133.821,-543.449,1.133,311.130,31.289,4.578380,0
2.8286,-154.845,-133.821,-543.449,1.133,310.430,-42.629,4.578380,0
2.8336,-154.845,-140.283,-433.559,0.868,310.430,-42.629,4.578380,0
2.8386,-154.845,-140.283,-433.559,0.868,309.730,-79.281,4.476111,1
2.8436,-152.690,-145.360,-335.674,0.552,308.670,-128.429,4.476111,0
2.8486,-152.690,-145.360,-335.674,0.552,307.620,-152.007,4.476111,0
2.8536,-152.690,-148.987,-219.319,0.602,306.560,-164.130,4.476111,0
2.8586,-152.690,-148.987,-219.319,0.602,305.510,-169.885,3.754447,1
2.8637,-144.534,-151.229,-132.515,0.652,305.510,-169.885,3.754447,0
2.8687,-144.534,-151.668,-22.624,1.607,304.100,-200.156,3.754447,0
2.8736,-144.534,-151.493,45.711,0.751,302.700,-218.709,3.754447,0
2.8786,-144.534,-151.493,45.711,0.751,301.290,-226.994,3.318973,1
2.8846,-130.379,-150.306,96.500,0.494,299.880,-231.131,3.318973,0
2.8896,-130.379,-149.427,162.065,1.449,298.830,-202.314,3.318973,0
2.8946,-130.379,-149.427,162.065,1.449,297.770,-189.894,3.318973,0
2.8997,-130.379,-146.437,262.721,0.718,297.770,-189.894,3.199004,1
2.9046,-110.224,-144.657,270.109,0.320,296.370,-205.264,3.199004,0
2.9096,-110.224,-142.415,377.229,1.872,295.660,-165.599,3.199004,0
2.9146,-110.224,-139.580,452.028,1.175,294.260,-199.344,3.199004,0
2.9196,-110.224,-139.580,452.028,1.175,293.200,-188.367,3.168379,1
2.9246,-84.069,-136.437,486.196,0.702,291.800,-210.663,3.168379,0
2.9298,-84.069,-129.403,599.780,2.271,291.800,-210.663,3.168379,0
2.9347,-84.069,-125.007,684.737,1.125,291.090,-163.070,3.168379,0
2.9397,-84.069,-120.260,718.905,0.635,289.690,-200.498,2.993160,1
2.9446,-54.069,-115.424,729.986,-0.079,288.630,-188.631,2.993160,0
2.9496,-54.069,-110.193,819.561,2.453,287.230,-211.295,2.993160,0
2.9546,-54.069,-104.325,899.901,1.349,285.820,-222.895,2.993160,0
2.9597,-54.069,-98.105,932.221,0.328,285.820,-222.895,2.676601,1
2.9646,-24.069,-91.753,924.834,-0.270,284.060,-250.160,2.676601,0
2.9706,-24.069,-91.753,924.834,-0.270,282.660,-249.066,2.676601,0
2.9756,-24.069,-77.312,1055.040,0.901,280.900,-271.295,2.676601,0
2.9806,-24.069,-77.312,1055.040,0.901,279.140,-282.015,1.514410,1
2.9856,5.931,-63.202,1043.035,-0.394,277.380,-287.809,1.514410,0
2.9906,5.931,-56.168,1068.892,1.050,275.980,-259.850,1.514410,0
2.9956,5.931,-56.168,1068.892,1.050,275.980,-259.850,1.514410,0
3.0007,5.931,-41.464,1104.906,0.021,274.220,-274.188,0.348206,1
3.0057,29.931,-34.167,1079.973,-0.419,272.810,-251.061,0.348206,0
3.0106,29.931,-27.002,1079.050,0.552,271.760,-218.088,0.348206,0
3.0156,29.931,-27.002,1079.050,0.552,270.700,-197.555,0.348206,0
3.0206,29.931,-12.605,1061.504,-0.428,270.350,-127.838,-0.751248,1
3.0257,47.931,-5.682,1013.485,-1.167,270.350,-127.838,-0.751248,0
3.0306,47.931,-5.682,1013.485,-1.167,269.650,-121.230,-0.751248,0
3.0356,47.931,7.418,963.618,-0.536,269.300,-90.371,-0.751248,0
3.0406,47.931,13.726,914.676,-0.942,269.300,-45.186,-1.307243,1
3.0456,59.931,19.617,847.264,-1.316,269.300,-22.593,-1.307243,0
3.0506,59.931,25.089,802.015,-0.469,270.000,46.586,-1.307243,0
3.0556,59.931,30.299,761.383,-0.810,270.000,46.586,-1.307243,0
3.0617,59.931,30.299,761.383,-0.810,271.050,110.804,-1.990687,1
3.0667,65.931,40.167,614.555,-1.374,271.760,111.263,-1.990687,0
3.0717,65.931,44.058,565.612,-0.768,273.160,180.233,-1.990687,0
3.0766,65.931,44.058,565.612,-0.768,274.920,236.880,-1.990687,0
3.0816,65.931,50.981,464.033,-0.951,276.680,265.281,-1.129266,1
3.0876,65.931,50.981,464.033,-0.951,278.790,305.185,-1.129266,0
3.0926,65.931,56.674,349.525,-1.034,281.250,358.307,-1.129266,0
3.0976,65.931,56.674,349.525,-1.034,281.250,358.307,-1.129266,0
3.1026,65.931,58.718,290.425,-0.560,284.060,413.811,0.388153,1
3.1076,59.931,61.795,188.845,-0.411,286.880,444.477,0.388153,0
3.1126,59.931,62.828,129.745,-1.457,290.390,516.449,0.388153,0
3.1177,59.931,63.311,50.328,-1.241,294.260,579.735,0.388153,0
3.1226,59.931,63.311,50.328,-1.241,298.480,641.615,0.848572,1
3.1277,47.931,63.180,-37.400,-0.494,298.480,641.615,0.848572,0
3.1327,47.931,62.674,-112.199,-1.407,303.050,694.402,0.848572,0
3.1376,47.931,61.751,-160.218,-0.685,308.320,794.634,0.848572,0
3.1426,47.931,61.751,-160.218,-0.685,313.950,868.204,0.951505,1
3.1476,29.931,60.520,-197.156,-0.693,319.570,901.102,0.951505,0
3.1526,29.931,57.399,-307.047,-1.806,325.900,978.291,0.951505,0
3.1576,29.931,55.069,-366.147,-0.801,325.900,978.291,0.951505,0
3.1626,29.931,52.388,-408.626,-0.552,332.580,1041.110,0.920059,1
3.1677,17.931,49.552,-420.631,-0.328,339.960,1142.387,0.920059,0
3.1727,17.931,46.585,-460.339,-1.133,346.640,1124.932,0.920059,0
3.1787,17.931,42.827,-495.430,-0.511,354.380,1209.390,0.920059,0
3.1836,17.931,39.530,-494.507,-0.179,2.110,1232.713,0.942936,1
3.1887,11.931,36.277,-484.349,0.104,9.840,1278.455,0.942936,0
3.1937,11.931,36.277,-484.349,0.104,9.840,1278.455,0.942936,0
3.1986,11.931,33.134,-476.961,-0.162,16.880,1213.447,0.942936,0
3.2036,11.931,30.057,-457.569,-0.029,24.260,1238.422,0.208366,1
3.2087,4.167,24.430,-397.545,0.610,31.640,1233.492,0.208366,0
3.2137,4.167,21.924,-372.611,0.179,38.320,1173.445,0.208366,0
3.2186,4.167,19.507,-357.836,0.004,45.000,1145.352,0.208366,0
3.2237,4.167,17.177,-343.061,0.004,45.000,1145.352,-0.688282,1
3.2287,-9.597,15.001,-317.205,0.469,51.680,1092.288,-0.688282,0
3.2336,-9.597,15.001,-317.205,0.469,57.660,1080.305,-0.688282,0
3.2386,-9.597,12.847,-341.214,-0.810,63.980,1067.992,-0.688282,0
3.2436,-9.597,10.517,-357.836,-0.685,69.960,1031.903,-1.848829,1
3.2487,-29.361,5.638,-362.454,0.129,75.590,985.086,-1.848829,0
3.2537,-29.361,2.934,-435.406,-1.648,75.590,985.086,-1.848829,0
3.2586,-29.361,-0.231,-486.196,-1.084,81.210,952.202,-1.848829,0
3.2636,-29.361,-3.682,-516.669,-0.536,86.480,924.134,-3.128142,1
3.2696,-55.125,-7.704,-512.976,0.062,91.760,901.883,-3.128142,0
3.2746,-55.125,-7.704,-512.976,0.062,96.680,860.533,-3.128142,0
3.2796,-55.125,-15.792,-670.885,-1.191,101.250,811.056,-3.128142,0
3.2846,-55.125,-15.792,-670.885,-1.191,105.470,754.721,-4.255703,1
3.2897,-85.114,-25.155,-705.053,0.054,105.470,754.721,-4.255703,0
3.2946,-85.114,-25.155,-705.053,0.054,109.340,694.679,-4.255703,0
3.2996,-85.114,-30.233,-805.709,-2.279,112.500,613.523,-4.255703,0
3.3046,-85.114,-41.992,-915.599,-0.403,114.960,511.831,-4.726582,1
3.3097,-109.103,-48.058,-910.982,0.220,116.720,402.643,-4.726582,0
3.3146,-109.103,-48.058,-910.982,0.220,117.420,259.725,-4.726582,0
3.3196,-109.103,-54.256,-957.154,-1.059,117.420,259.725,-4.726582,0
3.3246,-109.103,-60.784,-985.781,-0.453,117.770,158.638,-4.023323,1
3.3297,-127.093,-73.818,-956.231,0.610,117.770,79.319,-4.023323,0
3.3346,-127.093,-73.818,-956.231,0.610,116.720,-48.251,-4.023323,0
3.3396,-127.093,-80.148,-949.767,-0.278,115.310,-141.808,-4.023323,0
3.3446,-127.093,-92.654,-913.752,0.394,112.850,-275.639,-1.173707,1
3.3497,-139.082,-98.588,-850.034,1.167,112.850,-275.639,-1.173707,0
3.3546,-139.082,-98.588,-850.034,1.167,110.040,-369.062,-1.173707,0
3.3606,-139.082,-104.039,-804.785,0.544,106.880,-451.156,-1.173707,0
3.3657,-139.082,-114.897,-700.436,1.025,103.360,-520.868,-0.338476,1
3.3707,-145.072,-119.271,-635.794,0.959,99.840,-552.407,-0.338476,0
3.3756,-145.072,-119.271,-635.794,0.959,95.270,-658.311,-0.338476,0
3.3806,-145.072,-123.227,-576.694,0.718,91.050,-682.605,-0.338476,0
3.3859,-145.072,-130.107,-466.803,0.942,86.480,-718.644,-2.045261,1
3.3907,-145.061,-130.107,-466.803,0.942,86.480,-718.644,-2.045261,0
3.3957,-145.061,-135.492,-350.449,0.660,81.560,-772.379,-2.045261,0
3.4006,-145.061,-135.492,-350.449,0.660,76.290,-825.909,-2.045261,0
3.4057,-145.061,-139.382,-249.793,0.585,70.660,-882.614,-3.798324,1
3.4108,-139.050,-140.833,-201.773,0.743,65.390,-876.152,-3.798324,0
3.4158,-139.050,-141.910,-138.979,1.084,65.390,-876.152,-3.798324,0
3.4207,-139.050,-142.459,-54.945,1.042,58.710,-980.195,-3.798324,0
3.4256,-139.050,-142.459,-54.945,1.042,52.380,-1038.146,-5.047780,1
3.4307,-127.040,-142.261,42.940,0.179,45.350,-1103.990,-5.047780,0
3.4356,-127.040,-142.261,42.940,0.179,37.620,-1196.559,-5.047780,0
3.4407,-127.040,-140.745,165.759,0.967,29.530,-1261.920,-5.047780,0
3.4467,-127.040,-139.294,190.692,0.453,21.450,-1309.450,-5.349550,1
3.4517,-109.029,-137.887,211.008,0.295,21.450,-1309.450,-5.349550,0
3.4567,-109.029,-136.151,298.736,1.623,12.660,-1372.449,-5.349550,0
3.4616,-109.029,-133.865,362.454,1.117,3.870,-1442.510,-5.349550,0
3.4666,-109.029,-133.865,362.454,1.117,354.380,-1510.213,-5.051858,1
3.4717,-97.018,-128.546,411.396,0.071,344.530,-1575.764,-5.051858,0
3.4766,-97.018,-128.546,411.396,0.071,334.690,-1598.074,-5.051858,0
3.4816,-97.018,-125.667,452.951,0.843,334.690,-1598.074,-5.051858,0
3.4867,-97.018,-119.249,488.043,0.120,324.140,-1672.065,-4.677878,1
3.4917,-91.008,-116.018,476.961,-0.170,313.950,-1690.184,-4.677878,0
3.4966,-91.008,-116.018,476.961,-0.170,304.100,-1670.761,-4.677878,0
3.5017,-91.008,-109.776,458.492,-0.021,293.910,-1684.028,-4.677878,0
3.5067,-91.008,-106.809,428.942,-0.137,284.410,-1633.499,-3.794728,1
3.5117,-78.997,-104.061,398.468,-0.369,284.410,-1633.499,-3.794728,0
3.5167,-78.997,-101.446,393.851,0.320,274.920,-1594.353,-3.794728,0
3.5217,-78.997,-98.764,398.468,0.037,265.780,-1572.943,-3.794728,0
3.5267,-78.997,-96.083,398.468,-0.046,256.990,-1519.915,-2.886041,1
3.5317,-60.987,-93.467,385.540,-0.062,248.550,-1464.874,-2.886041,0
3.5367,-60.987,-90.764,425.248,1.266,240.120,-1422.465,-2.886041,0
3.5426,-60.987,-90.764,425.248,1.266,232.030,-1395.832,-2.886041,0
3.5477,-60.987,-87.225,468.650,0.776,232.030,-1395.832,-1.540567,1
3.5527,-36.976,-83.994,483.425,0.369,225.350,-1219.228,-1.540567,0
3.5577,-36.976,-77.290,557.301,1.798,218.320,-1235.946,-1.540567,0
3.5627,-36.976,-73.268,621.019,1.034,211.990,-1147.135,-1.540567,0
3.5677,-36.976,-68.982,650.569,0.262,206.370,-1041.415,0.101648,1
3.5727,-6.976,-64.630,650.569,0.037,201.450,-930.028,0.101648,0
3.5777,-6.976,-59.905,747.532,2.287,201.450,-930.028,0.101648,0
3.5827,-6.976,-54.520,828.795,1.283,196.520,-868.840,0.101648,0
3.5877,-6.976,-48.805,864.809,0.320,192.660,-762.479,1.861493,1
3.5927,23.024,-43.025,864.809,-0.120,189.840,-615.096,1.861493,0
3.5977,23.024,-36.958,942.379,1.989,186.680,-572.610,1.861493,0
3.6026,23.024,-36.958,942.379,1.989,184.570,-461.262,1.861493,0
3.6078,23.024,-30.364,1011.638,1.092,184.570,-461.262,3.030034,1
3.6127,53.024,-16.561,1020.872,-0.278,182.810,-367.346,3.030034,0
3.6177,53.024,-16.561,1020.872,-0.278,181.050,-342.225,3.030034,0
3.6227,53.024,-9.572,1060.581,1.208,179.650,-287.179,3.030034,0
3.6287,53.024,-2.231,1100.289,0.527,178.590,-232.272,4.420106,1
3.6337,83.024,6.363,1113.217,0.104,177.890,-173.093,4.420106,0
3.6387,83.024,20.847,1097.518,0.726,176.840,-175.585,4.420106,0
3.6436,83.024,20.847,1097.518,0.726,176.840,-175.585,4.420106,0
3.6487,83.024,28.254,1114.141,0.519,175.430,-204.337,6.078384,1
3.6537,113.024,43.047,1082.743,-0.685,174.020,-219.444,6.078384,0
3.6586,113.024,43.047,1082.743,-0.685,172.620,-228.154,6.078384,0
3.6636,113.024,50.300,1096.595,0.818,170.860,-260.753,6.078384,0
3.6686,113.024,57.773,1134.456,0.486,169.100,-275.298,7.683834,1
3.6737,143.024,72.675,1089.207,-0.544,169.100,-275.298,7.683834,0
3.6786,143.024,72.675,1089.207,-0.544,166.990,-312.890,7.683834,0
3.6837,143.024,87.489,1132.610,0.403,164.180,-395.432,7.683834,0
3.6887,143.024,95.050,1134.456,0.029,161.370,-432.577,8.470534,1
3.6937,169.411,102.457,1090.131,-0.461,158.200,-479.435,8.470534,0
3.6987,169.411,109.842,1095.672,0.477,153.630,-618.619,8.470534,0
3.7037,169.411,117.381,1107.676,0.154,153.630,-618.619,8.470534,0
3.7087,169.411,117.381,1107.676,0.154,149.060,-683.724,7.424141,1
3.7147,189.797,133.052,1040.265,-1.200,143.790,-768.273,7.424141,0
3.7197,189.797,139.844,1018.102,-0.104,137.110,-969.434,7.424141,0
3.7247,189.797,146.547,998.710,-0.311,130.080,-1071.265,7.424141,0
3.7297,189.797,153.031,957.154,-0.743,121.990,-1210.327,5.302263,1
3.7347,204.184,159.163,891.589,-1.208,112.850,-1367.858,5.302263,0
3.7397,204.184,164.944,853.728,-0.212,112.850,-1367.858,5.302263,0
3.7447,204.184,170.549,826.025,-0.594,103.360,-1461.021,5.302263,0
3.7497,204.184,175.846,773.388,-0.984,93.160,-1592.064,1.552727,1
3.7547,212.571,180.747,706.900,-1.358,82.970,-1647.779,1.552727,0
3.7597,212.571,185.253,662.574,-0.444,72.420,-1700.210,1.552727,0
3.7647,212.571,189.495,614.555,-0.926,61.880,-1731.924,1.552727,0
3.7698,212.571,193.407,561.918,-1.017,61.880,-1731.924,-1.851682,1
3.7747,214.957,196.924,504.665,-1.158,51.330,-1703.576,-1.851682,0
3.7797,214.957,200.001,445.564,-0.917,41.480,-1716.899,-1.851682,0
3.7847,214.957,202.770,389.234,-0.976,31.640,-1680.417,-1.851682,0
3.7897,214.957,205.188,340.291,-0.652,22.150,-1632.330,-5.685184,1
3.7947,211.344,207.276,295.042,-0.751,13.010,-1564.234,-5.685184,0
3.8007,211.344,209.188,219.319,-1.117,3.870,-1552.685,-5.685184,0
3.8056,211.344,209.188,219.319,-1.117,3.870,-1552.685,-5.685184,0
3.8106,211.344,210.397,161.142,-0.826,355.430,-1468.898,-5.757676,1
3.8157,201.731,211.738,49.404,-0.668,346.990,-1449.393,-5.757676,0
3.8207,201.731,211.672,-45.711,-1.225,339.260,-1366.889,-5.757676,0
3.8257,201.731,211.123,-95.577,-0.502,332.230,-1271.020,-5.757676,0
3.8307,201.731,210.331,-133.438,-0.527,325.550,-1190.445,-2.564237,1
3.8357,186.117,210.331,-133.438,-0.527,325.550,-1190.445,-2.564237,0
3.8407,186.117,209.386,-147.290,-0.453,319.220,-1114.438,-2.564237,0
3.8457,186.117,206.463,-278.420,-1.100,313.240,-1063.092,-2.564237,0
3.8507,186.117,204.441,-310.740,-0.436,307.970,-972.956,-0.005655,1
3.8557,164.504,202.287,-327.362,-0.411,302.700,-924.499,-0.005655,0
3.8607,164.504,199.715,-432.636,-2.113,297.770,-872.846,-0.005655,0
3.8657,164.504,196.484,-503.741,-1.250,297.770,-872.846,-0.005655,0
3.8707,164.504,192.968,-542.526,-0.751,293.550,-783.616,1.470204,1
3.8757,136.891,189.231,-548.990,-0.328,289.690,-718.483,1.470204,0
3.8807,136.891,185.077,-665.345,-2.263,285.820,-680.931,1.470204,0
3.8857,136.891,180.242,-742.914,-1.241,282.300,-633.334,1.470204,0
3.8917,136.891,174.285,-782.623,-0.179,279.140,-576.263,2.705708,1
3.8967,106.891,169.032,-778.929,-0.037,275.980,-556.668,2.705708,0
3.9018,106.891,163.603,-858.345,-2.030,275.980,-556.668,2.705708,0
3.9067,106.891,157.559,-924.834,-1.025,273.160,-508.205,2.705708,0
3.9117,106.891,151.251,-955.307,-0.179,270.700,-463.374,3.190744,1
3.9167,76.891,144.877,-951.614,0.295,268.240,-436.274,3.190744,0
3.9217,76.891,144.877,-951.614,0.295,266.130,-393.833,3.190744,0
3.9267,76.891,131.294,-1055.963,-0.702,264.730,-313.969,3.190744,0
3.9318,76.891,124.238,-1074.432,-0.029,264.730,-313.969,2.121225,1
3.9367,46.891,117.117,-1059.657,0.428,262.970,-295.068,2.121225,0
3.9417,46.891,109.974,-1090.131,-1.258,261.910,-241.507,2.121225,0
3.9467,46.891,102.545,-1133.533,-0.643,261.560,-149.943,2.121225,0
3.9517,46.891,95.006,-1127.992,-0.021,261.560,-74.971,-1.035706,1
3.9567,16.891,87.533,-1098.442,0.610,261.210,-66.504,-1.035706,0
3.9618,16.891,80.170,-1116.911,-0.934,261.210,-66.504,-1.035706,0
3.9667,16.891,72.521,-1145.538,-0.585,261.910,24.085,-1.035706,0
3.9717,16.891,64.828,-1136.303,0.129,263.320,132.185,-4.144806,1
3.9777,-13.109,56.124,-1094.748,0.743,264.730,183.341,-4.144806,0
3.9827,-13.109,48.805,-1104.906,-0.735,266.480,237.693,-4.144806,0
3.9877,-13.109,41.354,-1116.911,-0.303,268.590,292.118,-4.144806,0
3.9927,-13.109,33.881,-1114.141,0.095,271.050,353.718,-3.800718,1
3.9977,-43.109,26.540,-1080.896,0.536,271.050,353.718,-3.800718,0
4.0027,-43.109,26.540,-1080.896,0.536,273.870,408.111,-3.800718,0
4.0077,-43.109,11.880,-1119.681,-0.336,276.680,441.721,-3.800718,0
4.0127,-43.109,11.880,-1119.681,-0.336,279.490,455.204,-3.407789,1
4.0177,-68.156,-2.956,-1092.901,0.469,282.300,461.817,-3.407789,0
4.0227,-68.156,-10.187,-1088.284,-0.552,285.120,465.420,-3.407789,0
4.0277,-68.156,-17.463,-1094.748,-0.120,285.120,465.420,-3.407789,0
4.0327,-68.156,-17.463,-1094.748,-0.120,287.580,436.038,-4.282580,1
4.0377,-87.202,-31.705,-1030.107,1.075,290.040,418.649,-4.282580,0
4.0427,-87.202,-31.705,-1030.107,1.075,292.150,390.693,-4.282580,0
4.0477,-87.202,-45.091,-983.011,0.361,294.260,371.254,-4.282580,0
4.0527,-87.202,-51.596,-944.226,0.843,295.660,302.432,-3.322169,1
4.0577,-100.249,-57.729,-877.738,1.391,295.660,302.432,-3.322169,0
4.0627,-100.249,-63.421,-831.565,0.378,297.070,264.962,-3.322169,0
4.0687,-100.249,-69.685,-786.316,0.486,297.770,192.845,-3.322169,0
4.0737,-100.249,-74.675,-727.216,1.117,298.480,155.503,-0.721642,1
4.0787,-107.295,-79.181,-655.187,1.034,298.830,106.813,-0.721642,0
4.0837,-107.295,-83.313,-602.550,0.552,299.180,82.556,-0.721642,0
4.0887,-107.295,-87.203,-562.842,0.834,299.180,41.278,-0.721642,0
4.0937,-107.295,-90.698,-502.818,0.992,299.180,41.278,1.242248,1
4.0987,-108.342,-93.797,-446.487,1.025,299.180,20.639,1.242248,0
4.1037,-108.342,-96.522,-395.698,0.793,299.180,10.320,1.242248,0
4.1087,-108.342,-96.522,-395.698,0.793,299.180,5.160,1.242248,0
4.1137,-108.342,-100.940,-285.807,0.884,298.830,-26.659,2.897284,1
4.1187,-103.388,-102.654,-240.558,0.494,298.480,-42.346,2.897284,0
4.1238,-103.388,-103.973,-179.611,1.183,298.480,-42.346,2.897284,0
4.1287,-103.388,-104.896,-114.969,1.133,298.120,-50.742,2.897284,0
4.1337,-103.388,-105.358,-53.098,0.751,297.770,-55.049,3.759250,1
4.1387,-92.434,-105.490,-5.079,0.353,297.420,-56.702,3.759250,0
4.1437,-92.434,-105.138,82.649,1.225,297.070,-57.555,3.759250,0
4.1487,-92.434,-105.138,82.649,1.225,297.070,-28.777,3.759250,0
4.1538,-92.434,-103.314,167.606,0.619,297.070,-28.777,3.687172,1
4.1597,-75.481,-101.951,183.305,0.087,296.720,-41.724,3.687172,0
4.1647,-75.481,-101.951,183.305,0.087,296.720,-20.862,3.687172,0
4.1697,-75.481,-100.413,257.180,1.822,296.720,-10.431,3.687172,0
4.1747,-75.481,-96.039,363.377,0.511,296.720,-5.215,3.440069,1
4.1797,-52.527,-93.555,372.611,0.428,296.720,-2.608,3.440069,0
4.1847,-52.527,-90.676,477.885,2.188,296.720,-1.304,3.440069,0
4.1897,-52.527,-87.115,560.071,1.233,296.720,-1.304,3.440069,0
4.1947,-52.527,-83.203,596.086,0.594,296.720,-0.652,3.170121,1
4.1997,-23.574,-79.247,600.703,0.029,296.370,-29.855,3.170121,0
4.2047,-23.574,-79.247,600.703,0.029,296.370,-14.927,3.170121,0
4.2097,-23.574,-74.785,707.823,2.370,295.660,-66.732,3.170121,0
4.2147,-23.574,-64.213,829.718,0.635,294.960,-91.653,2.748852,1
4.2197,6.426,-64.213,829.718,0.635,294.960,-91.653,2.748852,0
4.2247,6.426,-58.652,832.489,-0.120,293.910,-130.574,2.748852,0
4.2297,6.426,-46.343,983.011,1.084,292.850,-156.850,2.748852,0
4.2347,6.426,-39.596,1004.250,0.369,291.800,-165.874,1.932941,1
4.2407,36.426,-39.596,1004.250,0.369,290.040,-229.281,1.932941,0
4.2457,36.426,-24.958,1033.801,1.233,288.280,-258.869,1.932941,0
4.2507,36.426,-24.958,1033.801,1.233,286.170,-309.196,1.932941,0
4.2557,36.426,-10.627,1081.820,0.262,286.170,-309.196,1.242694,1
4.2607,60.426,-3.484,1056.887,-0.428,283.710,-347.199,1.242694,0
4.2657,60.426,3.572,1062.427,0.552,281.950,-329.908,1.242694,0
4.2707,60.426,10.737,1074.432,0.137,279.840,-340.645,1.242694,0
4.2757,60.426,17.836,1056.887,-0.369,277.380,-375.538,0.958489,1
4.2807,78.426,24.716,1016.255,-0.976,275.620,-333.990,0.958489,0
4.2858,78.426,31.354,990.398,-0.095,275.620,-333.990,0.958489,0
4.2907,78.426,31.354,990.398,-0.095,273.870,-310.953,0.958489,0
4.2957,78.426,37.859,960.848,-0.461,272.110,-304.448,1.221780,1
4.3007,90.426,49.948,849.111,-1.358,270.350,-298.961,1.221780,0
4.3057,90.426,55.421,802.938,-0.419,269.300,-237.003,1.221780,0
4.3107,90.426,55.421,802.938,-0.419,268.240,-206.531,1.221780,0
4.3158,90.426,65.421,701.359,-0.826,268.240,-206.531,1.151103,1
4.3207,96.426,69.905,630.254,-1.341,267.540,-158.622,1.151103,0
4.3257,96.426,73.906,582.234,-0.785,267.190,-110.204,1.151103,0
4.3307,96.426,77.620,535.138,-0.810,266.840,-84.361,1.151103,0
4.3367,96.426,77.620,535.138,-0.810,266.840,-42.181,0.346401,1
4.3417,96.426,81.466,469.574,-0.843,267.190,7.974,0.346401,0
4.3467,96.426,86.807,353.219,-1.042,267.540,33.246,0.346401,0
4.3517,96.426,88.917,295.042,-0.577,267.540,33.246,0.346401,0
4.3567,96.426,90.698,247.946,-0.859,268.240,74.297,-0.156957,1
4.3617,90.426,92.148,198.080,-0.436,269.650,151.704,-0.156957,0
4.3667,90.426,92.148,198.080,-0.436,271.050,196.957,-0.156957,0
4.3717,90.426,93.225,132.515,-1.432,272.810,245.876,-0.156957,0
4.3767,90.426,93.885,-6.002,-0.843,274.920,298.646,0.455329,1
4.3817,78.426,93.709,-37.400,-0.560,274.920,298.646,0.455329,0
4.3867,78.426,93.203,-98.347,-1.532,277.030,322.036,0.455329,0
4.3917,78.426,92.302,-152.831,-0.909,279.490,370.057,0.455329,0
4.3967,78.426,91.093,-191.616,-0.594,282.660,448.571,0.869021,1
4.4017,60.426,89.709,-217.472,-0.536,285.820,487.059,0.869021,0
4.4067,60.426,87.950,-302.429,-1.623,289.340,536.281,0.869021,0
4.4117,60.426,85.621,-368.918,-1.025,289.340,536.281,0.869021,0
4.4167,60.426,82.961,-404.932,-0.776,293.550,617.172,0.659781,1
4.4227,36.426,79.708,-424.325,-0.353,297.770,649.819,0.659781,0
4.4277,36.426,76.499,-529.598,-2.229,302.340,721.757,0.659781,0
4.4327,36.426,72.653,-597.933,-1.200,307.270,771.471,0.659781,0
4.4377,36.426,68.499,-633.024,-0.369,312.540,824.367,0.512565,1
4.4427,10.251,64.257,-634.871,-0.037,318.160,880.906,0.512565,0
4.4478,10.251,59.663,-730.909,-2.063,318.160,880.906,0.512565,0
4.4527,10.251,54.498,-798.321,-0.893,323.790,898.868,0.512565,0
4.4577,10.251,54.498,-798.321,-0.893,329.410,929.083,0.315048,1
4.4627,-9.924,43.596,-814.943,-0.029,335.390,963.199,0.315048,0
4.4677,-9.924,38.035,-844.494,-0.751,341.370,979.478,0.315048,0
4.4727,-9.924,32.255,-874.044,-0.345,346.990,958.726,0.315048,0
4.4778,-9.924,26.430,-870.350,-0.095,346.990,958.726,-0.333948,1
4.4827,-24.099,20.738,-843.570,0.527,352.620,918.619,-0.333948,0
4.4877,-24.099,15.221,-821.407,0.112,358.240,959.936,-0.333948,0
4.4927,-24.099,15.221,-821.407,0.112,3.520,920.580,-0.333948,0
4.4977,-24.099,4.473,-777.082,0.660,8.790,899.881,-0.644897,1
4.5027,-32.274,-0.517,-707.823,1.000,13.360,825.288,-0.644897,0
4.5078,-32.274,-5.110,-667.192,0.619,13.360,825.288,-0.644897,0
4.5137,-32.274,-5.110,-667.192,0.619,18.280,818.146,-0.644897,0
4.5187,-32.274,-13.858,-564.689,0.926,22.500,758.086,-0.466669,1
4.5237,-34.449,-17.309,-497.277,1.050,26.720,735.832,-0.466669,0
4.5287,-34.449,-20.342,-439.100,0.810,30.230,668.115,-0.466669,0
4.5337,-34.449,-23.045,-384.616,0.544,33.750,627.733,-0.466669,0
4.5387,-34.449,-25.375,-334.750,0.793,36.910,575.590,0.447421,1
4.5437,-30.624,-27.353,-281.190,0.818,36.910,575.590,0.447421,0
4.5487,-30.624,-28.958,-220.242,0.909,39.380,490.624,0.447421,0
4.5537,-30.624,-30.145,-157.448,0.876,41.480,423.981,0.447421,0
4.5587,-30.624,-30.145,-157.448,0.876,43.590,387.575,2.103829,1
4.5637,-20.799,-31.441,-56.792,0.876,44.650,281.974,2.103829,0
4.5687,-20.799,-31.397,46.634,1.465,45.700,228.018,2.103829,0
4.5738,-20.799,-30.848,95.577,1.092,45.700,228.018,2.103829,0
4.5787,-20.799,-30.848,95.577,1.092,45.700,114.009,3.837565,1
4.5837,-4.974,-29.134,146.367,0.104,45.700,57.004,3.837565,0
4.5887,-4.974,-27.837,227.630,1.681,45.700,28.502,3.837565,0
4.5937,-4.974,-26.035,283.037,0.826,44.300,-102.518,3.837565,0
4.5987,-4.974,-23.903,327.362,0.751,42.890,-166.135,3.946422,1
4.6047,16.851,-21.309,340.291,0.378,41.130,-232.936,3.946422,0
4.6097,16.851,-21.309,340.291,0.378,41.130,-232.936,3.946422,0
4.6147,16.851,-15.375,512.052,1.000,39.380,-258.762,3.946422,0
4.6197,16.851,-11.792,547.143,0.536,36.560,-370.212,3.381510,1
4.6247,44.676,-11.792,547.143,0.536,33.400,-448.093,3.381510,0
4.6297,44.676,-3.989,663.498,2.453,30.590,-458.289,3.381510,0
4.6347,44.676,0.824,744.761,1.075,27.420,-493.839,3.381510,0
4.6397,44.676,0.824,744.761,1.075,27.420,-493.839,3.154725,1
4.6447,66.501,11.242,780.776,-0.054,23.550,-552.818,3.154725,0
4.6497,66.501,11.242,780.776,-0.054,19.690,-616.985,3.154725,0
4.6547,66.501,22.430,874.967,0.768,15.820,-630.698,3.154725,0
4.6597,66.501,28.298,878.661,0.095,11.950,-637.264,3.310533,1
4.6647,82.326,34.123,862.039,-0.536,8.090,-640.899,3.310533,0
4.6698,82.326,34.123,862.039,-0.536,8.090,-640.899,3.310533,0
4.6747,82.326,45.508,843.570,0.046,4.570,-604.328,3.310533,0
4.6797,82.326,51.113,817.714,-0.560,1.050,-605.475,3.410878,1
4.6847,92.151,56.476,764.154,-1.034,357.890,-565.509,3.410878,0
4.6907,92.151,62.147,722.598,-0.311,354.730,-546.063,3.410878,0
4.6957,92.151,62.147,722.598,-0.311,351.910,-506.715,3.410878,0
4.7007,92.151,71.048,619.172,-1.009,349.450,-458.245,3.236661,1
4.7057,95.976,74.917,555.454,-1.000,349.450,-458.245,3.236661,0
4.7107,95.976,78.367,500.971,-0.677,346.990,-429.714,3.236661,0
4.7157,95.976,81.466,443.717,-0.760,345.230,-364.916,3.236661,0
4.7207,95.976,84.170,395.698,-0.868,344.180,-269.567,2.902117,1
4.7257,93.801,84.170,395.698,-0.868,343.120,-223.268,2.902117,0
4.7307,93.801,88.544,273.802,-0.801,342.420,-169.822,2.902117,0
4.7357,93.801,90.148,220.242,-0.951,342.420,-169.822,2.902117,0
4.7407,93.801,90.148,220.242,-0.951,342.420,-84.911,2.475143,1
4.7457,85.626,91.401,163.912,-0.602,342.420,-42.456,2.475143,0
4.7507,85.626,92.764,16.160,-1.781,342.770,9.293,2.475143,0
4.7557,85.626,92.764,16.160,-1.781,344.180,122.244,2.475143,0
4.7607,85.626,92.060,-76.184,-0.361,346.640,265.885,2.642953,1
4.7657,71.451,91.445,-97.424,-0.220,346.640,265.885,2.642953,0
4.7707,71.451,90.522,-172.223,-1.524,348.750,305.495,2.642953,0
4.7757,71.451,89.115,-228.553,-0.992,351.210,361.264,2.642953,0
4.7817,71.451,87.159,-270.109,-0.610,354.380,445.058,2.647395,1
4.7867,52.948,85.313,-282.114,-0.087,357.540,484.828,2.647395,0
4.7917,52.948,83.137,-368.918,-1.897,1.050,535.900,2.647395,0
4.7967,52.948,83.137,-368.918,-1.897,4.920,590.849,2.647395,0
4.8018,52.948,77.378,-461.263,-0.577,4.920,590.849,1.831856,1
4.8067,36.637,77.378,-461.263,-0.577,9.490,654.270,1.831856,0
4.8117,36.637,74.235,-476.038,-0.129,13.710,701.358,1.831856,0
4.8167,36.637,67.180,-568.383,-0.710,18.630,759.442,1.831856,0
4.8217,36.637,63.333,-578.540,-0.361,23.550,790.086,0.445301,1
4.8267,14.326,59.465,-570.229,0.021,28.830,836.396,0.445301,0
4.8320,14.326,55.509,-623.789,-1.291,34.100,856.514,0.445301,0
4.8367,14.326,51.091,-680.120,-0.726,34.100,856.514,0.445301,0
4.8417,14.326,46.519,-689.354,-0.444,39.380,872.454,-1.195232,1
4.8467,-13.984,41.948,-689.354,0.262,45.350,933.426,-1.195232,0
4.8517,-13.984,37.068,-763.230,-2.005,50.980,935.910,-1.195232,0
4.8567,-13.984,31.595,-823.254,-0.901,56.950,962.764,-1.195232,0
4.8618,-13.984,31.595,-823.254,-0.901,56.950,962.764,-2.216960,1
4.8677,-43.984,25.969,-846.341,-0.444,63.630,1002.844,-2.216960,0
4.8727,-43.984,19.331,-846.341,0.162,70.310,1072.742,-2.216960,0
4.8777,-43.984,7.220,-965.465,-1.133,76.990,1118.771,-2.216960,0
4.8827,-43.984,7.220,-965.465,-1.133,83.670,1116.057,-3.250708,1
4.8877,-67.984,-5.857,-971.930,0.179,90.350,1115.446,-3.250708,0
4.8927,-67.984,-5.857,-971.930,0.179,96.330,1052.087,-3.250708,0
4.8977,-67.984,-19.177,-1017.178,-0.461,96.330,1052.087,-3.250708,0
4.9027,-67.984,-25.991,-1016.255,-0.021,102.300,1018.953,-5.256800,1
4.9077,-97.984,-25.991,-1016.255,-0.021,107.930,974.834,-5.256800,0
4.9127,-97.984,-39.222,-1002.403,-1.059,112.850,908.424,-5.256800,0
4.9177,-97.984,-46.080,-1041.188,-0.693,116.720,774.678,-5.256800,0
4.9227,-97.984,-53.003,-1035.647,-0.195,120.230,679.304,-6.036853,1
4.9277,-121.984,-53.003,-1035.647,-0.195,120.230,679.304,-6.036853,0
4.9328,-121.984,-66.608,-1021.796,-0.693,123.050,569.654,-6.036853,0
4.9377,-121.984,-73.510,-1043.958,-0.336,124.800,434.307,-6.036853,0
4.9427,-121.984,-73.510,-1043.958,-0.336,126.210,334.400,-4.856465,1
4.9477,-139.984,-87.203,-979.317,0.926,126.560,196.386,-4.856465,0
4.9527,-139.984,-93.709,-961.772,0.046,126.560,98.193,-4.856465,0
4.9587,-139.984,-93.709,-961.772,0.046,126.210,19.671,-4.856465,0
4.9637,-139.984,-101.094,-935.915,0.477,126.210,19.671,-3.196185,1
4.9687,-151.984,-112.809,-820.484,1.050,124.800,-101.027,-3.196185,0
4.9737,-151.984,-112.809,-820.484,1.050,123.050,-206.234,-3.196185,0
4.9787,-151.984,-123.051,-742.914,0.536,120.590,-306.874,-3.196185,0
4.9837,-151.984,-127.799,-691.201,1.017,118.120,-359.862,-1.185755,1
4.9887,-157.984,-132.085,-617.325,1.000,115.310,-413.496,-1.185755,0
4.9938,-157.984,-135.997,-575.770,0.378,115.310,-413.496,-1.185755,0
4.9987,-157.984,-139.580,-520.363,0.610,112.150,-466.561,-1.185755,0
5.0037,-157.984,-142.833,-467.727,0.710,108.630,-531.746,-1.363103,1
5.0087,-157.984,-145.712,-411.396,0.643,105.470,-529.276,-1.363103,0
5.0137,-157.984,-148.196,-348.602,0.859,101.600,-586.740,-1.363103,0
5.0187,-157.984,-148.196,-348.602,0.859,98.090,-585.774,-1.363103,0
5.0238,-157.984,-152.130,-256.257,0.403,98.090,-585.774,-1.994348,1
5.0288,-151.984,-153.603,-205.467,0.735,93.520,-647.357,-1.994348,0
5.0338,-151.984,-154.724,-142.673,1.216,89.300,-704.908,-1.994348,0
5.0387,-151.984,-155.317,-55.869,1.050,85.080,-705.509,-1.994348,0
5.0437,-151.984,-155.405,7.849,0.560,79.800,-793.012,-3.288649,1
5.0497,-139.984,-155.163,44.787,0.237,74.880,-800.445,-3.288649,0
5.0547,-139.984,-154.614,106.658,1.291,69.260,-872.965,-3.288649,0
5.0597,-139.984,-153.647,159.295,1.025,69.260,-872.965,-3.288649,0
5.0647,-139.984,-152.438,187.922,0.519,62.930,-957.397,-5.024816,1
5.0697,-121.984,-151.075,208.238,0.378,56.950,-982.930,-5.024816,0
5.0747,-121.984,-149.317,296.889,1.656,50.620,-1022.224,-5.024816,0
5.0797,-121.984,-147.031,367.994,1.142,43.590,-1097.711,-5.024816,0
5.0847,-121.984,-144.437,401.238,0.619,36.210,-1158.362,-5.610332,1
5.0898,-109.984,-141.668,417.860,0.054,36.210,-1158.362,-5.610332,0
5.0947,-109.984,-138.745,455.722,0.735,28.120,-1238.327,-5.610332,0
5.0997,-109.984,-138.745,455.722,0.735,20.740,-1254.652,-5.610332,0
5.1047,-109.984,-132.195,496.354,-0.037,12.660,-1300.090,-5.198041,1
5.1097,-103.961,-128.920,482.502,-0.353,4.570,-1323.926,-5.198041,0
5.1147,-103.961,-128.920,482.502,-0.353,356.840,-1302.114,-5.198041,0
5.1197,-103.961,-122.612,455.722,-0.245,356.840,-1302.114,-5.198041,0
5.1247,-103.961,-119.601,435.406,-0.353,348.400,-1346.512,-4.275897,1
5.1297,-91.937,-116.809,393.851,-0.353,340.660,-1317.280,-4.275897,0
5.1357,-91.937,-113.776,395.698,0.486,332.930,-1311.133,-4.275897,0
5.1408,-91.937,-113.776,395.698,0.486,325.550,-1269.829,-4.275897,0
5.1457,-91.937,-108.523,385.540,-0.129,318.520,-1209.841,-2.799762,1
5.1508,-73.914,-105.973,377.229,-0.311,311.130,-1232.316,-2.799762,0
5.1558,-73.914,-103.358,416.014,1.291,311.130,-1232.316,-2.799762,0
5.1607,-73.914,-103.358,416.014,1.291,304.100,-1195.042,-2.799762,0
5.1657,-73.914,-97.270,468.650,0.477,296.720,-1219.252,-1.783610,1
5.1707,-49.890,-94.105,477.885,0.195,289.690,-1196.085,-1.783610,0
5.1757,-49.890,-90.610,559.148,1.947,282.660,-1184.594,-1.783610,0
5.1807,-49.890,-86.588,622.866,1.167,275.980,-1148.924,-1.783610,0
5.1858,-49.890,-86.588,622.866,1.167,275.980,-1148.924,-1.446148,1
5.1907,-28.923,-82.280,658.880,0.286,269.300,-1106.478,-1.446148,0
5.1957,-28.923,-77.906,652.416,0.062,262.970,-1106.272,-1.446148,0
5.2007,-28.923,-73.334,708.747,1.457,256.640,-1079.870,-1.446148,0
5.2058,-28.923,-63.311,764.154,0.278,251.020,-1007.807,-2.149009,1
5.2108,-13.956,-58.146,754.919,-0.262,245.740,-941.331,-2.149009,0
5.2158,-13.956,-53.091,757.689,0.369,245.740,-941.331,-2.149009,0
5.2207,-13.956,-53.091,757.689,0.369,241.170,-848.893,-2.149009,0
5.2267,-13.956,-47.992,752.149,0.087,236.950,-781.439,-0.460157,1
5.2317,-4.989,-37.442,691.201,-0.702,233.440,-683.488,-0.460157,0
5.2367,-4.989,-32.980,663.498,-0.477,230.620,-577.065,-0.460157,0
5.2417,-4.989,-28.738,615.478,-0.685,227.460,-551.565,-0.460157,0
5.2467,-4.989,-28.738,615.478,-0.685,225.000,-478.288,-0.331350,1
5.2518,-2.022,-21.199,516.669,-0.901,225.000,-478.288,-0.331350,0
5.2568,-2.022,-18.012,463.109,-0.693,222.190,-469.967,-0.331350,0
5.2617,-2.022,-15.133,413.243,-0.776,219.380,-475.405,-0.331350,0
5.2667,-2.022,-15.133,413.243,-0.776,216.910,-442.965,0.306513,1
5.2717,6.130,-12.605,357.836,-0.884,214.100,-454.697,0.306513,0
5.2767,6.130,-8.473,284.884,-0.004,211.640,-433.174,0.306513,0
5.2817,6.130,-6.561,279.343,-0.120,211.640,-433.174,0.306513,0
5.2867,6.130,-4.737,273.802,0.012,208.830,-448.824,0.936709,1
5.2917,18.734,-3.000,259.951,-0.328,206.370,-430.804,0.936709,0
5.2967,18.734,-1.242,275.649,0.884,203.550,-450.398,0.936709,0
5.3017,18.734,0.758,296.889,0.328,201.450,-400.756,0.936709,0
5.3067,18.734,2.890,319.975,0.369,199.690,-345.470,1.799851,1
5.3128,35.997,5.374,321.822,0.129,197.930,-320.521,1.799851,0
5.3178,35.997,5.374,321.822,0.129,197.930,-320.521,1.799851,0
5.3227,35.997,7.704,373.535,1.183,196.170,-304.630,1.799851,0
5.3277,35.997,13.374,450.181,0.336,195.120,-241.194,2.621013,1
5.3328,52.420,16.386,450.181,0.129,194.770,-149.844,2.621013,0
5.3378,52.420,19.573,500.047,1.266,194.060,-134.032,2.621013,0
5.3427,52.420,23.089,538.832,0.693,194.060,-67.016,2.621013,0
5.3478,52.420,26.760,552.684,0.137,194.060,-67.016,2.958466,1
5.3527,62.843,26.760,552.684,0.137,194.060,-33.508,2.958466,0
5.3577,62.843,30.430,544.373,-0.278,194.770,45.730,2.958466,0
5.3627,62.843,34.101,550.837,0.220,195.470,81.265,2.958466,0
5.3677,62.843,37.771,548.067,-0.021,196.170,98.610,2.540027,1
5.3728,67.267,41.420,537.909,-0.195,197.230,137.680,2.540027,0
5.3780,67.267,44.915,509.282,-0.502,197.930,126.850,2.540027,0
5.3828,67.267,51.267,448.334,-0.536,197.930,126.850,2.540027,0
5.3878,67.267,54.146,406.779,-0.768,198.980,151.499,1.942497,1
5.3928,65.690,56.674,355.989,-0.868,199.690,135.133,1.942497,0
5.3978,65.690,58.850,298.736,-0.627,200.390,125.754,1.942497,0
5.4037,65.690,60.850,235.941,-0.868,200.740,91.732,1.942497,0
5.4087,65.690,62.234,189.769,-0.369,201.090,75.414,1.285945,1
5.4138,58.113,63.311,151.907,-0.610,201.090,75.414,1.285945,0
5.4188,58.113,63.927,58.639,-1.781,201.090,37.707,1.285945,0
5.4237,58.113,63.949,-18.931,-1.183,201.090,18.853,1.285945,0
5.4288,58.113,63.641,-60.486,-0.726,200.390,-49.013,0.809026,1
5.4338,44.536,63.641,-60.486,-0.726,198.980,-142.137,0.809026,0
5.4387,44.536,63.180,-77.108,-0.494,197.930,-158.337,0.809026,0
5.4437,44.536,62.432,-143.596,-1.349,197.930,-158.337,0.809026,0
5.4488,44.536,59.685,-247.022,-0.785,196.520,-195.053,1.149970,1
5.4538,24.960,58.014,-261.798,-0.286,195.120,-213.810,1.149970,0
5.4587,24.960,58.014,-261.798,-0.286,193.360,-256.420,1.149970,0
5.4637,24.960,53.179,-433.559,-1.258,191.250,-303.489,1.149970,0
5.4688,24.960,50.124,-465.880,-0.776,188.790,-356.797,1.815470,1
5.4738,11.383,46.959,-480.655,-0.369,188.790,-356.797,1.815470,0
5.4787,11.383,46.959,-480.655,-0.369,185.980,-409.165,1.815470,0
5.4837,11.383,39.925,-547.143,-0.685,183.160,-443.308,1.815470,0
5.4898,11.383,35.574,-560.995,-0.012,180.350,-455.820,2.453949,1
5.4948,3.806,31.925,-537.909,0.411,177.190,-491.375,2.453949,0
5.4997,3.806,31.925,-537.909,0.411,174.380,-480.413,2.453949,0
5.5047,3.806,24.848,-519.440,0.270,171.210,-504.242,2.453949,0
5.5098,3.806,24.848,-519.440,0.270,171.210,-504.242,3.739142,1
5.5148,2.229,18.386,-448.334,0.793,168.400,-473.817,3.739142,0
5.5197,2.229,18.386,-448.334,0.793,165.940,-453.213,3.739142,0
5.5247,2.229,13.089,-361.530,0.627,163.120,-462.108,3.739142,0
5.5297,2.229,10.891,-310.740,0.652,161.020,-406.147,4.639921,1
5.5348,6.653,9.001,-264.568,0.818,158.550,-408.263,4.639921,0
5.5399,6.653,7.484,-202.697,0.868,158.550,-408.263,4.639921,0
5.5448,6.653,6.407,-142.673,0.884,156.450,-376.190,4.639921,0
5.5498,6.653,5.682,-87.266,1.050,155.040,-307.929,4.884839,1
5.5548,17.076,5.308,-46.634,0.818,153.280,-300.840,4.884839,0
5.5598,17.076,5.484,55.869,1.582,152.230,-237.763,4.884839,0
5.5648,17.076,6.121,114.046,0.893,151.520,-177.916,4.884839,0
5.5699,17.076,7.022,144.520,0.386,151.520,-177.916,5.102175,1
5.5758,33.499,8.253,165.759,0.369,150.820,-144.067,5.102175,0
5.5808,33.499,9.616,239.635,1.681,150.470,-102.548,5.102175,0
5.5858,33.499,11.528,304.276,1.067,149.770,-110.607,5.102175,0
5.5907,33.499,11.528,304.276,1.067,149.410,-85.330,5.451061,1
5.5958,55.922,13.726,340.291,0.411,149.410,-42.665,5.451061,0
5.6007,55.922,16.078,355.989,0.394,149.060,-50.554,5.451061,0
5.6058,55.922,22.298,542.526,1.250,149.060,-50.554,5.451061,0
5.6108,55.922,26.035,571.153,0.660,149.060,-25.277,6.113990,1
5.6158,84.346,29.903,580.387,0.137,149.060,-12.639,6.113990,0
5.6207,84.346,29.903,580.387,0.137,149.060,-6.319,6.113990,0
5.6258,84.346,39.288,775.235,1.324,149.410,26.099,6.113990,0
5.6307,84.346,44.717,812.173,0.444,149.410,13.049,7.092511,1
5.6368,114.346,51.003,803.862,-0.162,149.770,36.733,7.092511,0
5.6418,114.346,56.674,885.125,1.955,149.770,36.733,7.092511,0
5.6467,114.346,56.674,885.125,1.955,149.770,18.367,7.092511,0
5.6517,114.346,62.894,948.843,1.150,149.770,9.183,7.951855,1
5.6568,144.346,75.884,967.312,-0.037,149.410,-25.538,7.951855,0
5.6618,144.346,75.884,967.312,-0.037,148.010,-129.106,7.951855,0
5.6668,144.346,89.621,1072.585,0.818,146.600,-182.321,7.951855,0
5.6718,144.346,96.786,1087.361,0.071,146.600,-182.321,8.147402,1
5.6768,168.346,103.951,1060.581,-0.486,144.490,-256.283,8.147402,0
5.6818,168.346,111.029,1069.815,0.544,141.680,-377.247,8.147402,0
5.6868,168.346,118.238,1078.126,0.345,137.810,-512.120,8.147402,0
5.6918,168.346,118.238,1078.126,0.345,133.590,-606.969,7.169722,1
5.6968,186.346,132.393,1019.949,-0.851,128.320,-742.742,7.169722,0
5.7018,186.346,132.393,1019.949,-0.851,128.320,-742.742,7.169722,0
5.7068,186.346,145.536,966.389,-0.162,121.990,-884.959,7.169722,0
5.7118,186.346,151.910,926.681,-0.577,114.960,-1042.976,4.909184,1
5.7168,198.346,157.845,853.728,-1.299,107.230,-1164.820,4.909184,0
5.7218,198.346,163.361,805.709,-0.743,99.140,-1259.305,4.909184,0
5.7267,198.346,163.361,805.709,-0.743,90.350,-1356.748,4.909184,0
5.7328,198.346,174.263,697.665,-1.067,81.560,-1417.507,1.180339,1
5.7378,204.346,178.593,622.866,-1.125,81.560,-1417.507,1.180339,0
5.7427,204.346,178.593,622.866,-1.125,72.770,-1430.345,1.180339,0
5.7477,204.346,182.505,572.076,-0.785,63.630,-1494.333,1.180339,0
5.7527,204.346,186.110,522.210,-1.017,54.840,-1479.027,-2.178605,1
5.7578,204.346,192.242,413.243,-0.893,45.700,-1500.313,-2.178605,0
5.7628,204.346,194.726,354.142,-0.702,37.270,-1447.471,-2.178605,0
5.7677,204.346,196.814,298.736,-0.901,37.270,-1447.471,-2.178605,0
5.7727,204.346,196.814,298.736,-0.901,28.830,-1422.441,-5.426034,1
5.7778,198.346,200.001,204.544,-0.751,20.740,-1380.673,-5.426034,0
5.7827,198.346,200.001,204.544,-0.751,13.010,-1348.939,-5.426034,0
5.7877,198.346,201.605,48.481,-0.984,5.270,-1320.516,-5.426034,0
5.7928,198.346,201.649,-8.773,-0.602,358.240,-1241.675,-4.782301,1
5.7978,186.346,201.430,-46.634,-0.253,358.240,-1241.675,-4.782301,0
5.8028,186.346,201.430,-46.634,-0.253,351.560,-1161.131,-4.782301,0
5.8078,186.346,199.913,-159.295,-0.926,345.230,-1124.627,-4.782301,0
5.8138,186.346,198.440,-199.003,-0.461,339.610,-1029.769,-1.602090,1
5.8188,168.346,198.440,-199.003,-0.461,333.980,-985.817,-1.602090,0
5.8238,168.346,195.319,-300.582,-1.764,328.710,-925.316,-1.602090,0
5.8288,168.346,193.034,-363.377,-1.250,324.140,-848.771,-1.602090,0
5.8339,168.346,190.462,-396.621,-0.569,324.140,-848.771,0.621705,1
5.8388,144.346,187.737,-412.320,-0.037,319.920,-758.959,0.621705,0
5.8438,144.346,184.593,-524.980,-1.905,316.050,-718.004,0.621705,0
5.8488,144.346,184.593,-524.980,-1.905,312.540,-651.459,0.621705,0
5.8538,144.346,176.615,-633.947,-0.602,309.020,-619.205,2.239860,1
5.8588,114.346,172.329,-636.718,-0.220,306.210,-544.063,2.239860,0
5.8639,114.346,167.735,-745.685,-2.279,306.210,-544.063,2.239860,0
5.8688,114.346,167.735,-745.685,-2.279,303.750,-469.574,2.239860,0
5.8738,114.346,156.614,-874.967,-0.594,300.940,-478.720,3.413720,1
5.8788,84.346,150.811,-872.197,0.162,298.830,-414.563,3.413720,0
5.8838,84.346,144.679,-948.843,-1.847,296.370,-412.677,3.413720,0
5.8888,84.346,138.019,-1022.719,-0.976,293.910,-411.916,3.413720,0
5.8939,84.346,130.986,-1039.341,-0.137,293.910,-411.916,3.344322,1
5.8988,60.346,124.040,-1028.260,0.453,291.450,-400.726,3.344322,0
5.9048,60.346,116.040,-1046.729,-0.934,288.980,-416.979,3.344322,0
5.9098,60.346,108.919,-1055.040,-0.353,286.520,-413.373,3.344322,0
5.9148,60.346,101.973,-1047.652,0.394,283.710,-440.961,1.598282,1
5.9198,31.966,101.973,-1047.652,0.394,280.550,-483.402,1.598282,0
5.9248,31.966,95.160,-1001.480,1.034,278.090,-446.062,1.598282,0
5.9298,31.966,88.522,-1006.097,-0.577,278.090,-446.062,1.598282,0
5.9348,31.966,74.983,-1013.485,0.203,275.270,-453.408,-0.961985,1
5.9398,1.966,74.983,-1013.485,0.203,272.810,-432.850,-0.961985,0
5.9448,1.966,68.345,-982.087,0.693,270.350,-425.146,-0.961985,0
5.9498,1.966,54.805,-1045.805,-0.453,268.240,-388.317,-0.961985,0
5.9547,1.966,54.805,-1045.805,-0.453,266.480,-340.103,-3.733243,1
5.9598,-28.034,40.805,-1028.260,0.469,266.480,-340.103,-3.733243,0
5.9648,-28.034,40.805,-1028.260,0.469,265.080,-285.144,-3.733243,0
5.9698,-28.034,26.694,-1092.901,-0.818,263.670,-262.491,-3.733243,0
5.9748,-28.034,19.287,-1101.212,-0.170,262.970,-189.379,-4.447224,1
5.9798,-58.034,11.924,-1068.892,0.685,262.620,-123.770,-4.447224,0
5.9848,-58.034,4.627,-1098.442,-0.901,262.270,-90.608,-4.447224,0
5.9908,-58.034,4.627,-1098.442,-0.901,262.270,-45.304,-4.447224,0
5.9958,-58.034,-4.121,-1129.839,-0.453,262.270,-45.304,-5.229332,1
6.0008,-88.034,-18.957,-1088.284,0.776,262.970,32.331,-5.229332,0
6.0058,-88.034,-26.188,-1096.595,-0.901,264.020,109.006,-5.229332,0
6.0108,-88.034,-33.595,-1116.911,-0.536,265.780,201.444,-5.229332,0
6.0158,-88.034,-33.595,-1116.911,-0.536,267.540,248.102,-5.943890,1
6.0208,-118.034,-48.344,-1082.743,0.726,269.650,299.179,-5.943890,0
6.0259,-118.034,-48.344,-1082.743,0.726,269.650,299.179,-5.943890,0
6.0308,-118.034,-55.575,-1098.442,-0.843,272.110,348.787,-5.943890,0
6.0358,-118.034,-70.477,-1120.605,-0.004,274.920,415.701,-4.191915,1
6.0408,-142.034,-77.818,-1086.437,0.735,277.730,442.420,-4.191915,0
6.0458,-142.034,-85.027,-1088.284,-0.353,280.550,455.191,-4.191915,0
6.0508,-142.034,-85.027,-1088.284,-0.353,283.010,433.189,-4.191915,0
6.0558,-142.034,-99.511,-1076.279,0.212,283.010,433.189,-1.293394,1
6.0608,-160.034,-106.501,-1022.719,0.926,285.470,412.407,-1.293394,0
6.0658,-160.034,-113.139,-987.628,0.021,288.280,452.346,-1.293394,0
6.0708,-160.034,-113.139,-987.628,0.021,290.390,401.836,-1.293394,0
6.0768,-160.034,-127.008,-902.671,0.984,292.150,347.072,1.620196,1
6.0818,-172.034,-132.744,-834.336,1.150,294.260,345.844,1.620196,0
6.0868,-172.034,-138.063,-787.240,0.602,295.310,262.326,1.620196,0
6.0918,-172.034,-143.118,-736.450,0.635,295.310,262.326,1.620196,0
6.0968,-172.034,-143.118,-736.450,0.635,296.720,247.464,3.740200,1
6.1018,-178.034,-152.086,-616.402,0.984,297.420,182.099,3.740200,0
6.1068,-178.034,-155.998,-571.153,0.444,298.120,150.088,3.740200,0
6.1118,-178.034,-159.581,-520.363,0.685,298.830,134.175,3.740200,0
6.1168,-178.034,-162.834,-468.650,0.726,299.530,125.151,4.955658,1
6.1218,-178.034,-165.713,-416.937,0.652,299.530,125.151,4.955658,0
6.1268,-178.034,-165.713,-416.937,0.652,299.880,91.276,4.955658,0
6.1317,-178.034,-168.219,-356.913,0.834,300.230,75.337,4.955658,0
6.1368,-178.034,-170.373,-305.200,0.909,300.590,67.640,4.554994,1
6.1418,-172.034,-173.648,-208.238,0.818,300.940,63.081,4.554994,0
6.1468,-172.034,-174.769,-138.056,1.200,301.290,60.648,4.554994,0
6.1518,-172.034,-174.769,-138.056,1.200,301.290,60.648,4.554994,0
6.1568,-172.034,-175.340,-56.792,1.025,301.640,58.979,4.212996,1
6.1618,-160.034,-175.230,46.634,0.286,301.640,29.489,4.212996,0
6.1678,-160.034,-174.571,116.816,1.225,301.990,44.261,4.212996,0
6.1728,-160.034,-174.571,116.816,1.225,301.990,22.130,4.212996,0
6.1778,-160.034,-173.560,167.606,1.000,302.340,39.955,4.042387,1
6.1828,-142.034,-172.329,192.539,0.461,302.700,50.226,4.042387,0
6.1879,-142.034,-169.208,294.118,1.665,302.700,50.226,4.042387,0
6.1928,-142.034,-166.922,367.994,1.167,303.050,53.662,4.042387,0
6.1978,-142.034,-164.350,397.545,0.643,303.400,56.780,3.910165,1
6.2028,-118.034,-161.603,415.090,0.071,303.400,28.390,3.910165,0
6.2078,-118.034,-158.438,517.593,2.030,303.750,43.383,3.910165,0
6.2128,-118.034,-154.614,591.469,1.133,303.750,21.691,3.910165,0
6.2178,-118.034,-150.460,633.947,0.643,303.750,21.691,3.702014,1
6.2228,-88.034,-146.218,637.641,0.187,303.750,10.846,3.702014,0
6.2278,-88.034,-141.558,742.914,2.279,303.400,-25.525,3.702014,0
6.2328,-88.034,-136.151,829.718,1.424,302.340,-101.025,3.702014,0
6.2378,-88.034,-130.414,869.427,0.619,301.290,-137.948,3.167540,1
6.2428,-58.034,-130.414,869.427,0.619,299.880,-184.845,3.167540,0
6.2479,-58.034,-118.392,942.379,1.739,299.880,-184.845,3.167540,0
6.2528,-58.034,-118.392,942.379,1.739,298.120,-238.475,3.167540,0
6.2588,-58.034,-103.666,1031.954,0.345,296.020,-297.422,2.622721,1
6.2638,-28.034,-96.830,1009.791,-0.212,293.200,-383.165,2.622721,0
6.2688,-28.034,-96.830,1009.791,-0.212,290.390,-425.998,2.622721,0
6.2738,-28.034,-89.928,1050.423,1.283,287.580,-447.753,2.622721,0
6.2788,-28.034,-82.719,1096.595,0.668,284.410,-487.166,1.968301,1
6.2838,1.966,-68.169,1065.198,-0.569,284.410,-487.166,1.968301,0
6.2888,1.966,-68.169,1065.198,-0.569,280.900,-529.917,1.968301,0
6.2938,1.966,-53.487,1129.839,0.602,277.730,-535.365,1.968301,0
6.2988,1.966,-53.487,1129.839,0.602,274.570,-530.523,0.355030,1
6.3038,25.966,-38.563,1100.289,-0.718,271.410,-528.862,0.355030,0
6.3088,25.966,-31.288,1090.131,0.428,268.590,-499.400,0.355030,0
6.3138,25.966,-23.990,1091.978,0.195,268.590,-499.400,0.355030,0
6.3188,25.966,-16.737,1077.203,-0.253,266.130,-453.083,0.238704,1
6.3238,43.966,-16.737,1077.203,-0.253,264.020,-403.695,0.238704,0
6.3288,43.966,-9.792,1021.796,-1.025,262.270,-348.214,0.238704,0
6.3338,43.966,3.528,960.848,-0.519,260.860,-291.031,0.238704,0
6.3388,43.966,9.858,922.987,-0.785,259.800,-233.045,-0.383644,1
6.3448,55.966,9.858,922.987,-0.785,259.100,-175.373,-0.383644,0
6.3499,55.966,21.946,779.852,-0.494,259.100,-175.373,-0.383644,0
6.3548,55.966,21.946,779.852,-0.494,258.400,-144.872,-0.383644,0
6.3598,55.966,31.683,682.890,-0.868,258.400,-72.436,-1.093064,1
6.3648,61.966,31.683,682.890,-0.868,258.400,-36.218,-1.093064,0
6.3698,61.966,39.838,570.229,-0.677,258.400,-18.109,-1.093064,0
6.3748,61.966,43.420,518.516,-0.868,259.100,49.120,-1.093064,0
6.3799,61.966,46.673,469.574,-1.000,259.100,49.120,-2.702265,1
6.3848,61.966,49.552,417.860,-0.859,260.160,108.916,-2.702265,0
6.3898,61.966,52.058,362.454,-0.677,261.560,176.898,-2.702265,0
6.3948,61.966,54.212,307.047,-0.909,262.620,177.043,-2.702265,0
6.3998,61.966,54.212,307.047,-0.909,264.380,234.979,-2.004064,1
6.4048,55.966,57.487,209.161,-0.801,266.130,262.956,-2.004064,0
6.4099,55.966,58.586,135.285,-1.150,266.130,262.956,-2.004064,0
6.4148,55.966,59.135,55.869,-1.158,268.590,332.747,-2.004064,0
6.4198,55.966,59.135,55.869,-1.158,271.050,375.584,-0.607378,1
6.4248,43.966,59.026,-38.323,-0.345,273.870,422.224,-0.607378,0
6.4308,43.966,59.026,-38.323,-0.345,277.030,475.270,-0.607378,0
6.4358,43.966,57.377,-167.606,-0.917,280.200,498.425,-0.607378,0
6.4408,43.966,56.124,-200.850,-0.619,283.710,543.290,-0.555071,1
6.4458,25.966,54.762,-211.931,-0.228,283.710,543.290,-0.555071,0
6.4508,25.966,53.025,-296.889,-1.822,287.580,589.654,-0.555071,0
6.4558,25.966,53.025,-296.889,-1.822,292.150,682.792,-0.555071,0
6.4608,25.966,48.146,-397.545,-0.444,296.720,723.283,-0.684449,1
6.4658,1.966,48.146,-397.545,-0.444,301.640,770.186,-0.684449,0
6.4708,1.966,42.233,-527.751,-1.964,306.560,795.136,-0.684449,0
6.4758,1.966,42.233,-527.751,-1.964,306.560,795.136,-0.684449,0
6.4808,1.966,34.255,-635.794,-0.527,312.540,882.183,-0.460784,1
6.4858,-16.034,30.013,-638.565,-0.278,318.520,905.165,-0.460784,0
6.4908,-16.034,25.573,-692.125,-1.025,324.840,1040.183,-0.460784,0
6.4958,-16.034,25.573,-692.125,-1.025,330.820,1018.449,-0.460784,0
6.5008,-16.034,15.880,-733.680,-0.062,336.800,1006.280,-0.074633,1
6.5058,-28.034,10.979,-713.364,0.394,336.800,1006.280,-0.074633,0
6.5108,-28.034,6.209,-707.823,-0.212,343.120,1018.964,-0.074633,0
6.5168,-28.034,6.209,-707.823,-0.212,348.750,986.929,-0.074633,0
6.5218,-28.034,-3.704,-670.885,0.469,354.380,965.127,-0.118037,1
6.5268,-34.034,-7.902,-601.627,1.025,359.650,920.841,-0.118037,0
6.5318,-34.034,-11.792,-566.536,0.619,4.570,870.043,-0.118037,0
6.5368,-34.034,-15.397,-525.904,0.760,9.840,876.376,-0.118037,0
6.5419,-34.034,-18.693,-475.114,0.859,9.840,876.376,0.325144,1
6.5468,-34.034,-21.617,-415.090,0.942,13.710,738.961,0.325144,0
6.5519,-34.034,-24.166,-363.377,0.934,18.280,781.831,0.325144,0
6.5568,-34.034,-26.320,-307.047,0.585,21.800,684.794,0.325144,0
6.5618,-34.034,-28.145,-258.104,0.818,24.960,605.075,1.542909,1
6.5668,-28.034,-29.639,-207.314,0.419,27.770,537.302,1.542909,0
6.5719,-28.034,-30.738,-140.826,1.349,27.770,537.302,1.542909,0
6.5768,-28.034,-31.354,-65.103,1.333,30.230,468.593,1.542909,0
6.5818,-28.034,-31.485,2.309,0.893,31.990,384.773,3.217768,1
6.5868,-16.034,-31.485,2.309,0.893,33.400,310.075,3.217768,0
6.5918,-16.034,-31.332,30.936,0.560,34.100,213.255,3.217768,0
6.5968,-16.034,-29.903,155.601,0.876,34.800,164.431,3.217768,0
6.6028,-16.034,-28.496,188.845,0.594,34.800,82.216,4.374947,1
6.6078,1.966,-27.112,211.008,0.444,34.800,82.216,4.374947,0
6.6128,1.966,-27.112,211.008,0.444,34.800,41.108,4.374947,0
6.6178,1.966,-23.067,374.458,0.984,34.450,-9.401,4.374947,0
6.6228,1.966,-20.452,401.238,0.726,33.050,-121.349,4.390938,1
6.6278,25.966,-17.726,417.860,0.369,31.290,-207.496,4.390938,0
6.6328,25.966,-14.539,526.827,2.188,29.880,-220.342,4.390938,0
6.6378,25.966,-10.693,594.239,1.291,29.880,-220.342,4.390938,0
6.6428,25.966,-6.517,638.565,0.444,27.070,-341.552,3.875072,1
6.6478,55.966,-2.275,633.947,-0.071,24.610,-379.746,3.875072,0
6.6528,55.966,2.429,749.378,2.537,22.150,-395.056,3.875072,0
6.6578,55.966,7.836,838.029,1.150,18.280,-519.856,3.875072,0
6.6628,55.966,13.594,869.427,0.428,14.770,-549.563,3.372605,1
6.6679,79.966,19.485,869.427,0.037,14.770,-549.563,3.372605,0
6.6728,79.966,25.529,917.446,1.407,10.900,-588.834,3.372605,0
6.6778,79.966,31.903,964.542,0.726,7.380,-599.357,3.372605,0
6.6828,79.966,38.497,968.236,0.079,3.520,-621.034,3.301854,1
6.6888,97.966,45.860,940.532,-0.477,359.650,-632.685,3.301854,0
6.6938,97.966,52.036,922.063,0.278,355.780,-633.246,3.301854,0
6.6988,97.966,58.212,910.982,-0.046,351.910,-645.407,3.301854,0
6.7039,97.966,64.147,885.125,-0.668,351.910,-645.407,3.095626,1
6.7088,109.966,69.817,827.872,-1.117,348.400,-598.312,3.095626,0
6.7138,109.966,75.136,789.087,-0.262,344.880,-610.176,3.095626,0
6.7188,109.966,80.258,751.225,-0.718,341.370,-596.991,3.095626,0
6.7238,109.966,85.071,705.976,-0.810,338.550,-532.763,2.714011,1
6.7288,115.966,85.071,705.976,-0.810,335.740,-501.012,2.714011,0
6.7339,115.966,89.489,631.177,-1.075,335.740,-501.012,2.714011,0
6.7388,115.966,93.423,580.387,-0.810,332.930,-479.274,2.714011,0
6.7438,115.966,97.116,535.138,-0.810,330.470,-448.718,2.485191,1
6.7488,115.966,103.402,424.325,-1.025,328.710,-371.356,2.485191,0
6.7538,115.966,103.402,424.325,-1.025,327.300,-303.293,2.485191,0
6.7588,115.966,108.149,308.894,-0.702,326.250,-238.974,2.485191,0
6.7639,115.966,109.974,255.333,-0.834,326.250,-238.974,2.551950,1
6.7688,109.966,111.468,203.620,-0.585,325.550,-174.760,2.551950,0
6.7748,109.966,111.468,203.620,-0.585,325.200,-118.229,2.551950,0
6.7798,109.966,112.721,126.051,-1.507,325.200,-59.115,2.551950,0
6.7848,109.966,113.249,-9.696,-0.801,325.550,-0.569,3.192154,1
6.7898,97.966,113.073,-37.400,-0.519,326.950,116.929,3.192154,0
6.7948,97.966,113.073,-37.400,-0.519,328.360,175.894,3.192154,0
6.7998,97.966,111.666,-151.907,-0.743,328.360,175.894,3.192154,0
6.8048,97.966,110.435,-196.233,-0.702,330.820,291.189,3.652359,1
6.8098,79.966,109.094,-205.467,-0.386,333.280,351.784,3.652359,0
6.8148,79.966,107.358,-298.736,-1.814,336.090,410.242,3.652359,0
6.8198,79.966,105.050,-367.071,-0.868,339.610,497.508,3.652359,0
6.8248,79.966,102.435,-406.779,-0.677,343.480,572.458,3.622684,1
6.8299,67.966,99.665,-420.631,-0.428,343.480,572.458,3.622684,0
6.8348,67.966,96.720,-459.416,-1.108,347.340,601.334,3.622684,0
6.8398,67.966,96.720,-459.416,-1.108,351.560,659.947,3.622684,0
6.8448,67.966,90.170,-495.430,-0.270,356.130,709.736,2.995304,1
6.8498,59.906,86.851,-485.272,0.021,0.000,743.519,2.995304,0
6.8548,59.906,83.598,-480.655,-0.295,4.570,752.441,2.995304,0
6.8598,59.906,80.389,-471.420,-0.071,8.790,726.485,2.995304,0
6.8658,59.906,76.763,-456.645,0.095,13.010,717.411,2.053598,1
6.8710,45.847,73.862,-422.478,0.494,13.010,717.411,2.053598,0
6.8758,45.847,71.048,-420.631,-0.419,16.880,673.198,2.053598,0
6.8808,45.847,71.048,-420.631,-0.419,21.090,696.859,2.053598,0
6.8858,45.847,65.224,-435.406,0.071,24.960,672.008,0.581991,1
6.8908,25.787,62.344,-426.171,0.228,29.180,687.107,0.581991,0
6.8958,25.787,59.311,-476.961,-1.457,32.700,638.022,0.581991,0
6.9009,25.787,55.904,-530.521,-0.876,32.700,638.022,0.581991,0
6.9058,25.787,52.300,-548.990,-0.286,37.270,690.726,-0.963420,1
6.9108,-0.273,48.651,-544.373,0.145,41.480,694.238,-0.963420,0
6.9158,-0.273,44.673,-637.641,-1.814,46.050,739.078,-0.963420,0
6.9208,-0.273,40.145,-703.206,-1.274,50.620,750.340,-0.963420,0
6.9258,-0.273,35.332,-727.216,-0.286,55.550,786.210,-2.048223,1
6.9309,-30.273,30.452,-729.063,-0.071,55.550,786.210,-2.048223,0
6.9358,-30.273,25.265,-820.484,-2.080,60.820,821.441,-2.048223,0
6.9408,-30.273,25.265,-820.484,-2.080,66.090,859.542,-2.048223,0
6.9458,-30.273,13.265,-932.221,-0.552,71.720,899.664,-2.812117,1
6.9508,-56.242,13.265,-932.221,-0.552,77.700,947.455,-2.812117,0
6.9558,-56.242,0.604,-971.006,-1.432,83.320,935.398,-2.812117,0
6.9618,-56.242,-7.132,-1012.561,-0.652,88.590,911.991,-2.812117,0
6.9668,-56.242,-7.132,-1012.561,-0.652,88.590,911.991,-3.461424,1
6.9718,-76.212,-13.858,-1012.561,-0.029,94.220,894.584,-3.461424,0
6.9768,-76.212,-26.892,-977.470,-0.369,99.140,890.461,-3.461424,0
6.9818,-76.212,-33.442,-969.159,-0.079,103.360,797.083,-3.461424,0
6.9868,-76.212,-39.794,-943.303,0.353,107.580,749.931,-5.061795,1
6.9918,-101.236,-45.860,-887.896,0.967,111.090,664.484,-5.061795,0
6.9968,-101.236,-51.728,-885.125,-0.361,111.090,664.484,-5.061795,0
7.0018,-101.236,-57.663,-896.207,-0.137,114.260,592.297,-5.061795,0
7.0068,-101.236,-63.619,-885.125,0.087,117.070,534.917,-5.472742,1
7.0118,-120.260,-69.444,-858.345,0.403,119.180,443.012,-5.472742,0
7.0168,-120.260,-75.114,-858.345,-0.336,120.590,341.695,-5.472742,0
7.0218,-120.260,-80.829,-855.575,0.012,121.640,257.765,-5.472742,0
7.0268,-120.260,-86.500,-850.034,0.145,121.640,257.765,-3.929017,1
7.0318,-133.283,-91.995,-799.245,0.793,121.990,156.802,-3.929017,0
7.0368,-133.283,-91.995,-799.245,0.793,121.990,78.401,-3.929017,0
7.0418,-133.283,-102.457,-745.685,0.195,121.640,10.092,-3.929017,0
7.0478,-133.283,-108.039,-704.129,0.909,120.940,-52.846,-2.458984,1
7.0528,-140.307,-112.479,-639.488,0.810,119.530,-143.587,-2.458984,0
7.0578,-140.307,-116.567,-599.780,0.544,117.770,-219.100,-2.458984,0
7.0629,-140.307,-116.567,-599.780,0.544,116.020,-257.998,-2.458984,0
7.0679,-140.307,-120.348,-550.837,0.826,116.020,-257.998,-0.911455,1
7.0728,-141.331,-126.898,-434.483,1.034,113.910,-301.592,-0.911455,0
7.0778,-141.331,-129.623,-388.310,0.726,111.450,-360.526,-0.911455,0
7.0828,-141.331,-129.623,-388.310,0.726,108.980,-383.294,-0.911455,0
7.0878,-141.331,-133.997,-289.501,0.868,106.520,-396.713,-0.920189,1
7.0929,-136.355,-135.711,-241.482,0.369,106.520,-396.713,-0.920189,0
7.0978,-136.355,-137.008,-169.453,1.158,103.710,-424.801,-0.920189,0
7.1028,-136.355,-137.931,-115.893,1.233,100.900,-450.982,-0.920189,0
7.1078,-136.355,-137.931,-115.893,1.233,97.730,-492.034,-1.628139,1
7.1128,-125.379,-138.371,-45.711,0.751,94.220,-539.521,-1.628139,0
7.1178,-125.379,-138.129,83.572,1.266,90.700,-562.792,-1.628139,0
7.1229,-125.379,-137.360,128.821,1.009,90.700,-562.792,-1.628139,0
7.1278,-125.379,-137.360,128.821,1.009,86.840,-599.445,-2.378972,1
7.1338,-108.402,-134.920,184.228,0.137,82.970,-618.447,-2.378972,0
7.1389,-108.402,-133.404,257.180,1.839,78.750,-671.280,-2.378972,0
7.1438,-108.402,-131.360,328.286,1.025,74.180,-714.495,-2.378972,0
7.1488,-108.402,-131.360,328.286,1.025,68.910,-798.063,-3.668172,1
7.1538,-85.426,-126.546,378.152,0.369,63.980,-807.256,-3.668172,0
7.1588,-85.426,-126.546,378.152,0.369,63.980,-807.256,-3.668172,0
7.1638,-85.426,-120.040,558.225,1.250,58.360,-865.284,-3.668172,0
7.1688,-85.426,-116.128,593.316,0.519,52.380,-941.981,-4.514118,1
7.1738,-68.450,-112.128,598.856,-0.062,46.050,-997.110,-4.514118,0
7.1788,-68.450,-107.952,650.569,1.067,39.730,-1026.422,-4.514118,0
7.1838,-68.450,-107.952,650.569,1.067,33.400,-1036.380,-4.514118,0
7.1888,-68.450,-98.852,690.278,-0.087,33.400,-1036.380,-4.175637,1
7.1938,-57.474,-98.852,690.278,-0.087,27.070,-1014.813,-4.175637,0
7.1988,-57.474,-89.841,671.809,0.220,20.740,-1074.403,-4.175637,0
7.2038,-57.474,-89.841,671.809,0.220,14.770,-1034.422,-4.175637,0
7.2088,-57.474,-81.115,632.100,-0.419,8.790,-1016.821,-2.922260,1
7.2139,-52.497,-77.027,585.005,-0.552,3.160,-967.522,-2.922260,0
7.2188,-52.497,-77.027,585.005,-0.552,3.160,-967.522,-2.922260,0
7.2238,-52.497,-69.795,497.277,-0.685,357.540,-950.308,-2.922260,0
7.2298,-52.497,-66.257,432.636,-0.934,352.620,-895.248,-1.177353,1
7.2348,-41.521,-63.575,378.152,-0.652,347.700,-857.037,-1.177353,0
7.2398,-41.521,-63.575,378.152,-0.652,343.120,-810.887,-1.177353,0
7.2449,-41.521,-58.674,366.147,-0.062,339.260,-723.204,-1.177353,0
7.2499,-41.521,-56.300,352.296,-0.145,335.040,-714.886,0.321613,1
7.2550,-24.545,-54.014,342.138,-0.012,335.040,-714.886,0.321613,0
7.2598,-24.545,-51.684,371.688,1.092,331.170,-673.541,0.321613,0
7.2648,-24.545,-49.003,410.473,0.544,327.300,-666.697,0.321613,0
7.2698,-24.545,-46.146,434.483,0.286,323.090,-682.904,1.627391,1
7.2748,-1.569,-46.146,434.483,0.286,319.220,-670.756,1.627391,0
7.2798,-1.569,-40.013,518.516,1.939,315.350,-657.731,1.627391,0
7.2849,-1.569,-36.255,589.622,0.942,315.350,-657.731,1.627391,0
7.2899,-1.569,-32.211,610.861,0.270,310.430,-730.816,2.409956,1
7.2949,27.408,-32.211,610.861,0.270,305.860,-714.802,2.409956,0
7.2999,27.408,-23.595,718.905,2.420,300.940,-810.889,2.409956,0
7.3048,27.408,-18.430,793.704,1.250,295.660,-845.420,2.409956,0
7.3098,27.408,-12.803,836.183,0.378,290.390,-854.683,2.071185,1
7.3158,50.384,-6.385,823.254,-0.187,284.770,-894.331,2.071185,0
7.3208,50.384,-0.736,866.656,1.416,284.770,-894.331,2.071185,0
7.3258,50.384,5.220,905.441,0.685,280.200,-832.619,2.071185,0
7.3308,50.384,11.286,908.212,0.037,274.570,-895.903,2.002039,1
7.3358,67.360,11.286,908.212,0.037,269.650,-856.159,2.002039,0
7.3408,67.360,17.243,878.661,-0.619,264.730,-827.757,2.002039,0
7.3459,67.360,23.089,878.661,0.303,260.160,-792.215,2.002039,0
7.3509,67.360,34.716,850.958,-0.469,260.160,-792.215,2.859350,1
7.3559,78.336,40.167,798.321,-1.167,255.940,-718.275,2.859350,0
7.3608,78.336,40.167,798.321,-1.167,252.070,-717.289,2.859350,0
7.3659,78.336,50.234,723.522,-0.801,252.070,-717.289,2.859350,0
7.3709,78.336,54.849,672.732,-0.859,248.550,-506.746,2.844760,1
7.3758,83.312,54.849,672.732,-0.859,242.930,-720.527,2.844760,0
7.3809,83.312,62.872,552.684,-0.710,242.930,-720.527,2.844760,0
7.3859,83.312,66.367,496.354,-0.884,240.120,-587.889,2.844760,0
7.3920,83.312,69.971,428.942,-1.042,237.660,-501.204,3.651755,1
7.3970,82.289,72.609,379.076,-0.793,235.900,-380.788,3.651755,0
7.4019,82.289,72.609,379.076,-0.793,233.440,-423.891,3.651755,0
7.4069,82.289,74.873,315.358,-0.868,231.330,-378.804,3.651755,0
7.4120,82.289,76.719,260.874,-0.967,229.220,-374.815,3.360181,1
7.4199,75.265,79.994,137.132,-0.668,227.460,-333.594,3.360181,0
7.4249,75.265,79.994,137.132,-0.668,225.700,-318.134,3.360181,0
7.4299,75.265,80.609,-22.624,-1.059,223.240,-362.216,3.360181,0
7.4349,75.265,80.302,-55.869,-0.726,223.240,-362.216,2.994154,1
7.4399,62.241,79.884,-68.797,-0.511,220.780,-369.826,2.994154,0
7.4449,62.241,79.181,-135.285,-1.416,218.320,-406.278,2.994154,0
7.4499,62.241,79.181,-135.285,-1.416,215.860,-408.218,2.994154,0
7.4549,62.241,76.609,-225.783,-0.776,213.400,-408.620,2.942394,1
7.4599,55.217,75.004,-246.099,-0.087,210.590,-436.572,2.942394,0
7.4649,55.217,73.246,-276.573,-0.884,210.590,-436.572,2.942394,0
7.4699,55.217,71.312,-295.042,-0.353,208.120,-419.604,2.942394,0
7.4748,55.217,71.312,-295.042,-0.353,205.660,-421.387,3.098328,1
7.4819,54.194,66.455,-294.118,-0.129,203.550,-385.938,3.098328,0
7.4868,54.194,66.455,-294.118,-0.129,201.090,-403.083,3.098328,0
7.4918,54.194,64.542,-286.731,0.262,198.980,-377.611,3.098328,0
7.4969,54.194,62.762,-257.180,0.311,197.230,-332.028,3.189390,1
7.5039,59.170,61.158,-235.941,0.461,195.820,-279.593,3.189390,0
7.5089,59.170,58.190,-141.749,0.926,194.770,-229.223,3.189390,0
7.5138,59.170,58.190,-141.749,0.926,193.360,-232.572,3.189390,0
7.5188,59.170,57.509,-84.496,0.909,193.360,-232.572,3.321002,1
7.5239,66.420,57.223,-27.242,0.477,193.360,-116.286,3.321002,0
7.5289,66.420,57.531,60.486,0.851,193.010,-91.499,3.321002,0
7.5339,66.420,58.146,104.811,0.743,193.360,-16.597,3.321002,0
7.5388,66.420,58.146,104.811,0.743,194.060,49.990,2.321487,1
7.5439,67.670,59.751,126.051,0.154,195.120,111.197,2.321487,0
7.5489,67.670,60.630,136.209,0.021,195.120,111.197,2.321487,0
7.5539,67.670,61.553,133.438,0.253,196.170,141.223,2.321487,0
7.5589,67.670,62.432,134.362,0.129,197.580,191.858,0.836534,1
7.5639,62.921,62.432,134.362,0.129,198.630,181.166,0.836534,0
7.5689,62.921,63.971,90.960,-0.942,200.390,240.174,0.836534,0
7.5739,62.921,64.366,41.093,-0.735,201.450,207.157,0.836534,0
7.5789,62.921,64.476,5.079,-0.353,201.450,207.157,-1.150053,1
7.5850,52.171,64.345,-18.931,-0.137,202.850,216.632,-1.150053,0
7.5899,52.171,64.345,-18.931,-0.137,203.550,168.000,-1.150053,0
7.5949,52.171,63.290,-126.051,-0.984,203.910,115.517,-1.150053,0
7.5999,52.171,62.344,-156.525,-0.436,204.610,115.106,-1.825992,1
7.6049,35.421,61.245,-168.529,-0.278,205.310,115.459,-1.825992,0
7.6099,35.421,59.795,-246.099,-1.847,205.660,86.926,-1.825992,0
7.6149,35.421,59.795,-246.099,-1.847,205.660,86.926,-1.825992,0
7.6199,35.421,55.597,-352.296,-0.511,206.020,72.663,-2.588261,1
7.6249,12.671,53.157,-367.994,-0.428,206.020,36.332,-2.588261,0
7.6299,12.671,53.157,-367.994,-0.428,206.020,18.166,-2.588261,0
7.6349,12.671,46.783,-555.454,-1.274,205.660,-21.523,-2.588261,0
7.6399,12.671,46.783,-555.454,-1.274,205.660,-10.762,-3.130830,1
7.6451,-16.078,39.024,-585.928,-0.054,204.960,-63.160,-3.130830,0
7.6499,-16.078,34.628,-698.589,-2.263,204.960,-63.160,-3.130830,0
7.6549,-16.078,34.628,-698.589,-2.263,204.260,-89.449,-3.130830,0
7.6599,-16.078,23.968,-823.254,-0.577,203.550,-103.862,-3.982838,1
7.6659,-46.078,17.594,-822.331,0.079,202.850,-110.117,-3.982838,0
7.6709,-46.078,11.858,-888.819,-1.748,202.500,-83.494,-3.982838,0
7.6759,-46.078,5.572,-964.542,-1.034,201.800,-101.538,-3.982838,0
7.6809,-46.078,5.572,-964.542,-1.034,201.800,-101.538,-5.391619,1
7.6859,-76.078,-7.550,-975.623,0.303,201.450,-78.171,-5.391619,0
7.6910,-76.078,-14.210,-1025.490,-1.424,201.450,-39.086,-5.391619,0
7.6959,-76.078,-14.210,-1025.490,-1.424,201.450,-19.543,-5.391619,0
7.7009,-76.078,-21.287,-1082.743,-0.726,201.800,18.860,-7.144466,1
7.7059,-106.078,-35.727,-1067.045,0.477,202.850,96.107,-7.144466,0
7.7109,-106.078,-42.915,-1093.825,-1.274,202.850,96.107,-7.144466,0
7.7159,-106.078,-50.410,-1133.533,-0.702,204.610,190.941,-7.144466,0
7.7209,-106.078,-57.949,-1129.839,0.120,206.720,277.484,-8.347029,1
7.7259,-136.078,-65.378,-1101.212,0.643,209.530,372.853,-8.347029,0
7.7309,-136.078,-72.829,-1118.758,-1.050,212.700,456.252,-8.347029,0
7.7359,-136.078,-72.829,-1118.758,-1.050,216.910,574.339,-8.347029,0
7.7409,-136.078,-88.258,-1144.614,0.120,216.910,574.339,-7.621394,1
7.7469,-160.078,-88.258,-1144.614,0.120,222.190,695.322,-7.621394,0
7.7519,-160.078,-96.896,-1099.365,0.710,228.520,893.406,-7.621394,0
7.7569,-160.078,-111.336,-1079.050,0.062,235.550,1056.769,-7.621394,0
7.7619,-160.078,-118.436,-1054.116,0.428,243.630,1202.796,-4.326381,1
7.7669,-178.078,-118.436,-1054.116,0.428,252.420,1330.022,-4.326381,0
7.7719,-178.078,-131.843,-971.006,0.162,261.560,1422.688,-4.326381,0
7.7769,-178.078,-138.239,-949.767,0.394,261.560,1422.688,-4.326381,0
7.7820,-178.078,-144.371,-901.747,0.959,270.000,1413.052,-0.271769,1
7.7869,-190.078,-150.130,-839.876,1.441,280.200,1499.100,-0.271769,0
7.7919,-190.078,-155.449,-790.934,0.411,290.040,1664.089,-0.271769,0
7.7969,-190.078,-155.449,-790.934,0.411,299.880,1651.005,-0.271769,0
7.8019,-190.078,-165.427,-691.201,0.776,309.380,1605.168,3.841336,1
7.8069,-196.078,-165.427,-691.201,0.776,309.380,1605.168,3.841336,0
7.8119,-196.078,-173.736,-577.617,0.810,318.520,1532.220,3.841336,0
7.8169,-196.078,-177.384,-524.057,0.926,327.300,1530.543,3.841336,0
7.8219,-196.078,-180.769,-479.731,1.017,336.090,1496.485,6.096862,1
7.8269,-196.078,-183.714,-416.937,1.067,344.180,1421.538,6.096862,0
7.8329,-196.078,-186.616,-350.449,0.951,350.510,1234.606,6.096862,0
7.8379,-196.078,-188.704,-295.042,0.453,357.890,1245.439,6.096862,0
7.8429,-196.078,-190.462,-241.482,0.851,357.890,1245.439,6.752481,1
7.8479,-190.078,-191.891,-200.850,0.328,4.920,1159.936,6.752481,0
7.8529,-190.078,-192.946,-127.898,1.391,11.250,1164.767,6.752481,0
7.8579,-190.078,-193.451,-49.404,1.266,17.230,1070.445,6.752481,0
7.8629,-190.078,-193.451,-49.404,1.266,22.500,983.735,6.205571,1
7.8679,-178.078,-193.363,39.247,0.577,27.420,890.077,6.205571,0
7.8729,-178.078,-192.858,101.118,1.374,27.420,890.077,6.205571,0
7.8779,-178.078,-191.935,157.448,0.627,31.990,823.811,6.205571,0
7.8829,-178.078,-191.935,157.448,0.627,36.210,768.824,3.997860,1
7.8879,-160.078,-189.363,210.085,0.403,39.730,677.197,3.997860,0
7.8929,-160.078,-189.363,210.085,0.403,43.240,631.938,3.997860,0
7.8979,-160.078,-185.297,367.994,0.893,46.050,548.918,3.997860,0
7.9029,-160.078,-182.637,406.779,0.627,46.050,548.918,2.173583,1
7.9079,-136.078,-179.846,421.554,0.411,48.160,440.526,2.173583,0
7.9139,-136.078,-176.000,546.220,2.013,50.620,439.266,2.173583,0
7.9190,-136.078,-172.087,607.167,0.917,52.380,368.872,2.173583,0
7.9239,-136.078,-167.889,637.641,0.361,53.790,299.631,0.624851,1
7.9289,-106.078,-163.603,641.335,0.187,54.840,237.274,0.624851,0
7.9339,-106.078,-158.944,741.067,2.246,55.900,207.428,0.624851,0
7.9390,-106.078,-153.603,828.795,1.391,55.900,207.428,0.624851,0
7.9439,-106.078,-153.603,828.795,1.391,56.600,160.034,-0.721002,1
7.9509,-76.078,-147.910,863.886,0.411,57.300,141.217,-0.721002,0
7.9559,-76.078,-133.953,908.212,1.764,58.010,126.687,-0.721002,0
7.9609,-76.078,-127.579,974.700,1.034,58.710,124.188,-0.721002,0
7.9659,-76.078,-127.579,974.700,1.034,59.410,120.391,-1.553362,1
7.9709,-46.078,-120.985,995.016,0.270,60.470,148.109,-1.553362,0
7.9760,-46.078,-107.688,1024.566,1.457,61.880,191.923,-1.553362,0
7.9809,-46.078,-107.688,1024.566,1.457,61.880,191.923,-1.553362,0
7.9859,-46.078,-93.401,1087.361,0.203,62.930,183.053,-1.306199,1
7.9909,-22.078,-93.401,1087.361,0.203,64.340,200.200,-1.306199,0
7.9959,-22.078,-86.258,1066.121,-0.461,66.090,260.152,-1.306199,0
8.0009,-22.078,-79.159,1064.274,0.511,67.850,276.374,-1.306199,0
8.0059,-22.078,-64.850,1060.581,-0.303,69.610,285.008,1.115528,1
8.0109,7.922,-64.850,1060.581,-0.303,69.610,285.008,1.115528,0
8.0159,7.922,-51.157,1021.796,0.760,72.070,343.675,1.115528,0
8.0209,7.922,-44.233,1046.729,0.610,74.530,380.645,1.115528,0
8.0259,7.922,-37.090,1044.882,0.212,76.990,395.498,4.162649,1
8.0309,37.922,-30.145,1013.485,-0.469,79.450,402.270,4.162649,0
8.0369,37.922,-22.100,1055.963,0.868,81.910,402.109,4.162649,0
8.0419,37.922,-14.935,1083.667,0.502,84.020,383.357,4.162649,0
8.0469,37.922,-14.935,1083.667,0.502,84.020,383.357,5.719053,1
8.0519,67.922,-7.704,1081.820,0.021,86.130,351.008,5.719053,0
8.0569,67.922,-0.626,1042.112,-0.527,88.240,369.141,5.719053,0
8.0619,67.922,13.682,1095.672,0.494,90.000,331.383,5.719053,0
8.0669,67.922,21.001,1096.595,-0.129,91.050,253.271,6.602010,1
8.0719,97.922,28.210,1063.351,-0.594,92.460,245.268,6.602010,0
8.0769,97.922,35.398,1086.437,1.050,92.460,245.268,6.602010,0
8.0819,97.922,42.783,1117.834,0.594,93.160,178.810,6.602010,0
8.0869,97.922,42.783,1117.834,0.594,93.870,150.381,6.912900,1
8.0919,127.922,57.575,1083.667,-0.718,93.870,75.191,6.912900,0
8.0969,127.922,57.575,1083.667,-0.718,93.870,37.595,6.912900,0
8.1019,127.922,72.433,1131.686,0.619,93.520,-10.924,6.912900,0
