time_s,target_angle_deg,motor_angle_deg,motor_vel_deg_s,motor_torque_nm,pole_angle_deg,pole_vel_deg_s,policy_action,policy_updated
0.1064,0.000,372.517,1.385,-0.004,359.650,0.000,3.317785,1
0.1115,366.517,372.539,-2.309,-0.046,359.650,0.000,3.317785,0
0.1164,366.517,371.638,-245.176,-5.094,359.650,0.000,3.317785,0
0.1214,366.517,369.813,-252.563,0.976,1.760,180.876,3.317785,0
0.1264,366.517,368.363,-198.080,0.743,2.810,177.812,4.544894,1
0.1314,354.517,367.308,-138.979,0.760,3.870,177.381,4.544894,0
0.1365,354.517,365.879,-108.505,-0.726,4.570,147.036,4.544894,0
0.1415,354.517,365.022,-133.438,-0.643,4.570,147.036,4.544894,0
0.1464,354.517,365.022,-133.438,-0.643,5.270,130.500,5.462532,1
0.1514,336.517,364.011,-156.525,-0.278,5.620,94.689,5.462532,0
0.1565,336.517,361.483,-247.022,-1.739,6.330,107.808,5.462532,0
0.1615,336.517,359.505,-317.205,-1.108,7.730,170.916,5.462532,0
0.1664,336.517,359.505,-317.205,-1.108,9.490,229.630,5.848722,1
0.1714,312.517,357.175,-351.372,-0.486,9.490,229.630,5.848722,0
0.1764,312.517,354.714,-370.765,-0.320,11.600,288.146,5.848722,0
0.1825,312.517,347.416,-585.928,-1.034,13.710,325.620,5.848722,0
0.1874,312.517,343.372,-616.402,-0.386,16.880,426.536,5.914852,1
0.1925,282.517,339.284,-621.019,-0.062,20.390,505.605,5.914852,0
0.1975,282.517,334.778,-722.598,-2.437,23.910,546.347,5.914852,0
0.2025,282.517,329.569,-807.556,-1.324,27.770,594.818,5.914852,0
0.2075,282.517,323.964,-849.111,-0.477,31.990,719.875,5.884161,1
0.2126,252.517,318.316,-847.264,-0.145,31.990,719.875,5.884161,0
0.2175,252.517,312.359,-925.757,-2.063,37.270,786.952,5.884161,0
0.2224,252.517,312.359,-925.757,-2.063,42.890,875.893,5.884161,0
0.2274,252.517,305.853,-999.633,-1.233,48.870,936.613,5.651092,1
0.2325,222.517,292.292,-1008.867,0.095,55.550,1022.123,5.651092,0
0.2374,222.517,292.292,-1008.867,0.095,61.520,1110.762,5.651092,0
0.2425,222.517,278.138,-1103.059,-0.934,69.260,1201.463,5.651092,0
0.2475,222.517,278.138,-1103.059,-0.934,69.260,1201.463,4.798700,1
0.2525,192.517,263.389,-1090.131,0.619,76.640,1197.936,4.798700,0
0.2575,192.517,256.004,-1110.447,-1.150,84.380,1262.980,4.798700,0
0.2624,192.517,256.004,-1110.447,-1.150,92.110,1276.185,4.798700,0
0.2674,192.517,248.356,-1145.538,-0.660,99.140,1222.811,2.498062,1
0.2735,162.517,231.871,-1107.676,0.652,106.170,1181.006,2.498062,0
0.2785,162.517,231.871,-1107.676,0.652,112.150,1092.513,2.498062,0
0.2834,162.517,224.530,-1107.676,-0.685,112.150,1092.513,2.498062,0
0.2885,162.517,209.540,-1125.222,0.095,117.420,979.213,0.491520,1
0.2935,132.517,209.540,-1125.222,0.095,121.990,879.706,0.491520,0
0.2985,132.517,194.968,-1093.825,-0.785,125.860,763.774,0.491520,0
0.3034,132.517,187.517,-1124.299,-0.386,128.670,615.821,0.491520,0
0.3085,132.517,180.022,-1125.222,0.021,130.780,484.260,-0.199091,1
0.3135,102.517,172.681,-1083.667,0.610,130.780,484.260,-0.199091,0
0.3185,102.517,165.406,-1107.676,-0.967,131.480,299.623,-0.199091,0
0.3234,102.517,157.911,-1132.610,-0.494,131.840,180.203,-0.199091,0
0.3285,102.517,150.350,-1127.069,0.137,131.480,60.469,-0.068708,1
0.3335,72.517,150.350,-1127.069,0.137,130.080,-87.630,-0.068708,0
0.3385,72.517,135.514,-1114.141,-0.984,127.620,-248.111,-0.068708,0
0.3434,72.517,135.514,-1114.141,-0.984,127.620,-248.111,-0.068708,0
0.3485,72.517,120.326,-1135.380,0.071,124.450,-386.290,1.825319,1
0.3535,42.517,112.743,-1101.212,0.436,120.230,-547.292,1.825319,0
0.3594,42.517,112.743,-1101.212,0.436,115.660,-656.110,1.825319,0
0.3645,42.517,96.698,-1135.380,-0.494,109.690,-825.364,1.825319,0
0.3695,42.517,89.115,-1131.686,-0.012,103.360,-941.551,3.829432,1
0.3745,18.517,81.774,-1090.131,0.901,96.330,-1054.003,3.829432,0
0.3795,18.517,74.587,-1079.973,-0.195,96.330,-1054.003,3.829432,0
0.3845,18.517,67.378,-1083.667,-0.137,89.300,-1106.483,3.829432,0
0.3895,18.517,60.300,-1048.576,0.378,81.560,-1208.578,3.582784,1
0.3946,0.517,53.487,-1001.480,0.917,73.830,-1249.958,3.582784,0
0.3995,0.517,46.959,-971.930,0.054,66.450,-1232.422,3.582784,0
0.4045,0.517,46.959,-971.930,0.054,58.710,-1268.246,3.582784,0
0.4097,0.517,34.409,-905.441,0.926,58.710,-1268.246,2.761483,1
0.4145,-11.483,28.650,-838.953,1.299,51.330,-1185.782,2.761483,0
0.4195,-11.483,23.287,-793.704,0.286,43.590,-1325.333,2.761483,0
0.4245,-11.483,18.122,-750.302,0.677,36.210,-1278.637,2.761483,0
0.4294,-11.483,18.122,-750.302,0.677,28.480,-1282.758,1.646490,1
0.4345,-17.483,8.891,-629.330,1.183,20.390,-1301.176,1.646490,0
0.4405,-17.483,8.891,-629.330,1.183,12.300,-1334.666,1.646490,0
0.4455,-17.483,0.670,-524.980,0.677,12.300,-1334.666,1.646490,0
0.4505,-17.483,-2.561,-462.186,0.801,3.520,-1384.149,0.881662,1
0.4555,-17.483,-5.418,-403.085,0.926,354.380,-1453.635,0.881662,0
0.4605,-17.483,-7.902,-350.449,0.909,344.880,-1527.633,0.881662,0
0.4655,-17.483,-10.012,-300.582,0.660,335.390,-1563.262,0.881662,0
0.4705,-17.483,-11.770,-242.405,0.776,325.200,-1628.166,0.104924,1
0.4755,-11.483,-13.243,-206.391,0.527,325.200,-1628.166,0.104924,0
0.4805,-11.483,-14.320,-139.902,1.441,315.000,-1649.442,0.104924,0
0.4855,-11.483,-14.913,-55.869,1.382,304.800,-1690.788,0.104924,0
0.4905,-11.483,-15.023,9.696,0.893,294.260,-1725.372,0.057288,1
0.4955,0.517,-14.869,32.782,0.577,284.060,-1709.757,0.057288,0
0.5005,0.517,-14.869,32.782,0.577,273.870,-1705.256,0.057288,0
0.5055,0.517,-14.385,101.118,1.607,273.870,-1705.256,0.057288,0
0.5105,0.517,-12.253,195.309,0.544,264.380,-1625.454,1.253311,1
0.5155,18.517,-10.891,204.544,0.453,254.530,-1631.429,1.253311,0
0.5205,18.517,-9.132,291.348,1.706,245.390,-1592.954,1.253311,0
0.5255,18.517,-6.781,368.918,1.108,236.600,-1535.138,1.253311,0
0.5305,18.517,-6.781,368.918,1.108,228.160,-1454.827,2.760343,1
0.5365,42.517,-0.912,416.937,0.311,220.780,-1356.104,2.760343,0
0.5415,42.517,-0.912,416.937,0.311,220.780,-1356.104,2.760343,0
0.5465,42.517,6.121,598.856,1.200,213.400,-1281.073,2.760343,0
0.5515,42.517,10.275,636.718,0.486,207.420,-1148.729,4.456861,1
0.5565,72.517,14.517,634.871,0.012,201.450,-1070.976,4.456861,0
0.5615,72.517,14.517,634.871,0.012,196.520,-947.051,4.456861,0
0.5665,72.517,24.606,834.336,1.233,191.950,-854.264,4.456861,0
0.5716,72.517,30.299,865.733,0.419,191.950,-854.264,6.061086,1
0.5765,102.517,36.123,869.427,0.112,188.440,-699.289,6.061086,0
0.5815,102.517,42.167,941.456,1.989,184.920,-665.919,6.061086,0
0.5865,102.517,48.849,1010.714,1.216,181.760,-596.691,6.061086,0
0.5915,102.517,48.849,1010.714,1.216,179.300,-503.050,7.129450,1
0.5965,132.517,62.608,1022.719,-0.237,177.190,-427.486,7.129450,0
0.6016,132.517,69.576,1067.045,1.349,177.190,-427.486,7.129450,0
0.6065,132.517,77.027,1110.447,0.627,174.730,-414.263,7.129450,0
0.6125,132.517,85.752,1115.064,0.029,172.620,-386.783,8.152386,1
0.6175,162.517,93.072,1088.284,-0.760,170.160,-395.910,8.152386,0
0.6225,162.517,93.072,1088.284,-0.760,167.700,-406.570,8.152386,0
0.6275,162.517,107.754,1125.222,0.436,164.530,-461.875,8.152386,0
0.6325,162.517,107.754,1125.222,0.436,161.370,-498.867,7.671517,1
0.6375,186.517,115.227,1125.222,-0.012,161.370,-498.867,7.671517,0
0.6425,186.517,129.755,1079.973,0.361,157.500,-564.854,7.671517,0
0.6475,186.517,136.942,1077.203,0.021,152.930,-672.065,7.671517,0
0.6525,186.517,144.086,1057.810,-0.320,148.010,-745.351,6.526109,1
0.6575,204.517,150.965,1006.097,-0.851,142.030,-870.394,6.526109,0
0.6625,204.517,150.965,1006.097,-0.851,135.000,-1013.536,6.526109,0
0.6675,204.517,164.021,960.848,-0.345,135.000,-1013.536,6.526109,0
0.6725,204.517,164.021,960.848,-0.345,127.270,-1148.717,4.565105,1
0.6775,216.517,176.022,838.029,-1.341,118.830,-1282.845,4.565105,0
0.6825,216.517,181.494,795.551,-0.444,109.690,-1409.965,4.565105,0
0.6875,216.517,186.682,759.536,-0.776,99.840,-1526.027,4.565105,0
0.6925,216.517,191.583,705.976,-0.942,89.650,-1613.326,1.239803,1
0.6975,222.517,196.045,638.565,-1.341,89.650,-1613.326,1.239803,0
0.7025,222.517,200.089,581.311,-0.818,79.100,-1675.014,1.239803,0
0.7085,222.517,200.089,581.311,-0.818,68.550,-1734.937,1.239803,0
0.7135,222.517,204.353,521.287,-0.785,58.010,-1745.866,-2.451973,1
0.7185,222.517,210.507,407.702,-0.959,47.460,-1751.870,-2.451973,0
0.7235,222.517,212.969,347.678,-1.025,37.270,-1722.934,-2.451973,0
0.7285,222.517,215.101,301.506,-0.710,27.070,-1716.175,-2.451973,0
0.7335,222.517,215.101,301.506,-0.710,27.070,-1716.175,-5.479218,1
0.7385,216.517,218.266,192.539,-0.411,17.230,-1614.040,-5.479218,0
0.7435,216.517,219.321,126.051,-1.399,7.730,-1668.613,-5.479218,0
0.7485,216.517,219.321,126.051,-1.399,358.590,-1592.968,-5.479218,0
0.7535,216.517,219.870,52.175,-1.274,350.160,-1492.517,-6.364483,1
0.7585,204.517,219.760,-30.012,-0.544,341.720,-1451.092,-6.364483,0
0.7638,204.517,219.255,-105.735,-1.424,333.980,-1367.068,-6.364483,0
0.7685,204.517,218.310,-153.754,-0.826,333.980,-1367.068,-6.364483,0
0.7735,204.517,217.101,-192.539,-0.594,326.600,-1303.171,-3.452539,1
0.7785,186.517,215.716,-211.931,-0.453,319.570,-1238.349,-3.452539,0
0.7835,186.517,215.716,-211.931,-0.453,312.890,-1176.758,-3.452539,0
0.7885,186.517,211.606,-370.765,-0.992,307.270,-1052.553,-3.452539,0
0.7945,186.517,208.529,-402.162,-0.602,301.290,-1021.398,-1.006486,1
0.7995,162.517,205.738,-416.937,-0.353,301.290,-1021.398,-1.006486,0
0.8045,162.517,202.551,-523.134,-2.271,296.020,-948.502,-1.006486,0
0.8095,162.517,198.770,-594.239,-1.250,291.090,-891.881,-1.006486,0
0.8145,162.517,194.594,-631.177,-0.361,286.170,-856.905,0.716024,1
0.8195,132.517,190.352,-636.718,-0.054,281.600,-807.245,0.716024,0
0.8245,132.517,185.692,-742.914,-2.586,277.380,-755.812,0.716024,0
0.8295,132.517,180.307,-831.565,-1.299,277.380,-755.812,0.716024,0
0.8345,132.517,174.593,-860.192,-0.353,273.520,-694.918,1.824767,1
0.8395,102.517,168.790,-865.733,-0.021,269.650,-672.851,1.824767,0
0.8445,102.517,168.790,-865.733,-0.021,266.130,-631.934,1.824767,0
0.8495,102.517,156.108,-1010.714,-1.241,263.320,-550.991,1.824767,0
0.8545,102.517,149.251,-1034.724,-0.378,260.160,-538.000,2.158060,1
0.8595,72.517,142.393,-1019.025,0.170,260.160,-538.000,2.158060,0
0.8645,72.517,142.393,-1019.025,0.170,257.700,-471.209,2.158060,0
0.8695,72.517,135.404,-1070.738,-1.416,255.940,-384.403,2.158060,0
0.8745,72.517,120.436,-1120.605,-0.046,254.530,-309.774,0.461530,1
0.8805,42.517,111.864,-1088.284,0.685,253.480,-242.029,0.461530,0
0.8855,42.517,104.633,-1093.825,-0.702,253.120,-150.500,0.461530,0
0.8905,42.517,97.204,-1127.992,-0.494,253.480,-44.543,0.461530,0
0.8955,42.517,97.204,-1127.992,-0.494,253.480,-44.543,-2.722395,1
0.9005,12.517,82.390,-1083.667,0.660,254.530,63.131,-2.722395,0
0.9055,12.517,82.390,-1083.667,0.660,255.590,121.816,-2.722395,0
0.9105,12.517,67.663,-1128.916,-0.494,258.050,266.885,-2.722395,0
0.9155,12.517,67.663,-1128.916,-0.494,260.860,366.472,-3.631371,1
0.9205,-17.483,52.761,-1096.595,0.594,263.670,416.864,-3.631371,0
0.9255,-17.483,52.761,-1096.595,0.594,263.670,416.864,-3.631371,0
0.9305,-17.483,37.925,-1136.303,-0.369,266.840,467.060,-3.631371,0
0.9355,-17.483,30.364,-1129.839,-0.029,271.050,593.238,-3.613396,1
0.9405,-47.483,22.935,-1098.442,0.486,274.920,617.232,-3.613396,0
0.9455,-47.483,15.594,-1111.370,-0.801,278.790,633.135,-3.613396,0
0.9505,-47.483,8.033,-1140.921,-0.353,282.660,639.290,-3.613396,0
0.9556,-47.483,0.429,-1139.997,-0.012,282.660,639.290,-4.568024,1
0.9605,-77.483,-7.154,-1104.906,0.668,286.520,621.732,-4.568024,0
0.9655,-77.483,-7.154,-1104.906,0.668,290.390,656.076,-4.568024,0
0.9705,-77.483,-22.188,-1136.303,-0.469,293.910,621.101,-4.568024,0
0.9765,-77.483,-30.980,-1127.992,0.212,297.070,572.456,-3.912943,1
0.9815,-101.483,-38.365,-1085.514,0.884,299.880,518.332,-3.912943,0
0.9865,-101.483,-45.574,-1078.126,-0.295,302.340,466.714,-3.912943,0
0.9915,-101.483,-52.783,-1080.896,-0.095,302.340,466.714,-3.912943,0
0.9965,-101.483,-52.783,-1080.896,-0.095,304.100,378.971,-2.035083,1
1.0015,-119.483,-66.652,-993.169,0.942,305.510,307.722,-2.035083,0
1.0065,-119.483,-73.158,-966.389,-0.029,306.560,241.498,-2.035083,0
1.0115,-119.483,-79.510,-935.915,0.220,306.910,150.007,-2.035083,0
1.0165,-119.483,-85.621,-897.130,0.726,306.910,75.004,0.242696,1
1.0215,-131.483,-91.357,-830.642,1.233,306.910,75.004,0.242696,0
1.0265,-131.483,-96.720,-789.087,0.386,306.910,37.502,0.242696,0
1.0315,-131.483,-101.797,-750.302,0.660,306.210,-40.667,0.242696,0
1.0365,-131.483,-106.589,-694.895,0.834,305.160,-107.405,2.809942,1
1.0415,-137.483,-110.963,-633.947,1.183,303.750,-171.033,2.809942,0
1.0465,-137.483,-114.985,-580.387,0.660,301.990,-232.539,2.809942,0
1.0515,-137.483,-118.699,-537.909,0.702,301.990,-232.539,2.809942,0
1.0565,-137.483,-118.699,-537.909,0.702,299.880,-289.674,4.012789,1
1.0625,-137.483,-122.040,-477.885,0.726,298.120,-292.644,4.012789,0
1.0675,-137.483,-125.447,-414.167,0.768,296.020,-322.950,4.012789,0
1.0725,-137.483,-127.953,-363.377,0.917,293.910,-336.344,4.012789,0
1.0775,-137.483,-131.821,-249.793,0.569,291.800,-344.986,3.611211,1
1.0825,-131.483,-131.821,-249.793,0.569,290.040,-318.095,3.611211,0
1.0876,-131.483,-134.371,-141.749,1.349,290.040,-318.095,3.611211,0
1.0925,-131.483,-134.920,-63.256,1.150,287.930,-332.078,3.611211,0
1.0975,-131.483,-135.008,10.620,0.652,286.170,-315.445,3.212579,1
1.1025,-119.483,-134.810,42.017,0.378,284.410,-304.361,3.212579,0
1.1075,-119.483,-134.283,108.505,1.441,283.010,-269.022,3.212579,0
1.1125,-119.483,-133.338,151.907,1.034,281.600,-252.464,3.212579,0
1.1175,-119.483,-133.338,151.907,1.034,281.600,-252.464,3.132126,1
1.1225,-101.483,-130.788,211.931,0.453,280.200,-235.800,3.132126,0
1.1275,-101.483,-129.030,299.659,1.640,279.490,-180.756,3.132126,0
1.1325,-101.483,-129.030,299.659,1.640,278.440,-177.978,3.132126,0
1.1375,-101.483,-124.062,392.927,0.710,277.730,-148.395,2.947814,1
1.1425,-77.483,-124.062,392.927,0.710,277.380,-102.822,2.947814,0
1.1485,-77.483,-117.469,540.679,2.080,277.030,-81.015,2.947814,0
1.1535,-77.483,-113.534,611.785,1.191,277.030,-81.015,2.947814,0
1.1585,-77.483,-109.314,643.182,0.378,276.680,-69.196,2.422765,1
1.1635,-47.483,-109.314,643.182,0.378,276.680,-34.598,2.422765,0
1.1685,-47.483,-100.369,747.532,2.370,276.680,-17.299,2.422765,0
1.1735,-47.483,-95.028,823.254,1.191,276.680,-8.650,2.422765,0
1.1785,-47.483,-89.357,858.345,0.494,276.680,-4.325,1.828174,1
1.1835,-17.483,-83.576,869.427,0.145,276.680,-4.325,1.828174,0
1.1885,-17.483,-83.576,869.427,0.145,277.380,54.278,1.828174,0
1.1935,-17.483,-70.938,1009.791,1.125,278.090,88.326,1.828174,0
1.1985,-17.483,-64.125,1030.107,0.403,278.440,73.409,0.805773,1
1.2035,12.517,-57.289,1016.255,-0.145,278.790,65.836,0.805773,0
1.2085,12.517,-57.289,1016.255,-0.145,279.490,90.520,0.805773,0
1.2135,12.517,-43.069,1110.447,0.726,279.490,90.520,0.805773,0
1.2185,12.517,-35.661,1112.294,0.046,279.840,74.561,-0.588285,1
1.2235,36.517,-35.661,1112.294,0.046,280.200,67.595,-0.588285,0
1.2285,36.517,-28.167,1078.126,-0.544,280.900,91.932,-0.588285,0
1.2345,36.517,-12.297,1091.054,0.004,281.600,104.290,-0.588285,0
1.2395,36.517,-5.088,1075.356,-0.536,281.950,80.706,-1.320777,1
1.2445,54.517,-5.088,1075.356,-0.536,282.660,100.698,-1.320777,0
1.2496,54.517,8.451,985.781,-0.187,282.660,100.698,-1.320777,0
1.2545,54.517,14.869,954.384,-0.511,283.010,79.038,-1.320777,0
1.2595,54.517,14.869,954.384,-0.511,283.360,69.236,-1.256487,1
1.2645,66.517,26.738,834.336,-1.374,284.060,92.891,-1.256487,0
1.2695,66.517,32.079,790.934,-0.444,285.120,135.016,-1.256487,0
1.2745,66.517,37.178,744.761,-0.810,285.820,125.753,-1.256487,0
1.2796,66.517,41.860,689.354,-0.859,285.820,125.753,-0.758497,1
1.2845,72.517,46.168,628.407,-1.067,286.880,145.972,-0.758497,0
1.2895,72.517,46.168,628.407,-1.067,288.630,228.324,-0.758497,0
1.2946,72.517,53.750,529.598,-0.818,290.040,231.876,-0.758497,0
1.2995,72.517,57.047,466.803,-0.984,292.150,292.129,0.432103,1
1.3045,72.517,59.993,410.473,-1.017,294.260,320.658,0.432103,0
1.3096,72.517,62.520,353.219,-0.718,294.260,320.658,0.432103,0
1.3145,72.517,64.718,307.970,-0.818,296.720,362.905,0.432103,0
1.3205,72.517,66.784,236.865,-0.818,299.530,420.395,0.755039,1
1.3255,66.517,68.213,192.539,-0.544,303.050,500.494,0.755039,0
1.3305,66.517,69.290,134.362,-1.333,306.560,544.997,0.755039,0
1.3355,66.517,69.817,50.328,-1.316,310.780,623.497,0.755039,0
1.3405,66.517,69.817,50.328,-1.316,315.350,694.059,0.931776,1
1.3455,54.517,69.905,-10.620,-0.818,315.350,694.059,0.931776,0
1.3505,54.517,69.707,-31.859,-0.536,320.270,742.578,0.931776,0
1.3555,54.517,69.202,-102.965,-1.366,325.900,858.914,0.931776,0
1.3605,54.517,68.279,-155.601,-0.735,331.880,926.369,1.195750,1
1.3655,36.517,67.048,-195.309,-0.726,338.200,990.940,1.195750,0
1.3705,36.517,63.949,-294.118,-1.814,344.880,1049.559,1.195750,0
1.3755,36.517,63.949,-294.118,-1.814,344.880,1049.559,1.195750,0
1.3805,36.517,59.004,-400.315,-0.544,351.910,1102.824,0.949541,1
1.3855,18.991,56.234,-420.631,-0.336,359.650,1201.662,0.949541,0
1.3905,18.991,53.157,-491.736,-1.673,7.380,1248.593,0.949541,0
1.3955,18.991,49.618,-544.373,-0.951,15.120,1267.099,0.949541,0
1.4005,18.991,45.838,-559.148,-0.353,23.550,1335.061,0.358562,1
1.4065,7.171,41.486,-551.760,0.203,31.990,1376.138,0.358562,0
1.4117,7.171,37.815,-565.612,-0.494,31.990,1376.138,0.358562,0
1.4166,7.171,34.013,-573.000,-0.286,40.430,1352.920,0.358562,0
1.4215,7.171,30.211,-563.765,-0.104,48.870,1423.683,-0.977941,1
1.4265,-10.648,26.562,-539.756,0.195,57.300,1418.767,-0.977941,0
1.4315,-10.648,22.913,-560.071,-0.909,65.390,1381.498,-0.977941,0
1.4365,-10.648,22.913,-560.071,-0.909,73.480,1367.922,-0.977941,0
1.4416,-10.648,19.067,-581.311,-0.419,73.480,1367.922,-2.393963,1
1.4465,-34.468,11.396,-569.306,0.286,81.560,1308.656,-2.393963,0
1.4515,-34.468,7.418,-629.330,-1.598,89.300,1353.082,-2.393963,0
1.4565,-34.468,2.978,-680.120,-0.967,97.030,1319.750,-2.393963,0
1.4615,-34.468,2.978,-680.120,-0.967,104.060,1245.621,-5.064012,1
1.4665,-64.287,-6.297,-689.354,-0.062,111.090,1203.568,-5.064012,0
1.4716,-64.287,-11.155,-777.082,-1.939,111.090,1203.568,-5.064012,0
1.4765,-64.287,-16.671,-853.728,-1.291,117.420,1122.552,-5.064012,0
1.4815,-64.287,-16.671,-853.728,-1.291,122.700,1007.651,-5.929939,1
1.4865,-94.287,-28.518,-876.814,0.170,127.620,913.168,-5.929939,0
1.4915,-94.287,-34.694,-950.690,-1.623,131.480,778.018,-5.929939,0
1.4975,-94.287,-34.694,-950.690,-1.623,134.300,621.066,-5.929939,0
1.5025,-94.287,-49.245,-1031.030,-0.195,136.410,488.562,-5.422010,1
1.5075,-118.287,-56.058,-1008.867,0.386,136.410,488.562,-5.422010,0
1.5125,-118.287,-56.058,-1008.867,0.386,137.810,358.783,-5.422010,0
1.5176,-118.287,-69.707,-1036.571,-0.436,138.160,209.229,-5.422010,0
1.5225,-118.287,-76.587,-1030.107,0.120,138.160,104.614,-4.905863,1
1.5276,-136.287,-83.269,-983.934,0.760,137.460,-5.859,-4.905863,0
1.5325,-136.287,-89.731,-970.083,-0.162,136.050,-120.561,-4.905863,0
1.5375,-136.287,-96.083,-947.920,0.129,136.050,-120.561,-4.905863,0
1.5425,-136.287,-102.237,-905.441,0.619,133.950,-232.872,-3.292546,1
1.5475,-148.287,-107.995,-850.958,1.258,131.130,-352.681,-3.292546,0
1.5525,-148.287,-113.402,-802.015,0.411,127.970,-441.136,-3.292546,0
1.5575,-148.287,-113.402,-802.015,0.411,124.450,-514.226,-3.292546,0
1.5625,-148.287,-118.568,-766.924,0.602,120.940,-549.293,-0.759000,1
1.5675,-154.287,-127.843,-634.871,1.191,120.940,-549.293,-0.759000,0
1.5725,-154.287,-131.887,-586.851,0.610,116.720,-622.549,-0.759000,0
1.5775,-154.287,-135.602,-530.521,0.585,112.500,-667.012,-0.759000,0
1.5825,-154.287,-138.942,-470.497,0.660,107.930,-713.576,-1.293322,1
1.5885,-154.287,-138.942,-470.497,0.660,103.010,-766.220,-1.293322,0
1.5935,-154.287,-144.811,-349.525,0.893,98.090,-788.569,-1.293322,0
1.5985,-154.287,-144.811,-349.525,0.893,93.160,-811.216,-1.293322,0
1.6036,-154.287,-148.679,-248.869,0.486,93.160,-811.216,-2.389627,1
1.6085,-148.287,-150.130,-203.620,0.726,87.540,-851.123,-2.389627,0
1.6135,-148.287,-150.130,-203.620,0.726,81.910,-923.540,-2.389627,0
1.6185,-148.287,-151.734,-52.175,1.059,75.940,-960.922,-2.389627,0
1.6235,-148.287,-151.800,8.773,0.560,69.610,-1007.013,-4.347946,1
1.6285,-136.287,-151.602,42.940,0.345,62.930,-1060.638,-4.347946,0
1.6337,-136.287,-151.053,111.276,1.341,62.930,-1060.638,-4.347946,0
1.6385,-136.287,-151.053,111.276,1.341,56.250,-1067.999,-4.347946,0
1.6435,-136.287,-150.108,160.218,1.117,48.520,-1201.759,-6.125636,1
1.6486,-122.513,-147.514,218.396,0.428,40.430,-1272.345,-6.125636,0
1.6535,-122.513,-147.514,218.396,0.428,32.700,-1282.745,-6.125636,0
1.6585,-122.513,-145.844,276.573,1.225,23.910,-1361.936,-6.125636,0
1.6636,-122.513,-141.382,357.836,0.345,23.910,-1361.936,-6.344830,1
1.6695,-114.738,-138.591,361.530,-0.071,15.120,-1376.250,-6.344830,0
1.6745,-114.738,-136.085,379.076,0.494,6.330,-1430.063,-6.344830,0
1.6795,-114.738,-133.513,390.157,0.386,358.590,-1517.751,-6.344830,0
1.6845,-114.738,-133.513,390.157,0.386,349.450,-1529.777,-5.616255,1
1.6895,-112.325,-130.942,383.693,0.054,339.960,-1560.910,-5.616255,0
1.6945,-112.325,-126.041,349.525,-0.286,331.170,-1513.440,-5.616255,0
1.6995,-112.325,-123.799,321.822,-0.170,322.380,-1490.801,-5.616255,0
1.7045,-112.325,-121.755,291.348,-0.552,322.380,-1490.801,-4.325725,1
1.7095,-103.912,-121.755,291.348,-0.552,313.590,-1435.922,-4.325725,0
1.7145,-103.912,-118.260,246.099,0.120,305.510,-1433.687,-4.325725,0
1.7195,-103.912,-116.567,253.487,0.295,297.770,-1362.638,-4.325725,0
1.7245,-103.912,-114.897,251.640,-0.004,289.690,-1355.273,-3.014271,1
1.7295,-89.499,-113.271,240.558,0.021,282.300,-1291.841,-3.014271,0
1.7345,-89.499,-113.271,240.558,0.021,282.300,-1291.841,-3.014271,0
1.7395,-89.499,-109.490,324.592,0.726,274.920,-1247.185,-3.014271,0
1.7446,-89.499,-107.182,343.985,0.486,267.890,-1221.151,-2.212665,1
1.7495,-69.087,-107.182,343.985,0.486,261.210,-1168.974,-2.212665,0
1.7555,-69.087,-101.775,441.870,1.482,254.880,-1110.381,-2.212665,0
1.7605,-69.087,-98.588,494.507,0.801,248.910,-1049.251,-2.212665,0
1.7655,-69.087,-95.160,517.593,0.270,243.280,-999.367,-2.710244,1
1.7705,-54.205,-95.160,517.593,0.270,243.280,-999.367,-2.710244,0
1.7756,-54.205,-88.038,560.995,0.934,238.360,-902.552,-2.710244,0
1.7805,-54.205,-84.148,590.545,0.552,233.440,-869.078,-2.710244,0
1.7855,-54.205,-80.192,598.856,0.203,229.570,-755.890,-2.713475,1
1.7906,-45.323,-76.301,573.923,-0.345,225.700,-700.120,-2.713475,0
1.7955,-45.323,-72.477,570.229,-0.062,222.190,-641.533,-2.713475,0
1.8009,-45.323,-68.718,560.071,-0.262,219.380,-553.694,-2.713475,0
1.8055,-45.323,-65.092,535.138,-0.536,219.380,-553.694,-1.861665,1
1.8106,-37.233,-61.707,493.583,-0.743,216.560,-511.731,-1.861665,0
1.8155,-37.233,-58.542,466.803,-0.270,214.100,-463.384,-1.861665,0
1.8205,-37.233,-58.542,466.803,-0.270,211.290,-465.930,-1.861665,0
1.8255,-37.233,-52.630,413.243,-0.594,208.830,-438.056,-1.276729,1
1.8306,-25.535,-49.948,382.769,-0.585,208.830,-438.056,-1.276729,0
1.8355,-25.535,-47.354,380.922,0.469,206.370,-419.488,-1.276729,0
1.8405,-25.535,-44.761,388.310,0.253,203.910,-418.445,-1.276729,0
1.8466,-25.535,-41.772,383.693,-0.021,201.450,-415.141,-0.553813,1
1.8516,-11.076,-39.266,365.224,-0.353,199.690,-354.189,-0.553813,0
1.8565,-11.076,-39.266,365.224,-0.353,197.580,-352.829,-0.553813,0
1.8615,-11.076,-33.991,416.937,0.677,195.470,-351.884,-0.553813,0
1.8665,-11.076,-31.156,429.865,0.270,195.470,-351.884,0.245787,1
1.8715,4.916,-28.298,421.554,-0.046,194.060,-286.135,0.245787,0
1.8765,4.916,-25.353,459.416,0.959,193.010,-236.757,0.245787,0
1.8815,4.916,-22.100,497.277,0.477,191.600,-236.507,0.245787,0
1.8865,4.916,-18.715,504.665,0.095,191.250,-147.339,0.336366,1
1.8915,14.908,-15.353,498.200,-0.212,190.550,-131.975,0.336366,0
1.8965,14.908,-11.968,510.205,0.286,190.550,-131.975,0.336366,0
1.9015,14.908,-8.561,515.746,0.054,190.200,-94.795,0.336366,0
1.9065,14.908,-8.561,515.746,0.054,189.840,-77.860,0.543802,1
1.9115,18.900,-5.176,500.971,-0.195,189.490,-67.993,0.543802,0
1.9165,18.900,-1.945,483.425,-0.494,189.140,-63.136,0.543802,0
1.9216,18.900,4.033,412.320,-0.594,189.140,-31.568,0.543802,0
1.9266,18.900,6.715,373.535,-0.718,189.140,-31.568,0.313041,1
1.9326,16.892,6.715,373.535,-0.718,188.440,-70.632,0.313041,0
1.9376,16.892,11.330,272.879,-0.868,187.730,-96.310,0.313041,0
1.9426,16.892,12.891,211.008,-0.743,186.680,-139.666,0.313041,0
1.9475,16.892,12.891,211.008,-0.743,185.270,-186.699,1.385947,1
1.9526,20.884,15.111,131.591,-0.403,183.160,-269.101,1.385947,0
1.9575,20.884,15.902,110.352,0.071,181.410,-280.422,1.385947,0
1.9626,20.884,16.605,107.582,-0.095,181.410,-280.422,1.385947,0
1.9675,20.884,17.265,92.807,-0.120,179.650,-285.533,2.561405,1
1.9726,30.876,17.858,85.419,-0.054,177.190,-350.628,2.561405,0
1.9775,30.876,18.540,118.663,0.909,175.080,-351.026,2.561405,0
1.9825,30.876,19.441,144.520,0.710,172.970,-351.307,2.561405,0
1.9875,30.876,20.518,171.300,0.228,171.210,-322.053,4.452618,1
1.9926,46.868,21.727,183.305,0.328,171.210,-322.053,4.452618,0
1.9975,46.868,21.727,183.305,0.328,169.450,-305.875,4.452618,0
2.0026,46.868,25.155,315.358,1.084,167.700,-300.674,4.452618,0
2.0075,46.868,27.441,346.755,0.394,166.640,-238.599,5.369156,1
2.0126,68.860,29.815,355.989,0.212,165.590,-207.214,5.369156,0
2.0175,68.860,32.628,464.956,2.055,164.530,-190.768,5.369156,0
2.0235,68.860,32.628,464.956,2.055,164.180,-124.875,5.369156,0
2.0285,68.860,40.299,568.383,0.311,164.180,-124.875,6.293568,1
2.0336,96.852,44.080,568.383,-0.037,164.180,-62.437,6.293568,0
2.0385,96.852,48.256,667.192,2.312,164.180,-31.219,6.293568,0
2.0435,96.852,48.256,667.192,2.312,163.830,-44.761,6.293568,0
2.0486,96.852,58.278,785.393,0.544,164.180,6.749,7.000873,1
2.0536,126.852,63.531,786.316,-0.112,164.530,32.402,7.000873,0
2.0585,126.852,69.070,864.809,2.213,164.530,32.402,7.000873,0
2.0635,126.852,75.224,944.226,1.308,164.880,45.265,7.000873,0
2.0685,126.852,81.686,972.853,0.453,165.230,52.168,7.837128,1
2.0736,156.743,88.170,965.465,-0.220,166.290,114.322,7.837128,0
2.0785,156.743,94.808,1021.796,1.598,166.640,86.265,7.837128,0
2.0835,156.743,94.808,1021.796,1.598,166.990,72.280,7.837128,0
2.0885,156.743,109.094,1084.590,0.179,166.990,72.280,7.716193,1
2.0936,180.633,116.348,1063.351,-0.536,167.340,63.538,7.716193,0
2.0986,180.633,123.535,1077.203,0.511,167.340,31.769,7.716193,0
2.1036,180.633,130.810,1084.590,0.154,167.340,15.885,7.716193,0
2.1096,180.633,139.184,1059.657,-0.345,166.990,-21.195,7.370665,1
2.1146,198.524,146.042,1007.944,-1.017,165.940,-96.463,7.370665,0
2.1195,198.524,146.042,1007.944,-1.017,164.530,-167.855,7.370665,0
2.1246,198.524,158.966,939.609,-0.311,164.530,-167.855,7.370665,0
2.1296,198.524,165.076,899.901,-0.619,162.070,-285.745,6.633945,1
2.1346,210.415,170.790,829.718,-1.208,159.610,-351.334,6.633945,0
2.1396,210.415,176.087,778.929,-0.552,156.090,-469.361,6.633945,0
2.1445,210.415,176.087,778.929,-0.552,151.880,-585.422,6.633945,0
2.1496,210.415,185.824,685.660,-0.926,146.950,-705.170,5.402933,1
2.1547,216.305,185.824,685.660,-0.926,146.950,-705.170,5.402933,0
2.1596,216.305,194.067,568.383,-0.602,141.330,-803.404,5.402933,0
2.1645,216.305,194.067,568.383,-0.602,135.000,-949.272,5.402933,0
2.1696,216.305,200.924,464.956,-0.793,127.970,-1061.859,3.574834,1
2.1746,216.196,203.825,409.549,-0.893,120.590,-1142.702,3.574834,0
2.1796,216.196,206.353,355.066,-1.025,112.500,-1246.508,3.574834,0
2.1846,216.196,208.529,303.353,-0.793,112.500,-1246.508,3.574834,0
2.1896,216.196,210.353,255.333,-0.801,104.060,-1318.141,1.507646,1
2.1946,210.087,211.848,199.927,-0.602,95.270,-1398.404,1.507646,0
2.2005,210.087,211.848,199.927,-0.602,86.480,-1432.434,1.507646,0
2.2055,210.087,213.079,120.510,-1.656,76.990,-1509.382,1.507646,0
2.2106,210.087,213.606,-12.467,-0.810,67.500,-1538.084,-1.400320,1
2.2156,197.978,213.408,-32.782,-0.560,58.010,-1566.972,-1.400320,0
2.2206,197.978,212.881,-106.658,-1.632,58.010,-1566.972,-1.400320,0
2.2255,197.978,212.881,-106.658,-1.632,48.520,-1562.264,-1.400320,0
2.2305,197.978,210.727,-194.386,-0.552,39.020,-1591.478,-4.573063,1
2.2356,179.868,209.364,-208.238,-0.519,29.530,-1585.606,-4.573063,0
2.2405,179.868,209.364,-208.238,-0.519,20.390,-1555.450,-4.573063,0
2.2455,179.868,207.584,-302.429,-1.615,11.600,-1505.864,-4.573063,0
2.2506,179.868,202.595,-405.856,-0.735,11.600,-1505.864,-6.386198,1
2.2556,155.759,199.803,-417.860,-0.353,3.160,-1407.061,-6.386198,0
2.2606,155.759,196.594,-536.062,-2.196,354.730,-1464.307,-6.386198,0
2.2655,155.759,192.682,-612.708,-1.274,346.990,-1378.767,-6.386198,0
2.2706,155.759,188.462,-642.258,-0.552,339.610,-1299.866,-3.725604,1
2.2756,125.759,184.088,-653.340,0.012,332.930,-1206.632,-3.725604,0
2.2806,125.759,179.296,-758.613,-2.495,332.930,-1206.632,-3.725604,0
2.2856,125.759,173.758,-846.341,-1.133,325.900,-1182.066,-3.725604,0
2.2916,125.759,173.758,-846.341,-1.133,319.570,-1124.453,-0.988658,1
2.2965,95.759,167.032,-883.278,-0.336,313.590,-1055.480,-0.988658,0
2.3016,95.759,155.141,-942.379,-1.748,306.910,-1092.398,-0.988658,0
2.3066,95.759,148.591,-1001.480,-1.017,300.590,-1069.844,-0.988658,0
2.3116,95.759,141.800,-1019.949,-0.270,293.910,-1092.486,0.241819,1
2.3166,65.759,141.800,-1019.949,-0.270,293.910,-1092.486,0.241819,0
2.3216,65.759,128.129,-1054.116,-1.233,287.230,-1088.741,0.241819,0
2.3266,65.759,120.941,-1099.365,-0.652,280.550,-1116.150,0.241819,0
2.3316,65.759,113.578,-1107.676,-0.154,273.870,-1116.492,0.262512,1
2.3366,35.759,106.281,-1076.279,0.403,267.540,-1085.101,0.262512,0
2.3416,35.759,98.918,-1109.523,-1.059,261.560,-1041.240,0.262512,0
2.3466,35.759,98.918,-1109.523,-1.059,261.560,-1041.240,0.262512,0
2.3516,35.759,83.840,-1148.308,0.029,255.940,-980.679,0.451130,1
2.3566,9.023,76.103,-1106.753,0.643,250.660,-932.451,0.451130,0
2.3626,9.023,67.575,-1112.294,-0.519,246.450,-821.794,0.451130,0
2.3675,9.023,67.575,-1112.294,-0.519,242.930,-703.889,0.451130,0
2.3726,9.023,52.761,-1100.289,0.203,240.120,-585.820,-1.990613,1
2.3776,-20.977,45.640,-1047.652,0.992,238.010,-468.574,-1.990613,0
2.3826,-20.977,38.673,-1048.576,-0.627,238.010,-468.574,-1.990613,0
2.3875,-20.977,38.673,-1048.576,-0.627,236.950,-321.151,-1.990613,0
2.3926,-20.977,24.496,-1063.351,0.029,236.600,-190.222,-5.896728,1
2.3976,-50.977,17.529,-1031.954,0.610,236.950,-65.894,-5.896728,0
2.4026,-50.977,10.605,-1053.193,-1.117,238.010,55.445,-5.896728,0
2.4075,-50.977,10.605,-1053.193,-1.117,240.120,203.486,-5.896728,0
2.4126,-50.977,-3.901,-1097.518,-0.162,240.120,203.486,-7.417751,1
2.4176,-80.977,-11.067,-1067.045,0.635,242.580,294.089,-7.417751,0
2.4226,-80.977,-11.067,-1067.045,0.635,245.740,429.166,-7.417751,0
2.4275,-80.977,-18.232,-1092.901,-0.876,249.960,566.120,-7.417751,0
2.4326,-80.977,-33.288,-1121.528,-0.145,254.530,664.509,-6.235661,1
2.4376,-110.977,-40.739,-1097.518,0.677,259.800,764.268,-6.235661,0
2.4425,-110.977,-40.739,-1097.518,0.677,259.800,764.268,-6.235661,0
2.4486,-110.977,-48.124,-1105.830,-0.760,265.430,845.535,-6.235661,0
2.4536,-110.977,-64.432,-1133.533,0.253,271.760,953.301,-4.450202,1
2.4586,-134.977,-71.883,-1092.901,0.818,278.090,986.492,-4.450202,0
2.4636,-134.977,-71.883,-1092.901,0.818,284.410,1051.643,-4.450202,0
2.4686,-134.977,-86.214,-1083.667,-0.112,290.390,1021.871,-4.450202,0
2.4736,-134.977,-93.401,-1052.270,0.394,296.370,1010.735,-1.453830,1
2.4787,-152.977,-100.149,-997.786,1.034,296.370,1010.735,-1.453830,0
2.4836,-152.977,-106.677,-971.006,0.137,301.640,934.237,-1.453830,0
2.4885,-152.977,-106.677,-971.006,0.137,306.560,886.807,-1.453830,0
2.4935,-152.977,-113.029,-946.073,0.270,311.130,822.819,1.903355,1
2.4986,-164.977,-124.876,-837.106,1.241,315.350,764.102,1.903355,0
2.5036,-164.977,-130.283,-790.934,0.519,318.870,676.302,1.903355,0
2.5086,-164.977,-135.338,-752.149,0.552,318.870,676.302,1.903355,0
2.5136,-164.977,-140.129,-695.818,0.959,321.680,570.022,4.398070,1
2.5186,-170.977,-144.525,-629.330,1.175,324.490,521.182,4.398070,0
2.5236,-170.977,-148.547,-583.158,0.527,326.950,465.692,4.398070,0
2.5286,-170.977,-148.547,-583.158,0.527,328.360,350.527,4.398070,0
2.5336,-170.977,-155.603,-471.420,0.643,330.120,319.310,5.649724,1
2.5396,-170.977,-155.603,-471.420,0.643,331.170,248.314,5.649724,0
2.5446,-170.977,-161.405,-350.449,0.868,331.170,248.314,5.649724,0
2.5496,-170.977,-161.405,-350.449,0.868,332.230,210.741,5.649724,0
2.5546,-170.977,-165.318,-246.099,0.477,332.580,135.181,4.782683,1
2.5596,-164.977,-165.318,-246.099,0.477,332.930,96.755,4.782683,0
2.5645,-164.977,-166.746,-197.156,0.726,332.930,48.378,4.782683,0
2.5696,-164.977,-168.373,-51.251,1.100,332.930,24.189,4.782683,0
2.5746,-164.977,-168.461,9.696,0.585,332.930,24.189,3.756229,1
2.5796,-152.977,-168.263,39.247,0.353,332.580,-15.388,3.756229,0
2.5846,-152.977,-167.735,105.735,1.366,331.880,-69.777,3.756229,0
2.5895,-152.977,-167.735,105.735,1.366,330.820,-123.564,3.756229,0
2.5946,-152.977,-165.559,184.228,0.511,329.410,-179.591,2.981640,1
2.5996,-134.977,-164.197,213.778,0.411,328.360,-177.023,2.981640,0
2.6045,-134.977,-164.197,213.778,0.411,328.360,-177.023,2.981640,0
2.6095,-134.977,-162.438,302.429,1.673,326.950,-204.482,2.981640,0
2.6146,-134.977,-157.471,404.932,0.668,325.200,-250.327,2.521029,1
2.6196,-110.977,-154.680,416.937,0.170,323.090,-300.404,2.521029,0
2.6256,-110.977,-150.855,536.062,1.980,320.980,-325.233,2.521029,0
2.6306,-110.977,-146.943,612.708,1.092,318.520,-365.852,2.521029,0
2.6356,-110.977,-146.943,612.708,1.092,315.350,-450.344,1.929541,1
2.6407,-80.977,-138.459,637.641,-0.095,315.350,-450.344,1.929541,0
2.6456,-80.977,-133.843,739.220,2.453,312.190,-484.060,1.929541,0
2.6506,-80.977,-128.480,825.101,1.191,309.020,-510.360,1.929541,0
2.6556,-80.977,-128.480,825.101,1.191,305.160,-577.762,1.365132,1
2.6606,-50.977,-117.029,862.963,0.079,300.590,-669.986,1.365132,0
2.6656,-50.977,-111.029,934.992,2.030,296.370,-687.770,1.365132,0
2.6707,-50.977,-104.457,1007.021,1.150,296.370,-687.770,1.365132,0
2.6756,-50.977,-104.457,1007.021,1.150,291.450,-746.846,0.787980,1
2.6806,-20.977,-90.808,1016.255,-0.203,286.170,-814.520,0.787980,0
2.6856,-20.977,-83.884,1067.968,1.474,280.900,-850.061,0.787980,0
2.6906,-20.977,-76.609,1106.753,0.834,275.620,-865.585,0.787980,0
2.6956,-20.977,-69.114,1113.217,-0.029,270.350,-872.155,0.029687,1
2.7007,3.023,-61.685,1089.207,-0.552,270.350,-872.155,0.029687,0
2.7056,3.023,-54.366,1092.901,0.527,265.780,-810.509,0.029687,0
2.7106,3.023,-47.047,1094.748,0.195,261.210,-792.884,0.029687,0
2.7166,3.023,-47.047,1094.748,0.195,256.990,-748.457,-0.739932,1
2.7216,21.023,-31.639,1019.025,-1.108,253.120,-697.662,-0.739932,0
2.7266,21.023,-25.045,982.087,-0.303,250.660,-552.362,-0.739932,0
2.7316,21.023,-18.606,949.767,-0.544,247.850,-511.576,-0.739932,0
2.7365,21.023,-18.606,949.767,-0.544,247.850,-511.576,-0.328911,1
2.7416,33.023,-12.451,910.982,-0.967,245.740,-421.689,-0.328911,0
2.7466,33.023,-6.737,832.489,-1.316,244.340,-334.855,-0.328911,0
2.7516,33.023,3.616,737.374,-0.760,242.930,-284.748,-0.328911,0
2.7566,33.023,8.363,692.125,-0.826,241.880,-229.838,-0.932334,1
2.7616,39.023,12.671,626.560,-0.951,241.170,-173.974,-0.932334,0
2.7666,39.023,16.605,577.617,-0.702,241.170,-173.974,-0.932334,0
2.7716,39.023,16.605,577.617,-0.702,240.470,-144.578,-0.932334,0
2.7766,39.023,23.529,476.038,-1.000,240.120,-101.771,-2.223609,1
2.7816,39.023,26.452,415.090,-0.934,240.120,-50.886,-2.223609,0
2.7866,39.023,29.024,360.607,-0.660,240.120,-25.443,-2.223609,0
2.7915,39.023,29.024,360.607,-0.660,240.120,-12.721,-2.223609,0
2.7976,39.023,31.200,301.506,-0.834,240.470,23.044,-3.410873,1
2.8027,33.023,33.288,243.329,-0.843,240.470,23.044,-3.410873,0
2.8076,33.023,35.793,124.204,-1.233,240.470,11.522,-3.410873,0
2.8126,33.023,36.321,46.634,-1.324,240.820,35.808,-3.410873,0
2.8176,33.023,36.321,46.634,-1.324,241.170,47.045,-3.754833,1
2.8226,21.023,36.167,-31.859,-0.428,241.880,82.793,-3.754833,0
2.8276,21.023,36.167,-31.859,-0.428,242.580,99.707,-3.754833,0
2.8326,21.023,34.738,-162.065,-0.917,242.580,99.707,-3.754833,0
2.8376,21.023,33.529,-194.386,-0.751,242.930,78.726,-3.583772,1
2.8426,3.023,32.167,-206.391,-0.187,243.630,97.509,-3.583772,0
2.8476,3.023,30.430,-293.195,-1.955,244.340,108.509,-3.583772,0
2.8526,3.023,28.145,-365.224,-0.992,245.390,141.662,-3.583772,0
2.8576,3.023,25.529,-401.238,-0.477,246.450,159.238,-4.498636,1
2.8627,-20.977,25.529,-401.238,-0.477,246.450,159.238,-4.498636,0
2.8676,-20.977,22.760,-416.014,-0.303,247.850,193.376,-4.498636,0
2.8726,-20.977,19.573,-529.598,-2.254,248.910,187.319,-4.498636,0
2.8776,-20.977,11.462,-638.565,-0.403,250.660,239.709,-5.483079,1
2.8826,-50.977,7.132,-642.258,-0.195,252.770,296.029,-5.483079,0
2.8886,-50.977,7.132,-642.258,-0.195,254.530,291.789,-5.483079,0
2.8936,-50.977,-3.901,-843.570,-1.250,256.990,354.641,-5.483079,0
2.8986,-50.977,-9.704,-878.661,-0.453,256.990,354.641,-5.903579,1
2.9036,-80.977,-15.506,-868.503,0.154,259.800,395.113,-5.903579,0
2.9086,-80.977,-21.551,-931.298,-1.723,262.620,452.118,-5.903579,0
2.9136,-80.977,-21.551,-931.298,-1.723,266.480,547.386,-5.903579,0
2.9186,-80.977,-34.892,-1021.796,-0.145,270.000,566.915,-5.340465,1
2.9236,-106.809,-41.684,-1010.714,0.403,273.870,605.183,-5.340465,0
2.9286,-106.809,-41.684,-1010.714,0.403,273.870,605.183,-5.340465,0
2.9336,-106.809,-55.553,-1062.427,-0.453,278.090,646.462,-5.340465,0
2.9386,-106.809,-62.652,-1058.734,-0.012,281.950,654.064,-3.835976,1
2.9436,-126.641,-69.576,-1024.566,0.552,286.170,678.526,-3.835976,0
2.9486,-126.641,-76.345,-1009.791,-0.228,290.390,689.599,-3.835976,0
2.9536,-126.641,-83.071,-1005.174,0.021,294.260,668.170,-3.835976,0
2.9586,-126.641,-89.643,-971.006,0.436,294.260,668.170,-1.476433,1
2.9636,-140.473,-95.929,-909.135,1.067,297.770,610.013,-1.476433,0
2.9686,-140.473,-101.841,-870.350,0.469,300.940,585.796,-1.476433,0
2.9736,-140.473,-101.841,-870.350,0.469,303.750,526.496,-1.476433,0
2.9796,-140.473,-113.666,-761.383,1.117,305.860,439.068,1.711418,1
2.9846,-148.305,-118.436,-690.278,1.258,307.970,395.167,1.711418,0
2.9896,-148.305,-118.436,-690.278,1.258,309.380,315.208,1.711418,0
2.9946,-148.305,-122.788,-635.794,0.453,309.380,315.208,1.711418,0
2.9996,-148.305,-130.524,-536.985,0.942,310.780,272.409,4.169727,1
3.0046,-150.137,-133.799,-469.574,1.050,311.840,226.091,4.169727,0
3.0096,-150.137,-136.722,-417.860,0.834,312.540,171.401,4.169727,0
3.0146,-150.137,-139.316,-370.765,0.569,313.240,143.683,4.169727,0
3.0196,-150.137,-141.580,-313.511,0.743,313.590,100.976,5.156575,1
3.0247,-145.969,-143.470,-267.338,0.776,313.590,100.976,5.156575,0
3.0306,-145.969,-145.185,-195.309,0.859,313.950,80.246,5.156575,0
3.0356,-145.969,-146.218,-129.745,0.818,314.300,69.320,5.156575,0
3.0406,-145.969,-146.877,-79.878,1.009,314.300,34.660,4.506000,1
3.0456,-135.801,-147.185,-33.706,0.685,314.300,17.330,4.506000,0
3.0506,-135.801,-147.185,-33.706,0.685,314.300,8.665,4.506000,0
3.0556,-135.801,-146.393,110.352,0.876,314.300,4.332,4.506000,0
3.0606,-135.801,-145.536,142.673,0.336,314.300,4.332,3.990191,1
3.0656,-119.633,-144.525,160.218,0.394,313.950,-25.094,3.990191,0
3.0706,-119.633,-143.184,234.094,1.698,313.590,-44.928,3.990191,0
3.0756,-119.633,-143.184,234.094,1.698,312.890,-80.656,3.990191,0
3.0806,-119.633,-139.162,331.980,0.536,312.540,-69.579,3.692303,1
3.0856,-97.465,-136.832,355.066,0.428,311.840,-92.882,3.692303,0
3.0906,-97.465,-136.832,355.066,0.428,311.840,-92.882,3.692303,0
3.0956,-97.465,-134.085,457.569,2.121,311.130,-104.784,3.692303,0
3.1006,-97.465,-126.964,567.459,0.660,309.730,-170.926,3.347728,1
3.1056,-69.296,-123.073,573.000,0.212,308.670,-173.825,3.347728,0
3.1106,-69.296,-118.787,683.814,2.204,307.270,-203.236,3.347728,0
3.1156,-69.296,-113.886,761.383,1.349,305.510,-246.399,3.347728,0
3.1216,-69.296,-107.754,800.168,0.461,303.400,-301.383,2.936731,1
3.1267,-39.296,-102.413,793.704,-0.154,303.400,-301.383,2.936731,0
3.1316,-39.296,-102.413,793.704,-0.154,300.940,-351.331,2.936731,0
3.1366,-39.296,-96.808,874.044,2.013,298.120,-416.121,2.936731,0
3.1416,-39.296,-90.632,939.609,1.266,294.960,-472.080,2.505365,1
3.1466,-9.296,-77.730,958.078,-0.187,291.800,-498.084,2.505365,0
3.1516,-9.296,-71.092,1018.102,1.548,288.280,-543.761,2.505365,0
3.1567,-9.296,-64.059,1069.815,0.926,288.280,-543.761,2.505365,0
3.1616,-9.296,-64.059,1069.815,0.926,284.410,-590.763,1.714474,1
3.1666,20.704,-49.728,1059.657,-0.428,280.550,-620.403,1.714474,0
3.1716,20.704,-49.728,1059.657,-0.428,277.030,-603.109,1.714474,0
3.1766,20.704,-42.563,1086.437,1.067,273.160,-624.324,1.714474,0
3.1816,20.704,-27.441,1127.992,0.079,269.650,-603.768,0.694214,1
3.1870,44.704,-20.012,1103.983,-0.544,266.480,-562.985,0.694214,0
3.1916,44.704,-20.012,1103.983,-0.544,266.480,-562.985,0.694214,0
3.1966,44.704,-12.693,1098.442,0.369,263.320,-548.815,0.694214,0
3.2016,44.704,2.121,1079.050,-0.403,260.860,-479.613,0.293024,1
3.2076,62.704,10.187,1016.255,-1.092,259.100,-386.496,0.293024,0
3.2126,62.704,16.781,980.241,-0.361,257.340,-337.737,0.293024,0
3.2176,62.704,23.177,948.843,-0.544,255.940,-286.997,0.293024,0
3.2226,62.704,29.309,896.207,-0.768,255.940,-286.997,0.468790,1
3.2276,74.704,29.309,896.207,-0.768,255.230,-199.509,0.468790,0
3.2326,74.704,40.299,775.235,-0.643,254.880,-130.725,0.468790,0
3.2376,74.704,45.332,741.991,-0.569,254.180,-123.637,0.468790,0
3.2426,74.704,50.036,688.431,-0.984,254.180,-61.818,-0.709815,1
3.2476,80.704,50.036,688.431,-0.984,254.530,-1.658,-0.709815,0
3.2526,80.704,54.366,621.943,-1.150,254.530,-1.658,-0.709815,0
3.2576,80.704,58.278,572.076,-0.585,255.230,56.861,-0.709815,0
3.2626,80.704,65.180,472.344,-0.818,256.290,117.986,-2.387037,1
3.2676,80.704,68.103,417.860,-0.868,257.340,146.358,-2.387037,0
3.2726,80.704,70.653,365.224,-0.951,258.750,191.294,-2.387037,0
3.2776,80.704,72.851,308.894,-0.876,260.510,241.732,-2.387037,0
3.2826,80.704,74.697,259.027,-0.743,260.510,241.732,-1.185551,1
3.2876,74.704,76.213,208.238,-0.751,262.620,285.242,-1.185551,0
3.2936,74.704,76.213,208.238,-0.751,264.380,300.360,-1.185551,0
3.2986,74.704,77.950,42.940,-1.142,267.190,384.291,-1.185551,0
3.3036,74.704,77.994,-10.620,-0.602,269.650,396.976,-0.219991,1
3.3086,62.704,77.994,-10.620,-0.602,272.460,433.006,-0.219991,0
3.3136,62.704,77.774,-41.093,-0.328,275.270,450.787,-0.219991,0
3.3187,62.704,76.323,-158.371,-1.042,275.270,450.787,-0.219991,0
3.3236,62.704,75.136,-191.616,-0.411,278.790,515.750,-0.437494,1
3.3287,44.704,73.796,-210.085,-0.428,282.660,581.401,-0.437494,0
3.3336,44.704,73.796,-210.085,-0.428,286.520,613.242,-0.437494,0
3.3386,44.704,69.729,-367.071,-1.258,291.450,718.108,-0.437494,0
3.3436,44.704,67.136,-404.009,-0.685,296.020,740.220,-0.401957,1
3.3487,20.704,67.136,-404.009,-0.685,296.020,740.220,-0.401957,0
3.3536,20.704,61.223,-520.363,-2.063,301.290,797.373,-0.401957,0
3.3586,20.704,57.355,-604.397,-1.142,306.560,850.762,-0.401957,0
3.3636,20.704,53.179,-641.335,-0.627,312.540,923.300,-0.139508,1
3.3686,-2.790,48.849,-645.029,-0.012,318.520,961.427,-0.139508,0
3.3736,-2.790,44.167,-726.292,-1.690,324.490,971.945,-0.139508,0
3.3787,-2.790,39.046,-776.158,-0.834,324.490,971.945,-0.139508,0
3.3846,-2.790,39.046,-776.158,-0.834,330.820,1010.643,-0.223124,1
3.3897,-20.284,27.683,-781.699,0.295,337.500,1034.537,-0.223124,0
3.3946,-20.284,22.430,-795.551,-0.536,343.480,1050.554,-0.223124,0
3.3996,-20.284,17.089,-803.862,-0.328,349.450,1026.198,-0.223124,0
3.4046,-20.284,17.089,-803.862,-0.328,355.430,1009.001,-0.404972,1
3.4096,-31.778,6.627,-761.383,0.511,1.050,970.886,-0.404972,0
3.4146,-31.778,1.681,-732.756,0.237,1.050,970.886,-0.404972,0
3.4196,-31.778,1.681,-732.756,0.237,6.680,953.335,-0.404972,0
3.4246,-31.778,-3.132,-715.211,0.170,12.300,948.154,-0.610470,1
3.4296,-37.271,-11.880,-604.397,1.034,17.580,914.500,-0.610470,0
3.4346,-37.271,-15.792,-565.612,0.577,22.500,868.648,-0.610470,0
3.4396,-37.271,-19.331,-517.593,0.577,27.070,813.757,-0.610470,0
3.4446,-37.271,-22.540,-469.574,0.660,27.070,813.757,0.007279,1
3.4496,-36.765,-25.375,-408.626,0.893,31.290,739.492,0.007279,0
3.4546,-36.765,-27.859,-348.602,0.959,35.160,714.621,0.007279,0
3.4596,-36.765,-29.925,-289.501,0.710,39.020,678.614,0.007279,0
3.4646,-36.765,-31.639,-237.788,0.810,42.190,603.878,1.524853,1
3.4696,-30.259,-33.068,-193.462,0.486,45.350,559.815,1.524853,0
3.4756,-30.259,-34.145,-102.041,1.632,47.460,459.415,1.524853,0
3.4807,-30.259,-34.497,-33.706,1.200,47.460,459.415,1.524853,0
3.4856,-30.259,-34.497,-33.706,1.200,49.220,373.978,3.542029,1
3.4906,-17.753,-34.145,51.251,0.602,50.620,303.073,3.542029,0
3.4956,-17.753,-34.145,51.251,0.602,51.330,211.917,3.542029,0
3.5006,-17.753,-32.540,168.529,0.751,52.030,164.281,3.542029,0
3.5056,-17.753,-32.540,168.529,0.751,52.030,82.140,4.908492,1
3.5107,0.754,-31.244,202.697,0.743,52.030,82.140,4.908492,0
3.5156,0.754,-29.793,223.936,0.253,52.030,41.070,4.908492,0
3.5206,0.754,-25.507,384.616,0.967,51.680,-9.484,4.908492,0
3.5256,0.754,-25.507,384.616,0.967,50.270,-122.340,4.805663,1
3.5307,25.260,-19.858,437.253,0.179,48.870,-177.594,4.805663,0
3.5356,25.260,-16.517,548.067,2.113,47.110,-235.614,4.805663,0
3.5407,25.260,-12.517,628.407,0.967,47.110,-235.614,4.805663,0
3.5457,25.260,-12.517,628.407,0.967,45.000,-289.744,4.583148,1
3.5506,55.260,-3.704,662.574,0.137,42.540,-347.939,4.583148,0
3.5556,55.260,1.154,767.847,2.229,40.430,-355.769,4.583148,0
3.5616,55.260,1.154,767.847,2.229,37.270,-440.913,4.583148,0
3.5666,55.260,13.550,883.278,0.345,34.100,-481.022,4.320033,1
3.5716,85.260,13.550,883.278,0.345,30.940,-505.579,4.320033,0
3.5766,85.260,25.595,949.767,1.806,28.830,-463.818,4.320033,0
3.5816,85.260,32.211,1012.561,1.059,28.830,-463.818,4.320033,0
3.5866,85.260,39.068,1034.724,0.378,26.020,-464.412,4.137077,1
3.5916,109.260,45.882,1017.178,-0.253,23.200,-470.519,4.137077,0
3.5966,109.260,52.695,1031.030,0.917,20.740,-440.224,4.137077,0
3.6017,109.260,59.685,1050.423,0.369,18.280,-425.673,4.137077,0
3.6066,109.260,66.674,1043.958,-0.286,16.520,-358.197,3.893809,1
3.6116,127.260,73.466,999.633,-0.951,14.770,-354.008,3.893809,0
3.6166,127.260,80.060,983.011,-0.079,14.770,-354.008,3.893809,0
3.6216,127.260,86.500,967.312,-0.361,13.710,-263.962,3.893809,0
3.6266,127.260,92.742,922.987,-0.718,12.300,-252.487,3.410025,1
3.6316,139.260,98.610,858.345,-1.100,11.950,-155.271,3.410025,0
3.6366,139.260,104.149,807.556,-0.519,11.600,-106.928,3.410025,0
3.6416,139.260,109.402,761.383,-0.726,11.600,-53.464,3.410025,0
3.6466,139.260,114.304,705.976,-0.976,11.600,-53.464,2.874742,1
3.6527,145.260,119.425,627.483,-1.225,12.660,56.923,2.874742,0
3.6577,145.260,123.337,571.153,-0.760,13.360,89.595,2.874742,0
3.6626,145.260,123.337,571.153,-0.760,15.120,217.763,2.874742,0
3.6677,145.260,130.173,463.109,-0.917,16.880,261.043,3.098368,1
3.6727,145.260,133.030,404.932,-1.042,19.340,334.747,3.098368,0
3.6776,145.260,135.492,353.219,-0.726,22.500,431.633,3.098368,0
3.6826,145.260,137.624,297.812,-0.810,25.310,450.400,3.098368,0
3.6877,145.260,137.624,297.812,-0.810,25.310,450.400,3.849555,1
3.6927,139.260,140.877,210.085,-0.619,28.830,509.156,3.849555,0
3.6977,139.260,141.954,139.902,-1.225,32.700,587.211,3.849555,0
3.7026,139.260,142.503,49.404,-1.299,36.210,586.645,3.849555,0
3.7076,139.260,142.569,-6.926,-0.735,40.430,643.627,3.965193,1
3.7126,127.260,142.393,-35.553,-0.444,44.650,674.632,3.965193,0
3.7176,127.260,141.888,-100.194,-1.316,48.520,725.170,3.965193,0
3.7226,127.260,141.888,-100.194,-1.316,48.520,725.170,3.965193,0
3.7276,127.260,140.964,-160.218,-0.901,52.730,705.813,3.430582,1
3.7326,109.260,138.349,-208.238,-0.195,56.950,709.670,3.430582,0
3.7376,109.260,138.349,-208.238,-0.195,61.170,708.723,3.430582,0
3.7436,109.260,133.909,-374.458,-1.042,65.390,705.779,3.430582,0
3.7486,109.260,133.909,-374.458,-1.042,69.610,698.798,2.357278,1
3.7536,85.260,128.524,-409.549,-0.129,73.830,704.072,2.357278,0
3.7586,85.260,125.359,-523.134,-2.146,77.340,702.701,2.357278,0
3.7636,85.260,125.359,-523.134,-2.146,77.340,702.701,2.357278,0
3.7686,85.260,121.535,-598.856,-1.084,81.210,667.485,0.345816,1
3.7736,55.260,113.139,-642.258,-0.262,84.730,628.433,0.345816,0
3.7786,55.260,108.479,-744.761,-2.362,88.240,613.805,0.345816,0
3.7836,55.260,103.138,-824.178,-1.441,92.110,629.734,0.345816,0
3.7886,55.260,97.401,-868.503,-0.494,94.920,547.743,-2.336604,1
3.7936,25.260,97.401,-868.503,-0.494,94.920,547.743,-2.336604,0
3.7987,25.260,85.533,-944.226,-1.922,97.730,505.621,-2.336604,0
3.8036,25.260,78.917,-1016.255,-1.042,100.200,461.827,-2.336604,0
3.8086,25.260,72.059,-1034.724,-0.328,101.950,375.974,-2.400892,1
3.8137,-4.740,65.202,-1017.178,0.303,103.010,276.368,-2.400892,0
3.8186,-4.740,58.168,-1066.121,-1.167,103.710,195.842,-2.400892,0
3.8236,-4.740,58.168,-1066.121,-1.167,103.710,195.842,-2.400892,0
3.8286,-4.740,43.134,-1114.141,-0.228,104.060,126.974,-1.400029,1
3.8347,-28.740,34.628,-1084.590,0.751,104.060,63.487,-1.400029,0
3.8396,-28.740,34.628,-1084.590,0.751,103.010,-56.530,-1.400029,0
3.8446,-28.740,27.463,-1079.050,-0.378,100.900,-204.376,-1.400029,0
3.8496,-28.740,20.254,-1082.743,-0.220,98.790,-277.219,1.416365,1
3.8547,-46.740,6.275,-1004.250,0.909,96.330,-343.898,1.416365,0
3.8597,-46.740,-0.297,-980.241,0.004,96.330,-343.898,1.416365,0
3.8646,-46.740,-0.297,-980.241,0.004,93.160,-432.564,1.416365,0
3.8696,-46.740,-12.869,-907.288,0.743,90.000,-485.226,3.871853,1
3.8747,-58.740,-18.627,-837.106,1.266,86.480,-536.345,3.871853,0
3.8796,-58.740,-24.012,-793.704,0.536,82.620,-588.300,3.871853,0
3.8846,-58.740,-24.012,-793.704,0.536,78.400,-648.217,3.871853,0
3.8897,-58.740,-33.925,-693.048,0.976,78.400,-648.217,3.969642,1
3.8947,-64.740,-38.321,-633.024,1.200,74.530,-622.784,3.969642,0
3.8996,-64.740,-42.321,-588.698,0.635,69.960,-724.731,3.969642,0
3.9046,-64.740,-42.321,-588.698,0.635,65.740,-713.523,3.969642,0
3.9097,-64.740,-49.399,-479.731,0.619,60.470,-793.599,2.030190,1
3.9147,-64.740,-52.344,-416.937,0.818,55.550,-800.209,2.030190,0
3.9206,-64.740,-55.245,-348.602,0.901,49.920,-877.176,2.030190,0
3.9256,-64.740,-55.245,-348.602,0.901,49.920,-877.176,2.030190,0
3.9306,-64.740,-59.113,-248.869,0.453,44.300,-900.342,0.320298,1
3.9356,-58.740,-59.113,-248.869,0.453,37.970,-984.718,0.320298,0
3.9406,-58.740,-61.641,-138.056,1.349,31.290,-1052.885,0.320298,0
3.9456,-58.740,-62.191,-53.098,1.067,23.910,-1142.562,0.320298,0
3.9506,-58.740,-62.256,11.543,0.569,16.170,-1211.843,-1.657247,1
3.9557,-46.740,-62.256,11.543,0.569,16.170,-1211.843,-1.657247,0
3.9606,-46.740,-62.037,38.323,0.336,8.090,-1253.468,-1.657247,0
3.9657,-46.740,-60.564,157.448,1.084,359.650,-1359.513,-1.657247,0
3.9706,-46.740,-59.355,186.075,0.453,350.510,-1442.982,-2.660743,1
3.9756,-40.740,-57.992,211.931,0.419,341.020,-1511.441,-2.660743,0
3.9806,-40.740,-56.498,230.400,0.660,331.880,-1507.417,-2.660743,0
3.9856,-40.740,-56.498,230.400,0.660,331.880,-1507.417,-2.660743,0
3.9907,-40.740,-53.069,263.645,0.129,322.730,-1517.322,-2.201759,1
3.9957,-40.740,-51.311,265.491,0.104,313.240,-1555.633,-2.201759,0
4.0007,-40.740,-49.618,243.329,-0.220,304.100,-1538.853,-2.201759,0
4.0057,-40.740,-48.058,223.936,-0.203,295.660,-1471.876,-2.201759,0
4.0116,-40.740,-46.453,190.692,-0.461,286.880,-1453.892,-0.890097,1
4.0166,-34.740,-45.244,170.376,-0.444,278.440,-1443.630,-0.890097,0
4.0220,-34.740,-44.189,163.912,0.361,270.700,-1360.992,-0.890097,0
4.0266,-34.740,-43.090,162.989,0.137,270.700,-1360.992,-0.890097,0
4.0316,-34.740,-43.090,162.989,0.137,263.320,-1303.654,-0.789033,1
4.0366,-22.740,-42.014,152.831,0.004,255.940,-1261.249,-0.789033,0
4.0416,-22.740,-39.794,194.386,0.942,248.910,-1219.898,-0.789033,0
4.0466,-22.740,-38.343,225.783,0.818,242.230,-1168.278,-0.789033,0
4.0517,-22.740,-36.695,254.410,0.453,242.230,-1168.278,-0.072167,1
4.0567,-4.740,-36.695,254.410,0.453,235.900,-1074.667,-0.072167,0
4.0617,-4.740,-32.958,335.674,1.490,229.920,-1075.885,-0.072167,0
4.0666,-4.740,-32.958,335.674,1.490,224.300,-1005.907,-0.072167,0
4.0716,-4.740,-30.452,399.391,1.075,219.380,-912.909,1.177688,1
4.0767,19.260,-24.716,433.559,0.237,214.450,-866.063,1.177688,0
4.0817,19.260,-24.716,433.559,0.237,214.450,-866.063,1.177688,0
4.0866,19.260,-17.463,623.789,1.142,210.940,-720.222,1.177688,0
4.0916,19.260,-13.133,642.258,0.461,207.420,-659.838,2.126163,1
4.0977,42.523,-8.077,647.799,0.037,205.310,-505.624,2.126163,0
4.1027,42.523,-3.550,705.053,1.598,202.850,-458.037,2.126163,0
4.1076,42.523,1.440,763.230,0.810,201.450,-342.868,2.126163,0
4.1126,42.523,1.440,763.230,0.810,200.390,-261.893,2.367863,1
4.1177,59.787,11.836,776.158,-0.154,200.390,-261.893,2.367863,0
4.1227,59.787,17.001,788.163,0.502,199.690,-188.530,2.367863,0
4.1276,59.787,17.001,788.163,0.502,199.340,-123.847,2.367863,0
4.1326,59.787,27.617,784.469,-0.245,199.340,-61.923,2.714867,1
4.1377,71.050,32.760,757.689,-0.536,200.040,27.296,2.714867,0
4.1426,71.050,37.684,733.680,-0.228,200.390,42.847,2.714867,0
4.1476,71.050,37.684,733.680,-0.228,200.390,42.847,2.714867,0
4.1527,71.050,47.047,669.038,-0.859,201.090,78.799,2.383632,1
4.1577,76.314,51.245,608.091,-0.992,201.800,99.087,2.383632,0
4.1627,76.314,55.113,560.995,-0.560,202.500,108.215,2.383632,0
4.1676,76.314,55.113,560.995,-0.560,203.200,112.716,2.383632,0
4.1727,76.314,61.861,453.875,-0.768,203.550,85.229,1.746455,1
4.1777,75.577,64.696,391.080,-0.851,203.550,85.229,1.746455,0
4.1826,75.577,64.696,391.080,-0.851,203.910,72.175,1.746455,0
4.1887,75.577,69.378,272.879,-0.818,203.910,36.087,1.746455,0
4.1936,75.577,69.378,272.879,-0.818,203.910,18.044,1.414671,1
4.1986,68.840,70.982,221.166,-0.743,203.910,9.022,1.414671,0
4.2036,68.840,73.158,102.041,-1.706,203.550,-25.563,1.414671,0
4.2086,68.840,73.422,18.007,-1.150,202.850,-71.025,1.414671,0
4.2137,68.840,73.268,-36.476,-0.735,202.850,-71.025,0.880438,1
4.2187,56.104,72.938,-58.639,-0.519,201.450,-146.407,0.880438,0
4.2236,56.104,72.938,-58.639,-0.519,200.040,-197.467,0.880438,0
4.2286,56.104,72.279,-125.127,-1.299,198.280,-245.296,0.880438,0
4.2337,56.104,69.883,-212.855,-0.710,196.520,-269.167,1.930735,1
4.2387,38.615,69.883,-212.855,-0.710,194.770,-280.718,1.930735,0
4.2437,38.615,66.498,-323.669,-1.889,194.770,-280.718,1.930735,0
4.2486,38.615,66.498,-323.669,-1.889,193.010,-283.814,1.930735,0
4.2537,38.615,61.333,-416.014,-0.444,190.200,-380.940,2.247644,1
4.2587,27.126,58.498,-429.865,-0.087,187.380,-425.101,2.247644,0
4.2637,27.126,55.487,-468.650,-0.760,184.920,-417.764,2.247644,0
4.2687,27.126,52.212,-492.660,-0.361,181.760,-470.075,2.247644,0
4.2747,27.126,48.322,-495.430,0.095,178.590,-501.498,3.489587,1
4.2797,21.636,45.069,-480.655,0.419,178.590,-501.498,3.489587,0
4.2847,21.636,41.948,-467.727,0.228,175.430,-509.985,3.489587,0
4.2897,21.636,38.936,-443.717,0.336,172.620,-492.841,3.489587,0
4.2947,21.636,36.101,-416.014,0.461,169.800,-481.529,4.376980,1
4.2996,22.147,36.101,-416.014,0.461,166.990,-474.249,4.376980,0
4.3046,22.147,33.486,-374.458,0.403,164.530,-442.256,4.376980,0
4.3097,22.147,29.178,-280.267,0.776,164.530,-442.256,4.376980,0
4.3147,22.147,27.485,-235.941,0.585,162.070,-422.449,5.326170,1
4.3197,28.658,26.122,-195.309,0.610,159.610,-417.406,5.326170,0
4.3246,28.658,26.122,-195.309,0.610,157.850,-357.654,5.326170,0
4.3297,28.658,24.672,-40.170,1.283,155.740,-354.386,5.326170,0
4.3346,28.658,24.672,-40.170,1.283,154.690,-264.592,5.635274,1
4.3397,41.169,24.936,38.323,0.502,154.690,-264.592,5.635274,0
4.3446,41.169,24.936,38.323,0.502,153.630,-219.608,5.635274,0
4.3497,41.169,26.496,164.836,0.901,152.580,-198.571,5.635274,0
4.3546,41.169,26.496,164.836,0.901,151.880,-157.235,5.892972,1
4.3597,59.680,29.265,215.625,0.444,151.520,-108.702,5.892972,0
4.3657,59.680,31.463,332.903,1.698,150.820,-111.780,5.892972,0
4.3707,59.680,33.969,391.080,0.751,150.820,-55.890,5.892972,0
4.3757,59.680,33.969,391.080,0.751,150.820,-55.890,6.296439,1
4.3807,84.191,39.618,434.483,0.228,150.470,-55.364,6.296439,0
4.3857,84.191,42.893,538.832,2.213,150.470,-27.682,6.296439,0
4.3906,84.191,42.893,538.832,2.213,150.470,-13.841,6.296439,0
4.3957,84.191,51.135,651.493,0.453,150.470,-6.920,7.089327,1
4.4007,114.191,55.531,657.034,0.237,150.820,25.613,7.089327,0
4.4057,114.191,60.278,750.302,2.287,150.820,25.613,7.089327,0
4.4107,114.191,65.729,840.800,1.374,150.820,12.806,7.089327,0
4.4157,114.191,71.554,885.125,0.560,151.170,36.092,7.779202,1
4.4207,144.191,77.466,882.355,-0.104,151.520,47.247,7.779202,0
4.4257,144.191,83.598,948.843,1.814,151.520,23.623,7.779202,0
4.4307,144.191,90.258,1014.408,0.909,151.170,-17.514,7.779202,0
4.4358,144.191,97.182,1040.265,0.237,151.170,-17.514,7.698270,1
4.4407,168.191,104.171,1025.490,-0.286,150.820,-36.245,7.698270,0
4.4457,168.191,111.204,1043.958,0.801,149.410,-142.641,7.698270,0
4.4506,168.191,111.204,1043.958,0.801,147.660,-217.904,7.698270,0
4.4567,168.191,126.546,1054.116,-0.303,145.200,-313.309,7.138269,1
4.4617,186.191,133.338,995.016,-1.133,142.030,-416.986,7.138269,0
4.4667,186.191,139.822,979.317,-0.203,137.810,-564.469,7.138269,0
4.4717,186.191,146.283,951.614,-0.369,137.810,-564.469,7.138269,0
4.4767,186.191,152.438,903.594,-0.668,132.890,-684.062,5.661033,1
4.4817,198.191,158.196,836.183,-1.250,126.910,-840.072,5.661033,0
4.4866,198.191,158.196,836.183,-1.250,120.230,-987.387,5.661033,0
4.4916,198.191,168.680,754.919,-0.494,112.850,-1109.868,5.661033,0
4.4967,198.191,173.472,695.818,-1.009,105.120,-1199.217,3.231328,1
4.5017,204.191,177.824,626.560,-1.125,105.120,-1199.217,3.231328,0
4.5066,204.191,177.824,626.560,-1.125,96.680,-1293.302,3.231328,0
4.5117,204.191,185.473,531.445,-0.760,87.890,-1388.733,3.231328,0
4.5167,204.191,185.473,531.445,-0.760,78.750,-1456.187,0.074793,1
4.5217,204.191,191.737,419.707,-0.834,69.610,-1487.269,0.074793,0
4.5267,204.191,194.330,357.836,-0.893,60.470,-1501.906,0.074793,0
4.5317,204.191,194.330,357.836,-0.893,60.470,-1501.906,0.074793,0
4.5366,204.191,196.484,307.047,-0.951,51.330,-1507.167,-2.897480,1
4.5427,198.191,200.001,199.003,-0.735,42.190,-1522.621,-2.897480,0
4.5477,198.191,201.056,131.591,-1.167,33.400,-1503.750,-2.897480,0
4.5526,198.191,201.056,131.591,-1.167,24.960,-1455.459,-2.897480,0
4.5577,198.191,201.605,-8.773,-0.652,16.520,-1431.625,-6.554196,1
4.5627,186.191,201.386,-42.940,-0.328,8.440,-1388.960,-6.554196,0
4.5678,186.191,200.836,-110.352,-1.200,8.440,-1388.960,-6.554196,0
4.5726,186.191,200.836,-110.352,-1.200,0.700,-1324.495,-6.554196,0
4.5777,186.191,199.869,-167.606,-0.976,353.320,-1287.647,-4.637078,1
4.5827,168.191,198.638,-194.386,-0.652,346.290,-1233.637,-4.637078,0
4.5877,168.191,195.517,-303.353,-1.806,339.260,-1199.107,-4.637078,0
4.5927,168.191,193.209,-365.224,-1.117,333.280,-1099.260,-4.637078,0
4.5978,168.191,190.594,-403.085,-0.511,333.280,-1099.260,-1.940994,1
4.6027,144.191,187.824,-422.478,-0.054,327.660,-994.677,-1.940994,0
4.6076,144.191,187.824,-422.478,-0.054,322.030,-990.117,-1.940994,0
4.6127,144.191,180.791,-606.244,-0.992,317.110,-905.009,-1.940994,0
4.6177,144.191,176.571,-641.335,-0.560,312.540,-835.304,0.320816,1
4.6227,114.191,172.263,-641.335,-0.162,307.970,-793.906,0.320816,0
4.6278,114.191,167.494,-753.072,-2.287,307.970,-793.906,0.320816,0
4.6337,114.191,167.494,-753.072,-2.287,303.750,-742.293,0.320816,0
4.6387,114.191,161.163,-850.034,-1.050,299.880,-691.508,1.912073,1
4.6437,84.191,149.580,-867.580,0.021,296.020,-673.486,1.912073,0
4.6487,84.191,143.536,-938.685,-1.814,291.800,-693.747,1.912073,0
4.6537,84.191,136.986,-1000.556,-1.108,287.930,-668.806,1.912073,0
4.6587,84.191,130.217,-1020.872,-0.286,284.060,-656.022,2.276804,1
4.6637,54.191,123.425,-1007.021,0.336,284.060,-656.022,2.276804,0
4.6687,54.191,116.567,-1048.576,-1.474,280.200,-647.385,2.276804,0
4.6737,54.191,109.358,-1093.825,-0.851,276.680,-619.472,2.276804,0
4.6787,54.191,101.973,-1114.141,-0.037,273.160,-603.297,0.305531,1
4.6837,24.191,101.973,-1114.141,-0.037,269.650,-594.545,0.305531,0
4.6887,24.191,87.423,-1103.059,-0.984,266.480,-560.820,0.305531,0
4.6937,24.191,79.906,-1130.763,-0.594,266.480,-560.820,0.305531,0
4.6987,24.191,79.906,-1130.763,-0.594,263.670,-512.878,-2.124908,1
4.7037,-5.809,72.323,-1137.227,-0.062,261.560,-432.657,-2.124908,0
4.7087,-5.809,57.355,-1118.758,-0.810,259.450,-393.512,-2.124908,0
4.7137,-5.809,57.355,-1118.758,-0.810,258.050,-313.318,-2.124908,0
4.7187,-5.809,41.970,-1141.844,0.087,256.990,-244.176,-4.245488,1
4.7247,-35.809,33.354,-1091.054,0.851,256.640,-151.580,-4.245488,0
4.7298,-35.809,26.078,-1102.136,-0.851,256.640,-151.580,-4.245488,0
4.7347,-35.809,26.078,-1102.136,-0.851,256.290,-104.384,-4.245488,0
4.7397,-35.809,18.627,-1123.375,-0.353,256.990,7.197,-5.342556,1
4.7447,-65.809,3.857,-1080.896,0.643,258.050,91.887,-5.342556,0
4.7497,-65.809,3.857,-1080.896,0.643,259.800,192.149,-5.342556,0
4.7547,-65.809,-3.374,-1092.901,-1.000,261.910,271.902,-5.342556,0
4.7597,-65.809,-18.276,-1121.528,0.079,261.910,271.902,-5.902638,1
4.7647,-95.809,-25.617,-1086.437,0.619,264.730,356.626,-5.902638,0
4.7697,-95.809,-32.914,-1112.294,-0.992,267.540,428.850,-5.902638,0
4.7747,-95.809,-40.387,-1134.456,-0.577,270.700,476.988,-5.902638,0
4.7797,-95.809,-47.948,-1130.763,0.112,274.220,532.233,-5.124513,1
4.7847,-119.809,-55.355,-1101.212,0.710,277.730,558.383,-5.124513,0
4.7898,-119.809,-62.630,-1096.595,-0.428,277.730,558.383,-5.124513,0
4.7947,-119.809,-70.015,-1097.518,-0.145,281.600,596.572,-5.124513,0
4.7997,-119.809,-70.015,-1097.518,-0.145,284.770,566.746,-3.112319,1
4.8047,-137.809,-84.390,-1022.719,1.142,288.630,605.989,-3.112319,0
4.8107,-137.809,-92.104,-986.705,0.187,291.450,536.925,-3.112319,0
4.8156,-137.809,-92.104,-986.705,0.187,294.610,528.473,-3.112319,0
4.8207,-137.809,-104.743,-907.288,1.050,297.070,472.472,-0.248921,1
4.8257,-149.809,-110.457,-825.101,1.399,297.070,472.472,-0.248921,0
4.8307,-149.809,-115.776,-782.623,0.361,299.180,408.028,-0.248921,0
4.8357,-149.809,-120.809,-738.297,0.760,300.940,353.870,-0.248921,0
4.8407,-149.809,-120.809,-738.297,0.760,302.700,324.127,2.568948,1
4.8457,-155.809,-129.799,-616.402,1.059,304.100,278.530,2.568948,0
4.8507,-155.809,-129.799,-616.402,1.059,304.800,197.637,2.568948,0
4.8556,-155.809,-133.711,-572.076,0.710,304.800,197.637,2.568948,0
4.8607,-155.809,-140.569,-469.574,0.926,305.860,185.924,4.419156,1
4.8657,-155.809,-140.569,-469.574,0.926,306.560,150.909,4.419156,0
4.8707,-155.809,-145.976,-356.913,0.685,307.270,135.913,4.419156,0
4.8757,-155.809,-148.108,-303.353,0.843,307.620,97.060,4.419156,0
4.8807,-155.809,-149.954,-255.333,0.801,307.970,77.261,4.816050,1
4.8857,-149.809,-151.427,-207.314,0.668,307.970,77.261,4.816050,0
4.8907,-149.809,-151.427,-207.314,0.668,308.320,67.595,4.816050,0
4.8956,-149.809,-152.548,-138.979,1.200,308.320,33.797,4.816050,0
4.9017,-149.809,-153.185,9.696,0.718,308.320,16.899,4.303752,1
4.9067,-137.809,-152.987,38.323,0.386,308.320,8.449,4.303752,0
4.9117,-137.809,-152.987,38.323,0.386,308.320,4.225,4.303752,0
4.9167,-137.809,-151.537,153.754,0.768,308.320,2.112,4.303752,0
4.9218,-137.809,-150.328,186.075,0.718,308.320,2.112,3.968345,1
4.9267,-119.809,-150.328,186.075,0.718,308.320,1.056,3.968345,0
4.9317,-119.809,-147.229,297.812,1.781,308.320,0.528,3.968345,0
4.9367,-119.809,-144.943,363.377,0.976,308.320,0.264,3.968345,0
4.9417,-119.809,-142.305,404.932,0.477,308.320,0.132,3.849337,1
4.9467,-95.809,-142.305,404.932,0.477,307.620,-57.995,3.849337,0
4.9517,-95.809,-139.514,411.396,0.270,307.620,-57.995,3.849337,0
4.9567,-95.809,-136.305,528.674,2.221,307.270,-57.763,3.849337,0
4.9627,-95.809,-132.415,600.703,1.067,306.560,-89.178,3.629284,1
4.9677,-65.809,-123.271,639.488,0.129,305.510,-125.601,3.629284,0
4.9727,-65.809,-123.271,639.488,0.129,304.450,-158.839,3.629284,0
4.9777,-65.809,-118.633,740.144,2.229,303.050,-196.176,3.629284,0
4.9827,-65.809,-107.622,862.963,0.594,300.940,-273.334,3.049981,1
4.9877,-35.809,-107.622,862.963,0.594,300.940,-273.334,3.049981,0
4.9927,-35.809,-101.863,857.422,-0.145,298.830,-309.732,3.049981,0
4.9977,-35.809,-89.291,1000.556,1.108,296.370,-363.803,3.049981,0
5.0027,-35.809,-82.477,1030.107,0.303,293.550,-416.676,2.658427,1
5.0077,-5.809,-75.642,1019.949,-0.378,290.390,-471.241,2.658427,0
5.0127,-5.809,-75.642,1019.949,-0.378,287.230,-498.783,2.658427,0
5.0177,-5.809,-61.421,1105.830,0.760,287.230,-498.783,2.658427,0
5.0227,-5.809,-53.992,1120.605,0.187,283.360,-569.649,1.576234,1
5.0277,24.191,-53.992,1120.605,0.187,279.840,-578.673,1.576234,0
5.0327,24.191,-39.288,1113.217,0.926,276.680,-554.389,1.576234,0
5.0377,24.191,-31.639,1143.691,0.477,273.160,-571.028,1.576234,0
5.0427,24.191,-23.837,1140.921,0.046,269.650,-574.909,0.776660,1
5.0487,48.191,-15.111,1101.212,-0.826,266.840,-523.603,0.776660,0
5.0537,48.191,-7.946,1087.361,0.286,266.840,-523.603,0.776660,0
5.0587,48.191,-0.692,1084.590,0.062,264.020,-493.527,0.776660,0
5.0637,48.191,6.429,1055.963,-0.386,261.910,-425.595,0.195645,1
5.0687,66.191,13.287,996.863,-1.009,259.800,-388.998,0.195645,0
5.0737,66.191,13.287,996.863,-1.009,258.400,-310.660,0.195645,0
5.0787,66.191,26.276,943.303,-0.336,257.340,-243.698,0.195645,0
5.0838,66.191,32.365,902.671,-0.660,257.340,-243.698,0.386673,1
5.0887,78.191,38.079,831.565,-1.316,256.640,-176.795,0.386673,0
5.0937,78.191,43.420,784.469,-0.577,256.290,-119.418,0.386673,0
5.0987,78.191,43.420,784.469,-0.577,256.290,-59.709,0.386673,0
5.1037,78.191,48.497,744.761,-0.577,256.290,-29.855,-0.834008,1
5.1087,84.191,57.685,631.177,-1.142,256.640,14.258,-0.834008,0
5.1138,84.191,61.597,576.694,-0.643,256.640,14.258,-0.834008,0
5.1187,84.191,65.290,531.445,-0.635,257.340,64.501,-0.834008,0
5.1237,84.191,65.290,531.445,-0.635,258.750,151.965,-2.411791,1
5.1287,84.191,71.598,415.090,-0.868,259.800,163.371,-2.411791,0
5.1347,84.191,71.598,415.090,-0.868,261.560,228.058,-2.411791,0
5.1397,84.191,74.543,351.372,-0.859,263.320,258.883,-2.411791,0
5.1447,84.191,78.433,251.640,-0.544,265.430,307.087,-0.570902,1
5.1497,78.191,79.884,205.467,-0.735,265.430,307.087,-0.570902,0
5.1547,78.191,79.884,205.467,-0.735,267.890,355.129,-0.570902,0
5.1597,78.191,81.488,54.945,-1.059,270.700,417.282,-0.570902,0
5.1647,78.191,81.554,-10.620,-0.585,273.520,442.522,0.238890,1
5.1697,66.191,81.554,-10.620,-0.585,276.680,484.782,0.238890,0
5.1747,66.191,81.335,-42.017,-0.320,280.200,536.104,0.238890,0
5.1797,66.191,79.862,-151.907,-1.050,280.200,536.104,0.238890,0
5.1847,66.191,78.653,-194.386,-0.419,284.060,587.389,-0.167588,1
5.1897,48.191,77.290,-211.008,-0.411,287.930,614.378,-0.167588,0
5.1947,48.191,75.554,-297.812,-1.598,292.500,692.068,-0.167588,0
5.1997,48.191,75.554,-297.812,-1.598,297.420,756.793,-0.167588,0
5.2047,48.191,70.609,-408.626,-0.660,302.700,818.377,-0.019739,1
5.2097,24.191,70.609,-408.626,-0.660,302.700,818.377,-0.019739,0
5.2147,24.191,67.817,-418.784,-0.137,307.970,838.479,-0.019739,0
5.2197,24.191,60.718,-601.627,-1.117,313.950,927.451,-0.019739,0
5.2247,24.191,56.520,-636.718,-0.643,320.270,992.173,0.242084,1
5.2307,4.842,56.520,-636.718,-0.643,326.950,1051.639,0.242084,0
5.2357,4.842,47.047,-697.665,-1.216,333.280,1047.039,0.242084,0
5.2407,4.842,42.255,-728.139,-0.544,339.610,1057.948,0.242084,0
5.2458,4.842,37.398,-734.603,-0.120,339.610,1057.948,-0.083801,1
5.2507,-8.508,37.398,-734.603,-0.120,346.290,1048.122,-0.083801,0
5.2557,-8.508,27.793,-717.058,-0.237,352.970,1122.968,-0.083801,0
5.2607,-8.508,27.793,-717.058,-0.237,359.300,1090.518,-0.083801,0
5.2657,-8.508,22.935,-718.905,-0.129,5.620,1071.271,-0.284085,1
5.2707,-15.857,13.792,-654.263,0.594,11.950,1062.077,-0.284085,0
5.2757,-15.857,13.792,-654.263,0.594,11.950,1062.077,-0.284085,0
5.2807,-15.857,5.638,-578.540,0.668,17.580,995.181,-0.284085,0
5.2857,-15.857,1.989,-524.980,0.859,23.550,1004.794,-0.485526,1
5.2907,-17.206,-1.308,-472.344,1.000,29.180,972.242,-0.485526,0
5.2957,-17.206,-1.308,-472.344,1.000,34.100,895.158,-0.485526,0
5.3007,-17.206,-6.781,-369.841,0.677,38.670,829.605,-0.485526,0
5.3058,-17.206,-8.979,-316.281,0.710,38.670,829.605,-0.114989,1
5.3117,-12.556,-8.979,-316.281,0.710,42.890,747.171,-0.114989,0
5.3167,-12.556,-11.133,-252.563,0.801,46.760,704.801,-0.114989,0
5.3217,-12.556,-12.561,-187.922,0.868,50.620,684.552,-0.114989,0
5.3267,-12.556,-13.550,-128.821,1.009,53.440,576.987,1.301489,1
5.3317,-1.905,-14.342,-21.701,0.710,56.250,522.504,1.301489,0
5.3367,-1.905,-14.100,78.031,1.474,58.360,436.223,1.301489,0
5.3417,-1.905,-13.396,120.510,0.859,58.360,436.223,1.301489,0
5.3467,-1.905,-13.396,120.510,0.859,60.120,363.367,3.655015,1
5.3517,14.746,-11.330,171.300,0.453,61.520,299.525,3.655015,0
5.3567,14.746,-11.330,171.300,0.453,62.230,209.161,3.655015,0
5.3618,14.746,-7.924,315.358,1.158,62.930,162.922,3.655015,0
5.3667,14.746,-5.638,356.913,0.511,63.280,110.453,5.170589,1
5.3717,37.396,-3.176,367.994,0.245,63.280,110.453,5.170589,0
5.3767,37.396,-0.275,478.808,2.146,63.280,55.226,5.170589,0
5.3817,37.396,3.286,543.449,1.142,62.930,-2.215,5.170589,0
5.3867,37.396,7.154,585.005,0.419,62.230,-59.382,5.555809,1
5.3927,66.047,11.770,586.851,0.112,61.520,-89.694,5.555809,0
5.3978,66.047,11.770,586.851,0.112,60.120,-152.501,5.555809,0
5.4027,66.047,21.089,766.000,1.175,58.360,-233.563,5.555809,0
5.4079,66.047,26.408,807.556,0.552,58.360,-233.563,5.464504,1
5.4148,96.047,33.991,809.403,-0.270,55.200,-247.834,5.464504,0
5.4198,96.047,39.574,870.350,1.814,55.200,-247.834,5.464504,0
5.4247,96.047,39.574,870.350,1.814,53.790,-238.459,5.464504,0
5.4297,96.047,52.036,955.307,0.411,51.680,-301.417,5.117134,1
5.4347,120.047,58.410,946.073,-0.129,50.270,-269.771,5.117134,0
5.4397,120.047,64.806,977.470,1.000,48.870,-250.177,5.117134,0
5.4447,120.047,71.466,1006.097,0.477,48.160,-184.342,5.117134,0
5.4498,120.047,78.191,1007.021,-0.004,48.160,-184.342,4.467643,1
5.4547,138.047,84.807,968.236,-0.693,47.110,-178.048,4.467643,0
5.4597,138.047,91.247,951.614,0.071,46.760,-118.727,4.467643,0
5.4647,138.047,97.621,940.532,-0.203,46.410,-88.512,4.467643,0
5.4707,138.047,104.786,903.594,-0.643,46.760,-14.670,3.424160,1
5.4757,150.047,110.501,826.948,-1.341,47.810,78.109,3.424160,0
5.4807,150.047,115.820,786.316,-0.386,49.220,156.824,3.424160,0
5.4857,150.047,120.919,746.608,-0.685,49.220,156.824,3.424160,0
5.4907,150.047,120.919,746.608,-0.685,50.980,225.397,2.283960,1
5.4957,156.047,129.975,621.943,-1.316,52.730,258.704,2.283960,0
5.5007,156.047,129.975,621.943,-1.316,55.550,365.427,2.283960,0
5.5057,156.047,137.492,526.827,-0.760,58.010,390.873,2.283960,0
5.5107,156.047,140.789,474.191,-0.884,60.820,424.734,1.455763,1
5.5157,156.047,143.668,414.167,-0.959,60.820,424.734,1.455763,0
5.5207,156.047,143.668,414.167,-0.959,63.630,442.939,1.455763,0
5.5257,156.047,148.328,295.965,-0.693,66.450,461.938,1.455763,0
5.5307,156.047,150.130,246.099,-0.851,69.260,467.411,0.859952,1
5.5357,150.047,151.602,197.156,-0.436,72.070,465.053,0.859952,0
5.5407,150.047,152.701,133.438,-1.399,74.530,437.464,0.859952,0
5.5457,150.047,153.295,61.409,-1.407,74.530,437.464,0.859952,0
5.5507,150.047,153.405,-6.926,-0.909,76.990,423.440,0.325826,1
5.5567,138.047,153.229,-35.553,-0.610,79.450,417.244,0.325826,0
5.5617,138.047,152.745,-99.271,-1.515,81.560,384.262,0.325826,0
5.5667,138.047,151.822,-153.754,-0.801,83.320,339.175,0.325826,0
5.5717,138.047,150.635,-191.616,-0.627,85.080,315.888,-0.351300,1
5.5768,120.047,149.273,-210.085,-0.469,86.480,274.875,-0.351300,0
5.5818,120.047,147.536,-298.736,-1.731,86.480,274.875,-0.351300,0
5.5867,120.047,145.228,-374.458,-1.009,87.890,253.352,-0.351300,0
5.5917,120.047,145.228,-374.458,-1.009,88.590,185.795,-0.838147,1
5.5967,96.047,139.844,-422.478,-0.511,89.650,181.183,-0.838147,0
5.6017,96.047,136.635,-527.751,-2.321,90.000,119.797,-0.838147,0
5.6067,96.047,132.788,-599.780,-1.341,90.350,89.069,-0.838147,0
5.6119,96.047,128.612,-633.947,-0.469,90.350,44.534,-0.915357,1
5.6167,66.047,128.612,-633.947,-0.469,90.350,44.534,-0.915357,0
5.6217,66.047,119.623,-750.302,-2.678,90.350,22.267,-0.915357,0
5.6267,66.047,119.623,-750.302,-2.678,90.000,-18.093,-0.915357,0
5.6317,66.047,114.194,-841.723,-1.250,89.300,-67.201,-0.850803,1
5.6367,36.047,108.369,-872.197,-0.419,88.240,-119.476,-0.850803,0
5.6418,36.047,96.302,-951.614,-2.030,88.240,-119.476,-0.850803,0
5.6477,36.047,96.302,-951.614,-2.030,86.840,-178.511,-0.850803,0
5.6527,36.047,88.500,-1023.643,-0.868,85.780,-176.237,-0.527369,1
5.6578,6.047,74.763,-1017.178,0.519,84.020,-238.394,-0.527369,0
5.6627,6.047,74.763,-1017.178,0.519,82.270,-265.371,-0.527369,0
5.6677,6.047,67.861,-1060.581,-1.117,80.510,-279.583,-0.527369,0
5.6727,6.047,53.311,-1090.131,-0.162,78.750,-285.274,0.220921,1
5.6778,-17.953,46.014,-1071.662,0.394,78.750,-285.274,0.220921,0
5.6827,-17.953,38.892,-1069.815,-0.511,77.340,-259.509,0.220921,0
5.6877,-17.953,38.892,-1069.815,-0.511,75.230,-308.047,0.220921,0
5.6927,-17.953,31.617,-1084.590,-0.004,73.480,-299.422,0.967342,1
5.6987,-35.953,16.386,-1001.480,0.901,71.720,-298.528,0.967342,0
5.7037,-35.953,16.386,-1001.480,0.901,70.310,-263.937,0.967342,0
5.7088,-35.953,3.462,-946.996,0.245,68.910,-251.899,0.967342,0
5.7137,-35.953,3.462,-946.996,0.245,68.910,-251.899,1.847103,1
5.7187,-47.953,-2.649,-893.436,0.785,67.500,-238.828,1.847103,0
5.7237,-47.953,-13.638,-781.699,0.428,65.740,-272.025,1.847103,0
5.7287,-47.953,-18.693,-742.914,0.693,63.630,-309.552,1.847103,0
5.7337,-47.953,-23.419,-683.814,0.710,62.230,-271.332,3.830623,1
5.7387,-53.953,-27.793,-627.483,1.200,59.770,-343.593,3.830623,0
5.7438,-53.953,-31.661,-571.153,0.710,59.770,-343.593,3.830623,0
5.7487,-53.953,-35.310,-528.674,0.801,58.010,-313.765,3.830623,0
5.7537,-53.953,-35.310,-528.674,0.801,55.200,-399.342,3.463843,1
5.7587,-53.953,-41.508,-415.090,0.934,52.380,-431.289,3.463843,0
5.7637,-53.953,-44.058,-353.219,0.992,49.220,-477.499,3.463843,0
5.7687,-53.953,-46.234,-309.817,0.594,45.700,-532.282,3.463843,0
5.7737,-53.953,-46.234,-309.817,0.594,45.700,-532.282,2.492553,1
5.7787,-47.953,-48.058,-247.022,0.793,41.480,-609.984,2.492553,0
5.7847,-47.953,-50.805,-126.974,1.465,37.270,-670.695,2.492553,0
5.7897,-47.953,-51.311,-45.711,1.299,32.340,-740.543,2.492553,0
5.7947,-47.953,-51.399,7.849,0.710,27.070,-814.690,1.163379,1
5.7997,-35.953,-51.179,38.323,0.511,21.090,-899.519,1.163379,0
5.8047,-35.953,-50.717,98.347,1.582,15.120,-944.866,1.163379,0
5.8097,-35.953,-50.717,98.347,1.582,15.120,-944.866,1.163379,0
5.8147,-35.953,-49.772,161.142,0.810,8.440,-1019.545,0.084943,1
5.8197,-17.953,-48.585,192.539,0.519,1.410,-1053.376,0.084943,0
5.8247,-17.953,-47.223,208.238,0.511,354.380,-1177.504,0.084943,0
5.8297,-17.953,-43.200,360.607,1.034,346.640,-1234.491,0.084943,0
5.8347,-17.953,-40.563,401.238,0.760,338.200,-1316.999,-0.838920,1
5.8397,-5.953,-37.793,421.554,0.361,338.200,-1316.999,-0.838920,0
5.8447,-5.953,-34.870,459.416,1.034,329.770,-1349.914,-0.838920,0
5.8497,-5.953,-31.661,486.196,0.527,321.330,-1384.847,-0.838920,0
5.8547,-5.953,-28.342,497.277,0.203,312.890,-1402.230,-0.463746,1
5.8597,0.047,-25.045,481.578,-0.095,304.450,-1401.882,-0.463746,0
5.8647,0.047,-25.045,481.578,-0.095,296.020,-1398.512,-0.463746,0
5.8697,0.047,-21.836,475.114,0.021,296.020,-1398.512,-0.463746,0
5.8758,0.047,-15.243,435.406,-0.436,287.930,-1351.281,0.947467,1
5.8808,12.047,-12.517,391.080,-0.702,279.840,-1327.776,0.947467,0
5.8858,12.047,-9.946,388.310,0.270,272.110,-1358.266,0.947467,0
5.8908,12.047,-7.352,388.310,0.345,265.080,-1264.483,0.947467,0
5.8957,12.047,-7.352,388.310,0.345,257.700,-1248.511,1.506188,1
5.9007,30.047,-4.737,383.693,0.129,250.660,-1209.938,1.506188,0
5.9058,30.047,-2.209,372.611,-0.303,250.660,-1209.938,1.506188,0
5.9107,30.047,3.418,456.645,0.685,244.340,-1122.894,1.506188,0
5.9157,30.047,6.583,474.191,0.328,238.360,-1069.217,2.531826,1
5.9207,50.637,9.792,482.502,0.037,233.090,-973.090,2.531826,0
5.9257,50.637,13.221,544.373,1.482,227.810,-926.140,2.531826,0
5.9307,50.637,17.133,598.856,0.643,223.240,-842.910,2.531826,0
5.9358,50.637,21.155,611.785,0.220,223.240,-842.910,3.524252,1
5.9408,70.485,25.243,609.938,0.062,219.730,-698.297,3.524252,0
5.9458,70.485,29.551,656.110,1.258,215.860,-691.578,3.524252,0
5.9507,70.485,34.189,701.359,0.461,213.400,-551.417,3.524252,0
5.9557,70.485,38.914,702.283,0.295,210.590,-509.976,4.334832,1
5.9617,86.697,44.365,689.354,-0.436,208.830,-399.487,4.334832,0
5.9667,86.697,44.365,689.354,-0.436,207.070,-348.537,4.334832,0
5.9717,86.697,53.663,711.517,0.037,207.070,-348.537,4.334832,0
5.9767,86.697,58.322,697.665,-0.104,206.020,-260.958,4.785503,1
5.9818,96.908,62.850,671.809,-0.560,204.960,-219.717,4.785503,0
5.9868,96.908,67.180,641.335,-0.253,204.260,-168.095,4.785503,0
5.9917,96.908,71.400,621.019,-0.270,203.550,-143.154,4.785503,0
5.9967,96.908,71.400,621.019,-0.270,202.850,-129.862,5.059227,1
6.0018,101.185,79.181,543.449,-0.726,202.850,-129.862,5.059227,0
6.0067,101.185,79.181,543.449,-0.726,202.850,-64.931,5.059227,0
6.0117,101.185,82.587,496.354,-0.502,202.150,-91.601,5.059227,0
6.0167,101.185,88.500,398.468,-0.602,201.450,-104.184,5.066525,1
6.0218,101.331,91.005,344.908,-0.776,200.740,-111.558,5.066525,0
6.0267,101.331,93.181,302.429,-0.868,199.690,-142.249,5.066525,0
6.0317,101.331,95.006,250.716,-0.544,199.690,-142.249,5.066525,0
6.0378,101.331,95.006,250.716,-0.544,198.630,-159.166,5.472403,1
6.0428,107.476,97.907,162.065,-0.519,196.880,-218.358,5.472403,0
6.0478,107.476,98.918,150.060,0.170,195.470,-234.501,5.472403,0
6.0528,107.476,99.951,150.984,-0.071,194.060,-234.528,5.472403,0
6.0578,107.476,100.940,149.137,0.087,192.300,-264.193,6.375269,1
6.0628,119.622,101.907,135.285,0.154,190.900,-248.581,6.375269,0
6.0678,119.622,102.962,177.764,0.909,190.900,-248.581,6.375269,0
6.0728,119.622,104.325,219.319,0.826,189.490,-239.749,6.375269,0
6.0778,119.622,105.885,232.247,0.461,188.440,-209.292,6.743362,1
6.0828,134.867,107.556,250.716,0.203,187.730,-163.677,6.743362,0
6.0878,134.867,109.468,314.434,1.333,187.030,-140.138,6.743362,0
6.0927,134.867,111.820,362.454,0.917,186.680,-99.286,6.743362,0
6.0978,134.867,114.369,394.774,0.494,186.680,-99.286,6.949852,1
6.1028,144.112,117.051,399.391,-0.021,186.680,-49.643,6.949852,0
6.1078,144.112,119.776,419.707,0.552,187.030,5.888,6.949852,0
6.1127,144.112,122.700,440.023,0.295,187.380,32.150,6.949852,0
6.1177,144.112,122.700,440.023,0.295,188.090,75.278,7.023269,1
6.1238,147.357,128.964,412.320,-0.187,188.790,94.484,7.023269,0
6.1288,147.357,131.623,392.927,-0.120,189.840,136.945,7.023269,0
6.1338,147.357,134.151,366.147,-0.378,189.840,136.945,7.023269,0
6.1387,147.357,134.151,366.147,-0.378,190.200,98.088,6.995536,1
6.1438,144.602,138.547,295.965,-0.303,190.550,78.634,6.995536,0
6.1487,144.602,140.305,244.252,-0.934,190.900,68.490,6.995536,0
6.1537,144.602,141.712,193.462,-0.486,191.250,63.320,6.995536,0
6.1587,144.602,141.712,193.462,-0.486,191.250,31.660,6.855189,1
6.1638,137.104,143.602,106.658,-0.652,191.250,31.660,6.855189,0
6.1687,137.104,143.932,6.002,-1.615,190.900,-13.009,6.855189,0
6.1738,137.104,143.690,-49.404,-0.843,190.200,-65.542,6.855189,0
6.1788,137.104,143.228,-79.878,-0.668,188.440,-179.270,6.670091,1
6.1837,133.402,143.228,-79.878,-0.668,187.030,-207.650,6.670091,0
6.1887,133.402,141.954,-113.122,-0.419,185.270,-250.053,6.670091,0
6.1937,133.402,141.954,-113.122,-0.419,185.270,-250.053,6.670091,0
6.1988,133.402,140.239,-134.362,-0.336,183.870,-240.752,6.505092,1
6.2038,130.102,139.294,-141.749,-0.170,182.110,-267.848,6.505092,0
6.2087,130.102,138.371,-139.902,-0.095,180.350,-280.767,6.505092,0
6.2137,130.102,137.404,-150.984,-0.162,178.590,-287.298,6.505092,0
6.2197,130.102,136.239,-151.907,-0.187,176.480,-317.042,6.423430,1
6.2248,128.469,135.294,-138.056,0.104,175.080,-276.842,6.423430,0
6.2298,128.469,134.393,-129.745,0.004,175.080,-276.842,6.423430,0
6.2348,128.469,133.535,-128.821,-0.137,173.320,-281.824,6.423430,0
6.2398,128.469,132.722,-115.893,-0.095,171.560,-290.751,6.285987,1
6.2448,125.720,131.975,-110.352,0.120,169.800,-292.223,6.285987,0
6.2497,125.720,131.975,-110.352,0.120,168.050,-291.760,6.285987,0
6.2547,125.720,130.590,-104.811,-0.129,166.290,-292.725,6.285987,0
6.2598,125.720,129.909,-94.653,-0.212,166.290,-292.725,6.241032,1
6.2648,124.821,129.249,-89.113,-0.054,164.530,-285.124,6.241032,0
6.2698,124.821,128.634,-88.189,0.029,162.770,-297.611,6.241032,0
6.2747,124.821,128.085,-91.883,0.087,161.020,-295.472,6.241032,0
6.2797,124.821,128.085,-91.883,0.087,159.260,-294.212,6.213732,1
6.2848,124.275,127.557,-76.184,0.079,157.150,-322.672,6.213732,0
6.2898,124.275,126.656,-54.022,-0.154,157.150,-322.672,6.213732,0
6.2948,124.275,126.304,-50.328,-0.095,155.390,-305.302,6.213732,0
6.3008,124.275,125.997,-37.400,-0.104,153.280,-331.425,6.153477,1
6.3057,123.070,125.997,-37.400,-0.104,151.170,-340.399,6.153477,0
6.3108,123.070,125.557,-35.553,-0.253,149.060,-347.611,6.153477,0
6.3157,123.070,125.293,-48.481,-0.095,146.600,-379.875,6.153477,0
6.3207,123.070,125.029,-38.323,0.012,144.140,-393.579,6.046158,1
6.3258,120.923,124.744,-36.476,0.120,144.140,-393.579,6.046158,0
6.3307,120.923,124.744,-36.476,0.120,141.680,-399.394,6.046158,0
6.3357,120.923,123.974,-63.256,-0.170,138.870,-436.381,6.046158,0
6.3407,120.923,123.579,-60.486,-0.170,135.700,-483.374,5.737442,1
6.3458,114.749,123.579,-60.486,-0.170,132.540,-504.478,5.737442,0
6.3507,114.749,123.227,-52.175,-0.170,129.380,-515.793,5.737442,0
6.3557,114.749,122.788,-73.414,-0.760,129.380,-515.793,5.737442,0
6.3608,114.749,121.447,-111.276,-0.187,125.510,-574.122,5.364058,1
6.3658,107.281,120.656,-124.204,-0.253,121.640,-613.635,5.364058,0
6.3708,107.281,119.754,-152.831,-0.868,117.420,-659.407,5.364058,0
6.3757,107.281,119.754,-152.831,-0.868,112.850,-711.081,5.364058,0
6.3808,107.281,117.381,-191.616,-0.353,107.930,-764.473,4.640769,1
6.3858,93.813,116.084,-198.080,-0.253,107.930,-764.473,4.640769,0
6.3907,93.813,116.084,-198.080,-0.253,103.010,-786.037,4.640769,0
6.3967,93.813,114.589,-244.252,-1.117,97.730,-841.482,4.640769,0
6.4018,93.813,110.369,-317.205,-0.428,91.760,-920.829,3.597028,1
6.4067,74.346,110.369,-317.205,-0.428,85.780,-957.442,3.597028,0
6.4117,74.346,108.237,-319.051,0.029,79.450,-1007.385,3.597028,0
6.4169,74.346,102.874,-465.880,-1.175,73.480,-1001.691,3.597028,0
6.4219,74.346,102.874,-465.880,-1.175,73.480,-1001.691,2.488138,1
6.4268,49.763,99.643,-495.430,-0.660,66.800,-1010.924,2.488138,0
6.4318,49.763,96.346,-495.430,-0.286,60.470,-1084.629,2.488138,0
6.4367,49.763,92.676,-591.469,-2.088,54.140,-1072.409,2.488138,0
6.4418,49.763,83.840,-699.512,-0.469,48.160,-1034.780,1.105177,1
6.4468,22.104,79.225,-696.742,-0.095,42.540,-985.502,1.105177,0
6.4520,22.104,74.279,-784.469,-1.814,36.910,-955.092,1.105177,0
6.4567,22.104,68.762,-849.111,-1.017,36.910,-955.092,1.105177,0
6.4618,22.104,62.916,-871.274,-0.486,31.990,-893.216,0.348420,1
6.4668,0.444,57.069,-875.891,0.087,27.070,-856.574,0.348420,0
6.4718,0.444,51.091,-902.671,-0.834,23.550,-721.819,0.348420,0
6.4768,0.444,44.915,-926.681,-0.295,19.340,-707.212,0.348420,0
6.4828,0.444,44.915,-926.681,-0.295,15.820,-648.470,1.162799,1
6.4878,-15.215,31.815,-877.738,0.909,15.820,-648.470,1.162799,0
6.4927,-15.215,31.815,-877.738,0.909,12.660,-584.102,1.162799,0
6.4978,-15.215,20.342,-842.647,0.120,9.140,-592.092,1.162799,0
6.5028,-15.215,14.869,-809.403,0.751,5.620,-589.276,1.877692,1
6.5078,-24.874,9.726,-743.838,0.951,2.110,-586.611,1.877692,0
6.5128,-24.874,4.934,-710.594,0.536,358.240,-613.580,1.877692,0
6.5177,-24.874,0.407,-669.962,0.453,358.240,-613.580,1.877692,0
6.5228,-24.874,-3.813,-614.555,0.801,353.670,-684.902,3.027784,1
6.5278,-28.533,-3.813,-614.555,0.801,348.750,-753.309,3.027784,0
6.5328,-28.533,-11.001,-487.119,0.810,343.480,-818.573,3.027784,0
6.5378,-28.533,-14.078,-442.794,0.859,337.850,-878.576,3.027784,0
6.5428,-28.533,-16.825,-389.234,0.735,331.880,-936.436,2.964425,1
6.5478,-26.193,-19.199,-340.291,0.627,331.880,-936.436,2.964425,0
6.5528,-26.193,-21.199,-269.185,1.092,325.900,-961.663,2.964425,0
6.5578,-26.193,-22.826,-214.702,0.594,319.220,-1042.020,2.964425,0
6.5628,-26.193,-24.078,-172.223,0.826,312.890,-1049.720,2.478316,1
6.5688,-17.852,-25.155,-123.280,0.643,305.860,-1109.532,2.478316,0
6.5738,-17.852,-25.485,-6.926,1.623,299.180,-1101.455,2.478316,0
6.5788,-17.852,-25.243,53.098,0.884,292.500,-1119.087,2.478316,0
6.5838,-17.852,-25.243,53.098,0.884,292.500,-1119.087,1.653826,1
6.5888,-3.511,-24.100,103.888,0.511,285.470,-1104.856,1.653826,0
6.5938,-3.511,-23.177,169.453,1.457,279.140,-1122.528,1.653826,0
6.5987,-3.511,-23.177,169.453,1.457,272.810,-1087.539,1.653826,0
6.6038,-3.511,-20.078,268.262,0.652,266.480,-1071.370,0.657834,1
6.6088,13.157,-20.078,268.262,0.652,260.860,-1004.631,0.657834,0
6.6138,13.157,-18.210,287.654,0.428,260.860,-1004.631,0.657834,0
6.6188,13.157,-16.012,366.147,1.449,255.590,-932.940,0.657834,0
6.6238,13.157,-10.363,451.105,0.544,250.310,-913.149,0.954726,1
6.6288,23.824,-7.308,452.028,0.270,245.390,-867.904,0.954726,0
6.6338,23.824,-4.165,483.425,0.801,241.520,-756.705,0.954726,0
6.6387,23.824,-4.165,483.425,0.801,237.300,-730.221,0.954726,0
6.6438,23.824,-0.824,502.818,0.461,237.300,-730.221,1.121767,1
6.6488,28.492,5.923,487.119,-0.120,233.790,-650.544,1.121767,0
6.6548,28.492,9.572,461.263,-0.129,230.980,-565.359,1.121767,0
6.6598,28.492,12.539,433.559,-0.237,228.160,-517.241,1.121767,0
6.6648,28.492,15.309,397.545,-0.527,225.700,-464.018,1.136620,1
6.6698,27.160,17.770,353.219,-0.751,223.240,-436.919,1.136620,0
6.6748,27.160,19.902,300.582,-0.959,220.430,-451.935,1.136620,0
6.6798,27.160,21.705,252.563,-0.760,220.430,-451.935,1.136620,0
6.6848,27.160,23.177,203.620,-0.793,217.970,-427.125,0.954824,1
6.6898,19.828,23.177,203.620,-0.793,215.160,-452.294,0.954824,0
6.6948,19.828,24.342,155.601,-0.635,212.340,-461.064,0.954824,0
6.6998,19.828,25.177,-14.313,-0.893,209.180,-495.045,0.954824,0
6.7048,19.828,24.870,-52.175,-0.511,206.020,-510.178,1.504674,1
6.7098,18.495,24.408,-74.338,-0.353,206.020,-510.178,1.504674,0
6.7148,18.495,23.859,-85.419,-0.469,202.150,-571.524,1.504674,0
6.7197,18.495,23.859,-85.419,-0.469,198.630,-584.713,1.504674,0
6.7248,18.495,22.694,-90.960,-0.112,195.120,-584.630,2.768209,1
6.7298,23.163,22.100,-81.725,-0.012,191.600,-586.027,2.768209,0
6.7348,23.163,21.639,-54.945,0.785,188.440,-553.195,2.768209,0
6.7397,23.163,21.639,-54.945,0.785,188.440,-553.195,2.768209,0
6.7458,23.163,21.463,-6.002,0.560,185.270,-538.977,4.055555,1
6.7508,33.831,21.617,24.471,0.286,182.810,-473.873,4.055555,0
6.7558,33.831,21.617,24.471,0.286,180.350,-445.902,4.055555,0
6.7607,33.831,21.946,75.261,1.308,177.890,-427.945,4.055555,0
6.7658,33.831,23.639,155.601,0.369,175.780,-390.348,4.879220,1
6.7708,50.498,24.716,171.300,0.403,174.020,-341.349,4.879220,0
6.7758,50.498,26.144,245.176,1.673,174.020,-341.349,4.879220,0
6.7808,50.498,26.144,245.176,1.673,172.620,-285.951,4.879220,0
6.7858,50.498,28.101,312.587,1.125,171.560,-232.538,5.324459,1
6.7908,73.166,30.364,349.525,0.477,170.510,-203.886,5.324459,0
6.7958,73.166,35.618,467.727,2.163,169.800,-161.122,5.324459,0
6.8008,73.166,39.112,548.990,1.216,169.800,-80.561,5.324459,0
6.8058,73.166,42.915,581.311,0.552,169.800,-80.561,5.938013,1
6.8108,101.834,46.827,591.469,0.054,169.800,-40.281,5.938013,0
6.8158,101.834,51.223,700.436,2.387,169.800,-20.140,5.938013,0
6.8208,101.834,56.322,786.316,1.241,170.160,19.923,5.938013,0
6.8258,101.834,61.795,815.867,0.544,171.560,126.301,6.420432,1
6.8318,128.409,68.191,814.020,-0.087,172.620,150.422,6.420432,0
6.8368,128.409,73.862,874.967,1.515,174.020,193.733,6.420432,0
6.8418,128.409,73.862,874.967,1.515,174.020,193.733,6.420432,0
6.8468,128.409,86.258,945.149,0.170,175.080,183.779,7.226599,1
6.8518,148.984,86.258,945.149,0.170,176.840,239.824,7.226599,0
6.8568,148.984,98.720,940.532,0.718,178.590,265.531,7.226599,0
6.8618,148.984,105.050,947.920,0.311,180.000,251.518,7.226599,0
6.8668,148.984,111.336,934.992,-0.270,181.760,271.832,7.371138,1
6.8718,163.558,117.425,897.130,-0.934,181.760,271.832,7.371138,0
6.8768,163.558,117.425,897.130,-0.934,183.160,251.049,7.371138,0
6.8818,163.558,128.942,841.723,-0.270,184.220,215.226,7.371138,0
6.8868,163.558,134.349,799.245,-0.843,185.620,223.647,7.479589,1
6.8918,172.133,134.349,799.245,-0.843,186.680,200.662,7.479589,0
6.8967,172.133,139.404,729.986,-1.200,187.730,187.830,7.479589,0
6.9018,172.133,148.437,633.947,-0.594,187.730,187.830,7.479589,0
6.9068,172.133,152.460,581.311,-0.851,188.440,151.563,7.194429,1
6.9118,174.708,156.108,513.899,-1.142,188.440,75.781,7.194429,0
6.9168,174.708,159.317,458.492,-0.901,188.790,67.369,7.194429,0
6.9218,174.708,162.153,404.932,-0.735,188.440,4.537,7.194429,0
6.9268,174.708,164.680,346.755,-0.702,188.090,-26.455,6.867753,1
6.9328,171.283,167.098,290.425,-0.801,187.030,-102.789,6.867753,0
6.9378,171.283,167.098,290.425,-0.801,187.030,-102.789,6.867753,0
6.9428,171.283,168.768,228.553,-0.926,185.620,-166.004,6.867753,0
6.9478,171.283,170.944,121.433,-0.643,183.870,-232.789,6.433893,1
6.9528,161.858,171.516,68.797,-0.536,182.110,-263.618,6.433893,0
6.9578,161.858,171.516,-39.247,-1.274,179.650,-335.619,6.433893,0
6.9628,161.858,171.010,-97.424,-0.693,176.480,-432.185,6.433893,0
6.9678,161.858,171.010,-97.424,-0.693,176.480,-432.185,5.992577,1
6.9728,146.433,169.384,-134.362,-0.411,172.970,-491.229,5.992577,0
6.9778,146.433,168.175,-209.161,-1.441,169.450,-558.409,5.992577,0
6.9828,146.433,166.504,-279.343,-1.158,165.590,-600.682,5.992577,0
6.9878,146.433,164.526,-308.894,-0.419,161.020,-682.610,5.457572,1
6.9928,125.008,162.372,-323.669,-0.386,156.450,-721.088,5.457572,0
6.9979,125.008,159.823,-428.942,-2.146,156.450,-721.088,5.457572,0
7.0028,125.008,156.614,-495.430,-1.175,151.170,-793.970,5.457572,0
7.0078,125.008,156.614,-495.430,-1.175,145.200,-902.785,4.470201,1
7.0138,97.583,148.899,-537.909,-0.195,138.870,-981.289,4.470201,0
7.0188,97.583,148.899,-537.909,-0.195,132.190,-1045.509,4.470201,0
7.0238,97.583,140.195,-725.369,-1.258,124.450,-1153.913,4.470201,0
7.0288,97.583,135.184,-765.077,-0.544,116.370,-1261.697,3.771464,1
7.0338,75.429,130.107,-757.689,-0.120,116.370,-1261.697,3.771464,0
7.0388,75.429,124.854,-813.096,-1.349,107.230,-1381.932,3.771464,0
7.0438,75.429,124.854,-813.096,-1.349,97.730,-1497.259,3.771464,0
7.0488,75.429,119.205,-857.422,-0.893,88.240,-1537.072,2.124038,1
7.0538,47.276,107.754,-845.417,0.428,78.050,-1622.758,2.124038,0
7.0588,47.276,107.754,-845.417,0.428,67.850,-1657.981,2.124038,0
7.0638,47.276,95.775,-941.456,-0.909,67.850,-1657.981,2.124038,0
7.0688,47.276,95.775,-941.456,-0.909,58.360,-1604.523,0.640656,1
7.0738,17.276,83.159,-934.992,0.253,48.520,-1635.497,0.640656,0
7.0788,17.276,76.807,-978.394,-1.465,39.380,-1587.424,0.640656,0
7.0838,17.276,70.037,-1031.954,-0.884,30.230,-1557.123,0.640656,0
7.0888,17.276,63.026,-1040.265,-0.303,22.500,-1415.343,-0.714393,1
7.0938,-12.724,56.014,-1021.796,0.428,22.500,-1415.343,-0.714393,0
7.0988,-12.724,49.025,-1056.887,-1.225,14.770,-1344.405,-0.714393,0
7.1048,-12.724,49.025,-1056.887,-1.225,7.030,-1333.883,-0.714393,0
7.1098,-12.724,33.310,-1094.748,-0.004,0.000,-1252.875,0.407271,1
7.1148,-36.724,26.057,-1068.892,0.585,353.320,-1181.216,0.407271,0
7.1198,-36.724,19.023,-1056.887,-0.477,345.590,-1234.714,0.407271,0
7.1248,-36.724,11.968,-1056.887,-0.071,337.850,-1262.918,0.407271,0
7.1299,-36.724,4.956,-1043.958,0.411,337.850,-1262.918,1.815018,1
7.1348,-54.724,4.956,-1043.958,0.411,329.770,-1260.375,1.815018,0
7.1398,-54.724,-1.813,-999.633,0.959,321.330,-1377.102,1.815018,0
7.1448,-54.724,-8.319,-970.083,0.170,312.190,-1458.040,1.815018,0
7.1498,-54.724,-20.803,-905.441,0.776,302.340,-1545.831,0.884940,1
7.1548,-66.724,-26.584,-845.417,1.025,292.500,-1595.392,0.884940,0
7.1598,-66.724,-26.584,-845.417,1.025,292.500,-1595.392,0.884940,0
7.1648,-66.724,-37.090,-754.919,0.668,282.300,-1631.063,0.884940,0
7.1698,-66.724,-41.948,-710.594,1.050,272.460,-1648.733,-0.660585,1
7.1748,-72.724,-41.948,-710.594,1.050,262.270,-1677.238,-0.660585,0
7.1798,-72.724,-50.388,-592.392,0.726,253.120,-1595.507,-0.660585,0
7.1848,-72.724,-54.080,-533.291,0.909,244.340,-1523.588,-0.660585,0
7.1898,-72.724,-54.080,-533.291,0.909,244.340,-1523.588,-1.244832,1
7.1958,-72.724,-57.399,-485.272,0.984,236.250,-1400.705,-1.244832,0
7.2008,-72.724,-60.784,-412.320,1.025,228.520,-1365.841,-1.244832,0
7.2058,-72.724,-65.400,-296.889,0.760,221.130,-1322.572,-1.244832,0
7.2108,-72.724,-65.400,-296.889,0.760,214.450,-1214.231,-0.922805,1
7.2158,-66.724,-68.609,-201.773,0.643,208.120,-1137.207,-0.922805,0
7.2208,-66.724,-69.685,-140.826,1.291,202.150,-1065.508,-0.922805,0
7.2258,-66.724,-69.685,-140.826,1.291,202.150,-1065.508,-0.922805,0
7.2308,-66.724,-70.191,-41.093,1.167,196.880,-965.979,-0.451813,1
7.2358,-54.724,-70.015,35.553,0.419,192.300,-867.748,-0.451813,0
7.2408,-54.724,-69.488,109.429,1.200,187.730,-816.370,-0.451813,0
7.2458,-54.724,-68.543,161.142,0.785,183.870,-730.030,-0.451813,0
7.2508,-54.724,-67.334,188.845,0.702,180.350,-658.144,0.365702,1
7.2558,-36.724,-65.927,210.085,0.203,180.350,-658.144,0.365702,0
7.2608,-36.724,-64.213,299.659,1.798,176.840,-616.467,0.365702,0
7.2658,-36.724,-61.905,360.607,0.951,174.020,-547.692,0.365702,0
7.2708,-36.724,-61.905,360.607,0.951,171.560,-479.035,1.089202,1
7.2758,-12.724,-56.454,416.014,0.220,169.100,-444.099,1.089202,0
7.2808,-12.724,-53.245,524.057,2.163,166.640,-423.793,1.089202,0
7.2868,-12.724,-53.245,524.057,2.163,165.230,-331.472,1.089202,0
7.2919,-12.724,-44.475,636.718,0.519,165.230,-331.472,2.182024,1
7.2968,17.276,-44.475,636.718,0.519,163.830,-275.295,2.182024,0
7.3019,17.276,-35.530,739.220,2.221,162.070,-294.033,2.182024,0
7.3068,17.276,-35.530,739.220,2.221,160.660,-263.616,2.182024,0
7.3118,17.276,-24.496,862.039,0.560,159.960,-190.058,3.708358,1
7.3168,47.276,-24.496,862.039,0.560,158.550,-212.850,3.708358,0
7.3222,47.276,-12.715,935.915,1.914,156.800,-249.917,3.708358,0
7.3268,47.276,-6.165,998.710,0.959,156.800,-249.917,3.708358,0
7.3318,47.276,0.648,1029.183,0.203,156.090,-185.051,5.431217,1
7.3368,77.276,7.484,1018.102,-0.336,154.340,-237.877,5.431217,0
7.3419,77.276,14.385,1055.963,1.266,152.230,-295.966,5.431217,0
7.3468,77.276,21.661,1103.059,0.776,149.770,-352.059,5.431217,0
7.3519,77.276,29.090,1116.911,0.212,149.770,-352.059,7.258588,1
7.3568,107.276,29.090,1116.911,0.212,146.600,-418.426,7.258588,0
7.3619,107.276,43.948,1106.753,0.926,143.090,-530.181,7.258588,0
7.3668,107.276,51.487,1139.074,0.627,138.520,-646.412,7.258588,0
7.3728,107.276,60.410,1137.227,-0.187,133.240,-762.389,7.834553,1
7.3778,137.276,67.839,1094.748,-0.859,126.910,-896.359,7.834553,0
7.3828,137.276,67.839,1094.748,-0.859,119.880,-1046.137,7.834553,0
7.3878,137.276,75.136,1103.059,0.843,119.880,-1046.137,7.834553,0
7.3928,137.276,90.104,1118.758,-0.179,111.450,-1211.776,6.458637,1
7.3979,161.276,97.445,1090.131,-0.743,103.010,-1280.288,6.458637,0
7.4028,161.276,97.445,1090.131,-0.743,93.520,-1489.444,6.458637,0
7.4078,161.276,104.677,1085.514,0.394,83.670,-1565.770,6.458637,0
7.4128,161.276,119.073,1067.968,-0.361,74.180,-1570.482,3.522077,1
7.4179,179.276,125.975,1012.561,-0.976,74.180,-1570.482,3.522077,0
7.4228,179.276,132.590,979.317,-0.253,64.690,-1554.484,3.522077,0
7.4278,179.276,132.590,979.317,-0.253,55.550,-1567.805,3.522077,0
7.4328,179.276,145.228,914.676,-0.793,47.110,-1482.791,-0.304822,1
7.4379,191.276,151.031,842.647,-1.241,38.670,-1446.421,-0.304822,0
7.4428,191.276,156.526,794.627,-0.693,31.290,-1330.776,-0.304822,0
7.4478,191.276,161.625,750.302,-0.577,31.290,-1330.776,-0.304822,0
7.4528,191.276,166.504,695.818,-1.059,23.910,-1267.350,-3.722116,1
7.4589,197.276,171.494,618.249,-1.000,17.230,-1171.887,-3.722116,0
7.4639,197.276,175.362,559.148,-0.519,11.250,-1121.442,-3.722116,0
7.4689,197.276,178.923,520.363,-0.660,5.270,-1060.006,-3.722116,0
7.4738,197.276,182.132,461.263,-0.726,0.000,-971.142,-4.216881,1
7.4788,197.276,182.132,461.263,-0.726,355.080,-900.096,-4.216881,0
7.4839,197.276,187.473,352.296,-0.818,355.080,-900.096,-4.216881,0
7.4888,197.276,187.473,352.296,-0.818,350.160,-841.962,-4.216881,0
7.4938,197.276,191.363,242.405,-0.552,345.940,-782.760,-1.633891,1
7.4989,191.276,192.814,199.927,-0.660,342.070,-713.053,-1.633891,0
7.5039,191.276,193.913,139.902,-1.274,338.550,-647.366,-1.633891,0
7.5089,191.276,194.484,53.098,-0.992,335.390,-588.865,-1.633891,0
7.5139,191.276,194.484,53.098,-0.992,335.390,-588.865,0.540475,1
7.5189,179.276,194.330,-42.940,-0.270,333.280,-454.714,0.540475,0
7.5239,179.276,193.803,-109.429,-1.308,331.170,-422.887,0.540475,0
7.5288,179.276,193.803,-109.429,-1.308,329.770,-328.130,0.540475,0
7.5339,179.276,191.605,-194.386,-0.453,328.710,-252.097,2.890893,1
7.5389,161.276,190.220,-210.085,-0.394,328.010,-183.143,2.890893,0
7.5448,161.276,188.176,-317.205,-1.416,327.660,-121.242,2.890893,0
7.5498,161.276,188.176,-317.205,-1.416,327.660,-121.242,2.890893,0
7.5548,161.276,185.824,-369.841,-1.125,327.660,-60.621,4.556587,1
7.5599,137.276,180.439,-415.090,-0.195,328.360,25.121,4.556587,0
7.5649,137.276,177.296,-519.440,-2.022,329.060,76.363,4.556587,0
7.5699,137.276,173.472,-591.469,-1.167,330.470,155.710,4.556587,0
7.5748,137.276,169.340,-633.947,-0.652,332.230,223.654,5.558125,1
7.5799,111.163,165.120,-633.947,-0.062,332.230,223.654,5.558125,0
7.5849,111.163,160.526,-728.139,-1.947,334.340,283.737,5.558125,0
7.5898,111.163,155.361,-800.168,-1.050,336.090,291.993,5.558125,0
7.5948,111.163,149.954,-814.943,-0.419,338.550,351.551,5.165139,1
7.5999,91.049,144.503,-813.096,0.237,341.020,381.087,5.165139,0
7.6048,91.049,138.964,-841.723,-1.042,343.480,394.494,5.165139,0
7.6099,91.049,133.184,-870.350,-0.461,343.480,394.494,5.165139,0
7.6149,91.049,127.315,-868.503,0.154,346.290,424.412,4.026153,1
7.6199,76.936,121.513,-838.029,0.685,348.400,380.824,4.026153,0
7.6249,76.936,115.952,-817.714,-0.162,350.510,380.201,4.026153,0
7.6308,76.936,115.952,-817.714,-0.162,352.270,336.949,4.026153,0
7.6359,76.936,104.523,-759.536,0.843,354.380,339.902,2.647130,1
7.6408,56.822,104.523,-759.536,0.843,355.430,259.849,2.647130,0
7.6459,56.822,95.116,-691.201,-0.286,355.430,259.849,2.647130,0
7.6508,56.822,95.116,-691.201,-0.286,356.130,186.672,2.647130,0
7.6558,56.822,90.500,-695.818,-0.286,357.190,184.197,1.101792,1
7.6608,30.709,85.884,-686.584,-0.012,358.240,179.668,1.101792,0
7.6659,30.709,76.873,-705.976,-1.524,358.950,148.414,1.101792,0
7.6708,30.709,71.905,-764.154,-0.735,0.000,162.866,1.101792,0
7.6759,30.709,66.762,-772.465,-0.394,0.000,162.866,-0.333400,1
7.6808,0.709,66.762,-772.465,-0.394,1.410,189.407,-0.333400,0
7.6859,0.709,56.234,-841.723,-1.972,2.810,222.265,-0.333400,0
7.6908,0.709,50.300,-914.676,-1.200,4.570,258.768,-0.333400,0
7.6959,0.709,44.036,-936.838,-0.361,6.680,305.107,-1.315325,1
7.7008,-26.307,44.036,-936.838,-0.361,9.490,381.073,-1.315325,0
7.7059,-26.307,37.684,-930.374,0.295,9.490,381.073,-1.315325,0
7.7118,-26.307,31.354,-972.853,-1.183,11.950,392.773,-1.315325,0
7.7168,-26.307,23.529,-1023.643,-0.710,15.120,460.013,-1.408892,1
7.7219,-47.322,10.012,-994.092,0.486,18.980,544.917,-1.408892,0
7.7269,-47.322,10.012,-994.092,0.486,22.500,584.162,-1.408892,0
7.7318,-47.322,3.440,-987.628,-0.486,26.370,613.900,-1.408892,0
7.7369,-47.322,-9.594,-961.772,0.320,30.230,626.971,-1.115540,1
7.7419,-62.337,-15.792,-910.058,0.976,30.230,626.971,-1.115540,0
7.7468,-62.337,-15.792,-910.058,0.976,34.450,663.209,-1.115540,0
7.7518,-62.337,-27.441,-847.264,0.444,39.020,718.032,-1.115540,0
7.7568,-62.337,-27.441,-847.264,0.444,43.240,709.951,-1.025630,1
7.7619,-71.352,-37.991,-739.220,1.266,47.810,735.966,-1.025630,0
7.7669,-71.352,-42.695,-694.895,0.378,51.680,688.459,-1.025630,0
7.7719,-71.352,-47.113,-638.565,0.685,51.680,688.459,-1.025630,0
7.7769,-71.352,-51.179,-586.851,1.000,55.900,693.922,-0.734619,1
7.7819,-74.368,-51.179,-586.851,1.000,59.770,641.638,-0.734619,0
7.7869,-74.368,-58.190,-466.803,0.801,63.280,647.425,-0.734619,0
7.7918,-74.368,-61.136,-417.860,0.917,66.450,588.769,-0.734619,0
7.7979,-74.368,-64.081,-356.913,0.868,69.610,557.976,0.327452,1
7.8029,-71.383,-66.279,-306.123,0.585,72.070,483.779,0.327452,0
7.8081,-71.383,-68.059,-248.869,1.067,74.530,448.434,0.327452,0
7.8128,-71.383,-69.444,-190.692,0.668,74.530,448.434,0.327452,0
7.8179,-71.383,-70.477,-139.902,0.760,76.290,369.496,1.969274,1
7.8229,-62.398,-71.202,-96.500,0.834,78.050,331.242,1.969274,0
7.8279,-62.398,-71.356,21.701,1.515,79.450,282.355,1.969274,0
7.8329,-62.398,-70.960,73.414,0.959,80.160,200.616,1.969274,0
7.8379,-62.398,-70.367,95.577,0.652,80.160,200.616,2.663599,1
7.8429,-47.413,-70.367,95.577,0.652,80.860,156.588,2.663599,0
7.8478,-47.413,-69.598,114.969,0.286,81.210,108.468,2.663599,0
7.8529,-47.413,-66.938,252.563,1.183,81.210,54.234,2.663599,0
7.8579,-47.413,-65.070,293.195,0.619,81.210,27.117,3.018072,1
7.8629,-26.429,-63.026,307.047,0.253,80.510,-44.752,3.018072,0
7.8681,-26.429,-60.542,413.243,2.063,79.800,-81.981,3.018072,0
7.8729,-26.429,-57.443,481.578,1.258,79.800,-81.981,3.018072,0
7.8779,-26.429,-54.014,528.674,0.668,78.400,-157.045,3.334637,1
7.8839,0.556,-54.014,528.674,0.668,76.990,-195.517,3.334637,0
7.8889,0.556,-45.970,633.024,2.080,75.230,-244.420,3.334637,0
7.8939,0.556,-41.376,709.670,1.316,73.120,-293.336,3.334637,0
7.8989,0.556,-36.475,750.302,0.511,70.660,-359.967,3.626922,1
7.9038,30.556,-36.475,750.302,0.511,70.660,-359.967,3.626922,0
7.9089,30.556,-26.144,838.953,2.072,68.200,-376.329,3.626922,0
7.9139,30.556,-20.166,919.293,1.291,65.740,-405.351,3.626922,0
7.9189,30.556,-13.902,952.537,0.560,62.930,-433.034,4.278439,1
7.9239,60.556,-7.594,948.843,-0.046,60.120,-449.289,4.278439,0
7.9289,60.556,-1.088,1000.556,1.656,57.660,-429.075,4.278439,0
7.9339,60.556,5.857,1064.274,1.050,57.660,-429.075,4.278439,0
7.9389,60.556,13.023,1075.356,0.311,55.200,-419.157,4.900469,1
7.9439,90.556,13.023,1075.356,0.311,53.090,-377.377,4.900469,0
7.9489,90.556,27.353,1086.437,1.084,50.980,-374.011,4.900469,0
7.9539,90.556,34.826,1130.763,0.627,49.570,-304.809,4.900469,0
7.9589,90.556,42.519,1130.763,0.046,48.160,-267.425,5.106077,1
7.9649,114.556,51.245,1089.207,-0.776,47.810,-164.166,5.106077,0
7.9699,114.556,58.388,1083.667,0.394,47.810,-164.166,5.106077,0
7.9749,114.556,65.597,1075.356,0.095,47.460,-109.697,5.106077,0
7.9799,114.556,72.719,1057.810,-0.320,47.460,-54.848,4.803747,1
7.9849,132.556,79.576,1011.638,-0.868,48.520,60.686,4.803747,0
7.9899,132.556,86.104,973.776,-0.112,49.920,149.199,4.803747,0
7.9949,132.556,92.544,945.149,-0.311,52.380,276.659,4.803747,0
8.0000,132.556,98.632,900.824,-0.685,52.380,276.659,4.237136,1
8.0049,144.556,104.369,838.029,-1.175,54.490,306.788,4.237136,0
8.0099,144.556,104.369,838.029,-1.175,57.660,429.008,4.237136,0
8.0149,144.556,114.853,746.608,-0.552,60.470,448.126,4.237136,0
8.0199,144.556,119.601,692.125,-0.967,64.340,546.172,3.424464,1
8.0249,150.556,124.018,629.330,-1.150,67.500,542.111,3.424464,0
8.0300,150.556,127.997,578.540,-0.602,67.500,542.111,3.424464,0
8.0349,150.556,131.645,531.445,-0.710,71.370,577.520,3.424464,0
8.0399,150.556,135.008,475.114,-0.751,75.230,622.512,2.509322,1
8.0449,150.556,137.975,420.631,-0.868,78.750,603.275,2.509322,0
8.0508,150.556,137.975,420.631,-0.868,81.910,569.257,2.509322,0
8.0559,150.556,143.053,296.889,-0.959,85.080,541.341,2.509322,0
8.0609,150.556,144.811,253.487,-0.552,88.240,535.431,1.820074,1
8.0659,144.556,144.811,253.487,-0.552,88.240,535.431,1.820074,0
8.0709,144.556,147.338,131.591,-1.391,91.050,497.085,1.820074,0
8.0759,144.556,147.888,49.404,-1.050,93.870,491.450,1.820074,0
8.0809,144.556,147.954,-11.543,-0.577,95.980,421.150,1.288626,1
8.0859,132.556,147.734,-39.247,-0.336,97.730,359.108,1.288626,0
8.0908,132.556,147.734,-39.247,-0.336,99.490,322.479,1.288626,0
8.0958,132.556,147.163,-114.969,-1.358,99.490,322.479,1.288626,0
8.1008,132.556,146.240,-164.836,-1.067,100.550,248.028,0.967968,1
8.1059,114.556,143.668,-209.161,-0.436,101.600,208.642,0.967968,0
