time_s,target_angle_deg,motor_angle_deg,motor_vel_deg_s,motor_torque_nm,pole_angle_deg,pole_vel_deg_s,policy_action,policy_updated
0.1070,0.000,5.132,-2.309,-0.004,359.650,0.000,2.333908,1
0.1121,11.132,4.978,-37.400,-0.751,0.000,28.303,2.333908,0
0.1170,11.132,4.912,18.007,1.167,0.000,14.151,2.333908,0
0.1220,11.132,5.242,55.869,0.652,0.000,7.076,2.333908,0
0.1270,11.132,5.682,70.644,0.494,0.000,3.538,3.502459,1
0.1320,23.132,6.231,85.419,0.286,359.300,-65.947,3.502459,0
0.1370,23.132,6.231,85.419,0.286,359.300,-65.947,3.502459,0
0.1420,23.132,8.165,187.922,0.917,358.950,-61.740,3.502459,0
0.1470,23.132,9.550,225.783,0.577,357.890,-121.306,4.466289,1
0.1520,41.132,11.089,232.247,0.187,356.480,-178.789,4.466289,0
0.1570,41.132,13.001,319.975,1.739,355.080,-205.905,4.466289,0
0.1620,41.132,15.419,381.846,1.075,353.320,-248.916,4.466289,0
0.1670,41.132,15.419,381.846,1.075,353.320,-248.916,4.949677,1
0.1732,65.132,21.573,433.559,0.228,350.860,-318.029,4.949677,0
0.1780,65.132,24.804,529.598,2.063,348.400,-372.685,4.949677,0
0.1830,65.132,28.694,604.397,1.142,345.590,-425.317,4.949677,0
0.1880,65.132,32.892,639.488,0.552,342.070,-505.019,5.036994,1
0.1930,95.132,37.156,640.412,0.004,338.200,-577.679,5.036994,0
0.1980,95.132,41.816,741.067,2.528,334.690,-580.003,5.036994,0
0.2031,95.132,47.179,832.489,1.225,334.690,-580.003,5.036994,0
0.2080,95.132,52.915,868.503,0.594,329.770,-693.846,4.522775,1
0.2130,119.132,52.915,868.503,0.594,324.490,-770.102,4.522775,0
0.2180,119.132,58.718,867.580,0.071,318.870,-880.619,4.522775,0
0.2230,119.132,64.674,913.752,1.382,312.890,-939.312,4.522775,0
0.2280,119.132,77.444,966.389,0.029,306.210,-1025.511,2.731358,1
0.2331,137.132,77.444,966.389,0.029,306.210,-1025.511,2.731358,0
0.2380,137.132,90.016,935.915,0.187,299.880,-1027.407,2.731358,0
0.2430,137.132,96.237,932.221,0.004,292.850,-1114.436,2.731358,0
0.2480,137.132,102.391,903.594,-0.295,285.820,-1144.724,1.986496,1
0.2530,149.132,108.237,845.417,-1.009,278.790,-1160.260,1.986496,0
0.2580,149.132,113.820,802.015,-0.461,272.110,-1128.209,1.986496,0
0.2640,149.132,119.886,765.077,-0.801,265.780,-1096.728,1.986496,0
0.2690,149.132,124.722,703.206,-0.901,265.780,-1096.728,1.803878,1
0.2740,155.132,124.722,703.206,-0.901,259.100,-1070.848,1.803878,0
0.2790,155.132,133.074,575.770,-0.876,253.480,-1037.574,1.803878,0
0.2840,155.132,136.722,527.751,-0.884,247.850,-987.584,1.803878,0
0.2890,155.132,139.997,470.497,-0.992,242.580,-933.454,2.503717,1
0.2940,155.132,142.899,415.090,-1.075,237.300,-905.366,2.503717,0
0.2990,155.132,145.404,353.219,-0.751,237.300,-905.366,2.503717,0
0.3040,155.132,147.536,294.118,-0.793,232.380,-857.611,2.503717,0
0.3090,155.132,149.317,248.869,-0.876,227.110,-874.108,3.363789,1
0.3140,149.132,150.767,203.620,-0.610,222.190,-847.065,3.363789,0
0.3190,149.132,151.844,133.438,-1.133,216.910,-863.974,3.363789,0
0.3240,149.132,151.844,133.438,-1.133,211.640,-871.356,3.363789,0
0.3291,149.132,152.460,-13.390,-0.710,211.640,-871.356,4.142574,1
0.3341,137.132,152.240,-38.323,-0.394,206.020,-865.432,4.142574,0
0.3390,137.132,152.240,-38.323,-0.394,200.390,-946.708,4.142574,0
0.3440,137.132,150.789,-161.142,-0.859,194.410,-971.018,4.142574,0
0.3501,137.132,149.361,-195.309,-0.660,187.730,-1042.982,5.044262,1
0.3550,119.132,147.976,-208.238,-0.087,181.410,-1042.106,5.044262,0
0.3600,119.132,146.240,-302.429,-1.872,175.080,-1054.691,5.044262,0
0.3651,119.132,143.954,-371.688,-1.034,175.080,-1054.691,5.044262,0
0.3700,119.132,141.338,-404.009,-0.428,167.700,-1136.375,5.237978,1
0.3751,104.760,138.613,-417.860,-0.237,160.310,-1179.024,5.237978,0
0.3800,104.760,135.667,-471.420,-1.324,152.580,-1245.417,5.237978,0
0.3851,104.760,132.393,-508.358,-0.743,144.140,-1325.687,5.237978,0
0.3900,104.760,128.964,-516.669,-0.336,135.350,-1395.531,5.011458,1
0.3951,96.387,128.964,-516.669,-0.336,135.350,-1395.531,5.011458,0
0.4000,96.387,125.535,-508.358,0.004,126.560,-1414.802,5.011458,0
0.4050,96.387,118.721,-509.282,-0.062,117.070,-1513.223,5.011458,0
0.4100,96.387,115.381,-493.583,0.253,107.230,-1579.470,3.754327,1
0.4150,82.014,115.381,-493.583,0.253,97.030,-1638.009,3.754327,0
0.4200,82.014,109.094,-467.727,-0.594,86.840,-1670.282,3.754327,0
0.4251,82.014,105.907,-475.114,-0.428,86.840,-1670.282,3.754327,0
0.4300,82.014,102.698,-474.191,-0.195,75.940,-1732.054,2.233322,1
0.4360,61.642,102.698,-474.191,-0.195,65.040,-1784.763,2.233322,0
0.4411,61.642,95.841,-508.358,-1.374,54.140,-1802.883,2.233322,0
0.4460,61.642,92.280,-548.990,-0.793,43.240,-1811.285,2.233322,0
0.4510,61.642,88.544,-563.765,-0.212,32.340,-1816.914,-0.156420,1
0.4560,35.269,84.807,-562.842,0.228,21.800,-1781.355,-0.156420,0
0.4610,35.269,84.807,-562.842,0.228,21.800,-1781.355,-0.156420,0
0.4660,35.269,76.125,-716.134,-1.158,11.600,-1727.855,-0.156420,0
0.4710,35.269,71.224,-741.991,-0.320,1.760,-1705.120,-1.429318,1
0.4760,5.269,66.257,-744.761,-0.137,352.270,-1634.198,-1.429318,0
0.4810,5.269,61.004,-824.178,-2.038,342.420,-1641.172,-1.429318,0
0.4860,5.269,61.004,-824.178,-2.038,333.630,-1550.106,-1.429318,0
0.4910,5.269,55.135,-903.594,-0.976,333.630,-1550.106,-0.069455,1
0.4960,-18.731,42.739,-925.757,0.046,324.840,-1464.062,-0.069455,0
0.5010,-18.731,42.739,-925.757,0.046,315.700,-1547.589,-0.069455,0
0.5060,-18.731,36.453,-960.848,-1.299,306.560,-1534.181,-0.069455,0
0.5110,-18.731,29.815,-993.169,-0.693,297.070,-1555.051,1.400806,1
0.5161,-36.731,16.452,-966.389,0.461,287.230,-1585.217,1.400806,0
0.5221,-36.731,9.066,-954.384,-0.071,277.730,-1598.970,1.400806,0
0.5271,-36.731,2.780,-939.609,0.145,277.730,-1598.970,1.400806,0
0.5320,-36.731,2.780,-939.609,0.145,267.890,-1610.201,1.780990,1
0.5371,-48.731,-9.110,-839.876,1.358,258.750,-1573.234,1.780990,0
0.5420,-48.731,-14.495,-792.781,0.660,250.310,-1493.751,1.780990,0
0.5470,-48.731,-19.595,-750.302,0.594,242.230,-1419.469,1.780990,0
0.5521,-48.731,-24.386,-698.589,1.075,234.840,-1323.629,0.922661,1
0.5571,-54.731,-24.386,-698.589,1.075,234.840,-1323.629,0.922661,0
0.5621,-54.731,-32.650,-573.923,0.544,228.520,-1174.425,0.922661,0
0.5670,-54.731,-36.277,-524.980,0.577,222.540,-1099.760,0.922661,0
0.5720,-54.731,-39.552,-471.420,0.685,217.270,-990.607,0.153408,1
0.5771,-54.731,-42.453,-411.396,0.818,211.990,-934.920,0.153408,0
0.5821,-54.731,-42.453,-411.396,0.818,208.120,-787.120,0.153408,0
0.5871,-54.731,-44.959,-360.607,0.893,208.120,-787.120,0.153408,0
0.5921,-54.731,-48.915,-252.563,0.652,204.260,-707.367,-0.479098,1
0.5970,-48.731,-48.915,-252.563,0.652,201.450,-595.077,-0.479098,0
0.6021,-48.731,-50.388,-205.467,0.643,198.280,-562.573,-0.479098,0
0.6082,-48.731,-52.124,-40.170,1.050,196.170,-456.585,-0.479098,0
0.6131,-48.731,-52.146,10.620,0.552,194.410,-371.596,-1.189552,1
0.6181,-36.731,-52.146,10.620,0.552,193.360,-275.123,-1.189552,0
0.6231,-36.731,-51.421,103.888,1.416,193.360,-275.123,-1.189552,0
0.6280,-36.731,-50.476,162.989,1.000,192.300,-224.345,-1.189552,0
0.6331,-36.731,-49.267,189.769,0.386,191.950,-141.991,-2.235842,1
0.6381,-30.731,-47.904,211.931,0.444,191.600,-100.206,-2.235842,0
0.6431,-30.731,-46.387,231.324,0.610,191.600,-50.103,-2.235842,0
0.6480,-30.731,-46.387,231.324,0.610,191.600,-25.052,-2.235842,0
0.6530,-30.731,-44.717,258.104,0.469,191.600,-25.052,-3.053166,1
0.6581,-30.731,-41.222,257.180,0.071,191.950,15.094,-3.053166,0
0.6630,-30.731,-39.552,249.793,-0.270,192.660,70.214,-3.053166,0
0.6680,-30.731,-37.991,224.860,-0.228,193.010,64.241,-3.053166,0
0.6730,-30.731,-37.991,224.860,-0.228,193.710,90.413,-4.238365,1
0.6781,-36.731,-35.354,174.070,-0.453,193.710,45.206,-4.238365,0
0.6830,-36.731,-34.431,118.663,-0.984,193.710,45.206,-4.238365,0
0.6880,-36.731,-33.969,42.017,-0.917,194.060,51.227,-4.238365,0
0.6931,-36.731,-33.925,-10.620,-0.428,194.410,55.330,-4.681202,1
0.6990,-48.731,-33.925,-10.620,-0.428,194.060,-1.454,-4.681202,0
0.7040,-48.731,-34.650,-101.118,-1.142,193.360,-59.006,-4.681202,0
0.7090,-48.731,-34.650,-101.118,-1.142,192.300,-118.012,-4.681202,0
0.7140,-48.731,-36.782,-186.075,-0.627,191.250,-146.542,-3.576075,1
0.7191,-66.731,-38.079,-203.620,-0.245,191.250,-146.542,-3.576075,0
0.7241,-66.731,-39.772,-294.118,-1.872,189.840,-187.827,-3.576075,0
0.7290,-66.731,-39.772,-294.118,-1.872,188.440,-213.737,-3.576075,0
0.7340,-66.731,-42.014,-358.760,-1.108,185.980,-311.603,-2.635982,1
0.7391,-78.731,-47.289,-411.396,-0.170,183.870,-331.312,-2.635982,0
0.7440,-78.731,-50.212,-461.263,-1.017,181.410,-370.996,-2.635982,0
0.7491,-78.731,-53.377,-479.731,-0.585,181.410,-370.996,-2.635982,0
0.7541,-78.731,-56.630,-490.813,-0.245,178.590,-418.059,-2.112451,1
0.7591,-84.731,-59.839,-484.349,0.021,175.780,-444.988,-2.112451,0
0.7640,-84.731,-59.839,-484.349,0.021,172.970,-455.966,-2.112451,0
0.7690,-84.731,-66.147,-458.492,-0.029,170.160,-463.271,-2.112451,0
0.7740,-84.731,-69.158,-434.483,0.253,167.340,-464.599,-1.068215,1
0.7791,-84.731,-71.971,-392.004,0.585,167.340,-464.599,-1.068215,0
0.7850,-84.731,-71.971,-392.004,0.585,164.530,-463.608,-1.068215,0
0.7901,-84.731,-76.873,-295.965,0.751,162.070,-436.106,-1.068215,0
0.7951,-84.731,-78.653,-251.640,0.619,159.610,-427.812,-0.263952,1
0.8001,-78.731,-80.126,-202.697,0.627,157.500,-390.111,-0.263952,0
0.8051,-78.731,-81.247,-139.902,1.200,155.390,-370.701,-0.263952,0
0.8100,-78.731,-81.862,-65.103,1.175,153.630,-331.941,-0.263952,0
0.8150,-78.731,-81.862,-65.103,1.175,153.630,-331.941,0.151504,1
0.8200,-66.731,-82.016,-0.462,0.627,152.230,-276.733,0.151504,0
0.8250,-66.731,-81.862,30.012,0.386,151.170,-231.814,0.151504,0
0.8300,-66.731,-80.433,157.448,1.084,150.120,-203.018,0.151504,0
0.8350,-66.731,-79.247,189.769,0.477,149.410,-160.870,0.400589,1
0.8401,-48.731,-77.906,202.697,0.436,148.710,-138.499,0.400589,0
0.8451,-48.731,-76.169,293.195,1.673,148.710,-138.499,0.400589,0
0.8500,-48.731,-76.169,293.195,1.673,148.010,-126.873,0.400589,0
0.8550,-48.731,-71.246,404.009,0.668,147.660,-93.075,0.993123,1
0.8601,-24.731,-68.477,414.167,0.154,147.660,-46.537,0.993123,0
0.8651,-24.731,-65.246,530.521,2.072,146.950,-82.385,0.993123,0
0.8700,-24.731,-61.355,602.550,1.216,146.950,-41.192,0.993123,0
0.8761,-24.731,-56.432,640.412,0.419,146.950,-20.596,1.843682,1
0.8811,5.269,-56.432,640.412,0.419,146.950,-20.596,1.843682,0
0.8861,5.269,-47.552,737.374,2.453,146.950,-10.298,1.843682,0
0.8911,5.269,-42.211,824.178,1.250,146.600,-35.066,1.843682,0
0.8961,5.269,-36.519,865.733,0.544,146.250,-46.651,3.337869,1
0.9011,35.269,-30.760,859.269,0.071,145.900,-52.528,3.337869,0
0.9061,35.269,-24.760,936.838,2.005,145.200,-84.483,3.337869,0
0.9111,35.269,-18.188,1002.403,1.117,145.200,-84.483,3.337869,0
0.9160,35.269,-18.188,1002.403,1.117,144.140,-129.484,5.075950,1
0.9211,65.269,-4.539,1014.408,-0.220,142.380,-207.188,5.075950,0
0.9261,65.269,2.385,1058.734,1.449,140.270,-287.096,5.075950,0
0.9310,65.269,2.385,1058.734,1.449,137.810,-348.737,5.075950,0
0.9360,65.269,17.067,1116.911,0.062,134.650,-437.494,7.200713,1
0.9412,95.269,24.562,1091.054,-0.577,134.650,-437.494,7.200713,0
0.9461,95.269,31.947,1111.370,1.133,130.430,-557.341,7.200713,0
0.9520,95.269,31.947,1111.370,1.133,125.160,-735.666,7.200713,0
0.9571,95.269,48.388,1132.610,-0.087,119.530,-834.678,7.265608,1
0.9621,125.269,55.817,1093.825,-0.602,112.850,-975.324,7.265608,0
0.9670,125.269,63.048,1108.600,0.693,105.470,-1103.730,7.265608,0
0.9721,125.269,70.609,1130.763,0.320,97.030,-1253.815,7.265608,0
0.9771,125.269,78.104,1124.299,-0.029,97.030,-1253.815,6.004496,1
0.9821,149.269,85.357,1088.284,-0.735,88.590,-1292.829,6.004496,0
0.9871,149.269,92.632,1084.590,0.320,80.160,-1396.140,6.004496,0
0.9920,149.269,99.907,1094.748,-0.037,71.370,-1433.003,6.004496,0
0.9970,149.269,99.907,1094.748,-0.037,62.930,-1422.276,3.472083,1
1.0020,167.269,107.050,1060.581,-0.536,54.840,-1377.901,3.472083,0
1.0071,167.269,120.546,983.934,-0.245,54.840,-1377.901,3.472083,0
1.0120,167.269,120.546,983.934,-0.245,47.460,-1293.264,3.472083,0
1.0171,167.269,133.162,911.905,-1.067,40.080,-1276.834,0.304095,1
1.0220,179.269,133.162,911.905,-1.067,33.750,-1164.862,0.304095,0
1.0271,179.269,144.393,801.092,-0.461,27.770,-1082.194,0.304095,0
1.0320,179.269,149.580,756.766,-0.718,22.500,-974.482,0.304095,0
1.0371,179.269,154.394,691.201,-0.893,22.500,-974.482,-3.051129,1
1.0431,185.269,159.449,620.096,-1.258,17.580,-875.127,-3.051129,0
1.0480,185.269,159.449,620.096,-1.258,12.660,-865.422,-3.051129,0
1.0531,185.269,166.922,517.593,-0.760,8.790,-764.715,-3.051129,0
1.0581,185.269,166.922,517.593,-0.760,5.270,-675.719,-2.731437,1
1.0631,185.269,173.010,404.009,-0.984,1.760,-628.234,-2.731437,0
1.0680,185.269,173.010,404.009,-0.984,358.950,-549.522,-2.731437,0
1.0732,185.269,177.582,301.506,-0.760,358.950,-549.522,-2.731437,0
1.0781,185.269,179.340,247.946,-0.834,356.480,-475.552,-0.312156,1
1.0831,179.269,180.813,205.467,-0.627,354.020,-432.047,-0.312156,0
1.0881,179.269,180.813,205.467,-0.627,352.270,-374.094,-0.312156,0
1.0930,179.269,181.890,136.209,-1.225,350.860,-304.350,-0.312156,0
1.0981,179.269,182.549,-5.079,-0.793,350.160,-210.342,2.169225,1
1.1031,167.269,182.549,-5.079,-0.793,350.160,-210.342,2.169225,0
1.1080,167.269,182.374,-34.629,-0.511,349.800,-134.565,2.169225,0
1.1131,167.269,180.945,-158.371,-0.793,349.450,-97.012,2.169225,0
1.1180,167.269,180.945,-158.371,-0.793,349.800,-19.289,3.907558,1
1.1231,149.269,179.714,-197.156,-0.735,350.510,49.531,3.907558,0
1.1281,149.269,176.593,-297.812,-1.806,351.560,111.338,3.907558,0
1.1341,149.269,173.890,-377.229,-0.926,353.320,203.422,3.907558,0
1.1390,149.269,171.230,-411.396,-0.345,353.320,203.422,4.875926,1
1.1441,125.269,168.483,-419.707,-0.179,355.080,240.588,4.875926,0
1.1491,125.269,165.296,-524.980,-2.096,357.540,337.738,4.875926,0
1.1540,125.269,161.449,-601.627,-0.951,0.000,376.854,4.875926,0
1.1590,125.269,161.449,-601.627,-0.951,3.520,480.957,5.318635,1
1.1641,106.373,153.053,-637.641,-0.220,7.030,530.584,5.318635,0
1.1691,106.373,153.053,-637.641,-0.220,7.030,530.584,5.318635,0
1.1741,106.373,143.866,-729.063,-0.569,10.200,522.721,5.318635,0
1.1791,106.373,138.964,-737.374,-0.278,14.410,624.216,4.776467,1
1.1841,93.476,134.129,-717.058,0.361,18.630,662.078,4.776467,0
1.1890,93.476,134.129,-717.058,0.361,22.500,655.069,4.776467,0
1.1941,93.476,124.612,-713.364,0.129,26.720,677.176,4.776467,0
1.1991,93.476,119.952,-689.354,0.245,26.720,677.176,3.500416,1
1.2041,74.580,115.468,-645.029,0.785,31.290,697.333,3.500416,0
1.2091,74.580,111.139,-646.876,-0.353,35.160,694.305,3.500416,0
1.2141,74.580,106.787,-657.957,-0.403,39.730,727.694,3.500416,0
1.2191,74.580,102.347,-650.569,-0.037,43.590,685.479,1.762422,1
1.2251,49.683,102.347,-650.569,-0.037,48.160,714.781,1.762422,0
1.2301,49.683,93.093,-671.809,-1.449,52.030,687.985,1.762422,0
1.2351,49.683,93.093,-671.809,-1.449,52.030,687.985,1.762422,0
1.2400,49.683,88.434,-711.517,-0.718,56.600,722.140,-0.823069,1
1.2451,19.683,78.785,-724.445,0.195,61.170,743.339,-0.823069,0
1.2501,19.683,73.708,-798.321,-2.096,65.740,753.898,-0.823069,0
1.2551,19.683,68.037,-875.891,-1.084,70.660,792.003,-0.823069,0
1.2601,19.683,62.081,-900.824,-0.311,75.230,772.303,-2.776887,1
1.2651,-10.317,62.081,-900.824,-0.311,75.230,772.303,-2.776887,0
1.2701,-10.317,49.882,-958.078,-1.914,80.510,811.903,-2.776887,0
1.2751,-10.317,43.178,-1014.408,-1.191,85.430,835.113,-2.776887,0
1.2801,-10.317,36.277,-1035.647,-0.345,90.000,793.922,-3.073565,1
1.2851,-40.317,29.375,-1026.413,0.295,94.220,747.346,-3.073565,0
1.2901,-40.317,22.408,-1074.432,-1.316,98.440,726.106,-3.073565,0
1.2951,-40.317,15.023,-1108.600,-0.560,98.440,726.106,-3.073565,0
1.3001,-40.317,15.023,-1108.600,-0.560,101.950,652.757,-2.580564,1
1.3051,-64.317,7.506,-1109.523,-0.037,104.770,559.003,-2.580564,0
1.3110,-64.317,0.099,-1089.207,0.378,107.230,488.809,-2.580564,0
1.3161,-64.317,-15.660,-1091.054,-0.004,108.980,388.379,-2.580564,0
1.3211,-64.317,-22.870,-1071.662,0.353,110.040,281.438,-3.002811,1
1.3261,-82.317,-29.749,-1012.561,0.926,110.390,170.229,-3.002811,0
1.3311,-82.317,-36.343,-981.164,0.120,110.390,170.229,-3.002811,0
1.3361,-82.317,-42.761,-951.614,0.353,110.390,85.115,-3.002811,0
1.3411,-82.317,-48.915,-900.824,0.843,110.390,42.557,-2.012549,1
1.3461,-94.317,-48.915,-900.824,0.843,109.340,-66.390,-2.012549,0
1.3511,-94.317,-54.630,-830.642,1.424,107.930,-150.775,-2.012549,0
1.3561,-94.317,-65.004,-742.914,0.718,106.170,-221.717,-2.012549,0
1.3611,-94.317,-69.729,-692.125,0.702,106.170,-221.717,0.154863,1
1.3661,-100.317,-74.037,-621.943,1.158,104.410,-249.029,0.154863,0
1.3711,-100.317,-77.972,-573.923,0.760,101.950,-342.761,0.154863,0
1.3760,-100.317,-77.972,-573.923,0.760,99.140,-406.995,0.154863,0
1.3811,-100.317,-84.961,-476.038,0.909,96.330,-438.658,1.436843,1
1.3861,-100.317,-87.928,-419.707,0.942,93.520,-449.422,1.436843,0
1.3911,-100.317,-90.478,-353.219,0.992,93.520,-449.422,1.436843,0
1.3972,-100.317,-92.940,-299.659,0.677,90.000,-518.735,1.436843,0
1.4021,-100.317,-94.698,-250.716,0.751,86.130,-577.319,-0.125053,1
1.4071,-94.317,-94.698,-250.716,0.751,82.270,-619.718,-0.125053,0
1.4121,-94.317,-97.204,-129.745,1.341,78.400,-633.384,-0.125053,0
1.4171,-94.317,-97.753,-52.175,1.324,73.480,-726.827,-0.125053,0
1.4221,-94.317,-97.841,5.079,0.801,68.910,-744.021,-1.534958,1
1.4271,-82.317,-97.841,5.079,0.801,68.910,-744.021,-1.534958,0
1.4321,-82.317,-97.665,31.859,0.453,63.280,-828.496,-1.534958,0
1.4371,-82.317,-96.237,156.525,0.884,57.660,-895.284,-1.534958,0
1.4421,-82.317,-95.028,193.462,0.536,51.680,-946.657,-3.101327,1
1.4471,-64.317,-93.643,211.008,0.461,45.700,-971.455,-3.101327,0
1.4521,-64.317,-91.885,298.736,1.548,39.020,-1042.808,-3.101327,0
1.4572,-64.317,-89.577,367.071,1.000,39.020,-1042.808,-3.101327,0
1.4621,-64.317,-86.939,401.238,0.751,31.290,-1150.012,-3.690000,1
1.4671,-52.317,-84.126,415.090,0.295,23.910,-1188.062,-3.690000,0
1.4721,-52.317,-81.137,459.416,0.959,15.820,-1286.632,-3.690000,0
1.4771,-52.317,-77.884,488.966,0.519,8.090,-1288.302,-3.690000,0
1.4821,-52.317,-74.543,495.430,0.162,0.000,-1306.164,-3.441918,1
1.4881,-46.317,-70.740,484.349,-0.071,351.910,-1343.151,-3.441918,0
1.4931,-46.317,-67.597,470.497,0.037,351.910,-1343.151,-3.441918,0
1.4981,-46.317,-64.520,458.492,-0.154,343.830,-1335.440,-3.441918,0
1.5031,-46.317,-61.597,427.095,-0.386,335.390,-1377.332,-2.451853,1
1.5081,-46.317,-61.597,427.095,-0.386,327.660,-1328.941,-2.451853,0
1.5131,-46.317,-56.520,339.367,-0.710,319.920,-1307.244,-2.451853,0
1.5181,-46.317,-54.410,294.118,-0.602,312.890,-1232.377,-2.451853,0
1.5231,-46.317,-52.630,247.946,-0.668,312.890,-1232.377,-1.108263,1
1.5281,-40.317,-51.135,209.161,-0.477,305.860,-1178.233,-1.108263,0
1.5331,-40.317,-49.838,192.539,-0.029,299.530,-1145.904,-1.108263,0
1.5381,-40.317,-48.607,182.381,-0.021,293.550,-1072.161,-1.108263,0
1.5431,-40.317,-47.420,175.917,0.129,287.580,-1033.800,0.025490,1
1.5481,-28.317,-46.299,159.295,-0.187,281.950,-986.904,0.025490,0
1.5531,-28.317,-46.299,159.295,-0.187,281.950,-986.904,0.025490,0
1.5581,-28.317,-43.618,233.171,0.743,276.680,-918.202,0.025490,0
1.5631,-28.317,-41.970,246.099,0.320,271.410,-913.263,-0.823887,1
1.5681,-16.478,-40.255,254.410,0.203,266.840,-837.996,-0.823887,0
1.5741,-16.478,-38.035,307.047,1.034,261.910,-827.624,-0.823887,0
1.5791,-16.478,-35.859,335.674,0.444,258.050,-730.108,-0.823887,0
1.5841,-16.478,-35.859,335.674,0.444,253.830,-724.976,-1.356455,1
1.5892,-10.639,-31.178,349.525,0.112,253.830,-724.976,-1.356455,0
1.5941,-10.639,-28.826,351.372,0.145,250.310,-647.493,-1.356455,0
1.5991,-10.639,-26.430,360.607,0.012,247.150,-593.082,-1.356455,0
1.6041,-10.639,-24.122,343.985,0.071,243.980,-561.463,-1.622460,1
1.6091,-10.800,-24.122,343.985,0.071,241.520,-485.695,-1.622460,0
1.6141,-10.800,-19.836,292.271,-0.594,239.060,-447.922,-1.622460,0
1.6191,-10.800,-19.836,292.271,-0.594,239.060,-447.922,-1.622460,0
1.6241,-10.800,-18.056,257.180,-0.511,236.600,-427.110,-2.313496,1
1.6291,-16.961,-15.177,185.151,-0.511,234.840,-361.058,-2.313496,0
1.6341,-16.961,-15.177,185.151,-0.511,232.380,-386.970,-2.313496,0
1.6391,-16.961,-13.748,39.247,-1.142,230.270,-368.754,-2.313496,0
1.6441,-16.961,-13.748,39.247,-1.142,228.160,-360.069,-3.057812,1
1.6494,-29.122,-13.902,-33.706,-0.378,225.700,-383.569,-3.057812,0
1.6541,-29.122,-13.902,-33.706,-0.378,225.700,-383.569,-3.057812,0
1.6591,-29.122,-15.397,-162.989,-0.951,222.890,-427.359,-3.057812,0
1.6651,-29.122,-16.847,-195.309,-0.627,220.430,-419.714,-3.098131,1
1.6701,-47.283,-18.232,-211.931,-0.270,218.320,-385.161,-3.098131,0
1.6751,-47.283,-18.232,-211.931,-0.270,215.160,-455.711,-3.098131,0
1.6801,-47.283,-19.990,-298.736,-1.839,213.050,-403.484,-3.098131,0
1.6851,-47.283,-24.892,-407.702,-0.494,213.050,-403.484,-3.617122,1
1.6901,-71.444,-27.639,-414.167,-0.104,210.230,-422.804,-3.617122,0
1.6951,-71.444,-27.639,-414.167,-0.104,207.420,-460.899,-3.617122,0
1.7001,-71.444,-30.826,-524.980,-2.072,204.610,-465.401,-3.617122,0
1.7051,-71.444,-38.892,-645.029,-0.585,201.090,-526.387,-3.224818,1
1.7101,-89.605,-43.178,-641.335,-0.253,198.280,-496.144,-3.224818,0
1.7151,-89.605,-43.178,-641.335,-0.253,198.280,-496.144,-3.224818,0
1.7201,-89.605,-52.454,-729.063,-0.652,195.120,-509.465,-3.224818,0
1.7251,-89.605,-57.355,-736.450,-0.046,191.950,-521.844,-3.332588,1
1.7301,-101.766,-62.191,-713.364,0.303,189.140,-495.730,-3.332588,0
1.7351,-101.766,-66.982,-717.981,-0.212,186.330,-480.455,-3.332588,0
1.7401,-101.766,-71.752,-703.206,0.120,183.870,-443.522,-3.332588,0
1.7451,-101.766,-71.752,-703.206,0.120,183.870,-443.522,-3.533767,1
1.7512,-107.927,-76.433,-677.349,0.311,181.050,-445.553,-3.533767,0
1.7561,-107.927,-81.444,-616.402,0.976,178.950,-403.962,-3.533767,0
1.7611,-107.927,-89.027,-534.215,0.552,177.190,-352.971,-3.533767,0
1.7661,-107.927,-92.368,-479.731,0.627,175.430,-323.070,-3.485920,1
1.7711,-108.088,-95.335,-426.171,0.834,174.020,-278.873,-3.485920,0
1.7761,-108.088,-95.335,-426.171,0.834,172.970,-227.019,-3.485920,0
1.7812,-108.088,-100.105,-311.664,0.801,172.970,-227.019,-3.485920,0
1.7861,-108.088,-100.105,-311.664,0.801,172.270,-170.895,-3.852529,1
1.7911,-102.250,-103.490,-207.314,0.660,171.910,-115.458,-3.852529,0
1.7961,-102.250,-104.633,-150.984,1.167,171.910,-57.729,-3.852529,0
1.8011,-102.250,-105.292,-69.720,1.133,171.910,-28.864,-3.852529,0
1.8061,-102.250,-105.468,-4.156,0.602,172.970,73.873,-4.479372,1
1.8111,-90.411,-105.468,-4.156,0.602,172.970,73.873,-4.479372,0
1.8161,-90.411,-104.808,111.276,1.333,174.020,122.500,-4.479372,0
1.8211,-90.411,-103.885,153.754,0.926,175.780,210.839,-4.479372,0
1.8261,-90.411,-102.698,188.845,0.536,177.540,252.529,-5.118149,1
1.8311,-84.572,-101.336,208.238,0.378,179.650,301.570,-5.118149,0
1.8361,-84.572,-99.841,226.707,0.660,181.760,324.595,-5.118149,0
1.8421,-84.572,-97.929,251.640,0.403,184.570,400.260,-5.118149,0
1.8471,-84.572,-97.929,251.640,0.403,184.570,400.260,-5.948415,1
1.8521,-84.733,-96.193,260.874,0.037,187.380,418.666,-5.948415,0
1.8571,-84.733,-92.896,236.865,-0.278,189.490,397.750,-5.948415,0
1.8621,-84.733,-91.401,213.778,-0.311,192.300,434.191,-5.948415,0
1.8671,-84.733,-91.401,213.778,-0.311,194.770,422.161,-6.476332,1
1.8721,-90.894,-88.939,162.989,-0.494,197.580,445.421,-6.476332,0
1.8771,-90.894,-88.939,162.989,-0.494,197.580,445.421,-6.476332,0
1.8821,-90.894,-87.709,29.089,-0.868,199.690,395.879,-6.476332,0
1.8871,-90.894,-87.753,-26.318,-0.469,201.450,346.715,-6.355753,1
1.8921,-103.055,-87.994,-41.093,-0.262,203.200,319.587,-6.355753,0
1.8971,-103.055,-88.544,-107.582,-1.308,204.610,277.325,-6.355753,0
1.9021,-103.055,-89.467,-157.448,-1.009,206.020,255.751,-6.355753,0
1.9071,-103.055,-89.467,-157.448,-1.009,206.020,255.751,-6.267006,1
1.9121,-121.216,-92.016,-207.314,-0.394,207.070,210.269,-6.267006,0
1.9171,-121.216,-93.753,-299.659,-1.648,208.480,230.775,-6.267006,0
1.9221,-121.216,-93.753,-299.659,-1.648,209.180,173.434,-6.267006,0
1.9271,-121.216,-98.742,-406.779,-0.643,209.880,145.063,-6.075788,1
1.9332,-133.377,-101.951,-416.014,-0.278,210.590,130.890,-6.075788,0
1.9381,-133.377,-101.951,-416.014,-0.278,211.290,124.528,-6.075788,0
1.9432,-133.377,-108.083,-489.889,-0.428,211.290,124.528,-6.075788,0
1.9481,-133.377,-111.358,-493.583,-0.054,211.640,91.061,-5.522045,1
1.9531,-139.538,-114.611,-479.731,0.245,212.700,134.893,-5.522045,0
1.9581,-139.538,-114.611,-479.731,0.245,214.100,184.504,-5.522045,0
1.9631,-139.538,-117.776,-475.114,0.046,215.510,209.739,-5.522045,0
1.9681,-139.538,-123.865,-434.483,0.486,217.270,251.434,-4.741483,1
1.9732,-139.699,-123.865,-434.483,0.486,217.270,251.434,-4.741483,0
1.9781,-139.699,-129.096,-356.913,0.453,219.380,297.451,-4.741483,0
1.9831,-139.699,-129.096,-356.913,0.453,222.190,389.370,-4.741483,0
1.9881,-139.699,-133.140,-263.645,0.710,225.350,457.384,-3.955023,1
1.9931,-133.860,-133.140,-263.645,0.710,228.870,521.705,-3.955023,0
1.9981,-133.860,-135.887,-150.984,0.951,233.090,612.339,-3.955023,0
2.0032,-133.860,-136.591,-71.567,1.250,233.090,612.339,-3.955023,0
2.0081,-133.860,-136.810,-12.467,0.917,237.660,683.828,-3.086857,1
2.0131,-122.021,-136.744,19.854,0.560,242.580,746.253,-3.086857,0
2.0181,-122.021,-136.305,92.807,1.382,247.850,821.836,-3.086857,0
2.0241,-122.021,-135.250,158.371,0.693,254.180,938.825,-3.086857,0
2.0291,-122.021,-134.063,185.151,0.660,260.160,967.648,-1.529601,1
2.0341,-104.182,-134.063,185.151,0.660,266.840,1040.257,-1.529601,0
2.0391,-104.182,-131.052,293.195,1.806,266.840,1040.257,-1.529601,0
2.0441,-104.182,-131.052,293.195,1.806,273.520,1066.789,-1.529601,0
2.0491,-104.182,-126.282,379.999,0.660,280.200,1104.824,0.505308,1
2.0541,-80.343,-123.601,405.856,0.419,287.580,1166.076,0.505308,0
2.0591,-80.343,-120.480,514.823,2.221,294.610,1167.665,0.505308,0
2.0641,-80.343,-116.699,592.392,1.283,301.990,1198.276,0.505308,0
2.0691,-80.343,-112.589,623.789,0.477,301.990,1198.276,2.714103,1
2.0741,-50.505,-108.347,639.488,-0.004,308.670,1126.838,2.714103,0
2.0791,-50.505,-103.710,744.761,2.478,315.350,1153.630,2.714103,0
2.0841,-50.505,-98.325,831.565,1.150,321.680,1102.176,2.714103,0
2.0891,-50.505,-92.632,866.656,0.436,327.300,1022.677,5.404006,1
2.0941,-20.505,-86.785,868.503,0.104,332.230,919.215,5.404006,0
2.0991,-20.505,-80.587,946.073,1.964,332.230,919.215,5.404006,0
2.1041,-20.505,-73.906,1015.332,1.084,337.150,862.912,5.404006,0
2.1101,-20.505,-65.927,1038.418,0.120,341.020,760.297,5.954960,1
2.1151,9.495,-59.091,1019.949,-0.502,344.530,671.506,5.954960,0
2.1201,9.495,-52.212,1044.882,1.050,347.340,571.706,5.954960,0
2.1251,9.495,-45.047,1090.131,0.610,350.160,520.810,5.954960,0
2.1301,9.495,-37.728,1094.748,0.137,352.970,493.724,6.011110,1
2.1352,39.495,-30.518,1067.045,-0.453,352.970,493.724,6.011110,0
2.1401,39.495,-23.331,1091.978,1.067,355.430,449.515,6.011110,0
2.1451,39.495,-15.880,1128.916,0.477,357.540,402.105,6.011110,0
2.1501,39.495,-8.363,1126.145,-0.012,359.650,377.087,6.342960,1
2.1551,69.495,-0.978,1091.978,-0.619,1.760,364.878,6.342960,0
2.1602,69.495,6.363,1119.681,0.959,3.520,329.131,6.342960,0
2.1652,69.495,13.880,1135.380,0.444,3.520,329.131,6.342960,0
2.1701,69.495,13.880,1135.380,0.444,5.980,366.240,6.392746,1
2.1751,99.495,21.485,1137.227,-0.112,8.090,362.361,6.392746,0
2.1801,99.495,28.936,1106.753,-0.619,10.550,386.749,6.392746,0
2.1851,99.495,43.904,1136.303,0.345,13.010,398.226,6.392746,0
2.1901,99.495,51.575,1131.686,-0.037,15.820,430.849,6.201608,1
2.1962,124.032,60.344,1094.748,-0.884,18.630,450.880,6.201608,0
2.2011,124.032,67.532,1078.126,0.195,18.630,450.880,6.201608,0
2.2061,124.032,74.763,1076.279,0.129,22.500,543.161,6.201608,0
2.2111,124.032,74.763,1076.279,0.129,26.720,631.395,5.568277,1
2.2161,142.569,88.676,999.633,-1.034,30.940,665.759,5.568277,0
2.2211,142.569,95.225,978.394,0.062,36.210,773.751,5.568277,0
2.2261,142.569,101.665,951.614,-0.162,41.840,853.341,5.568277,0
2.2311,142.569,107.864,911.905,-0.702,41.840,853.341,4.819960,1
2.2361,155.106,113.688,846.341,-1.291,47.810,898.810,4.819960,0
2.2411,155.106,119.139,808.479,-0.286,54.140,1010.462,4.819960,0
2.2461,155.106,124.370,772.465,-0.577,61.520,1119.489,4.819960,0
2.2511,155.106,129.293,715.211,-0.884,68.550,1146.285,4.001843,1
2.2561,161.642,133.777,645.029,-1.250,75.940,1184.059,4.001843,0
2.2612,161.642,137.909,606.244,-0.635,75.940,1184.059,4.001843,0
2.2662,161.642,141.734,560.995,-0.619,82.970,1162.538,4.001843,0
2.2711,161.642,145.228,495.430,-0.735,90.000,1187.833,3.066713,1
2.2761,162.179,148.393,436.329,-0.834,96.680,1150.607,3.066713,0
2.2811,162.179,151.053,378.152,-0.876,103.010,1102.728,3.066713,0
2.2861,162.179,153.405,320.898,-0.942,108.980,1040.467,3.066713,0
2.2921,162.179,155.603,264.568,-0.743,114.960,1026.385,2.583607,1
2.2972,156.716,155.603,264.568,-0.743,114.960,1026.385,2.583607,0
2.3021,156.716,158.394,151.907,-0.859,120.230,941.418,2.583607,0
2.3071,156.716,159.119,78.955,-1.333,124.800,858.959,2.583607,0
2.3121,156.716,159.119,78.955,-1.333,129.380,811.268,2.524394,1
2.3171,145.252,159.317,-12.467,-0.511,132.890,698.803,2.524394,0
2.3221,145.252,158.900,-89.113,-1.382,136.410,642.297,2.524394,0
2.3271,145.252,158.900,-89.113,-1.382,136.410,642.297,2.524394,0
2.3321,145.252,158.064,-145.443,-0.677,139.220,548.653,2.631764,1
2.3371,127.789,155.669,-195.309,-0.378,141.330,455.651,2.631764,0
2.3421,127.789,155.669,-195.309,-0.378,143.440,402.810,2.631764,0
2.3472,127.789,151.800,-348.602,-0.893,145.200,347.537,2.631764,0
2.3521,127.789,149.295,-385.540,-0.735,146.250,260.782,3.020261,1
2.3581,104.326,146.218,-405.856,-0.361,146.950,189.369,3.020261,0
2.3631,104.326,143.184,-501.894,-2.204,146.950,189.369,3.020261,0
2.3681,104.326,143.184,-501.894,-2.204,146.950,94.685,3.020261,0
2.3731,104.326,135.470,-615.478,-0.577,146.600,17.548,3.740758,1
2.3781,74.863,135.470,-615.478,-0.577,145.550,-78.217,3.740758,0
2.3832,74.863,126.854,-720.752,-2.395,143.790,-186.000,3.740758,0
2.3881,74.863,121.645,-810.326,-1.225,140.980,-327.543,3.740758,0
2.3931,74.863,116.084,-845.417,-0.693,140.980,-327.543,4.441408,1
2.3981,51.399,110.435,-847.264,-0.021,137.810,-411.760,4.441408,0
2.4031,51.399,110.435,-847.264,-0.021,133.590,-580.967,4.441408,0
2.4081,51.399,98.434,-934.992,-0.627,128.670,-699.812,4.441408,0
2.4131,51.399,92.148,-948.843,-0.145,123.050,-818.726,5.105248,1
2.4181,33.936,85.950,-922.063,0.361,116.370,-964.815,5.105248,0
2.4231,33.936,79.862,-911.905,-0.361,116.370,-964.815,5.105248,0
2.4281,33.936,73.708,-912.829,-0.037,109.340,-1062.371,5.105248,0
2.4331,33.936,67.707,-886.049,0.461,101.950,-1155.969,4.657624,1
2.4381,22.473,62.015,-831.565,1.092,93.870,-1250.466,4.657624,0
2.4431,22.473,56.630,-783.546,0.245,85.780,-1298.437,4.657624,0
2.4492,22.473,50.739,-744.761,0.693,77.340,-1346.888,4.657624,0
2.4541,22.473,50.739,-744.761,0.693,68.550,-1414.872,3.461566,1
2.4592,17.009,45.970,-687.507,0.901,68.550,-1414.872,3.461566,0
2.4641,17.009,41.728,-616.402,1.225,59.770,-1417.670,3.461566,0
2.4691,17.009,34.387,-513.899,0.868,50.620,-1496.840,3.461566,0
2.4741,17.009,34.387,-513.899,0.868,41.480,-1512.829,2.075905,1
2.4791,17.546,31.244,-452.951,0.959,31.290,-1602.314,2.075905,0
2.4841,17.546,26.057,-340.291,0.934,21.450,-1624.059,2.075905,0
2.4892,17.546,24.078,-282.114,0.718,21.450,-1624.059,2.075905,0
2.4941,17.546,22.430,-232.247,0.818,10.900,-1675.726,0.764256,1
2.4991,15.285,21.089,-186.998,0.619,359.650,-1790.465,0.764256,0
2.5041,15.285,21.089,-186.998,0.619,348.400,-1827.890,0.764256,0
2.5091,15.285,19.045,-135.285,0.378,336.800,-1881.763,0.764256,0
2.5141,15.285,19.045,-135.285,0.378,325.200,-1908.922,0.013643,1
2.5193,7.024,17.551,-98.347,0.145,325.200,-1908.922,0.013643,0
2.5242,7.024,16.869,-115.893,-0.735,313.590,-1896.932,0.013643,0
2.5291,7.024,16.056,-128.821,-0.411,302.340,-1910.183,0.013643,0
2.5352,7.024,14.957,-141.749,-0.187,291.090,-1891.969,0.926772,1
2.5401,4.763,13.968,-150.060,-0.253,280.550,-1821.560,0.926772,0
2.5451,4.763,12.935,-149.137,-0.203,270.000,-1793.455,0.926772,0
2.5501,4.763,11.902,-153.754,0.079,259.800,-1744.468,0.926772,0
2.5551,4.763,10.869,-153.754,-0.071,259.800,-1744.468,2.770681,1
2.5601,8.502,9.880,-145.443,-0.004,249.960,-1651.104,2.770681,0
2.5651,8.502,9.023,-115.893,0.610,240.470,-1658.040,2.770681,0
2.5701,8.502,9.023,-115.893,0.610,231.330,-1591.993,2.770681,0
2.5751,8.502,8.033,-38.323,0.577,222.540,-1530.709,3.629337,1
2.5801,18.241,7.880,-14.313,0.228,214.100,-1467.367,3.629337,0
2.5851,18.241,8.099,59.562,1.250,214.100,-1467.367,3.629337,0
2.5901,18.241,8.099,59.562,1.250,206.020,-1395.584,3.629337,0
2.5951,18.241,9.484,128.821,0.552,198.980,-1292.877,4.907286,1
2.6001,33.980,10.407,138.979,0.129,191.600,-1265.656,4.907286,0
2.6051,33.980,11.660,212.855,1.623,184.920,-1186.021,4.907286,0
2.6101,33.980,13.396,280.267,0.926,178.240,-1150.706,4.907286,0
2.6151,33.980,13.396,280.267,0.926,178.240,-1150.706,6.030706,1
2.6201,55.719,15.462,317.205,0.643,172.270,-1047.671,6.030706,0
2.6261,55.719,20.781,448.334,1.706,166.290,-1049.791,6.030706,0
2.6311,55.719,24.122,516.669,0.893,160.660,-995.789,6.030706,0
2.6361,55.719,27.683,547.143,0.369,155.390,-933.753,7.240973,1
2.6412,83.458,31.354,552.684,0.129,150.120,-907.434,7.240973,0
2.6461,83.458,35.464,654.263,2.337,144.840,-894.411,7.240973,0
2.6512,83.458,40.233,737.374,1.108,144.840,-894.411,7.240973,0
2.6561,83.458,45.266,775.235,0.602,139.570,-879.665,7.477131,1
2.6612,113.458,50.454,774.312,-0.071,134.300,-883.158,7.477131,0
2.6662,113.458,55.904,863.886,2.287,128.670,-913.810,7.477131,0
2.6711,113.458,61.993,930.374,1.299,122.700,-954.365,7.477131,0
2.6761,113.458,68.477,967.312,0.444,116.020,-1032.937,6.893451,1
2.6812,137.869,68.477,967.312,0.444,116.020,-1032.937,6.893451,0
2.6862,137.869,81.444,995.016,1.117,108.980,-1089.167,6.893451,0
2.6911,137.869,81.444,995.016,1.117,101.250,-1203.822,6.893451,0
2.6961,137.869,95.050,1026.413,-0.004,93.520,-1245.684,5.377038,1
2.7012,156.280,101.819,991.322,-0.602,85.080,-1326.765,5.377038,0
2.7061,156.280,108.435,983.934,0.087,76.640,-1362.533,5.377038,0
2.7112,156.280,115.007,965.465,-0.237,76.640,-1362.533,5.377038,0
2.7171,156.280,115.007,965.465,-0.237,68.200,-1386.521,3.004367,1
2.7222,168.691,128.173,848.187,-1.225,60.470,-1304.189,3.004367,0
2.7271,168.691,133.645,802.938,-0.685,52.730,-1338.665,3.004367,0
2.7321,168.691,133.645,802.938,-0.685,45.350,-1288.012,3.004367,0
2.7371,168.691,138.876,763.230,-0.660,38.320,-1229.853,-0.378273,1
2.7421,175.102,143.734,705.053,-1.050,31.990,-1138.021,-0.378273,0
2.7472,175.102,152.152,582.234,-0.511,31.990,-1138.021,-0.378273,0
2.7522,175.102,155.823,540.679,-0.743,26.020,-1060.284,-0.378273,0
2.7571,175.102,155.823,540.679,-0.743,20.390,-1010.377,-3.629673,1
2.7622,175.512,159.163,480.655,-0.893,14.770,-972.983,-3.629673,0
2.7671,175.512,162.175,430.789,-0.785,9.840,-897.119,-3.629673,0
2.7721,175.512,164.790,365.224,-0.693,5.270,-828.122,-3.629673,0
2.7772,175.512,168.922,263.645,-0.693,5.270,-828.122,-3.033571,1
2.7822,169.923,170.483,218.396,-0.668,1.410,-714.824,-3.033571,0
2.7872,169.923,171.692,157.448,-0.810,357.540,-705.385,-3.033571,0
2.7921,169.923,171.692,157.448,-0.810,354.020,-642.354,-3.033571,0
2.7971,169.923,172.615,9.696,-0.859,350.860,-586.186,-0.510769,1
2.8032,158.334,172.505,-20.778,-0.453,348.750,-465.526,-0.510769,0
2.8082,158.334,172.065,-96.500,-1.283,346.290,-441.435,-0.510769,0
2.8133,158.334,171.208,-150.060,-0.685,346.290,-441.435,-0.510769,0
2.8181,158.334,171.208,-150.060,-0.685,344.530,-364.300,1.869422,1
2.8232,140.745,168.812,-195.309,-0.361,343.480,-270.707,1.869422,0
2.8282,140.745,167.164,-279.343,-1.698,342.420,-224.301,1.869422,0
2.8331,140.745,167.164,-279.343,-1.698,342.070,-141.197,1.869422,0
2.8382,140.745,162.460,-390.157,-0.735,342.070,-70.598,3.850445,1
2.8432,117.156,159.801,-403.085,-0.386,342.070,-70.598,3.850445,0
2.8482,117.156,156.724,-512.976,-2.171,342.070,-35.299,3.850445,0
2.8532,117.156,152.965,-585.928,-1.266,342.420,12.053,3.850445,0
2.8582,117.156,148.899,-624.713,-0.594,343.830,123.666,4.601026,1
2.8631,92.021,148.899,-624.713,-0.594,345.230,178.127,4.601026,0
2.8682,92.021,140.239,-712.440,-1.980,346.640,206.795,4.601026,0
2.8732,92.021,135.162,-780.776,-0.951,346.640,206.795,4.601026,0
2.8782,92.021,129.799,-800.168,-0.444,348.750,277.189,3.990790,1
2.8832,72.885,124.436,-796.474,0.253,351.210,346.488,3.990790,0
2.8882,72.885,118.963,-826.948,-0.976,353.670,378.285,3.990790,0
2.8941,72.885,112.413,-844.494,-0.394,356.130,394.113,3.990790,0
2.8991,72.885,106.787,-840.800,0.120,358.590,399.084,2.746065,1
2.9042,54.921,101.336,-802.938,0.834,0.700,377.261,2.746065,0
2.9092,54.921,96.061,-794.627,-0.403,0.700,377.261,2.746065,0
2.9141,54.921,96.061,-794.627,-0.403,3.160,392.099,2.746065,0
2.9192,54.921,85.555,-766.000,0.345,4.920,344.851,0.963436,1
2.9242,30.957,80.565,-727.216,0.801,6.680,319.564,0.963436,0
2.9292,30.957,75.686,-746.608,-0.926,8.790,335.829,0.963436,0
2.9341,30.957,70.587,-776.158,-0.569,10.550,313.867,0.963436,0
2.9392,30.957,65.378,-782.623,-0.046,10.550,313.867,-0.706231,1
2.9442,0.994,60.256,-765.077,0.220,13.010,350.308,-0.706231,0
2.9492,0.994,54.981,-822.331,-1.557,15.470,394.602,-0.706231,0
2.9541,0.994,49.179,-890.666,-1.084,17.930,402.131,-0.706231,0
2.9592,0.994,43.156,-913.752,-0.469,21.090,464.377,-1.393218,1
2.9642,-27.864,43.156,-913.752,-0.469,24.610,521.539,-1.393218,0
2.9692,-27.864,30.870,-952.537,-1.590,24.610,521.539,-1.393218,0
2.9741,-27.864,30.870,-952.537,-1.590,28.480,577.584,-1.393218,0
2.9792,-27.864,17.309,-1024.566,-0.212,33.050,682.462,-1.581023,1
2.9852,-50.722,9.418,-1000.556,0.494,37.620,721.018,-1.581023,0
2.9902,-50.722,2.780,-1006.097,-0.693,43.240,830.101,-1.581023,0
2.9951,-50.722,-3.967,-1013.485,-0.303,48.870,883.855,-1.581023,0
3.0001,-50.722,-10.627,-997.786,0.245,54.840,939.740,-1.852712,1
3.0052,-67.580,-10.627,-997.786,0.245,54.840,939.740,-1.852712,0
3.0101,-67.580,-17.111,-950.690,0.776,61.170,983.545,-1.852712,0
3.0151,-67.580,-23.309,-934.068,-0.129,67.500,1033.638,-1.852712,0
3.0202,-67.580,-35.288,-865.733,0.768,73.830,1044.146,-3.663700,1
3.0252,-78.438,-40.805,-802.938,1.225,79.800,1018.529,-3.663700,0
3.0301,-78.438,-40.805,-802.938,1.225,85.780,1008.073,-3.663700,0
3.0352,-78.438,-50.827,-713.364,0.751,85.780,1008.073,-3.663700,0
3.0402,-78.438,-55.355,-662.574,0.967,91.760,993.622,-5.010676,1
3.0452,-95.296,-59.487,-590.545,0.893,97.380,965.767,-5.010676,0
3.0501,-95.296,-59.487,-590.545,0.893,102.660,930.324,-5.010676,0
3.0551,-95.296,-63.355,-580.387,-0.328,107.580,874.766,-5.010676,0
3.0602,-95.296,-67.246,-583.158,-0.046,112.500,826.355,-5.061246,1
3.0652,-106.154,-74.939,-548.067,0.477,112.500,826.355,-5.061246,0
3.0712,-106.154,-79.159,-542.526,-0.320,116.720,774.694,-5.061246,0
3.0761,-106.154,-79.159,-542.526,-0.320,120.940,740.436,-5.061246,0
3.0812,-106.154,-86.280,-522.210,0.120,124.450,667.967,-4.909547,1
3.0862,-111.012,-89.599,-488.966,0.411,127.620,597.340,-4.909547,0
3.0912,-111.012,-92.698,-445.564,0.120,130.780,562.784,-4.909547,0
3.0962,-111.012,-95.621,-424.325,0.303,133.240,486.370,-4.909547,0
3.1012,-111.012,-98.281,-386.463,0.635,133.240,486.370,-4.851108,1
3.1062,-109.870,-100.654,-336.597,0.751,136.050,463.640,-4.851108,0
3.1111,-109.870,-100.654,-336.597,0.751,138.870,482.060,-4.851108,0
3.1161,-109.870,-104.501,-244.252,0.785,141.330,446.140,-4.851108,0
3.1212,-109.870,-105.929,-201.773,0.469,144.140,457.419,-5.101854,1
3.1262,-102.728,-107.072,-155.601,0.660,146.950,462.142,-5.101854,0
3.1312,-102.728,-107.820,-76.184,1.748,146.950,462.142,-5.101854,0
3.1362,-102.728,-107.952,7.849,1.150,149.770,463.905,-5.101854,0
3.1411,-102.728,-107.952,7.849,1.150,153.280,527.377,-5.455597,1
3.1462,-101.586,-107.314,64.180,0.502,156.800,557.434,-5.455597,0
3.1511,-101.586,-107.314,64.180,0.502,160.310,570.787,-5.455597,0
3.1561,-101.586,-106.259,88.189,0.112,164.180,606.523,-5.455597,0
3.1612,-101.586,-105.688,85.419,-0.087,164.180,606.523,-5.882498,1
3.1673,-106.444,-105.028,89.113,-0.012,167.340,553.891,-5.882498,0
3.1721,-106.444,-105.028,89.113,-0.012,170.860,581.781,-5.882498,0
3.1772,-106.444,-104.545,-2.309,-0.345,174.020,557.937,-5.882498,0
3.1822,-106.444,-104.655,-24.471,-0.203,177.190,544.620,-6.180698,1
3.1872,-117.302,-104.655,-24.471,-0.203,180.000,506.899,-6.180698,0
3.1922,-117.302,-105.226,-82.649,-1.299,182.810,486.036,-6.180698,0
3.1972,-117.302,-105.995,-131.591,-0.951,182.810,486.036,-6.180698,0
3.2022,-117.302,-106.962,-153.754,-0.419,184.920,416.977,-6.018655,1
3.2072,-122.160,-108.083,-176.840,-0.286,186.680,353.783,-6.018655,0
3.2121,-122.160,-108.083,-176.840,-0.286,188.790,356.822,-6.018655,0
3.2172,-122.160,-110.721,-212.855,-0.137,190.550,324.982,-6.018655,0
3.2222,-122.160,-112.150,-215.625,-0.336,192.300,308.500,-5.754115,1
3.2272,-121.018,-112.150,-215.625,-0.336,192.300,308.500,-5.754115,0
3.2322,-121.018,-114.941,-193.462,0.170,194.060,298.254,-5.754115,0
3.2372,-121.018,-114.941,-193.462,0.170,196.170,328.260,-5.754115,0
3.2422,-121.018,-117.271,-153.754,0.453,198.280,340.084,-5.552648,1
3.2472,-113.875,-118.172,-126.051,0.311,200.390,344.948,-5.552648,0
3.2522,-113.875,-118.699,-52.175,1.183,203.550,432.750,-5.552648,0
3.2581,-113.875,-118.699,-52.175,1.183,206.370,455.193,-5.552648,0
3.2631,-113.875,-118.655,30.012,0.627,206.370,455.193,-5.212259,1
3.2682,-104.245,-117.886,73.414,0.320,210.230,530.860,-5.212259,0
3.2732,-104.245,-117.271,112.199,1.117,214.100,608.457,-5.212259,0
3.2782,-104.245,-116.348,152.831,0.776,217.970,627.905,-5.212259,0
3.2832,-104.245,-116.348,152.831,0.776,223.240,750.495,-4.944982,1
3.2902,-98.900,-113.490,186.998,0.336,228.160,784.658,-4.944982,0
3.2952,-98.900,-113.490,186.998,0.336,233.090,791.008,-4.944982,0
3.3002,-98.900,-110.611,223.013,0.428,239.060,891.763,-4.944982,0
3.3052,-98.900,-109.138,216.549,-0.021,239.060,891.763,-4.189666,1
3.3112,-87.554,-107.402,222.089,0.129,244.690,898.347,-4.189666,0
3.3162,-87.554,-105.863,246.099,0.726,251.020,1008.314,-4.189666,0
3.3212,-87.554,-104.083,273.802,0.718,257.340,1039.699,-4.189666,0
3.3262,-87.554,-102.193,288.578,0.112,264.020,1079.245,-2.799914,1
3.3312,-70.209,-100.259,291.348,0.270,271.050,1120.861,-2.799914,0
3.3362,-70.209,-98.061,354.142,1.499,278.090,1148.452,-2.799914,0
3.3412,-70.209,-95.489,407.702,0.702,278.090,1148.452,-2.799914,0
3.3462,-70.209,-95.489,407.702,0.702,285.470,1180.875,-0.744072,1
3.3512,-46.863,-92.654,433.559,0.378,292.850,1201.223,-0.744072,0
3.3562,-46.863,-86.434,534.215,1.964,300.590,1259.723,-0.744072,0
3.3612,-46.863,-82.587,602.550,1.042,307.970,1245.440,-0.744072,0
3.3662,-46.863,-78.389,630.254,0.320,315.350,1234.425,2.022377,1
3.3713,-17.517,-74.213,633.024,0.129,315.350,1234.425,2.022377,0
3.3762,-17.517,-69.620,737.374,2.179,322.030,1165.540,2.022377,0
3.3812,-17.517,-64.345,815.867,1.316,329.060,1179.758,2.022377,0
3.3862,-17.517,-58.652,849.111,0.345,334.690,1058.699,4.053416,1
3.3912,12.483,-52.849,852.805,-0.195,339.960,966.829,4.053416,0
3.3962,12.483,-46.849,925.757,1.964,345.230,918.385,4.053416,0
3.4022,12.483,-46.849,925.757,1.964,349.800,846.036,4.053416,0
3.4072,12.483,-32.540,1016.255,0.112,349.800,846.036,4.965814,1
3.4122,42.483,-25.793,1002.403,-0.536,353.670,725.042,4.965814,0
3.4172,42.483,-25.793,1002.403,-0.536,357.190,677.426,4.965814,0
3.4222,42.483,-11.880,1081.820,0.652,1.050,659.493,4.965814,0
3.4272,42.483,-11.880,1081.820,0.652,4.220,594.944,5.779103,1
3.4322,72.483,2.539,1062.427,-0.419,7.730,589.506,5.779103,0
3.4372,72.483,9.704,1090.131,1.167,7.730,589.506,5.779103,0
3.4422,72.483,17.111,1121.528,0.477,11.600,612.348,5.779103,0
3.4472,72.483,24.606,1123.375,-0.029,15.120,606.020,6.139606,1
3.4522,102.483,31.991,1090.131,-0.552,18.980,623.469,6.139606,0
3.4572,102.483,31.991,1090.131,-0.552,22.850,635.873,6.139606,0
3.4622,102.483,46.827,1139.997,0.469,27.770,725.514,6.139606,0
3.4672,102.483,54.410,1136.303,-0.012,27.770,725.514,5.945955,1
3.4722,126.483,61.839,1097.518,-0.585,32.340,722.211,5.945955,0
3.4772,126.483,69.268,1096.595,0.436,37.970,862.408,5.945955,0
3.4822,126.483,76.609,1095.672,0.120,43.950,929.105,5.945955,0
3.4872,126.483,76.609,1095.672,0.120,50.620,1020.399,5.306141,1
3.4922,144.483,91.005,1022.719,-1.200,57.660,1088.431,5.306141,0
3.4982,144.483,91.005,1022.719,-1.200,65.390,1198.538,5.306141,0
3.5032,144.483,105.116,959.001,-0.369,65.390,1198.538,5.306141,0
3.5082,144.483,111.292,909.135,-0.976,72.770,1201.606,4.310456,1
3.5132,156.483,111.292,909.135,-0.976,80.860,1276.493,4.310456,0
3.5182,156.483,122.370,785.393,-0.428,88.590,1295.758,4.310456,0
3.5232,156.483,127.425,741.067,-0.751,95.980,1262.490,4.310456,0
3.5282,156.483,132.173,680.120,-0.826,103.360,1246.542,3.448911,1
3.5333,162.483,136.415,618.249,-1.341,103.360,1246.542,3.448911,0
3.5382,162.483,140.327,569.306,-0.677,109.690,1137.819,3.448911,0
3.5432,162.483,143.954,522.210,-0.834,116.370,1132.200,3.448911,0
3.5482,162.483,147.185,465.880,-0.959,121.990,1035.952,3.318888,1
3.5532,162.483,150.086,404.932,-0.992,127.270,958.466,3.318888,0
3.5582,162.483,150.086,404.932,-0.992,131.840,860.254,3.318888,0
3.5632,162.483,152.592,352.296,-0.959,131.840,860.254,3.318888,0
3.5682,162.483,156.526,251.640,-0.810,135.700,747.192,3.501514,1
3.5732,156.483,158.020,199.927,-0.477,139.220,669.738,3.501514,0
3.5792,156.483,159.251,122.357,-1.490,142.380,599.101,3.501514,0
3.5842,156.483,159.251,122.357,-1.490,144.840,505.116,3.501514,0
3.5892,156.483,159.735,48.481,-1.258,146.600,397.870,4.041483,1
3.5942,144.483,159.625,-34.629,-0.486,148.360,346.534,4.041483,0
3.5992,144.483,159.141,-102.965,-1.490,148.360,346.534,4.041483,0
3.6041,144.483,159.141,-102.965,-1.490,149.770,289.688,4.041483,0
3.6092,144.483,157.009,-188.845,-0.652,150.120,174.380,4.588755,1
3.6142,126.483,155.625,-207.314,-0.386,150.470,116.263,4.588755,0
3.6192,126.483,153.910,-295.042,-1.764,150.820,87.267,4.588755,0
3.6242,126.483,151.602,-356.913,-0.843,150.470,14.409,4.588755,0
3.6292,126.483,151.602,-356.913,-0.843,150.470,14.409,4.780113,1
3.6342,102.483,148.987,-402.162,-0.685,149.410,-75.637,4.780113,0
3.6392,102.483,143.031,-522.210,-2.312,148.010,-162.961,4.780113,0
3.6442,102.483,139.140,-605.320,-1.299,145.550,-286.270,4.780113,0
3.6492,102.483,134.920,-637.641,-0.428,142.730,-377.954,5.043363,1
3.6542,84.483,130.590,-645.952,-0.029,139.220,-479.983,5.043363,0
3.6592,84.483,130.590,-645.952,-0.029,139.220,-479.983,5.043363,0
3.6642,84.483,126.084,-692.125,-1.291,135.000,-588.255,5.043363,0
3.6702,84.483,115.578,-730.909,-0.120,130.430,-681.585,5.007206,1
3.6752,72.483,115.578,-730.909,-0.120,125.160,-778.822,5.007206,0
3.6802,72.483,106.149,-695.818,-0.278,119.530,-859.875,5.007206,0
3.6852,72.483,101.556,-684.737,0.237,113.550,-927.886,5.007206,0
3.6902,72.483,97.094,-659.804,0.461,106.880,-1019.085,4.623481,1
3.6953,66.483,92.896,-611.785,0.594,106.880,-1019.085,4.623481,0
3.7002,66.483,89.005,-573.923,0.502,100.200,-1053.731,4.623481,0
3.7052,66.483,85.379,-527.751,0.710,93.160,-1124.886,4.623481,0
3.7102,66.483,82.082,-473.267,0.884,86.130,-1150.088,3.789082,1
3.7152,66.483,79.137,-422.478,0.834,78.050,-1250.229,3.789082,0
3.7202,66.483,79.137,-422.478,0.834,70.310,-1268.103,3.789082,0
3.7252,66.483,76.565,-368.918,0.726,70.310,-1268.103,3.789082,0
3.7302,66.483,72.477,-258.104,0.785,62.230,-1301.811,2.968368,1
3.7352,60.483,70.960,-215.625,0.702,53.440,-1392.633,2.968368,0
3.7402,60.483,69.642,-194.386,-0.079,44.650,-1429.463,2.968368,0
3.7452,60.483,68.389,-183.305,0.195,35.160,-1508.582,2.968368,0
3.7502,60.483,67.202,-173.147,-0.079,25.660,-1533.734,1.192380,1
3.7562,48.483,65.927,-151.907,0.079,16.520,-1535.163,1.192380,0
3.7612,48.483,64.806,-187.922,-0.843,16.520,-1535.163,1.192380,0
3.7662,48.483,63.399,-225.783,-0.785,6.680,-1572.822,1.192380,0
3.7712,48.483,61.817,-242.405,-0.195,357.190,-1598.264,-0.084148,1
3.7762,30.483,60.146,-250.716,-0.369,348.050,-1550.515,-0.084148,0
3.7812,30.483,58.190,-327.362,-1.482,338.910,-1542.366,-0.084148,0
3.7862,30.483,55.729,-387.387,-0.959,330.120,-1503.535,-0.084148,0
3.7912,30.483,53.003,-422.478,-0.660,330.120,-1503.535,0.447282,1
3.7962,8.946,50.146,-428.942,-0.386,322.380,-1361.596,0.447282,0
3.8012,8.946,46.937,-515.746,-1.964,314.300,-1397.776,0.447282,0
3.8062,8.946,46.937,-515.746,-1.964,306.910,-1312.065,0.447282,0
3.8112,8.946,39.178,-605.320,-0.436,299.530,-1268.921,1.728313,1
3.8162,-6.591,35.112,-601.627,0.120,292.500,-1221.026,1.728313,0
3.8212,-6.591,30.914,-644.105,-0.951,292.500,-1221.026,1.728313,0
3.8262,-6.591,26.496,-673.656,-0.594,285.820,-1160.557,1.728313,0
3.8312,-6.591,26.496,-673.656,-0.594,278.790,-1174.031,1.700878,1
3.8362,-16.128,17.507,-649.646,0.369,272.110,-1142.593,1.700878,0
3.8412,-16.128,17.507,-649.646,0.369,266.130,-1069.669,1.700878,0
3.8472,-16.128,8.363,-614.555,0.419,260.160,-1026.126,1.700878,0
3.8522,-16.128,8.363,-614.555,0.419,254.530,-988.614,0.168126,1
3.8575,-19.665,0.714,-528.674,0.884,249.610,-899.537,0.168126,0
3.8622,-19.665,-2.605,-481.578,0.585,249.610,-899.537,0.168126,0
3.8672,-19.665,-5.594,-433.559,0.776,244.690,-864.336,0.168126,0
3.8722,-19.665,-8.253,-379.076,0.876,240.470,-784.220,-0.991386,1
3.8772,-19.828,-10.583,-333.827,0.810,236.950,-685.022,-0.991386,0
3.8822,-19.828,-12.583,-281.190,0.519,233.790,-605.130,-0.991386,0
3.8873,-19.828,-12.583,-281.190,0.519,233.790,-605.130,-0.991386,0
3.8923,-19.828,-15.660,-189.769,0.477,231.330,-501.802,-2.888377,1
3.8972,-25.990,-15.660,-189.769,0.477,229.220,-431.271,-2.888377,0
3.9022,-25.990,-17.770,-150.060,0.054,227.110,-396.685,-2.888377,0
3.9082,-25.990,-17.770,-150.060,0.054,225.350,-342.909,-2.888377,0
3.9132,-25.990,-18.913,-145.443,-0.179,223.950,-286.060,-4.289733,1
3.9182,-38.153,-20.781,-134.362,0.120,222.890,-232.191,-4.289733,0
3.9232,-38.153,-20.781,-134.362,0.120,222.890,-232.191,-4.289733,0
3.9282,-38.153,-21.793,-174.070,-1.000,221.480,-231.499,-4.289733,0
3.9332,-38.153,-23.133,-211.008,-0.926,220.430,-205.661,-4.933822,1
3.9382,-56.316,-26.298,-251.640,-0.361,219.380,-189.609,-4.933822,0
3.9432,-56.316,-28.254,-327.362,-1.540,217.970,-212.449,-4.933822,0
3.9482,-56.316,-30.738,-395.698,-0.893,217.270,-164.623,-4.933822,0
3.9532,-56.316,-33.486,-426.171,-0.652,217.270,-164.623,-5.832798,1
3.9582,-80.479,-36.365,-436.329,-0.361,215.510,-220.984,-5.832798,0
3.9632,-80.479,-39.640,-540.679,-2.279,214.450,-204.039,-5.832798,0
3.9682,-80.479,-39.640,-540.679,-2.279,213.400,-189.775,-5.832798,0
3.9732,-80.479,-43.574,-613.632,-1.208,211.990,-212.292,-5.979257,1
3.9782,-110.479,-52.212,-648.723,-0.095,210.590,-222.025,-5.979257,0
3.9832,-110.479,-56.937,-761.383,-2.437,210.590,-222.025,-5.979257,0
3.9882,-110.479,-56.937,-761.383,-2.437,209.530,-197.651,-5.979257,0
3.9932,-110.479,-68.257,-880.508,-0.345,208.120,-219.506,-6.328865,1
3.9992,-134.479,-75.092,-873.121,0.179,206.720,-226.454,-6.328865,0
4.0042,-134.479,-75.092,-873.121,0.179,206.020,-171.414,-6.328865,0
4.0092,-134.479,-87.357,-954.384,-0.569,205.660,-115.802,-6.328865,0
4.0142,-134.479,-87.357,-954.384,-0.569,205.310,-86.987,-6.599851,1
4.0193,-152.479,-99.973,-934.992,0.453,205.310,-86.987,-6.599851,0
4.0242,-152.479,-99.973,-934.992,0.453,205.310,-43.493,-6.599851,0
4.0292,-152.479,-112.216,-914.676,-0.071,206.370,67.827,-6.599851,0
4.0342,-152.479,-118.216,-896.207,0.502,208.120,180.230,-6.246040,1
4.0392,-164.479,-118.216,-896.207,0.502,210.230,264.624,-6.246040,0
4.0442,-164.479,-129.315,-802.015,0.145,212.700,343.642,-6.246040,0
4.0493,-164.479,-134.503,-766.000,0.635,212.700,343.642,-6.246040,0
4.0542,-164.479,-139.360,-710.594,0.643,216.560,484.540,-4.183577,1
4.0592,-170.479,-139.360,-710.594,0.643,220.780,595.504,-4.183577,0
4.0642,-170.479,-147.866,-589.622,0.776,226.050,741.965,-4.183577,0
4.0692,-170.479,-151.581,-537.909,0.818,231.680,839.765,-4.183577,0
4.0742,-170.479,-154.987,-487.119,0.901,238.010,944.719,-2.849919,1
4.0793,-170.479,-158.020,-427.095,1.017,238.010,944.719,-2.849919,0
4.0852,-170.479,-160.988,-361.530,1.017,245.040,1045.727,-2.849919,0
4.0902,-170.479,-160.988,-361.530,1.017,252.770,1171.617,-2.849919,0
4.0952,-170.479,-164.900,-248.869,0.718,260.510,1238.941,-0.841157,1
4.1002,-164.479,-166.373,-206.391,0.718,268.590,1291.890,-0.841157,0
4.1052,-164.479,-167.428,-136.209,1.416,277.030,1350.014,-0.841157,0
4.1102,-164.479,-167.428,-136.209,1.416,285.470,1377.500,-0.841157,0
4.1152,-164.479,-168.087,7.849,0.702,285.470,1377.500,1.987018,1
4.1202,-152.479,-167.889,36.476,0.486,292.850,1270.145,1.987018,0
4.1252,-152.479,-167.362,103.888,1.507,301.990,1463.229,1.987018,0
4.1302,-152.479,-166.439,151.907,0.992,311.130,1492.756,1.987018,0
4.1352,-152.479,-165.230,193.462,0.369,319.920,1469.704,5.281522,1
4.1402,-134.479,-165.230,193.462,0.369,328.710,1460.649,5.281522,0
4.1452,-134.479,-162.109,300.582,1.607,328.710,1460.649,5.281522,0
4.1502,-134.479,-159.779,369.841,1.158,337.500,1450.861,5.281522,0
4.1552,-134.479,-157.163,404.932,0.702,345.230,1377.724,6.864918,1
4.1602,-110.479,-154.350,420.631,0.270,352.970,1338.134,6.864918,0
4.1652,-110.479,-151.119,524.980,2.113,0.350,1283.145,6.864918,0
4.1702,-110.479,-147.163,612.708,1.175,7.030,1198.572,6.864918,0
4.1762,-110.479,-142.239,645.029,0.336,13.360,1129.081,7.123559,1
4.1813,-80.479,-137.975,645.952,-0.004,13.360,1129.081,7.123559,0
4.1863,-80.479,-133.294,744.761,2.453,19.690,1084.139,7.123559,0
4.1912,-80.479,-133.294,744.761,2.453,25.310,1018.410,7.123559,0
4.1962,-80.479,-122.260,862.963,0.369,30.940,978.720,5.371519,1
4.2012,-50.479,-116.501,859.269,0.071,36.210,929.079,5.371519,0
4.2062,-50.479,-116.501,859.269,0.071,42.190,962.961,5.371519,0
4.2113,-50.479,-103.929,1007.944,1.225,42.190,962.961,5.371519,0
4.2162,-50.479,-97.116,1021.796,0.378,47.110,884.638,4.120730,1
4.2212,-20.479,-90.280,1018.102,-0.137,53.090,942.656,4.120730,0
4.2262,-20.479,-83.357,1057.810,1.474,58.710,945.444,4.120730,0
4.2312,-20.479,-76.103,1104.906,0.718,65.040,1000.039,4.120730,0
4.2362,-20.479,-68.587,1112.294,0.004,71.370,1027.576,4.686634,1
4.2412,9.521,-68.587,1112.294,0.004,71.370,1027.576,4.686634,0
4.2463,9.521,-53.970,1115.064,1.059,77.340,997.593,4.686634,0
4.2512,9.521,-46.343,1143.691,0.494,83.670,1040.502,4.686634,0
4.2562,9.521,-46.343,1143.691,0.494,90.000,1047.326,5.178791,1
4.2612,39.521,-38.651,1144.614,-0.095,95.980,1021.277,5.178791,0
4.2672,39.521,-31.002,1107.676,-0.635,101.600,966.066,5.178791,0
4.2722,39.521,-14.781,1149.232,0.378,106.520,902.691,5.178791,0
4.2772,39.521,-7.154,1137.227,-0.112,106.520,902.691,5.533190,1
4.2822,69.521,0.253,1092.901,-0.951,111.090,809.641,5.533190,0
4.2872,69.521,7.528,1100.289,0.594,114.610,717.789,5.533190,0
4.2922,69.521,7.528,1100.289,0.594,117.070,568.669,5.533190,0
4.2972,69.521,22.408,1114.141,0.004,119.180,460.356,6.982198,1
4.3023,99.521,29.727,1077.203,-0.577,120.230,316.576,6.982198,0
4.3073,99.521,36.958,1094.748,0.776,120.230,316.576,6.982198,0
4.3122,99.521,44.365,1117.834,0.369,120.940,213.640,6.982198,0
4.3172,99.521,44.365,1117.834,0.369,120.940,106.820,7.666307,1
4.3222,129.521,59.179,1091.054,-0.419,119.530,-63.722,7.666307,0
4.3272,129.521,66.455,1100.289,0.868,117.420,-205.717,7.666307,0
4.3322,129.521,73.949,1131.686,0.444,114.610,-338.725,7.666307,0
4.3372,129.521,81.576,1123.375,0.087,114.610,-338.725,7.167613,1
4.3422,153.521,89.115,1097.518,-0.643,110.740,-474.096,7.167613,0
4.3472,153.521,89.115,1097.518,-0.643,106.520,-610.285,7.167613,0
4.3532,153.521,96.478,1091.978,0.394,101.600,-714.579,7.167613,0
4.3582,153.521,112.128,1073.509,-0.444,96.680,-776.644,5.571488,1
4.3632,171.521,119.073,1008.867,-1.017,90.700,-886.174,5.571488,0
4.3682,171.521,125.645,974.700,-0.112,84.730,-940.286,5.571488,0
4.3732,171.521,131.975,948.843,-0.444,84.730,-940.286,5.571488,0
4.3782,171.521,138.085,902.671,-0.859,78.050,-1017.059,3.012543,1
4.3832,183.521,138.085,902.671,-0.859,72.070,-1001.951,3.012543,0
4.3882,183.521,149.097,780.776,-0.411,66.090,-1014.139,3.012543,0
4.3932,183.521,149.097,780.776,-0.411,60.120,-1005.339,3.012543,0
4.3982,183.521,154.152,743.838,-0.702,54.490,-965.212,0.053156,1
4.4033,189.521,163.164,621.019,-1.266,54.490,-965.212,0.053156,0
4.4083,189.521,167.120,575.770,-0.693,49.570,-881.956,0.053156,0
4.4132,189.521,170.746,523.134,-0.735,44.300,-892.053,0.053156,0
4.4182,189.521,174.021,472.344,-0.851,39.730,-826.839,-2.847499,1
4.4232,189.521,176.945,411.396,-0.926,35.160,-798.829,-2.847499,0
4.4282,189.521,179.494,351.372,-0.984,30.940,-741.946,-2.847499,0
4.4333,189.521,181.648,304.276,-0.536,30.940,-741.946,-2.847499,0
4.4382,189.521,181.648,304.276,-0.536,26.720,-721.183,-3.595462,1
4.4442,183.521,183.516,251.640,-0.834,23.200,-651.932,-3.595462,0
4.4492,183.521,186.286,138.979,-1.391,19.690,-626.394,-3.595462,0
4.4542,183.521,186.835,57.716,-1.283,16.520,-576.681,-3.595462,0
4.4592,183.521,186.923,-7.849,-0.834,14.060,-493.738,-1.546478,1
4.4642,171.521,186.923,-7.849,-0.834,11.600,-452.810,-1.546478,0
4.4692,171.521,186.264,-102.965,-1.565,11.600,-452.810,-1.546478,0
4.4743,171.521,185.341,-150.984,-0.959,9.490,-397.281,-1.546478,0
4.4792,171.521,185.341,-150.984,-0.959,7.730,-349.101,0.660069,1
4.4843,153.521,182.769,-208.238,-0.494,6.330,-290.761,0.660069,0
4.4893,153.521,181.033,-300.582,-1.590,5.270,-234.162,0.660069,0
4.4942,153.521,178.703,-365.224,-1.084,4.220,-204.991,0.660069,0
4.4992,153.521,176.087,-401.238,-0.760,4.220,-204.991,2.273963,1
4.5042,129.521,173.340,-415.090,-0.336,3.870,-130.439,2.273963,0
4.5092,129.521,170.131,-523.134,-2.238,3.870,-65.220,2.273963,0
4.5142,129.521,170.131,-523.134,-2.238,3.870,-32.610,2.273963,0
4.5192,129.521,161.999,-642.258,-0.577,4.570,42.110,3.501082,1
4.5242,99.521,157.603,-643.182,0.062,5.980,137.592,3.501082,0
4.5292,99.521,152.899,-751.225,-2.495,5.980,137.592,3.501082,0
4.5342,99.521,147.426,-844.494,-1.084,7.380,185.199,3.501082,0
4.5402,99.521,147.426,-844.494,-1.084,9.840,299.769,4.109114,1
4.5453,75.521,134.854,-872.197,0.195,12.660,383.715,4.109114,0
4.5502,75.521,128.920,-910.982,-1.274,15.470,425.944,4.109114,0
4.5552,75.521,128.920,-910.982,-1.274,18.630,476.869,4.109114,0
4.5602,75.521,116.326,-952.537,-0.179,22.150,531.478,3.307576,1
4.5653,57.521,116.326,-952.537,-0.179,22.150,531.478,3.307576,0
4.5703,57.521,103.929,-922.063,-0.228,26.370,607.490,3.307576,0
4.5752,57.521,97.819,-918.369,0.112,30.230,635.149,3.307576,0
4.5802,57.521,91.797,-893.436,0.536,34.450,669.357,0.907494,1
4.5852,33.521,86.082,-831.565,0.826,39.020,714.555,0.907494,0
4.5903,33.521,80.565,-833.412,-0.527,43.240,707.969,0.907494,0
4.5953,33.521,74.961,-839.876,-0.212,43.240,707.969,0.907494,0
4.6003,33.521,69.356,-843.570,-0.112,47.810,731.586,-1.616726,1
4.6052,3.521,63.861,-812.173,0.486,52.380,746.565,-1.616726,0
4.6102,3.521,63.861,-812.173,0.486,57.300,790.261,-1.616726,0
4.6152,3.521,52.190,-910.058,-0.984,62.580,834.402,-1.616726,0
4.6202,3.521,45.926,-934.068,-0.378,67.850,850.800,-2.655181,1
4.6262,-26.479,38.717,-914.676,0.428,73.480,903.737,-2.655181,0
4.6312,-26.479,32.540,-968.236,-1.465,73.480,903.737,-2.655181,0
4.6362,-26.479,25.859,-1007.021,-0.984,78.750,878.438,-2.655181,0
4.6412,-26.479,19.023,-1028.260,-0.220,84.380,919.961,-2.935432,1
4.6463,-56.479,12.275,-997.786,0.469,89.650,895.617,-2.935432,0
4.6512,-56.479,12.275,-997.786,0.469,94.570,860.747,-2.935432,0
4.6562,-56.479,-1.813,-1092.901,-0.577,99.490,837.847,-2.935432,0
4.6612,-56.479,-9.110,-1098.442,-0.079,99.490,837.847,-3.994131,1
4.6663,-80.479,-16.342,-1070.738,0.369,103.360,728.868,-3.994131,0
4.6712,-80.479,-23.485,-1074.432,-0.627,107.230,702.558,-3.994131,0
4.6762,-80.479,-30.782,-1086.437,-0.162,110.040,585.185,-3.994131,0
4.6812,-80.479,-38.013,-1065.198,0.444,112.500,495.988,-5.008399,1
4.6872,-100.168,-38.013,-1065.198,0.444,113.910,363.446,-5.008399,0
4.6922,-100.168,-52.717,-975.623,0.079,114.960,272.791,-5.008399,0
4.6973,-100.168,-59.157,-957.154,0.311,114.960,272.791,-5.008399,0
4.7022,-100.168,-65.378,-920.216,0.776,115.660,193.174,-3.986452,1
4.7073,-113.857,-71.202,-848.187,1.258,115.660,96.587,-3.986452,0
4.7122,-113.857,-76.697,-816.790,0.212,115.660,48.293,-3.986452,0
4.7172,-113.857,-81.972,-779.852,0.569,114.960,-34.128,-3.986452,0
4.7222,-113.857,-81.972,-779.852,0.569,113.910,-103.961,-2.114813,1
4.7273,-121.547,-91.621,-665.345,1.125,113.910,-103.961,-2.114813,0
4.7322,-121.547,-95.907,-625.636,0.328,112.150,-196.778,-2.114813,0
4.7372,-121.547,-99.885,-577.617,0.627,110.390,-247.177,-2.114813,0
4.7422,-121.547,-103.556,-531.445,0.901,108.630,-273.195,-0.336788,1
4.7473,-123.236,-106.853,-473.267,0.967,106.170,-341.198,-0.336788,0
4.7522,-123.236,-109.776,-415.090,0.760,103.360,-405.304,-0.336788,0
4.7573,-123.236,-109.776,-415.090,0.760,103.360,-405.304,-0.336788,0
4.7623,-123.236,-114.589,-317.205,0.834,100.550,-428.473,-0.661891,1
4.7673,-118.926,-116.545,-267.338,0.743,97.730,-449.163,-0.661891,0
4.7722,-118.926,-116.545,-267.338,0.743,94.220,-524.206,-0.661891,0
4.7782,-118.926,-118.084,-201.773,1.167,90.700,-555.470,-0.661891,0
4.7832,-118.926,-119.315,-136.209,0.710,87.190,-566.100,-1.669397,1
4.7883,-108.615,-120.238,-25.395,0.693,83.320,-607.708,-1.669397,0
4.7932,-108.615,-120.040,64.180,1.349,83.320,-607.708,-1.669397,0
4.7982,-108.615,-120.040,64.180,1.349,79.100,-651.683,-1.669397,0
4.8032,-108.615,-118.502,138.056,0.394,74.530,-713.843,-2.832719,1
4.8083,-92.305,-117.469,158.371,0.419,69.260,-795.252,-2.832719,0
4.8132,-92.305,-116.084,237.788,1.482,64.340,-813.133,-2.832719,0
4.8182,-92.305,-114.194,304.276,1.158,58.710,-868.145,-2.832719,0
4.8232,-92.305,-114.194,304.276,1.158,58.710,-868.145,-4.006536,1
4.8283,-80.131,-109.666,357.836,0.286,52.730,-903.670,-4.006536,0
4.8332,-80.131,-107.094,404.009,1.100,46.410,-1023.680,-4.006536,0
4.8382,-80.131,-104.237,440.947,0.643,39.730,-1060.922,-4.006536,0
4.8432,-80.131,-104.237,440.947,0.643,33.050,-1084.019,-4.678869,1
4.8483,-73.957,-98.215,445.564,-0.129,26.020,-1124.146,-4.678869,0
4.8533,-73.957,-98.215,445.564,-0.129,26.020,-1124.146,-4.678869,0
4.8582,-73.957,-95.247,440.023,0.004,19.340,-1106.215,-4.678869,0
4.8632,-73.957,-89.379,423.401,-0.428,12.300,-1161.747,-4.187049,1
4.8693,-73.783,-86.324,378.152,-0.610,5.620,-1136.062,-4.187049,0
4.8743,-73.783,-83.972,328.286,-0.477,359.300,-1096.096,-4.187049,0
4.8792,-73.783,-81.906,290.425,-0.735,352.970,-1074.413,-4.187049,0
4.8842,-73.783,-80.148,244.252,-0.519,346.990,-1035.899,-2.519395,1
4.8893,-67.609,-80.148,244.252,-0.519,346.990,-1035.899,-2.519395,0
4.8943,-67.609,-77.378,189.769,0.212,341.720,-945.462,-2.519395,0
4.8992,-67.609,-76.147,179.611,-0.062,336.090,-949.574,-2.519395,0
4.9043,-67.609,-74.939,176.840,0.029,331.170,-886.626,-0.649770,1
4.9093,-55.435,-73.796,169.453,0.071,326.950,-801.560,-0.649770,0
4.9143,-55.435,-72.587,198.080,0.768,322.030,-810.759,-0.649770,0
4.9193,-55.435,-71.114,235.941,0.826,322.030,-810.759,-0.649770,0
4.9243,-55.435,-69.444,259.951,0.369,317.110,-807.279,0.802785,1
4.9293,-37.261,-67.707,264.568,0.378,312.190,-815.421,0.802785,0
4.9343,-37.261,-65.663,335.674,1.499,307.620,-789.800,0.802785,0
4.9392,-37.261,-63.136,404.932,1.009,302.700,-805.088,0.802785,0
4.9442,-37.261,-60.278,427.095,0.635,297.770,-809.340,1.381029,1
4.9493,-13.087,-57.311,447.411,0.345,297.770,-809.340,1.381029,0
4.9552,-13.087,-57.311,447.411,0.345,292.850,-809.636,1.381029,0
4.9603,-13.087,-49.377,621.943,0.909,288.630,-759.660,1.381029,0
4.9653,-13.087,-45.091,650.569,0.378,283.710,-799.237,0.632813,1
4.9703,12.656,-45.091,650.569,0.378,278.790,-807.385,0.632813,0
4.9752,12.656,-40.739,652.416,0.162,273.870,-810.458,0.632813,0
4.9802,12.656,-36.123,730.909,1.748,269.650,-755.074,0.632813,0
4.9852,12.656,-30.980,790.010,1.092,269.650,-755.074,-0.058628,1
4.9903,32.400,-20.056,807.556,-0.087,265.080,-736.039,-0.058628,0
4.9952,32.400,-14.583,836.183,0.992,261.560,-683.170,-0.058628,0
5.0002,32.400,-8.847,852.805,0.212,258.050,-630.545,-0.058628,0
5.0063,32.400,-2.165,849.111,-0.286,255.230,-557.029,-0.090548,1
5.0113,46.143,-2.165,849.111,-0.286,252.770,-482.381,-0.090548,0
5.0163,46.143,8.693,794.627,0.054,250.660,-417.266,-0.090548,0
5.0213,46.143,13.946,774.312,-0.461,250.660,-417.266,-0.090548,0
5.0262,46.143,13.946,774.312,-0.461,248.910,-349.866,0.052184,1
5.0313,53.886,23.661,684.737,-1.208,247.850,-264.230,0.052184,0
5.0363,53.886,27.991,627.483,-0.552,246.450,-250.056,0.052184,0
5.0413,53.886,32.057,596.086,-0.610,246.090,-155.038,0.052184,0
5.0463,53.886,35.771,538.832,-0.668,245.390,-135.198,-1.220062,1
5.0514,55.630,39.112,483.425,-0.743,245.390,-135.198,-1.220062,0
5.0563,55.630,42.035,421.554,-0.660,245.040,-96.333,-1.220062,0
5.0613,55.630,44.651,370.765,-0.793,245.040,-48.167,-1.220062,0
5.0663,55.630,46.893,317.205,-0.917,245.040,-24.083,-2.486408,1
5.0713,51.373,48.827,272.879,-0.511,245.040,-12.042,-2.486408,0
5.0762,51.373,48.827,272.879,-0.511,245.390,22.654,-2.486408,0
5.0815,51.373,50.366,204.544,-1.191,245.390,22.654,-2.486408,0
5.0863,51.373,52.190,83.572,-0.834,245.740,39.834,-3.062530,1
5.0923,41.116,52.564,25.395,-0.569,246.090,49.825,-3.062530,0
5.0972,41.116,52.564,25.395,-0.569,246.800,84.186,-3.062530,0
5.1022,41.116,51.706,-113.122,-0.643,247.500,100.004,-3.062530,0
5.1073,41.116,50.783,-145.443,-0.619,248.200,107.959,-2.838610,1
5.1122,24.860,50.783,-145.443,-0.619,248.910,114.314,-2.838610,0
5.1173,24.860,49.750,-163.912,-0.453,248.910,114.314,-2.838610,0
5.1223,24.860,46.519,-300.582,-1.216,250.310,171.135,-2.838610,0
5.1273,24.860,44.343,-337.520,-0.610,251.370,176.992,-3.467132,1
5.1323,2.603,42.014,-348.602,-0.112,252.770,203.408,-3.467132,0
5.1373,2.603,39.288,-455.722,-2.113,254.530,248.612,-3.467132,0
5.1423,2.603,35.903,-535.138,-1.183,256.290,270.461,-3.467132,0
5.1472,2.603,35.903,-535.138,-1.183,256.290,270.461,-4.282204,1
5.1523,-25.654,28.342,-578.540,-0.021,258.400,299.988,-4.282204,0
5.1573,-25.654,28.342,-578.540,-0.021,260.860,368.444,-4.282204,0
5.1623,-25.654,19.133,-767.847,-1.266,263.320,389.779,-4.282204,0
5.1673,-25.654,13.770,-810.326,-0.602,265.780,404.111,-4.604547,1
5.1723,-55.654,8.341,-802.015,0.137,268.950,460.947,-4.604547,0
5.1773,-55.654,2.605,-893.436,-2.163,268.950,460.947,-4.604547,0
5.1823,-55.654,-3.747,-963.618,-1.233,272.460,521.060,-4.604547,0
5.1883,-55.654,-11.352,-987.628,-0.079,275.980,558.086,-4.888513,1
5.1933,-85.654,-17.924,-980.241,0.428,279.840,596.761,-4.888513,0
5.1982,-85.654,-17.924,-980.241,0.428,283.360,595.160,-4.888513,0
5.2032,-85.654,-24.562,-1019.025,-1.250,287.580,646.183,-4.888513,0
5.2082,-85.654,-31.573,-1062.427,-0.635,291.090,617.590,-4.031685,1
5.2135,-109.654,-38.827,-1077.203,-0.087,294.260,572.688,-4.031685,0
5.2183,-109.654,-45.948,-1056.887,0.386,294.260,572.688,-4.031685,0
5.2233,-109.654,-60.037,-1070.738,-0.286,297.420,553.648,-4.031685,0
5.2282,-109.654,-60.037,-1070.738,-0.286,300.590,540.835,-2.344766,1
5.2333,-127.654,-74.125,-1006.097,0.992,303.400,501.567,-2.344766,0
5.2383,-127.654,-80.851,-983.011,0.187,305.510,422.834,-2.344766,0
5.2442,-127.654,-80.851,-983.011,0.187,307.270,360.690,-2.344766,0
5.2493,-127.654,-94.544,-909.135,1.009,307.270,360.690,0.293447,1
5.2543,-139.654,-100.303,-830.642,1.407,308.320,262.392,0.293447,0
5.2593,-139.654,-105.622,-782.623,0.453,309.020,193.152,0.293447,0
5.2643,-139.654,-110.677,-735.527,0.751,309.380,127.400,0.293447,0
5.2693,-139.654,-115.403,-690.278,0.884,309.380,63.700,3.320924,1
5.2743,-145.654,-115.403,-690.278,0.884,309.380,31.850,3.320924,0
5.2792,-145.654,-119.688,-620.096,0.967,309.380,31.850,3.320924,0
5.2843,-145.654,-127.205,-519.440,0.834,308.670,-42.166,3.320924,0
5.2893,-145.654,-130.458,-473.267,0.893,307.620,-109.713,4.667412,1
5.2943,-145.654,-133.360,-416.937,0.901,307.620,-109.713,4.667412,0
5.2992,-145.654,-133.360,-416.937,0.901,306.210,-113.916,4.667412,0
5.3043,-145.654,-137.997,-305.200,0.893,303.750,-261.280,4.667412,0
5.3093,-145.654,-139.800,-247.022,0.785,303.750,-261.280,3.905494,1
5.3143,-139.654,-141.272,-209.161,0.726,302.340,-242.735,3.905494,0
5.3193,-139.654,-142.393,-134.362,1.142,300.940,-245.018,3.905494,0
5.3242,-139.654,-142.393,-134.362,1.142,299.180,-266.995,3.905494,0
5.3293,-139.654,-143.053,5.079,0.685,297.770,-251.084,3.370596,1
5.3353,-127.654,-143.053,5.079,0.685,296.020,-267.890,3.370596,0
5.3403,-127.654,-142.811,35.553,0.303,294.960,-223.657,3.370596,0
5.3456,-127.654,-141.338,157.448,0.934,293.550,-228.218,3.370596,0
5.3504,-127.654,-140.151,189.769,0.776,293.550,-228.218,3.272709,1
5.3553,-109.654,-138.767,209.161,0.129,292.500,-201.745,3.272709,0
5.3603,-109.654,-137.030,298.736,1.922,291.450,-191.074,3.272709,0
5.3653,-109.654,-134.788,361.530,1.025,290.040,-213.112,3.272709,0
5.3703,-109.654,-132.151,400.315,0.386,289.340,-164.854,3.350035,1
5.3753,-85.654,-132.151,400.315,0.386,289.340,-164.854,3.350035,0
5.3803,-85.654,-129.447,412.320,0.253,288.280,-167.152,3.350035,0
5.3853,-85.654,-122.414,597.933,1.075,287.580,-143.584,3.350035,0
5.3903,-85.654,-118.238,635.794,0.361,286.520,-158.860,3.350548,1
5.3953,-55.654,-113.908,640.412,0.195,285.820,-139.443,3.350548,0
5.4003,-55.654,-113.908,640.412,0.195,284.770,-157.272,3.350548,0
5.4054,-55.654,-103.841,828.795,1.474,284.060,-137.564,3.350548,0
5.4103,-55.654,-103.841,828.795,1.474,284.060,-137.564,3.126950,1
5.4153,-25.654,-92.060,872.197,-0.179,283.010,-153.821,3.126950,0
5.4213,-25.654,-84.961,958.078,1.889,282.300,-137.391,3.126950,0
5.4263,-25.654,-78.279,1022.719,0.876,281.250,-156.076,3.126950,0
5.4313,-25.654,-71.378,1037.494,0.179,280.200,-164.221,2.159198,1
5.4363,4.346,-64.520,1025.490,-0.394,278.790,-199.066,2.159198,0
5.4413,4.346,-64.520,1025.490,-0.394,278.790,-199.066,2.159198,0
5.4463,4.346,-57.597,1054.116,1.333,278.090,-157.945,2.159198,0
5.4513,4.346,-42.981,1091.978,0.046,277.030,-169.875,0.562964,1
5.4573,28.346,-34.321,1061.504,-0.552,276.330,-143.040,0.562964,0
5.4623,28.346,-34.321,1061.504,-0.552,275.620,-130.292,0.562964,0
5.4673,28.346,-20.188,1064.274,0.162,274.920,-123.462,0.562964,0
5.4723,28.346,-13.155,1040.265,-0.345,274.570,-90.921,-0.842626,1
5.4773,46.346,-13.155,1040.265,-0.345,274.570,-90.921,-0.842626,0
5.4823,46.346,0.055,966.389,-0.137,274.220,-73.829,-0.842626,0
5.4873,46.346,6.385,938.685,-0.245,273.870,-66.549,-0.842626,0
5.4923,46.346,12.517,900.824,-0.560,273.870,-33.274,-1.714610,1
5.4973,58.346,18.232,829.718,-1.216,273.870,-16.637,-1.714610,0
5.5023,58.346,18.232,829.718,-1.216,274.570,50.078,-1.714610,0
5.5074,58.346,28.694,753.996,-0.544,275.270,83.063,-1.714610,0
5.5123,58.346,33.486,705.053,-0.984,275.270,83.063,-2.061385,1
5.5173,64.346,37.837,629.330,-1.216,276.330,128.938,-2.061385,0
5.5223,64.346,37.837,629.330,-1.216,277.380,151.991,-2.061385,0
5.5273,64.346,45.530,536.062,-0.585,279.140,221.137,-2.061385,0
5.5323,64.346,48.871,473.267,-0.702,280.550,229.301,-0.852506,1
5.5383,64.346,52.256,408.626,-0.726,282.300,261.764,-0.852506,0
5.5433,64.346,52.256,408.626,-0.726,282.300,261.764,-0.852506,0
5.5483,64.346,56.850,294.118,-1.000,284.770,331.533,-0.852506,0
5.5533,64.346,58.630,249.793,-0.519,287.580,404.782,0.251347,1
5.5583,58.346,60.081,199.927,-0.735,290.390,435.523,0.251347,0
5.5633,58.346,61.136,134.362,-1.324,293.910,511.705,0.251347,0
5.5683,58.346,61.136,134.362,-1.324,297.770,575.738,0.251347,0
5.5733,58.346,61.707,-20.778,-0.527,297.770,575.738,0.182117,1
5.5783,46.346,61.487,-41.093,-0.253,301.990,619.011,0.182117,0
5.5833,46.346,60.938,-108.505,-1.291,306.210,692.958,0.182117,0
5.5883,46.346,60.938,-108.505,-1.291,311.480,782.324,0.182117,0
5.5933,46.346,58.784,-186.998,-0.394,317.110,863.697,0.398562,1
5.5983,28.346,57.421,-210.085,-0.386,323.090,919.488,0.398562,0
5.6033,28.346,55.663,-303.353,-1.573,323.090,919.488,0.398562,0
5.6083,28.346,55.663,-303.353,-1.573,329.060,952.113,0.398562,0
5.6133,28.346,50.695,-411.396,-0.610,336.090,1068.285,0.627523,1
5.6183,12.550,47.904,-419.707,-0.137,343.120,1121.053,0.627523,0
5.6233,12.550,44.871,-475.114,-1.108,350.510,1178.350,0.627523,0
5.6293,12.550,40.915,-532.368,-0.619,357.190,1153.740,0.627523,0
5.6343,12.550,37.332,-537.909,-0.245,5.270,1252.187,0.510674,1
5.6394,2.754,33.793,-524.057,0.004,5.270,1252.187,0.510674,0
5.6443,2.754,30.255,-534.215,-0.511,13.010,1253.973,0.510674,0
5.6493,2.754,26.672,-536.985,-0.245,20.740,1288.549,0.510674,0
5.6543,2.754,23.155,-525.904,0.004,28.830,1319.009,-0.331336,1
5.6593,-6.627,19.814,-493.583,0.286,36.560,1302.719,-0.331336,0
5.6643,-6.627,19.814,-493.583,0.286,43.950,1258.549,-0.331336,0
5.6693,-6.627,13.484,-462.186,-0.145,43.950,1258.549,-0.331336,0
5.6743,-6.627,13.484,-462.186,-0.145,51.680,1266.817,-1.152698,1
5.6793,-22.008,7.594,-418.784,0.436,59.060,1243.204,-1.152698,0
5.6843,-22.008,7.594,-418.784,0.436,65.740,1189.416,-1.152698,0
5.6893,-22.008,1.835,-451.105,-0.303,72.770,1188.403,-1.152698,0
5.6943,-22.008,1.835,-451.105,-0.303,79.100,1109.949,-2.511811,1
5.6993,-43.389,-4.297,-445.564,0.187,79.100,1109.949,-2.511811,0
5.7053,-43.389,-8.055,-520.363,-1.274,85.780,1106.028,-2.511811,0
5.7103,-43.389,-11.704,-569.306,-0.685,92.110,1088.623,-2.511811,0
5.7153,-43.389,-11.704,-569.306,-0.685,98.090,1045.584,-4.725996,1
5.7203,-70.770,-19.463,-583.158,-0.112,103.710,995.174,-4.725996,0
5.7253,-70.770,-19.463,-583.158,-0.112,108.630,902.002,-4.725996,0
5.7303,-70.770,-23.661,-675.503,-2.072,113.550,858.370,-4.725996,0
5.7353,-70.770,-33.529,-768.771,-0.536,113.550,858.370,-5.385110,1
5.7403,-100.770,-38.651,-766.000,0.095,117.770,760.597,-5.385110,0
5.7453,-100.770,-44.102,-852.805,-2.030,120.590,637.035,-5.385110,0
5.7503,-100.770,-50.146,-922.987,-1.241,123.400,552.899,-5.385110,0
5.7553,-100.770,-56.454,-952.537,-0.486,125.510,452.210,-5.027219,1
5.7603,-124.770,-62.806,-946.073,0.054,126.560,311.863,-5.027219,0
5.7653,-124.770,-69.246,-985.781,-1.125,126.560,311.863,-5.027219,0
5.7703,-124.770,-75.906,-1008.867,-0.594,126.910,184.673,-5.027219,0
5.7753,-124.770,-82.719,-1010.714,-0.037,126.910,92.337,-4.170812,1
5.7803,-142.770,-89.379,-972.853,0.502,125.510,-69.510,-4.170812,0
5.7853,-142.770,-95.885,-960.848,-0.245,123.750,-184.578,-4.170812,0
5.7903,-142.770,-102.303,-948.843,0.162,120.940,-324.618,-4.170812,0
5.7963,-142.770,-109.424,-906.365,0.552,117.770,-428.445,-1.745067,1
5.8014,-154.770,-115.161,-836.183,1.191,113.910,-533.925,-1.745067,0
5.8063,-154.770,-120.524,-790.010,0.552,113.910,-533.925,-1.745067,0
5.8113,-154.770,-125.645,-746.608,0.552,109.690,-615.889,-1.745067,0
5.8163,-154.770,-125.645,-746.608,0.552,105.120,-689.209,-1.434371,1
5.8213,-160.770,-134.766,-621.019,1.191,100.550,-721.372,-1.434371,0
5.8263,-160.770,-134.766,-621.019,1.191,95.980,-750.921,-1.434371,0
5.8313,-160.770,-142.305,-528.674,0.569,95.980,-750.921,-1.434371,0
5.8364,-160.770,-145.580,-469.574,0.635,90.350,-836.464,-2.627842,1
5.8413,-160.770,-145.580,-469.574,0.635,84.730,-879.685,-2.627842,0
5.8463,-160.770,-148.481,-413.243,0.826,79.100,-923.705,-2.627842,0
5.8513,-160.770,-153.141,-303.353,0.834,72.770,-989.975,-2.627842,0
5.8563,-160.770,-153.141,-303.353,0.834,66.450,-1021.670,-4.867441,1
5.8613,-154.770,-154.943,-251.640,0.710,66.450,-1021.670,-4.867441,0
5.8663,-154.770,-157.537,-144.520,1.291,59.410,-1077.278,-4.867441,0
5.8713,-154.770,-157.537,-144.520,1.291,52.380,-1144.609,-4.867441,0
5.8763,-154.770,-158.218,8.773,0.619,44.300,-1237.261,-6.084851,1
5.8823,-142.770,-157.976,42.017,0.353,36.210,-1302.390,-6.084851,0
5.8873,-142.770,-157.976,42.017,0.353,27.420,-1375.722,-6.084851,0
5.8923,-142.770,-156.504,155.601,0.942,18.630,-1423.893,-6.084851,0
5.8973,-142.770,-156.504,155.601,0.942,18.630,-1423.893,-6.101163,1
5.9023,-124.770,-153.954,210.085,0.453,9.140,-1446.234,-6.101163,0
5.9073,-124.770,-152.218,294.118,1.557,359.650,-1574.240,-6.101163,0
5.9123,-124.770,-149.910,366.147,1.225,349.450,-1636.194,-6.101163,0
5.9173,-124.770,-147.317,404.932,0.760,338.910,-1697.132,-5.837813,1
5.9223,-112.770,-144.591,407.702,0.262,328.360,-1722.633,-5.837813,0
5.9273,-112.770,-141.668,457.569,0.884,328.360,-1722.633,-5.837813,0
5.9323,-112.770,-138.481,486.196,0.436,318.520,-1677.925,-5.837813,0
5.9373,-112.770,-135.184,491.736,0.079,307.270,-1799.020,-5.230820,1
5.9423,-104.616,-131.931,475.114,-0.237,296.370,-1803.959,-5.230820,0
5.9473,-104.616,-131.931,475.114,-0.237,285.470,-1809.253,-5.230820,0
5.9523,-104.616,-128.722,479.731,0.087,274.570,-1799.579,-5.230820,0
5.9573,-104.616,-122.348,457.569,-0.336,274.570,-1799.579,-4.507019,1
5.9623,-90.463,-119.337,436.329,-0.560,264.020,-1723.454,-4.507019,0
5.9673,-90.463,-116.480,431.712,0.577,254.180,-1741.560,-4.507019,0
5.9733,-90.463,-116.480,431.712,0.577,245.740,-1587.760,-4.507019,0
5.9783,-90.463,-109.996,448.334,0.179,236.250,-1585.418,-3.518402,1
5.9833,-70.368,-107.050,434.483,-0.029,227.110,-1552.560,-3.518402,0
5.9883,-70.368,-103.973,481.578,1.333,218.320,-1508.648,-3.518402,0
5.9934,-70.368,-100.544,526.827,0.851,218.320,-1508.648,-3.518402,0
5.9983,-70.368,-96.896,550.837,0.486,210.230,-1406.265,-0.712149,1
6.0033,-44.274,-93.247,551.760,0.029,202.850,-1315.516,-0.712149,0
6.0083,-44.274,-93.247,551.760,0.029,195.470,-1289.308,-0.712149,0
6.0133,-44.274,-89.291,633.947,1.839,188.790,-1194.300,-0.712149,0
6.0183,-44.274,-79.840,730.909,0.469,183.520,-1047.791,1.044290,1
6.0233,-14.274,-79.840,730.909,0.469,183.520,-1047.791,1.044290,0
6.0283,-14.274,-69.839,814.943,2.229,177.540,-1008.796,1.044290,0
6.0333,-14.274,-64.015,894.360,1.291,171.560,-1016.793,1.044290,0
6.0383,-14.274,-57.861,930.374,0.444,166.640,-918.176,3.218072,1
6.0433,15.726,-51.640,922.987,-0.203,161.370,-892.338,3.218072,0
6.0483,15.726,-51.640,922.987,-0.203,155.740,-910.096,3.218072,0
6.0533,15.726,-45.157,981.164,1.598,155.740,-910.096,3.218072,0
6.0593,15.726,-38.321,1047.652,0.942,150.120,-915.073,5.214564,1
6.0643,45.726,-23.111,1033.801,-0.527,144.840,-884.056,5.214564,0
6.0693,45.726,-23.111,1033.801,-0.527,138.160,-1044.006,5.214564,0
6.0743,45.726,-16.122,1066.121,1.042,130.430,-1166.298,5.214564,0
6.0793,45.726,-1.506,1101.212,0.046,122.340,-1257.169,6.541098,1
6.0843,75.726,5.726,1078.126,-0.461,113.550,-1345.963,6.541098,0
6.0893,75.726,12.935,1097.518,1.084,113.550,-1345.963,6.541098,0
6.0943,75.726,12.935,1097.518,1.084,105.120,-1373.880,6.541098,0
6.0993,75.726,20.386,1120.605,0.403,94.570,-1588.523,5.519021,1
6.1043,105.726,35.332,1086.437,-0.569,84.020,-1671.878,5.519021,0
6.1093,105.726,42.695,1115.064,0.818,73.830,-1684.764,5.519021,0
6.1143,105.726,50.234,1138.150,0.336,63.280,-1716.470,5.519021,0
6.1193,105.726,57.839,1133.533,-0.104,63.280,-1716.470,4.085009,1
6.1243,129.726,65.290,1103.983,-0.776,53.090,-1667.926,4.085009,0
6.1293,129.726,65.290,1103.983,-0.776,43.590,-1671.245,4.085009,0
6.1343,129.726,80.082,1099.365,-0.012,34.800,-1559.019,4.085009,0
6.1393,129.726,87.357,1069.815,-0.619,26.370,-1482.725,1.590443,1
6.1443,147.726,94.368,1020.872,-1.167,18.630,-1374.644,1.590443,0
6.1503,147.726,102.105,984.858,-0.037,11.250,-1322.899,1.590443,0
6.1554,147.726,108.457,947.920,-0.394,11.250,-1322.899,1.590443,0
6.1603,147.726,108.457,947.920,-0.394,4.570,-1203.040,-0.617646,1
6.1653,159.726,120.282,823.254,-1.349,357.890,-1164.664,-0.617646,0
6.1703,159.726,120.282,823.254,-1.349,351.910,-1081.592,-0.617646,0
6.1753,159.726,130.590,739.220,-0.710,346.290,-1008.381,-0.617646,0
6.1803,159.726,130.590,739.220,-0.710,340.660,-972.037,-2.426795,1
6.1853,165.726,135.316,684.737,-0.760,340.660,-972.037,-2.426795,0
6.1904,165.726,143.448,564.689,-0.743,335.390,-912.823,-2.426795,0
6.1953,165.726,147.053,521.287,-0.751,331.170,-824.857,-2.426795,0
6.2003,165.726,150.306,467.727,-0.876,326.250,-821.877,-1.020843,1
6.2053,165.726,153.185,410.473,-0.967,321.680,-792.196,-1.020843,0
6.2103,165.726,155.735,358.760,-0.818,317.810,-717.497,-1.020843,0
6.2154,165.726,157.845,301.506,-0.726,317.810,-717.497,-1.020843,0
6.2203,165.726,159.669,247.946,-0.826,313.950,-671.997,0.593654,1
6.2253,159.726,161.185,211.008,-0.536,310.780,-600.074,0.593654,0
6.2303,159.726,162.284,140.826,-1.316,308.320,-507.357,0.593654,0
6.2353,159.726,162.284,140.826,-1.316,306.210,-432.804,0.593654,0
6.2413,159.726,162.988,-7.849,-0.751,304.450,-363.119,2.430708,1
6.2463,147.726,162.988,-7.849,-0.751,303.050,-297.121,2.430708,0
6.2513,147.726,162.328,-99.271,-1.449,303.050,-297.121,2.430708,0
6.2563,147.726,161.405,-155.601,-0.735,301.990,-235.406,2.430708,0
6.2613,147.726,160.196,-195.309,-0.668,301.290,-176.689,3.822205,1
6.2663,129.726,158.834,-211.931,-0.394,301.290,-88.345,3.822205,0
6.2713,129.726,158.834,-211.931,-0.394,301.290,-44.172,3.822205,0
6.2763,129.726,154.811,-360.607,-0.926,301.640,6.836,3.822205,0
6.2813,129.726,152.196,-402.162,-0.693,301.640,6.836,4.165928,1
6.2863,105.726,149.449,-417.860,-0.378,302.700,88.728,4.165928,0
6.2913,105.726,146.262,-531.445,-2.337,303.750,137.454,4.165928,0
6.2963,105.726,142.393,-600.703,-1.299,305.510,215.234,4.165928,0
6.3013,105.726,142.393,-600.703,-1.299,307.620,283.624,3.852102,1
6.3064,77.042,133.865,-641.335,-0.062,310.080,342.273,3.852102,0
6.3113,77.042,129.140,-744.761,-2.246,310.080,342.273,3.852102,0
6.3163,77.042,123.755,-828.795,-1.216,312.190,343.749,3.852102,0
6.3213,77.042,118.062,-860.192,-0.328,314.650,385.273,2.703177,1
6.3273,54.064,111.402,-854.652,0.270,317.460,426.053,2.703177,0
6.3323,54.064,105.600,-892.513,-1.092,319.920,419.077,2.703177,0
6.3373,54.064,99.446,-922.063,-0.619,322.380,414.468,2.703177,0
6.3423,54.064,99.446,-922.063,-0.619,324.840,409.586,1.095001,1
6.3474,25.085,87.225,-901.747,0.577,324.840,409.586,1.095001,0
6.3523,25.085,81.225,-927.604,-1.042,326.950,376.347,1.095001,0
6.3573,25.085,81.225,-927.604,-1.042,328.360,308.610,1.095001,0
6.3623,25.085,68.213,-985.781,0.021,329.770,273.106,-0.559562,1
6.3674,-4.915,61.773,-962.695,0.494,331.170,253.313,-0.559562,0
6.3723,-4.915,61.773,-962.695,0.494,332.230,215.002,-0.559562,0
6.3774,-4.915,48.344,-1048.576,-0.635,332.230,215.002,-0.559562,0
6.3823,-4.915,41.310,-1061.504,-0.037,333.280,192.958,-1.682211,1
6.3873,-33.644,41.310,-1061.504,-0.037,334.340,183.621,-1.682211,0
6.3923,-33.644,27.353,-1063.351,-1.117,334.690,121.762,-1.682211,0
6.3973,-33.644,20.122,-1095.672,-0.685,334.690,60.881,-1.682211,0
6.4023,-33.644,20.122,-1095.672,-0.685,334.690,30.440,-1.576795,1
6.4073,-56.373,12.803,-1090.131,-0.095,334.690,30.440,-1.576795,0
6.4123,-56.373,5.462,-1063.351,0.710,334.690,15.220,-1.576795,0
6.4183,-56.373,-1.659,-1060.581,-0.270,333.630,-82.855,-1.576795,0
6.4233,-56.373,-9.902,-1051.346,-0.137,332.230,-157.944,-0.791045,1
6.4284,-73.103,-16.759,-1028.260,0.353,330.470,-223.454,-0.791045,0
6.4333,-73.103,-29.661,-930.374,0.087,328.010,-319.752,-0.791045,0
6.4383,-73.103,-29.661,-930.374,0.087,324.840,-422.662,-0.791045,0
6.4433,-73.103,-35.815,-899.901,0.444,324.840,-422.662,0.706495,1
6.4483,-83.832,-47.003,-781.699,1.158,321.330,-486.015,0.706495,0
6.4533,-83.832,-52.014,-740.144,0.477,316.760,-653.579,0.706495,0
6.4583,-83.832,-52.014,-740.144,0.477,312.190,-702.279,0.706495,0
6.4633,-83.832,-61.223,-640.412,1.025,307.620,-737.370,2.254067,1
6.4683,-88.561,-65.246,-581.311,1.050,302.340,-805.269,2.254067,0
6.4733,-88.561,-65.246,-581.311,1.050,302.340,-805.269,2.254067,0
6.4783,-88.561,-72.213,-480.655,0.726,296.720,-860.182,2.254067,0
6.4833,-88.561,-75.202,-428.018,0.909,291.450,-883.609,1.885238,1
6.4883,-87.291,-77.818,-382.769,0.967,285.820,-902.210,1.885238,0
6.4933,-87.291,-80.082,-316.281,0.959,280.900,-868.047,1.885238,0
6.4983,-87.291,-81.950,-256.257,0.801,275.620,-868.619,1.885238,0
6.5033,-87.291,-83.467,-208.238,0.768,275.620,-868.619,0.646334,1
6.5094,-80.020,-83.467,-208.238,0.768,270.350,-858.672,0.646334,0
6.5144,-80.020,-85.533,-70.644,1.515,265.780,-816.675,0.646334,0
6.5193,-80.020,-85.599,18.007,0.893,261.210,-796.427,0.646334,0
6.5243,-80.020,-85.269,58.639,0.428,257.340,-725.502,-1.033893,1
6.5293,-66.749,-84.829,75.261,0.403,253.480,-684.031,-1.033893,0
6.5344,-66.749,-84.060,139.902,1.540,249.960,-634.969,-1.033893,0
6.5394,-66.749,-82.895,192.539,0.926,249.960,-634.969,-1.033893,0
6.5443,-66.749,-81.444,225.783,0.710,246.800,-573.070,-2.432060,1
6.5494,-48.641,-79.818,247.022,0.353,244.340,-489.380,-2.432060,0
6.5543,-48.641,-77.818,334.750,1.839,242.230,-427.814,-2.432060,0
6.5593,-48.641,-75.268,405.856,0.942,239.770,-418.529,-2.432060,0
6.5643,-48.641,-75.268,405.856,0.942,238.710,-297.227,-3.722779,1
6.5695,-36.533,-69.444,444.640,0.095,237.660,-236.335,-3.722779,0
6.5743,-36.533,-69.444,444.640,0.095,237.660,-236.335,-3.722779,0
6.5793,-36.533,-66.279,484.349,0.818,237.300,-147.920,-3.722779,0
6.5843,-36.533,-59.355,520.363,0.004,236.950,-103.480,-5.144923,1
6.5893,-30.425,-55.926,506.511,-0.345,236.950,-51.740,-5.144923,0
6.5953,-30.425,-52.058,491.736,-0.162,237.660,32.915,-5.144923,0
6.6003,-30.425,-48.849,470.497,-0.394,238.360,74.846,-5.144923,0
6.6053,-30.425,-45.816,442.794,-0.635,238.360,74.846,-5.940155,1
6.6104,-30.318,-43.025,401.238,-0.851,239.770,146.691,-5.940155,0
6.6153,-30.318,-40.541,352.296,-0.536,241.520,232.168,-5.940155,0
6.6203,-30.318,-40.541,352.296,-0.536,242.930,233.461,-5.940155,0
6.6253,-30.318,-38.387,307.047,-0.751,244.690,263.586,-5.723925,1
6.6304,-36.210,-35.068,211.008,-0.635,246.450,277.031,-5.723925,0
6.6353,-36.210,-35.068,211.008,-0.635,246.450,277.031,-5.723925,0
6.6403,-36.210,-33.925,149.137,-1.000,248.550,308.478,-5.723925,0
6.6453,-36.210,-33.156,6.926,-0.826,250.660,337.277,-5.417935,1
6.6503,-48.102,-33.156,6.926,-0.826,252.420,314.628,-5.417935,0
6.6553,-48.102,-33.749,-100.194,-1.299,254.880,362.497,-5.417935,0
6.6603,-48.102,-34.628,-149.137,-0.776,257.700,415.275,-5.417935,0
6.6653,-48.102,-35.815,-190.692,-0.735,257.700,415.275,-5.348571,1
6.6704,-65.994,-37.178,-206.391,-0.303,260.160,397.708,-5.348571,0
6.6754,-65.994,-38.914,-296.889,-1.798,262.620,422.977,-5.348571,0
6.6804,-65.994,-41.178,-360.607,-0.909,265.780,474.560,-5.348571,0
6.6863,-65.994,-41.178,-360.607,-0.909,269.300,531.050,-4.762890,1
6.6913,-89.886,-46.937,-410.473,-0.237,273.160,586.494,-4.762890,0
6.6963,-89.886,-50.102,-519.440,-2.221,277.030,611.161,-4.762890,0
6.7014,-89.886,-53.882,-587.775,-1.100,277.030,611.161,-4.762890,0
6.7064,-89.886,-57.992,-627.483,-0.328,280.900,625.381,-3.742282,1
6.7114,-107.778,-62.191,-627.483,-0.104,285.470,700.637,-3.742282,0
6.7163,-107.778,-62.191,-627.483,-0.104,290.040,733.261,-3.742282,0
6.7213,-107.778,-71.290,-715.211,-0.378,294.960,776.450,-3.742282,0
6.7263,-107.778,-76.103,-717.981,-0.278,300.230,818.576,-1.672033,1
6.7315,-119.670,-80.873,-706.900,0.461,300.230,818.576,-1.672033,0
6.7365,-119.670,-85.533,-705.976,-0.187,304.450,751.987,-1.672033,0
6.7413,-119.670,-85.533,-705.976,-0.187,309.380,806.299,-1.672033,0
6.7464,-119.670,-94.720,-669.038,0.585,314.300,813.049,1.107504,1
6.7513,-125.563,-98.984,-620.096,0.710,318.520,758.123,1.107504,0
6.7563,-125.563,-102.962,-578.540,0.353,322.730,723.617,1.107504,0
6.7615,-125.563,-106.655,-536.062,0.693,326.250,658.698,1.107504,0
6.7664,-125.563,-110.040,-485.272,0.851,326.250,658.698,4.008543,1
6.7724,-125.455,-113.468,-410.473,0.942,329.770,615.236,4.008543,0
6.7773,-125.455,-115.996,-354.142,0.652,332.930,580.130,4.008543,0
6.7823,-125.455,-118.106,-303.353,0.909,335.740,524.298,4.008543,0
6.7873,-125.455,-119.886,-247.946,0.776,338.200,463.863,5.782173,1
6.7924,-119.347,-121.359,-202.697,0.743,340.310,409.221,5.782173,0
6.7974,-119.347,-122.414,-134.362,1.167,340.310,409.221,5.782173,0
6.8023,-119.347,-122.919,-45.711,1.133,342.070,348.792,5.782173,0
6.8073,-119.347,-122.919,-45.711,1.133,343.830,324.930,5.502779,1
6.8123,-107.239,-122.744,40.170,0.295,344.880,249.598,5.502779,0
6.8174,-107.239,-122.194,101.118,1.125,345.940,212.226,5.502779,0
6.8223,-107.239,-121.227,169.453,1.009,346.290,135.478,5.502779,0
6.8273,-107.239,-121.227,169.453,1.009,346.290,135.478,4.345135,1
6.8323,-89.131,-118.590,211.008,0.179,346.290,67.739,4.345135,0
6.8373,-89.131,-116.831,301.506,1.930,346.640,64.613,4.345135,0
6.8423,-89.131,-114.501,373.535,1.100,346.640,32.307,4.345135,0
6.8474,-89.131,-111.820,407.702,0.477,345.940,-41.072,3.454725,1
6.8524,-65.023,-108.985,422.478,0.071,344.880,-108.031,3.454725,0
6.8573,-65.023,-105.732,530.521,2.013,344.880,-108.031,3.454725,0
6.8634,-65.023,-105.732,530.521,2.013,343.830,-142.226,3.454725,0
6.8683,-65.023,-96.962,640.412,0.560,341.720,-246.228,2.845378,1
6.8734,-35.023,-92.654,643.182,-0.046,339.610,-298.955,2.845378,0
6.8783,-35.023,-87.994,741.991,2.362,337.150,-357.088,2.845378,0
6.8833,-35.023,-82.609,836.183,1.208,334.340,-415.776,2.845378,0
6.8883,-35.023,-76.895,864.809,0.569,330.470,-530.565,2.139035,1
6.8934,-5.023,-76.895,864.809,0.569,330.470,-530.565,2.139035,0
6.8983,-5.023,-71.136,862.039,0.004,326.250,-605.187,2.139035,0
6.9033,-5.023,-58.520,1001.480,1.009,321.680,-696.108,2.139035,0
6.9084,-5.023,-51.684,1031.030,0.220,316.410,-781.537,1.588669,1
6.9134,24.977,-44.871,1011.638,-0.303,311.130,-835.481,1.588669,0
6.9184,24.977,-37.881,1055.040,1.548,304.800,-947.606,1.588669,0
6.9234,24.977,-30.584,1103.059,0.917,304.800,-947.606,1.588669,0
6.9284,24.977,-23.243,1110.447,0.137,298.120,-1017.957,1.587937,1
6.9334,48.977,-15.836,1085.514,-0.569,290.740,-1118.634,1.587937,0
6.9384,48.977,-8.517,1085.514,0.469,283.360,-1185.589,1.587937,0
6.9433,48.977,-8.517,1085.514,0.469,276.680,-1156.676,1.587937,0
6.9483,48.977,6.143,1069.815,-0.162,269.300,-1190.639,2.115986,1
6.9544,66.977,14.232,1018.102,-1.208,262.270,-1180.130,2.115986,0
6.9594,66.977,20.825,982.087,-0.295,262.270,-1180.130,2.115986,0
6.9644,66.977,27.287,956.231,-0.610,255.590,-1135.841,2.115986,0
6.9693,66.977,27.287,956.231,-0.610,249.610,-1071.394,3.754277,1
6.9744,78.977,33.464,905.441,-0.959,244.690,-950.382,3.754277,0
6.9793,78.977,39.200,830.642,-1.225,239.060,-944.946,3.754277,0
6.9843,78.977,49.574,741.067,-0.610,234.140,-880.710,3.754277,0
6.9893,78.977,54.322,690.278,-0.992,234.140,-880.710,4.584304,1
6.9944,91.686,58.652,622.866,-1.000,229.220,-833.630,4.584304,0
6.9994,91.686,62.652,597.009,-0.004,224.650,-811.000,4.584304,0
7.0043,91.686,66.542,574.847,-0.278,221.130,-703.336,4.584304,0
7.0093,91.686,70.301,549.914,-0.544,216.910,-703.640,5.948664,1
7.0144,110.395,73.840,509.282,-0.768,213.400,-642.623,5.948664,0
7.0193,110.395,73.840,509.282,-0.768,213.400,-642.623,5.948664,0
7.0244,110.395,81.005,553.607,0.428,209.530,-636.355,5.948664,0
7.0293,110.395,81.005,553.607,0.428,206.020,-614.710,6.748742,1
7.0344,134.975,88.478,549.914,-0.095,203.200,-545.443,6.748742,0
7.0403,134.975,88.478,549.914,-0.095,200.740,-477.744,6.748742,0
7.0453,134.975,97.511,681.967,0.760,198.280,-444.313,6.748742,0
7.0504,134.975,102.193,698.589,0.436,196.880,-338.837,7.190932,1
7.0554,153.554,102.193,698.589,0.436,196.880,-338.837,7.190932,0
7.0604,153.554,106.787,688.431,-0.253,195.820,-254.180,7.190932,0
7.0654,153.554,116.480,748.455,0.378,194.770,-218.350,7.190932,0
7.0703,153.554,116.480,748.455,0.378,194.060,-168.324,7.228167,1
7.0754,166.134,126.414,720.752,-0.494,194.060,-84.162,7.228167,0
7.0803,166.134,126.414,720.752,-0.494,194.060,-42.081,7.228167,0
7.0854,166.134,131.250,717.981,0.145,194.060,-42.081,7.228167,0
7.0904,166.134,140.547,684.737,-0.585,194.060,-21.041,7.195334,1
7.0954,172.713,144.899,637.641,-0.760,194.060,-10.520,7.195334,0
7.1004,172.713,148.921,591.469,-0.361,194.060,-5.260,7.195334,0
7.1053,172.713,152.701,540.679,-0.735,194.060,-2.630,7.195334,0
7.1104,172.713,156.196,499.124,-0.976,194.060,-1.315,6.931715,1
7.1154,173.292,159.295,441.870,-0.992,194.060,-1.315,6.931715,0
7.1204,173.292,162.021,386.463,-0.693,193.710,-28.811,6.931715,0
7.1254,173.292,164.394,330.133,-0.810,193.010,-74.979,6.931715,0
7.1314,173.292,166.636,269.185,-0.876,192.300,-96.760,6.620615,1
7.1363,167.872,166.636,269.185,-0.876,190.550,-193.771,6.620615,0
7.1414,167.872,169.428,154.678,-1.175,189.140,-214.674,6.620615,0
7.1464,167.872,170.175,85.419,-1.283,187.380,-250.894,6.620615,0
7.1514,167.872,170.483,18.007,-0.893,187.380,-250.894,6.280099,1
7.1564,156.451,170.461,-18.007,-0.519,185.270,-294.444,6.280099,0
7.1614,156.451,170.065,-84.496,-1.524,182.460,-396.441,6.280099,0
7.1663,156.451,169.230,-145.443,-1.025,179.300,-461.910,6.280099,0
7.1713,156.451,169.230,-145.443,-1.025,175.780,-524.273,5.909824,1
7.1764,139.030,166.812,-197.156,-0.419,171.910,-572.193,5.909824,0
7.1823,139.030,166.812,-197.156,-0.419,168.400,-589.864,5.909824,0
7.1874,139.030,164.856,-293.195,-1.416,168.400,-589.864,5.909824,0
7.1924,139.030,160.130,-386.463,-0.602,163.830,-667.730,5.359521,1
7.1974,115.610,160.130,-386.463,-0.602,158.550,-772.513,5.359521,0
7.2024,115.610,154.460,-499.124,-1.922,153.280,-836.996,5.359521,0
7.2073,115.610,154.460,-499.124,-1.922,147.300,-910.755,5.359521,0
7.2124,115.610,146.767,-605.320,-0.635,141.330,-959.384,4.669929,1
7.2174,93.399,142.657,-616.402,-0.336,141.330,-959.384,4.669929,0
7.2224,93.399,138.349,-690.278,-1.648,133.950,-1078.651,4.669929,0
7.2274,93.399,133.492,-739.220,-0.942,126.210,-1201.996,4.669929,0
7.2324,93.399,128.524,-759.536,-0.278,117.420,-1332.702,3.847777,1
7.2374,76.956,123.535,-745.685,0.087,108.630,-1389.600,3.847777,0
7.2424,76.956,118.436,-766.000,-0.643,100.200,-1407.305,3.847777,0
7.2474,76.956,118.436,-766.000,-0.643,100.200,-1407.305,3.847777,0
7.2524,76.956,113.271,-774.312,-0.436,90.000,-1527.669,2.554334,1
7.2574,54.512,103.094,-734.603,0.436,79.800,-1614.895,2.554334,0
7.2624,54.512,103.094,-734.603,0.436,69.610,-1683.185,2.554334,0
7.2674,54.512,92.962,-766.000,-0.635,59.060,-1720.384,2.554334,0
7.2734,54.512,86.983,-773.388,-0.012,49.220,-1680.274,0.701711,1
7.2784,26.069,81.928,-743.838,0.602,39.020,-1684.101,0.701711,0
7.2834,26.069,76.829,-792.781,-1.548,29.880,-1740.340,0.701711,0
7.2884,26.069,71.312,-846.341,-0.735,29.880,-1740.340,0.701711,0
7.2934,26.069,65.575,-863.886,-0.237,20.390,-1653.716,-0.467911,1
7.2983,-3.931,65.575,-863.886,-0.237,11.250,-1495.416,-0.467911,0
7.3034,-3.931,53.970,-914.676,-1.756,2.110,-1511.500,-0.467911,0
7.3084,-3.931,47.596,-976.547,-0.951,353.670,-1454.318,-0.467911,0
7.3134,-3.931,40.980,-990.398,-0.237,345.940,-1476.055,0.064407,1
7.3184,-27.931,34.409,-983.934,0.353,345.940,-1476.055,0.064407,0
7.3234,-27.931,27.815,-1005.174,-0.843,337.850,-1331.382,0.064407,0
7.3283,-27.931,27.815,-1005.174,-0.843,328.710,-1429.625,0.064407,0
7.3333,-27.931,21.045,-1023.643,-0.436,319.570,-1476.916,1.318754,1
7.3394,-45.931,14.232,-1011.638,0.120,310.430,-1487.790,1.318754,0
7.3444,-45.931,6.209,-972.853,0.751,300.230,-1595.515,1.318754,0
7.3495,-45.931,-0.165,-954.384,-0.170,291.450,-1535.735,1.318754,0
7.3544,-45.931,-12.473,-890.666,0.710,291.450,-1535.735,1.211759,1
7.3594,-57.931,-18.166,-826.948,1.316,280.900,-1619.563,1.211759,0
7.3644,-57.931,-23.529,-794.627,0.403,270.700,-1691.862,1.211759,0
7.3693,-57.931,-23.529,-794.627,0.403,260.860,-1667.170,1.211759,0
7.3743,-57.931,-28.628,-751.225,0.760,251.370,-1614.211,0.133414,1
7.3794,-63.931,-37.771,-631.177,1.391,243.280,-1594.998,0.133414,0
7.3844,-63.931,-41.750,-580.387,0.801,243.280,-1594.998,0.133414,0
7.3893,-63.931,-41.750,-580.387,0.801,234.840,-1418.787,0.133414,0
7.3944,-63.931,-48.717,-473.267,0.884,227.110,-1352.400,-0.136503,1
7.3994,-63.931,-51.684,-410.473,0.976,220.430,-1233.418,-0.136503,0
7.4044,-63.931,-54.190,-351.372,0.976,214.100,-1128.838,-0.136503,0
7.4103,-63.931,-54.190,-351.372,0.976,208.830,-1014.882,-0.136503,0
7.4154,-63.931,-58.388,-239.635,0.810,203.200,-1050.547,-0.034181,1
7.4204,-57.931,-59.817,-195.309,0.569,203.200,-1050.547,-0.034181,0
7.4254,-57.931,-60.894,-134.362,1.490,198.280,-888.024,-0.034181,0
7.4303,-57.931,-60.894,-134.362,1.490,193.710,-825.249,-0.034181,0
7.4354,-57.931,-61.487,13.390,0.810,189.490,-764.156,0.198551,1
7.4404,-45.931,-61.311,37.400,0.502,185.980,-669.253,0.198551,0
7.4454,-45.931,-61.311,37.400,0.502,183.160,-608.125,0.198551,0
7.4505,-45.931,-59.883,162.065,0.926,183.160,-608.125,0.198551,0
7.4554,-45.931,-59.883,162.065,0.926,180.700,-485.156,0.403794,1
7.4604,-27.931,-57.289,215.625,0.544,178.240,-446.372,0.403794,0
7.4654,-27.931,-55.553,300.582,1.656,175.780,-428.731,0.403794,0
7.4704,-27.931,-53.245,370.765,1.075,174.020,-358.144,0.403794,0
7.4754,-27.931,-50.607,408.626,0.726,174.020,-358.144,1.126065,1
7.4804,-3.931,-50.607,408.626,0.726,172.970,-261.435,1.126065,0
7.4854,-3.931,-44.541,530.521,2.213,171.560,-277.449,1.126065,0
7.4904,-3.931,-44.541,530.521,2.213,170.860,-191.067,1.126065,0
7.4965,-3.931,-35.727,638.565,0.262,170.160,-153.768,1.996411,1
7.5014,26.069,-31.441,645.952,0.062,170.160,-76.884,1.996411,0
7.5064,26.069,-31.441,645.952,0.062,169.800,-67.774,1.996411,0
7.5116,26.069,-26.782,735.527,2.437,169.800,-33.887,1.996411,0
7.5166,26.069,-15.748,862.039,0.311,169.800,-33.887,2.989917,1
7.5214,56.069,-9.968,860.192,-0.021,170.160,10.444,2.989917,0
7.5264,56.069,-9.968,860.192,-0.021,170.860,70.848,2.989917,0
7.5314,56.069,2.605,1006.097,1.208,171.910,122.814,2.989917,0
7.5364,56.069,9.440,1027.336,0.444,172.620,119.283,3.785681,1
7.5417,80.069,16.276,1016.255,-0.187,173.670,147.859,3.785681,0
7.5465,80.069,23.111,1037.494,0.843,173.670,147.859,3.785681,0
7.5514,80.069,30.145,1054.116,0.328,174.730,163.620,3.785681,0
7.5564,80.069,37.156,1040.265,-0.245,175.430,140.162,4.976730,1
7.5614,99.535,44.080,1012.561,-0.992,176.480,157.518,4.976730,0
7.5664,99.535,50.761,990.398,-0.004,176.840,107.506,4.976730,0
7.5716,99.535,57.377,971.930,-0.237,177.190,83.944,4.976730,0
7.5774,99.535,57.377,971.930,-0.237,177.190,83.944,6.108418,1
7.5824,122.168,70.740,866.656,-1.316,177.540,68.925,6.108418,0
7.5874,122.168,76.389,846.341,0.253,177.540,34.462,6.108418,0
7.5924,122.168,82.038,846.341,0.262,176.840,-35.380,6.108418,0
7.5974,122.168,87.621,827.872,-0.295,176.130,-76.936,7.653425,1
7.6024,150.802,93.028,792.781,-0.743,175.080,-125.179,7.653425,0
7.6074,150.802,98.434,832.489,1.358,174.020,-165.087,7.653425,0
7.6124,150.802,104.193,879.585,0.743,174.020,-165.087,7.653425,0
7.6174,150.802,110.105,890.666,0.087,172.970,-159.863,7.649941,1
7.6224,173.436,115.996,876.814,-0.212,171.910,-164.100,7.649941,0
7.6274,173.436,115.996,876.814,-0.212,171.210,-143.554,7.649941,0
7.6324,173.436,121.952,908.212,1.067,170.160,-157.100,7.649941,0
7.6374,173.436,134.305,928.527,-0.087,170.160,-157.100,7.240709,1
7.6424,190.070,140.393,898.977,-0.685,169.100,-162.520,7.240709,0
7.6474,190.070,140.393,898.977,-0.685,167.700,-225.867,7.240709,0
7.6524,190.070,152.306,873.121,-0.037,165.940,-244.253,7.240709,0
7.6574,190.070,158.064,844.494,-0.527,163.830,-298.021,6.691728,1
7.6634,200.703,158.064,844.494,-0.527,161.020,-378.343,6.691728,0
7.6684,200.703,164.307,770.618,-1.092,158.200,-460.696,6.691728,0
7.6737,200.703,173.999,686.584,-0.668,154.340,-515.462,6.691728,0
7.6785,200.703,178.373,636.718,-0.668,154.340,-515.462,5.736265,1
7.6834,205.337,178.373,636.718,-0.668,149.770,-632.619,5.736265,0
7.6884,205.337,185.956,520.363,-0.801,144.840,-807.171,5.736265,0
7.6934,205.337,189.253,477.885,-0.901,139.220,-816.848,5.736265,0
7.6984,205.337,192.176,425.248,-0.735,132.890,-1018.751,4.169048,1
7.7035,203.971,194.726,359.683,-0.643,132.890,-1018.751,4.169048,0
7.7084,203.971,194.726,359.683,-0.643,125.860,-1013.105,4.169048,0
7.7134,203.971,196.924,301.506,-0.984,118.480,-1138.393,4.169048,0
7.7184,203.971,198.726,250.716,-0.859,110.740,-1313.663,1.974742,1
7.7235,196.605,200.199,202.697,-0.818,102.660,-1250.219,1.974742,0
7.7285,196.605,202.045,63.256,-1.739,94.220,-1445.010,1.974742,0
7.7334,196.605,202.133,-12.467,-1.150,86.840,-1344.546,1.974742,0
7.7385,196.605,201.825,-61.409,-0.527,86.840,-1344.546,0.052628,1
7.7444,183.238,201.320,-73.414,-0.187,68.910,-1484.776,0.052628,0
7.7494,183.238,200.572,-142.673,-1.407,68.910,-1484.776,0.052628,0
7.7545,183.238,199.364,-196.233,-1.100,60.470,-1434.415,0.052628,0
7.7594,183.238,199.364,-196.233,-1.100,51.330,-1619.775,-3.187944,1
7.7644,163.872,196.264,-251.640,-0.527,42.190,-1556.383,-3.187944,0
7.7694,163.872,194.242,-344.908,-1.723,32.700,-1600.005,-3.187944,0
7.7744,163.872,194.242,-344.908,-1.723,23.910,-1440.501,-3.187944,0
7.7794,163.872,191.583,-416.014,-0.976,15.470,-1549.722,-6.669440,1
7.7844,138.506,185.517,-466.803,-0.286,15.470,-1549.722,-6.669440,0
7.7894,138.506,181.978,-577.617,-2.271,7.380,-1432.118,-6.669440,0
7.7944,138.506,177.758,-657.034,-0.926,359.300,-1318.802,-6.669440,0
7.7994,138.506,173.230,-686.584,-0.585,351.910,-1369.355,-4.265271,1
7.8044,108.506,168.593,-697.665,-0.120,345.230,-1172.710,-4.265271,0
7.8094,108.506,163.603,-790.934,-2.420,338.200,-1267.089,-4.265271,0
7.8144,108.506,157.889,-874.044,-1.108,338.200,-1267.089,-4.265271,0
7.8194,108.506,151.756,-912.829,-0.386,331.880,-1098.439,-1.203893,1
7.8254,78.506,151.756,-912.829,-0.386,325.900,-1124.805,-1.203893,0
7.8304,78.506,144.591,-898.054,0.320,319.220,-1053.219,-1.203893,0
7.8354,78.506,131.469,-1024.566,-0.793,312.890,-1136.847,-1.203893,0
7.8404,78.506,124.480,-1045.805,-0.004,306.210,-1051.011,0.283928,1
7.8464,48.506,116.567,-1009.791,0.369,299.530,-1168.660,0.283928,0
7.8514,48.506,116.567,-1009.791,0.369,299.530,-1168.660,0.283928,0
7.8565,48.506,102.567,-1081.820,-0.760,292.150,-1118.709,0.283928,0
7.8614,48.506,95.291,-1092.901,-0.062,285.120,-1253.787,0.369260,1
7.8664,18.506,88.126,-1066.121,0.619,277.730,-1172.039,0.369260,0
7.8714,18.506,80.983,-1085.514,-0.826,270.700,-1267.203,0.369260,0
7.8765,18.506,73.598,-1120.605,-0.627,263.320,-1171.792,0.369260,0
7.8815,18.506,66.125,-1112.294,-0.203,256.990,-1200.370,1.025478,1
7.8864,-5.494,58.784,-1084.590,0.735,256.990,-1200.370,1.025478,0
7.8914,-5.494,58.784,-1084.590,0.735,250.660,-1065.690,1.025478,0
7.8964,-5.494,44.255,-1091.054,-0.095,245.740,-1007.339,1.025478,0
7.9014,-5.494,37.046,-1072.585,0.361,241.170,-839.114,-0.695330,1
7.9064,-23.494,30.101,-1023.643,0.959,237.660,-758.447,-0.695330,0
7.9114,-23.494,30.101,-1023.643,0.959,237.660,-758.447,-0.695330,0
7.9164,-23.494,23.397,-988.552,-0.029,234.840,-579.659,-0.695330,0
7.9214,-23.494,10.539,-917.446,0.834,232.730,-496.459,-4.034792,1
7.9274,-47.494,3.769,-836.183,1.167,231.680,-326.651,-4.034792,0
7.9324,-47.494,-1.681,-825.101,-0.237,231.330,-197.092,-4.034792,0
7.9374,-47.494,-7.154,-818.637,-0.303,231.680,-72.963,-4.034792,0
7.9425,-47.494,-12.605,-812.173,0.037,233.090,96.780,-8.220684,1
7.9477,-77.494,-17.990,-793.704,0.627,234.840,178.348,-8.220684,0
7.9524,-77.494,-17.990,-793.704,0.627,234.840,178.348,-8.220684,0
7.9574,-77.494,-23.331,-837.106,-1.739,236.950,289.515,-8.220684,0
7.9624,-77.494,-35.222,-912.829,-0.237,239.770,355.087,-7.390969,1
7.9675,-107.494,-41.310,-910.058,0.336,242.580,442.787,-7.390969,0
7.9725,-107.494,-47.618,-967.312,-1.557,246.450,509.466,-7.390969,0
7.9774,-107.494,-54.300,-1023.643,-0.826,250.660,662.102,-7.390969,0
7.9826,-107.494,-61.136,-1040.265,-0.079,250.660,662.102,-5.196379,1
7.9874,-131.494,-68.015,-1020.872,0.436,255.230,641.063,-5.196379,0
7.9924,-131.494,-74.939,-1042.112,-0.660,260.160,855.114,-5.196379,0
7.9974,-131.494,-81.950,-1049.499,-0.286,266.130,865.788,-5.196379,0
8.0024,-131.494,-89.049,-1045.805,0.129,271.760,976.622,-3.953771,1
8.0075,-149.494,-89.049,-1045.805,0.129,271.760,976.622,-3.953771,0
8.0134,-149.494,-103.622,-980.241,0.145,283.710,986.063,-3.953771,0
8.0184,-149.494,-110.084,-959.925,0.386,283.710,986.063,-3.953771,0
8.0234,-149.494,-110.084,-959.925,0.386,290.040,956.562,-0.737661,1
8.0284,-161.494,-116.282,-909.135,0.718,295.660,985.311,-0.737661,0
8.0334,-161.494,-122.040,-840.800,1.366,301.290,928.362,-0.737661,0
8.0384,-161.494,-132.502,-748.455,0.519,306.210,939.072,-0.737661,0
8.0434,-161.494,-137.250,-692.125,1.092,306.210,939.072,2.721200,1
8.0484,-167.494,-137.250,-692.125,1.092,310.780,780.597,2.721200,0
8.0534,-167.494,-141.558,-621.019,1.175,315.350,865.420,2.721200,0
8.0584,-167.494,-145.470,-573.000,0.511,319.570,749.527,2.721200,0
8.0634,-167.494,-149.075,-518.516,0.527,323.090,713.168,4.850704,1
8.0684,-167.494,-155.207,-404.932,0.743,326.950,638.297,4.850704,0
8.0734,-167.494,-157.713,-363.377,0.942,329.770,592.821,4.850704,0
8.0784,-167.494,-159.845,-298.736,0.843,329.770,592.821,4.850704,0
8.0834,-167.494,-161.691,-254.410,0.619,332.580,503.293,5.928062,1
8.0884,-161.494,-161.691,-254.410,0.619,335.390,507.067,5.928062,0
8.0934,-161.494,-164.263,-137.132,1.299,337.850,441.937,5.928062,0
8.0994,-161.494,-164.263,-137.132,1.299,339.610,391.855,5.928062,0
8.1044,-161.494,-164.944,10.620,0.602,341.720,350.597,5.234270,1
