time_s,target_angle_deg,motor_angle_deg,motor_vel_deg_s,motor_torque_nm,pole_angle_deg,pole_vel_deg_s,policy_action,policy_updated,source_time_s,replay_motor_angle_deg,real_pole_angle_unwrapped_deg,sim_pole_angle_unwrapped_deg,real_pole_angle_wrapped_deg,sim_pole_angle_wrapped_deg,sim_pole_vel_deg_s,pole_angle_error_deg
0.0,0.0,5.132,-2.309,-0.004,359.65,0.0,2.333908,1,0.107,5.132,359.65,359.65,359.65,359.65,0.0,0.0
0.005100000000000007,11.132,4.978,-37.4,-0.751,0.0,28.303,2.333908,0,0.1121,4.986279711884754,360.0,359.6150254758951,0.0,359.6150254758951,-9.292885656416113,-0.38497452410490496
0.010000000000000009,11.132,4.912,18.007,1.167,0.0,14.151,2.333908,0,0.117,4.912000000000001,360.0,359.5579762572947,0.0,359.5579762572947,-11.364811421701633,-0.4420237427052598
0.015,11.132,5.242,55.869,0.652,0.0,7.076,2.333908,0,0.122,5.253,360.0,359.54767837951437,0.0,359.54767837951437,3.2514776645326045,-0.4523216204856908
0.020000000000000004,11.132,5.682,70.644,0.494,0.0,3.538,3.502459,1,0.127,5.682,360.0,359.6555990865838,0.0,359.6555990865838,31.13582547937438,-0.3444009134161661
0.02500000000000001,23.132,6.231,85.419,0.286,359.3,-65.947,3.502459,0,0.132,6.1761,359.3,359.9197891149138,359.3,359.9197891149138,59.83791701054734,0.6197891149137718
0.030000000000000013,23.132,6.231,85.419,0.286,359.3,-65.947,3.502459,0,0.137,6.231,359.3,360.32190213843865,359.3,0.3219021384386451,93.69217806630344,1.0219021384386338
0.03499999999999999,23.132,8.165,187.922,0.917,358.95,-61.74,3.502459,0,0.142,8.1101,358.95,361.0579630711381,358.95,1.05796307113809,172.46938207294218,2.1079630711381014
0.039999999999999994,23.132,9.55,225.783,0.577,357.89,-121.306,4.466289,1,0.147,9.55,357.89,362.2730902203398,357.89,2.273090220339782,275.9145507915718,4.3830902203397955
0.045,41.132,11.089,232.247,0.187,356.48,-178.789,4.466289,0,0.152,11.1263,356.4800000000001,364.01083151835553,356.4800000000001,4.0108315183555305,377.0228113173986,7.5308315183554555
0.05,41.132,13.001,319.975,1.739,355.08,-205.905,4.466289,0,0.157,13.001000000000001,355.08000000000004,366.2969639656437,355.08000000000004,6.296963965643727,497.65254953239463,11.216963965643686
0.05500000000000001,41.132,15.419,381.846,1.075,353.32,-248.916,4.466289,0,0.162,15.177200000000001,353.32,369.23732655231476,353.32,9.237326552314755,616.7609012602751,15.917326552314762
0.06000000000000001,41.132,15.419,381.846,1.075,353.32,-248.916,4.949677,1,0.167,15.419000000000029,353.32,372.63794457563034,353.32,12.637944575630343,714.1707525651368,19.31794457563035
0.0662,65.132,21.573,433.559,0.228,350.86,-318.029,4.949677,0,0.1732,21.515497983870983,350.86,377.9201044171154,350.86,17.920104417115397,937.8788304848644,27.060104417115383
0.071,65.132,24.804,529.598,2.063,348.4,-372.685,4.949677,0,0.178,24.856437500000002,348.40000000000003,383.2528596664701,348.40000000000003,23.2528596664701,1174.761277364248,34.85285966647007
0.076,65.132,28.694,604.397,1.142,345.59,-425.317,4.949677,0,0.183,28.694,345.59,389.90212503033405,345.59,29.902125030334048,1403.4574637678286,44.31212503033407
0.081,65.132,32.892,639.488,0.552,342.07,-505.019,5.036994,1,0.188,32.8986,342.07,397.76645076410097,342.07,37.766450764100966,1637.9661089796048,55.69645076410097
0.08600000000000001,95.132,37.156,640.412,0.004,338.2,-577.679,5.036994,0,0.193,37.156000000000006,338.2,406.7198729122057,338.2,46.71987291220569,1860.8803892972674,68.5198729122057
0.09100000000000001,95.132,41.816,741.067,2.528,334.69,-580.003,5.036994,0,0.198,41.8757843137255,334.69,416.7600822004308,334.69,56.760082200430816,2063.454531805138,82.07008220043082
0.0961,95.132,47.179,832.489,1.225,334.69,-580.003,5.036994,0,0.2031,47.19030914365745,334.69,427.91635515673437,334.69,67.91635515673437,2241.5623290589806,93.22635515673437
0.10099999999999999,95.132,52.915,868.503,0.594,329.77,-693.846,4.522775,1,0.208,52.329693877551016,329.77,439.2634650567748,329.77,79.2634650567748,2330.525941935844,109.49346505677482
0.106,119.132,52.915,868.503,0.594,324.49,-770.102,4.522775,0,0.213,52.91500000000009,324.49,450.91725753012884,324.49,90.91725753012884,2325.10906035984,126.42725753012883
0.111,119.132,58.718,867.58,0.071,318.87,-880.619,4.522775,0,0.218,58.7333,318.87,462.33559932185807,318.87,102.33559932185807,2259.226811573756,143.46559932185806
0.116,119.132,64.674,913.752,1.382,312.89,-939.312,4.522775,0,0.223,64.67400000000013,312.89,473.0164034136744,312.89,113.01640341367442,2057.240264120253,160.12640341367444
0.12100000000000001,119.132,77.444,966.389,0.029,306.21,-1025.511,2.731358,1,0.228,76.16700000000002,306.21,481.9709743793373,306.21,121.97097437933729,1691.9672707882335,175.7609743793373
0.1261,137.132,77.444,966.389,0.029,306.21,-1025.511,2.731358,0,0.2331,77.68774285714264,306.21,489.4048685123841,306.21,129.4048685123841,1344.4724293948525,-176.80513148761588
0.131,137.132,90.016,935.915,0.187,299.88,-1027.407,2.731358,0,0.238,89.35524285714287,299.88,494.52090007902024,299.88,134.52090007902024,905.3201006998527,-165.35909992097976
0.136,137.132,96.237,932.221,0.004,292.85,-1114.436,2.731358,0,0.243,96.23700000000001,292.8500000000001,497.1834375529178,292.8500000000001,137.18343755291778,371.8747861531415,-155.6665624470823
0.14100000000000001,137.132,102.391,903.594,-0.295,285.82,-1144.724,1.986496,1,0.248,102.36019999999999,285.82,497.6580158023161,285.82,137.65801580231607,-11.826882082882847,-148.16198419768392
0.14600000000000002,149.132,108.237,845.417,-1.009,278.79,-1160.26,1.986496,0,0.253,108.23699999999998,278.79,496.337372969716,278.79,136.337372969716,-380.5590799825727,-142.45262703028402
0.15100000000000002,149.132,113.82,802.015,-0.461,272.11,-1128.209,1.986496,0,0.258,113.76719999999999,272.11,493.2013263301303,272.11,133.2013263301303,-719.5824102126699,-138.9086736698697
0.15700000000000003,149.132,119.886,765.077,-0.801,265.78,-1096.728,1.986496,0,0.264,119.86410000000001,265.78,487.4307470314779,265.78,127.43074703147789,-1076.3472922135447,-138.34925296852208
0.16200000000000003,149.132,124.722,703.206,-0.901,265.78,-1096.728,1.803878,1,0.269,124.72199999999991,265.78,481.26973630106636,265.78,121.26973630106636,-1291.8509280148346,-144.5102636989336
0.16700000000000004,155.132,124.722,703.206,-0.901,259.1,-1070.848,1.803878,0,0.274,125.5572,259.1,474.33795345560355,259.1,114.33795345560355,-1427.9782682836878,-144.76204654439647
0.17200000000000004,155.132,133.074,575.77,-0.876,253.48,-1037.574,1.803878,0,0.279,133.07399999999993,253.48,466.6229757494902,253.48,106.6229757494902,-1599.4465432660174,-146.8570242505098
0.177,155.132,136.722,527.751,-0.884,247.85,-987.584,1.803878,0,0.284,136.68470000000002,247.85,458.0859908435682,247.85,98.0859908435682,-1737.8166984352358,-149.7640091564318
0.182,155.132,139.997,470.497,-0.992,242.58,-933.454,2.503717,1,0.289,139.997,242.58000000000004,449.17731894469904,242.58000000000004,89.17731894469904,-1797.3545642421525,-153.402681055301
0.187,155.132,142.899,415.09,-1.075,237.3,-905.366,2.503717,0,0.294,142.85930000000002,237.3,440.11240260479605,237.3,80.11240260479605,-1815.7936219993649,-157.18759739520397
0.192,155.132,145.404,353.219,-0.751,237.3,-905.366,2.503717,0,0.299,145.404,237.3,431.056488228718,237.3,71.05648822871802,-1806.4973093280394,-166.243511771282
0.197,155.132,147.536,294.118,-0.793,232.38,-857.611,2.503717,0,0.304,147.5009,232.38,422.1236154974492,232.38,62.12361549744918,-1777.4520136506403,-170.25638450255082
0.202,155.132,149.317,248.869,-0.876,227.11,-874.108,3.363789,1,0.309,149.317,227.11000000000004,413.3662750433619,227.11000000000004,53.366275043361895,-1738.5415006877736,-173.74372495663815
0.20700000000000002,149.132,150.767,203.62,-0.61,222.19,-847.065,3.363789,0,0.314,150.7297,222.19,404.8240303271351,222.19,44.82403032713512,-1696.8998516350077,-177.36596967286488
0.21200000000000002,149.132,151.844,133.438,-1.133,216.91,-863.974,3.363789,0,0.319,151.84399999999997,216.91,396.4535055619305,216.91,36.45350556193051,-1665.8127278418083,179.5435055619305
0.21700000000000003,149.132,151.844,133.438,-1.133,211.64,-871.356,3.363789,0,0.324,151.90439215686274,211.64000000000001,388.15715282723374,211.64000000000001,28.157152827233745,-1657.4023169912002,176.51715282723376
0.22210000000000002,149.132,152.46,-13.39,-0.71,211.64,-871.356,4.142574,1,0.3291,152.44434549019613,211.64000000000001,379.7169757552711,211.64000000000001,19.716975755271108,-1654.0308903849866,168.07697575527106
0.22710000000000002,137.132,152.24,-38.323,-0.394,206.02,-865.432,4.142574,0,0.3341,152.26178000000002,206.02,371.4425870618174,206.02,11.442587061817392,-1656.5951813887489,165.42258706181735
0.23200000000000004,137.132,152.24,-38.323,-0.394,200.39,-946.708,4.142574,0,0.339,152.23999999999998,200.39,363.2597179311283,200.39,3.259717931128307,-1679.3389708349853,162.86971793112832
0.237,137.132,150.789,-161.142,-0.859,194.41,-971.018,4.142574,0,0.344,150.81705081967215,194.41,354.6613054495987,194.41,354.6613054495987,-1738.8258554930126,160.2513054495987
0.24310000000000004,137.132,149.361,-195.309,-0.66,187.73,-1042.982,5.044262,1,0.3501,149.33696542321843,187.73,343.663029643614,187.73,343.663029643614,-1835.0372149910288,155.93302964361396
0.248,119.132,147.976,-208.238,-0.087,181.41,-1042.106,5.044262,0,0.355,147.97599999999997,181.41,334.42240760126066,181.41,334.42240760126066,-1909.8470647284735,153.01240760126063
0.253,119.132,146.24,-302.429,-1.872,175.08,-1054.691,5.044262,0,0.36,146.18948235294118,175.08,324.5728572878426,175.08,324.5728572878426,-1994.4422387216948,149.49285728784264
0.2581,119.132,143.954,-371.688,-1.034,175.08,-1054.691,5.044262,0,0.3651,143.9458639855943,175.08,314.0719366252312,175.08,314.0719366252312,-2090.0510023874444,138.99193662523123
0.263,119.132,141.338,-404.009,-0.428,167.7,-1136.375,5.237978,1,0.37,141.3377819127651,167.7,303.50993054346065,167.7,303.50993054346065,-2179.2283927492754,135.80993054346067
0.2681,104.76,138.613,-417.86,-0.237,160.31,-1179.024,5.237978,0,0.3751,138.60664347739097,160.31,292.14152199490974,160.31,292.14152199490974,-2249.461197084659,131.83152199490974
0.273,104.76,135.667,-471.42,-1.324,152.58,-1245.417,5.237978,0,0.38,135.64663185274108,152.58000000000004,280.9857952747423,152.58000000000004,280.9857952747423,-2283.8388413569764,128.40579527474227
0.2781,104.76,132.393,-508.358,-0.743,144.14,-1325.687,5.237978,0,0.3851,132.38750566226494,144.14,269.3374957965448,144.14,269.3374957965448,-2279.132141043343,125.19749579654479
0.28300000000000003,104.76,128.964,-516.669,-0.336,135.35,-1395.531,5.011458,1,0.39,129.3138979591837,135.35,258.33151856097624,135.35,258.33151856097624,-2230.41742927373,122.98151856097627
0.2881,96.387,128.964,-516.669,-0.336,135.35,-1395.531,5.011458,0,0.3951,128.8975193877552,135.35,247.1941253895301,135.35,247.1941253895301,-2159.9505426960823,111.84412538953006
0.29300000000000004,96.387,125.535,-508.358,0.004,126.56,-1414.802,5.011458,0,0.4,125.20349795918368,126.56000000000002,237.01464925286504,126.56000000000002,237.01464925286504,-2031.0310407878646,110.45464925286501
0.29800000000000004,96.387,118.721,-509.282,-0.062,117.07,-1513.223,5.011458,0,0.405,118.72100000000013,117.07,227.72045616336737,117.07,227.72045616336737,-1770.093032358412,110.65045616336738
0.303,96.387,115.381,-493.583,0.253,107.23,-1579.47,3.754327,1,0.41,115.71500000000002,107.23000000000002,219.78911697213076,107.23000000000002,219.78911697213076,-1532.4078767632932,112.55911697213071
0.308,82.014,115.381,-493.583,0.253,97.03,-1638.009,3.754327,0,0.415,115.38099999999973,97.03,212.6229029949849,97.03,212.6229029949849,-1382.0760128742056,115.59290299498491
0.313,82.014,109.094,-467.727,-0.594,86.84,-1670.282,3.754327,0,0.42,109.41024901960783,86.84,206.55956606759017,86.84,206.55956606759017,-1135.6165635663917,119.71956606759016
0.3181,82.014,105.907,-475.114,-0.428,86.84,-1670.282,3.754327,0,0.4251,105.90415038015206,86.84,201.80775680685204,86.84,201.80775680685204,-842.7677904408614,114.96775680685204
0.323,82.014,102.698,-474.191,-0.195,75.94,-1732.054,2.233322,1,0.43,103.02544897959183,75.94,198.37743498556668,75.94,198.37743498556668,-653.8343904650961,122.43743498556671
0.329,61.642,102.698,-474.191,-0.195,65.04,-1784.763,2.233322,0,0.436,102.02574509803921,65.04000000000002,195.2489492022136,65.04000000000002,195.2489492022136,-442.644193106474,130.2089492022136
0.3341,61.642,95.841,-508.358,-1.374,54.14,-1802.883,2.233322,0,0.4411,95.89968863545404,54.14000000000001,193.9557318047092,54.14000000000001,193.9557318047092,-153.56388879802893,139.81573180470917
0.339,61.642,92.28,-548.99,-0.793,43.24,-1811.285,2.233322,0,0.446,92.26976734693876,43.24,194.36258958553168,43.24,194.36258958553168,165.24976529820896,151.12258958553167
0.34400000000000003,61.642,88.544,-563.765,-0.212,32.34,-1816.914,-0.15642,1,0.451,88.54400000000001,32.34,196.0820695623268,32.34,196.0820695623268,426.30282113058615,163.74206956232683
0.34900000000000003,35.269,84.807,-562.842,0.228,21.8,-1781.355,-0.15642,0,0.456,85.1807,21.8,199.0436360683446,21.8,199.0436360683446,644.2623370582235,177.24363606834459
0.35400000000000004,35.269,84.807,-562.842,0.228,21.8,-1781.355,-0.15642,0,0.461,84.80699999999962,21.8,202.86953392925625,21.8,202.86953392925625,833.8596604160838,-178.93046607074376
0.35900000000000004,35.269,76.125,-716.134,-1.158,11.6,-1727.855,-0.15642,0,0.466,76.50309999999999,11.6,208.25667102243762,11.6,208.25667102243762,1189.1449463834483,-163.34332897756235
0.364,35.269,71.224,-741.991,-0.32,1.76,-1705.12,-1.429318,1,0.471,71.22399999999999,1.76,215.6570657980231,1.76,215.6570657980231,1607.2954745142388,-146.1029342019769
0.369,5.269,66.257,-744.761,-0.137,352.27,-1634.198,-1.429318,0,0.476,66.22840000000001,-7.730000000000079,224.84194580052642,352.2699999999999,224.84194580052642,1924.94293426495,-127.42805419947351
0.374,5.269,61.004,-824.178,-2.038,342.42,-1641.172,-1.429318,0,0.481,61.00400000000029,-17.580000000000027,235.3609031127862,342.41999999999996,235.3609031127862,2172.2963607307834,-107.05909688721377
0.379,5.269,61.004,-824.178,-2.038,333.63,-1550.106,-1.429318,0,0.486,60.4171,-26.37000000000004,246.698018116251,333.62999999999994,246.698018116251,2302.783601653033,-86.93198188374893
0.384,5.269,55.135,-903.594,-0.976,333.63,-1550.106,-0.069455,1,0.491,55.134999999999636,-26.37000000000004,258.7236848732916,333.62999999999994,258.7236848732916,2463.0996489685776,-74.90631512670836
0.389,-18.731,42.739,-925.757,0.046,324.84,-1464.062,-0.069455,0,0.496,43.97859999999999,-35.16000000000005,271.59245472843054,324.8399999999999,271.59245472843054,2596.5523131105524,-53.24754527156938
0.394,-18.731,42.739,-925.757,0.046,315.7,-1547.589,-0.069455,0,0.501,42.73899999999965,-44.30000000000005,284.59272915880143,315.69999999999993,284.59272915880143,2593.6537095093613,-31.1072708411985
0.399,-18.731,36.453,-960.848,-1.299,306.56,-1534.181,-0.069455,0,0.506,36.4178,-53.44000000000003,297.3235516956003,306.55999999999995,297.3235516956003,2510.738451122643,-9.23644830439963
0.404,-18.731,29.815,-993.169,-0.693,297.07,-1555.051,1.400806,1,0.511,29.814999999999646,-62.93000000000006,308.93524282646797,297.06999999999994,308.93524282646797,2203.5352606448087,11.865242826468034
0.4091,-36.731,16.452,-966.389,0.461,287.23,-1585.217,1.400806,0,0.5161,17.139652058823575,-72.77000000000001,318.0852246937993,287.23,318.0852246937993,1621.285265225756,30.8552246937993
0.4151,-36.731,9.066,-954.384,-0.071,277.73,-1598.97,1.400806,0,0.5221,9.053031,-82.27000000000002,325.1277905182244,277.72999999999996,325.1277905182244,977.5457161740509,47.39779051822444
0.42010000000000003,-36.731,2.78,-939.609,0.145,277.73,-1598.97,1.400806,0,0.5271,2.899433999999673,-82.27000000000002,328.84958221840066,277.72999999999996,328.84958221840066,657.8051485739476,51.119582218400694
0.42500000000000004,-36.731,2.78,-939.609,0.145,267.89,-1610.201,1.78099,1,0.532,1.6143137254901936,-92.11000000000008,331.32174134061677,267.88999999999993,331.32174134061677,428.71276582769815,63.43174134061684
0.43010000000000004,-48.731,-9.11,-839.876,1.358,258.75,-1573.234,1.78099,0,0.5371,-8.992922669067948,-101.25000000000006,332.0871415826627,258.74999999999994,332.0871415826627,-3.37329274544523,73.33714158266275
0.43500000000000005,-48.731,-14.495,-792.781,0.66,250.31,-1493.751,1.78099,0,0.542,-14.455510204081634,-109.69000000000004,330.272405574607,250.30999999999995,330.272405574607,-489.2929205827095,79.96240557460703
0.44000000000000006,-48.731,-19.595,-750.302,0.594,242.23,-1419.469,1.78099,0,0.547,-19.594999999999978,-117.77000000000005,326.69482357474135,242.22999999999996,326.69482357474135,-814.0337820596646,84.46482357474139
0.44510000000000005,-48.731,-24.386,-698.589,1.075,234.84,-1323.629,0.922661,1,0.5521,-23.920991176470558,-125.16000000000005,321.62865809039545,234.83999999999995,321.62865809039545,-1046.0117959875868,86.78865809039553
0.45010000000000006,-54.731,-24.386,-698.589,1.075,234.84,-1323.629,0.922661,0,0.5571,-24.543015999999568,-125.16000000000005,315.92186648783434,234.83999999999995,315.92186648783434,-1190.206572040859,81.08186648783442
0.45510000000000006,-54.731,-32.65,-573.923,0.544,228.52,-1174.425,0.922661,0,0.5621,-32.198265020408144,-131.48000000000002,309.1918586772443,228.51999999999998,309.1918586772443,-1415.9776559041838,80.6718586772443
0.45999999999999996,-54.731,-36.277,-524.98,0.577,222.54,-1099.76,0.922661,0,0.567,-36.27699999999997,-137.46000000000006,301.49563517219985,222.53999999999994,301.49563517219985,-1628.9939566079122,78.95563517219989
0.46499999999999997,-54.731,-39.552,-471.42,0.685,217.27,-990.607,0.153408,1,0.572,-39.50891176470589,-142.73000000000002,293.0050563157576,217.26999999999998,293.0050563157576,-1719.963792071715,75.73505631575762
0.47009999999999996,-54.731,-42.453,-411.396,0.818,211.99,-934.92,0.153408,0,0.5771,-42.39896176470609,-148.01000000000005,284.0898248217283,211.98999999999995,284.0898248217283,-1753.9085880574316,72.09982482172836
0.47509999999999997,-54.731,-42.453,-411.396,0.818,208.12,-787.12,0.153408,0,0.5821,-42.701094000000026,-151.88000000000005,275.37195741966786,208.11999999999995,275.37195741966786,-1737.6551138788889,67.25195741966792
0.48009999999999997,-54.731,-44.959,-360.607,0.893,208.12,-787.12,0.153408,0,0.5871,-44.9865499999999,-151.88000000000005,266.78358746648877,208.11999999999995,266.78358746648877,-1706.9219080188022,58.66358746648882
0.4851,-54.731,-48.915,-252.563,0.652,204.26,-707.367,-0.479098,1,0.5921,-48.523355999999964,-155.74000000000007,258.4431988406421,204.25999999999993,258.4431988406421,-1650.7463840464263,54.18319884064215
0.49,-48.731,-48.915,-252.563,0.652,201.45,-595.077,-0.479098,0,0.597,-48.91500000000011,-158.55000000000007,250.5583100291961,201.44999999999993,250.5583100291961,-1590.6585391267067,49.10831002919616
0.4951,-48.731,-50.388,-205.467,0.643,198.28,-562.573,-0.479098,0,0.6021,-50.38590448408872,-161.72000000000006,242.65396191629756,198.27999999999994,242.65396191629756,-1530.9486160788827,44.37396191629762
0.5012,-48.731,-52.124,-40.17,1.05,196.17,-456.585,-0.479098,0,0.6082,-51.98955182335228,-163.83000000000007,233.66994592330576,196.16999999999993,233.66994592330576,-1445.2542122051773,37.49994592330583
0.5061,-48.731,-52.146,10.62,0.552,194.41,-371.596,-1.189552,1,0.6131,-52.145573469387756,-165.59000000000006,226.75501352269913,194.40999999999994,226.75501352269913,-1398.3517388844539,32.34501352269919
0.5111,-36.731,-52.146,10.62,0.552,193.36,-275.123,-1.189552,0,0.6181,-52.074225,-166.64000000000004,219.84359283700996,193.35999999999996,219.84359283700996,-1378.0932253379801,26.483592837010008
0.5161,-36.731,-51.421,103.888,1.416,193.36,-275.123,-1.189552,0,0.6231,-51.41645357142858,-166.64000000000004,212.94949871415497,193.35999999999996,212.94949871415497,-1382.117523000543,19.589498714155013
0.521,-36.731,-50.476,162.989,1.0,192.3,-224.345,-1.189552,0,0.628,-50.45389915966387,-167.70000000000002,206.07215174442734,192.29999999999998,206.07215174442734,-1413.7516429961224,13.772151744427362
0.5261,-36.731,-49.267,189.769,0.386,191.95,-141.991,-2.235842,1,0.6331,-49.26362358823531,-168.05000000000004,198.68582943701276,191.94999999999996,198.68582943701276,-1466.6497388385797,6.7358294370127965
0.5311,-30.731,-47.904,211.931,0.444,191.6,-100.206,-2.235842,0,0.6381,-47.888754000000006,-168.40000000000006,191.10114560217272,191.59999999999994,191.10114560217272,-1538.6966255211591,-0.4988543978272162
0.5361,-30.731,-46.387,231.324,0.61,191.6,-50.103,-2.235842,0,0.6431,-46.41582299999991,-168.40000000000006,183.15233578626268,191.59999999999994,183.15233578626268,-1610.5712255291994,-8.447664213737255
0.541,-30.731,-46.387,231.324,0.61,191.6,-25.052,-2.235842,0,0.648,-46.220000000000006,-168.40000000000006,175.0899753943046,191.59999999999994,175.0899753943046,-1659.6672552122407,-16.51002460569535
0.546,-30.731,-44.717,258.104,0.469,191.6,-25.052,-3.053166,1,0.653,-44.716999999999885,-168.40000000000006,166.50681844071423,191.59999999999994,166.50681844071423,-1753.6538416449444,-25.09318155928571
0.5511,-30.731,-41.222,257.18,0.071,191.95,15.094,-3.053166,0,0.6581,-41.39251650660266,-168.05000000000004,156.9114374314914,191.94999999999996,156.9114374314914,-1932.4263678333682,-35.03856256850855
0.556,-30.731,-39.552,249.793,-0.27,192.66,70.214,-3.053166,0,0.663,-39.552000000000014,-167.34000000000006,146.91787267431485,192.65999999999994,146.91787267431485,-2083.854535204426,-45.74212732568509
0.561,-30.731,-37.991,224.86,-0.228,193.01,64.241,-3.053166,0,0.668,-38.1471,-166.99000000000004,136.14005602967646,193.00999999999996,136.14005602967646,-2178.2438879814094,-56.869943970323504
0.5660000000000001,-30.731,-37.991,224.86,-0.228,193.71,90.413,-4.238365,1,0.673,-37.99099999999983,-166.29000000000002,125.01866529461762,193.70999999999998,125.01866529461762,-2246.687201855726,-68.69133470538236
0.5711,-36.731,-35.354,174.07,-0.453,193.71,45.206,-4.238365,0,0.6781,-35.51670228091237,-166.29000000000002,113.26924008626955,193.70999999999998,113.26924008626955,-2326.9610298920593,-80.44075991373043
0.5760000000000001,-36.731,-34.431,118.663,-0.984,193.71,45.206,-4.238365,0,0.683,-34.43100000000003,-166.29000000000002,101.6430232863052,193.70999999999998,101.6430232863052,-2390.3546596181864,-92.06697671369479
0.581,-36.731,-33.969,42.017,-0.917,194.06,51.227,-4.238365,0,0.688,-34.01088627450981,-165.94000000000003,89.55264423256767,194.05999999999997,89.55264423256767,-2427.7838935612203,-104.5073557674323
0.5861000000000001,-36.731,-33.925,-10.62,-0.428,194.41,55.33,-4.681202,1,0.6931,-33.92581960784313,-165.59000000000006,77.05919714563714,194.40999999999994,77.05919714563714,-2459.732328594623,-117.3508028543628
0.592,-48.731,-33.925,-10.62,-0.428,194.06,-1.454,-4.681202,0,0.699,-33.92500000000006,-165.94000000000003,62.396641297552186,194.05999999999997,62.396641297552186,-2498.8894356989,-131.6633587024478
0.597,-48.731,-34.65,-101.118,-1.142,193.36,-59.006,-4.681202,0,0.704,-34.5775,-166.64000000000004,49.757321401266786,193.35999999999996,49.757321401266786,-2539.1077712890215,-143.60267859873318
0.602,-48.731,-34.65,-101.118,-1.142,192.3,-118.012,-4.681202,0,0.709,-34.65000000000019,-167.70000000000002,36.902172161424105,192.29999999999998,36.902172161424105,-2588.7358418456874,-155.3978278385759
0.607,-48.731,-36.782,-186.075,-0.627,191.25,-146.542,-3.576075,1,0.714,-36.69595686274509,-168.75000000000006,23.665003881378016,191.24999999999994,23.665003881378016,-2673.926067250954,-167.58499611862192
0.6121,-66.731,-38.079,-203.62,-0.245,191.25,-146.542,-3.576075,0,0.7191,-38.0870071960784,-168.75000000000006,9.649576620164073,191.24999999999994,9.649576620164073,-2782.7618815021137,178.3995766201641
0.6171,-66.731,-39.772,-294.118,-1.872,189.84,-187.827,-3.576075,0,0.7241,-39.60439299999999,-170.16000000000005,-4.581844151878367,189.83999999999995,355.4181558481216,-2866.8525360538497,165.5781558481217
0.622,-66.731,-39.772,-294.118,-1.872,188.44,-213.737,-3.576075,0,0.729,-39.7720000000002,-171.56000000000003,-18.810894495265956,188.43999999999997,341.189105504734,-2920.703751118249,152.74910550473408
0.627,-66.731,-42.014,-358.76,-1.108,185.98,-311.603,-2.635982,1,0.734,-42.3069568627451,-174.02000000000007,-33.73953572772417,185.97999999999993,326.26046427227584,-3025.517942109706,140.28046427227594
0.6321,-78.731,-47.289,-411.396,-0.17,183.87,-331.312,-2.635982,0,0.7391,-47.24741060424188,-176.13000000000002,-49.83704879656381,183.86999999999998,310.1629512034362,-3218.0210056392148,126.29295120343625
0.637,-78.731,-50.212,-461.263,-1.017,181.41,-370.996,-2.635982,0,0.744,-50.22402881152461,-178.59000000000003,-66.10356891517483,181.40999999999997,293.89643108482517,-3348.1655956828977,112.4864310848252
0.6421,-78.731,-53.377,-479.731,-0.585,181.41,-370.996,-2.635982,0,0.7491,-53.37985111764705,-178.59000000000003,-83.35025662764122,181.40999999999997,276.6497433723588,-3389.805360713633,95.23974337235882
0.6471,-78.731,-56.63,-490.813,-0.245,178.59,-418.059,-2.112451,1,0.7541,-56.625644,-181.41000000000003,-100.20948349950523,178.58999999999997,259.7905165004948,-3357.595603443984,81.20051650049481
0.6521,-84.731,-59.839,-484.349,0.021,175.78,-444.988,-2.112451,0,0.7591,-59.77802900000026,-184.22000000000006,-116.71447290367115,175.77999999999994,243.28552709632885,-3272.3266806345227,67.5055270963289
0.657,-84.731,-59.839,-484.349,0.021,172.97,-455.966,-2.112451,0,0.764,-60.4698,-187.03000000000006,-132.38573013685124,172.96999999999994,227.61426986314876,-3161.0824402217395,54.64426986314882
0.662,-84.731,-66.147,-458.492,-0.029,170.16,-463.271,-2.112451,0,0.769,-66.14699999999972,-189.84000000000003,-147.49026488165717,170.15999999999997,212.50973511834283,-2941.8524572497304,42.34973511834286
0.667,-84.731,-69.158,-434.483,0.253,167.34,-464.599,-1.068215,1,0.774,-69.13268431372549,-192.66000000000005,-161.15531197926654,167.33999999999995,198.84468802073346,-2662.268277303146,31.50468802073351
0.6721,-84.731,-71.971,-392.004,0.585,167.34,-464.599,-1.068215,0,0.7791,-71.91860098039238,-192.66000000000005,-174.07267352577267,167.33999999999995,185.92732647422733,-2482.759617136189,18.587326474227382
0.678,-84.731,-71.971,-392.004,0.585,164.53,-463.608,-1.068215,0,0.785,-71.97100000000043,-195.47000000000008,-188.1654503659233,164.52999999999992,171.8345496340767,-2334.016245184613,7.304549634076778
0.6831,-84.731,-76.873,-295.965,0.751,162.07,-436.106,-1.068215,0,0.7901,-76.5734376470588,-197.93000000000006,-199.43978736165798,162.06999999999994,160.56021263834202,-2159.1646968122777,-1.5097873616579136
0.6881,-84.731,-78.653,-251.64,0.619,159.61,-427.812,-0.263952,1,0.7951,-78.64716700000004,-200.39000000000001,-209.70005989468794,159.60999999999999,150.29994010531206,-2011.5981293305235,-9.310059894687924
0.6931,-78.731,-80.126,-202.697,0.627,157.5,-390.111,-0.263952,0,0.8001,-80.09115200000001,-202.50000000000006,-219.51093271102602,157.49999999999994,140.48906728897398,-1945.9316274371538,-17.01093271102596
0.6981,-78.731,-81.247,-139.902,1.2,155.39,-370.701,-0.263952,0,0.8051,-81.2376244693878,-204.61000000000007,-229.111114860271,155.38999999999993,130.888885139729,-1911.2948051495641,-24.501114860270917
0.7030000000000001,-78.731,-81.862,-65.103,1.175,153.63,-331.941,-0.263952,0,0.81,-81.79924489795918,-206.37000000000006,-238.45538615277007,153.62999999999994,121.54461384722993,-1908.224879493058,-32.08538615277001
0.708,-78.731,-81.862,-65.103,1.175,153.63,-331.941,0.151504,1,0.815,-81.86200000000001,-206.37000000000006,-248.05722884732634,153.62999999999994,111.94277115267366,-1927.646566564798,-41.68722884732628
0.713,-66.731,-82.016,-0.462,0.627,152.23,-276.733,0.151504,0,0.82,-81.98520000000002,-207.77000000000007,-257.799769757794,152.22999999999993,102.20023024220598,-1957.0173410918198,-50.02976975779396
0.718,-66.731,-81.862,30.012,0.386,151.17,-231.814,0.151504,0,0.825,-81.86199999999985,-208.83000000000007,-267.698827299118,151.16999999999993,92.30117270088198,-1991.1147808191868,-58.86882729911795
0.723,-66.731,-80.433,157.448,1.084,150.12,-203.018,0.151504,0,0.83,-80.4573,-209.88000000000005,-277.7696296210439,150.11999999999995,82.23037037895608,-2021.8772667261596,-67.88962962104387
0.728,-66.731,-79.247,189.769,0.477,149.41,-160.87,0.400589,1,0.835,-79.24699999999999,-210.59000000000003,-287.9370850198359,149.40999999999997,72.06291498016412,-2037.2032951473032,-77.34708501983584
0.7331,-48.731,-77.906,202.697,0.436,148.71,-138.499,0.400589,0,0.8401,-77.86419288235295,-211.29000000000005,-298.31986507263963,148.70999999999995,61.68013492736037,-2032.6913014403729,-87.02986507263958
0.7381,-48.731,-76.169,293.195,1.673,148.71,-138.499,0.400589,0,0.8451,-76.20200299999983,-211.29000000000005,-308.4169539499485,148.70999999999995,51.58304605005151,-2013.531624544319,-97.12695394994844
0.743,-48.731,-76.169,293.195,1.673,148.01,-126.873,0.400589,0,0.85,-75.6767,-211.99000000000007,-318.1716380898334,148.00999999999993,41.82836191016662,-1973.442886872424,-106.18163808983331
0.748,-48.731,-71.246,404.009,0.668,147.66,-93.075,0.993123,1,0.855,-71.24600000000022,-212.34000000000006,-327.60603550465044,147.65999999999994,32.393964495349564,-1834.8807098000673,-115.26603550465038
0.7531,-24.731,-68.477,414.167,0.154,147.66,-46.537,0.993123,0,0.8601,-68.42588688235294,-212.34000000000006,-336.18016311550394,147.65999999999994,23.819836884496056,-1623.9133040909567,-123.84016311550388
0.7581,-24.731,-65.246,530.521,2.072,146.95,-82.385,0.993123,0,0.8651,-65.23195124489803,-213.05000000000007,-343.6347483518063,146.94999999999993,16.36525164819369,-1425.748693379833,-130.58474835180624
0.763,-24.731,-61.355,602.55,1.216,146.95,-41.192,0.993123,0,0.87,-61.3485162261626,-213.05000000000007,-349.7917817418687,146.94999999999993,10.208218258131296,-1187.803536945565,-136.74178174186864
0.7691,-24.731,-56.432,640.412,0.419,146.95,-20.596,1.843682,1,0.8761,-56.831489344262344,-213.05000000000007,-355.92709759666303,146.94999999999993,4.072902403336968,-930.5305834431739,-142.87709759666296
0.7741,5.269,-56.432,640.412,0.419,146.95,-20.596,1.843682,0,0.8811,-56.263280000000904,-213.05000000000007,-360.0017172887717,146.94999999999993,359.9982827112283,-748.95303102846,-146.95171728877165
0.7791,5.269,-47.552,737.374,2.453,146.95,-10.298,1.843682,0,0.8861,-47.90236100000004,-213.05000000000007,-362.55691537851936,146.94999999999993,357.44308462148064,-399.7026787090342,-149.5069153785193
0.7841,5.269,-42.211,824.178,1.25,146.6,-35.066,1.843682,0,0.8911,-42.20433100000003,-213.40000000000006,-363.08467738053787,146.59999999999994,356.91532261946213,24.714096083998072,-149.68467738053778
0.7891,5.269,-36.519,865.733,0.544,146.25,-46.651,3.337869,1,0.8961,-36.512367,-213.75000000000006,-361.65156459075837,146.24999999999994,358.34843540924163,391.61926422434556,-147.9015645907583
0.7941,35.269,-30.76,859.269,0.071,145.9,-52.528,3.337869,0,0.9011,-30.755421000000027,-214.10000000000002,-358.3975189045134,145.89999999999998,1.6024810954866098,772.0093732627611,-144.29751890451337
0.7991,35.269,-24.76,936.838,2.005,145.2,-84.483,3.337869,0,0.9061,-24.703371999999995,-214.80000000000004,-353.1125404206578,145.19999999999996,6.887459579342192,1173.2138518283766,-138.31254042065777
0.8041,35.269,-18.188,1002.403,1.117,145.2,-84.483,3.337869,0,0.9111,-18.31286799999933,-214.80000000000004,-345.9798418799556,145.19999999999996,14.020158120044414,1526.2564622172526,-131.17984187995555
0.809,35.269,-18.188,1002.403,1.117,144.14,-129.484,5.07595,1,0.916,-16.849862745098036,-215.86000000000004,-337.59781983329765,144.13999999999996,22.40218016670235,1802.265755844752,-121.7378198332976
0.8141,65.269,-4.539,1014.408,-0.22,142.38,-207.188,5.07595,0,0.9211,-4.661690078430715,-217.62000000000006,-326.69020023153234,142.37999999999994,33.309799768467656,2323.695877855868,-109.07020023153228
0.8191,65.269,2.385,1058.734,1.449,140.27,-287.096,5.07595,0,0.9261,1.6995239999999214,-219.73000000000002,-313.08315266991883,140.26999999999998,46.91684733008117,2824.1864506137354,-93.35315266991881
0.8240000000000001,65.269,2.385,1058.734,1.449,137.81,-348.737,5.07595,0,0.931,2.38500000000163,-222.19000000000005,-298.5587434292837,137.80999999999995,61.44125657071629,3032.2008921693164,-76.36874342928365
0.8290000000000001,65.269,17.067,1116.911,0.062,134.65,-437.494,7.200713,1,0.936,16.31947307692308,-225.35000000000005,-282.43637456610617,134.64999999999995,77.56362543389383,3296.79811538346,-57.086374566106116
0.8342,95.269,24.562,1091.054,-0.577,134.65,-437.494,7.200713,0,0.9412,24.573843406593376,-225.35000000000005,-264.84568103334567,134.64999999999995,95.15431896665433,3389.3506667070683,-39.49568103334562
0.8391000000000001,95.269,31.947,1111.37,1.133,130.43,-557.341,7.200713,0,0.9461,31.2009642857142,-229.57000000000002,-248.64060879359587,130.42999999999998,111.35939120640413,3266.232302830884,-19.070608793595852
0.845,95.269,31.947,1111.37,1.133,125.16,-735.666,7.200713,0,0.952,33.55886274509804,-234.84000000000006,-230.4624017902141,125.15999999999994,129.5375982097859,2951.5450038269505,4.377598209785958
0.8501,95.269,48.388,1132.61,-0.087,119.53,-834.678,7.265608,1,0.9571,48.222897078432425,-240.47000000000006,-217.44332915708787,119.52999999999994,142.55667084291213,2328.5923074364573,23.026670842912182
0.8551,125.269,55.817,1093.825,-0.602,112.85,-975.324,7.265608,0,0.9621,55.81200757142857,-247.15000000000006,-208.58383820284533,112.84999999999994,151.41616179715467,1582.1771120606443,38.566161797154734
0.86,125.269,63.048,1108.6,0.693,105.47,-1103.73,7.265608,0,0.967,63.048000000000016,-254.53000000000003,-202.6214307040368,105.46999999999997,157.3785692959632,1053.0249490690856,51.90856929596322
0.8651,125.269,70.609,1130.763,0.32,97.03,-1253.815,7.265608,0,0.9721,70.61714323529412,-262.97,-199.2266182798583,97.02999999999997,160.7733817201417,510.805403852467,63.74338172014174
0.8701,125.269,78.104,1124.299,-0.029,97.03,-1253.815,6.004496,1,0.9771,78.09940200000004,-262.97,-198.4942322429349,97.02999999999997,161.5057677570651,-21.31843851050447,64.47576775706511
0.8751,149.269,85.357,1088.284,-0.735,88.59,-1292.829,6.004496,0,0.9821,85.359178,-271.4100000000001,-200.4830534004996,88.58999999999992,159.5169465995004,-546.2285252452732,70.92694659950047
0.8801,149.269,92.632,1084.59,0.32,80.16,-1396.14,6.004496,0,0.9871,92.63482091836732,-279.84000000000003,-204.99484480696302,80.15999999999997,155.00515519303698,-1067.1058444096216,74.84515519303702
0.885,149.269,99.907,1094.748,-0.037,71.37,-1433.003,6.004496,0,0.992,99.1646530612245,-288.63000000000005,-211.811760428543,71.36999999999995,148.188239571457,-1490.800442613323,76.81823957145707
0.89,149.269,99.907,1094.748,-0.037,62.93,-1422.276,3.472083,1,0.997,99.90700000000096,-297.07000000000005,-220.14366749113262,62.92999999999995,139.85633250886738,-1741.8907193138893,76.9263325088674
0.895,167.269,107.05,1060.581,-0.536,54.84,-1377.901,3.472083,0,1.002,107.65883725490193,-305.1600000000001,-229.97262445625552,54.83999999999992,130.02737554374448,-2092.1481077504327,75.18737554374457
0.9001000000000001,167.269,120.546,983.934,-0.245,54.84,-1377.901,3.472083,0,1.0071,120.29460392156999,-305.1600000000001,-242.45462668358624,54.83999999999992,117.54537331641376,-2590.5462966595005,62.70537331641384
0.905,167.269,120.546,983.934,-0.245,47.46,-1293.264,3.472083,0,1.012,121.7828627450981,-312.5400000000001,-256.03946831780314,47.45999999999992,103.96053168219686,-2830.35620696163,56.500531682196936
0.9100999999999999,167.269,133.162,911.905,-1.067,40.08,-1276.834,0.304095,1,1.0171,132.92699607843315,-319.92,-270.94183083456693,40.079999999999984,89.05816916543307,-2951.1956546982306,48.97816916543309
0.915,179.269,133.162,911.905,-1.067,33.75,-1164.862,0.304095,0,1.022,134.26307843137258,-326.25000000000006,-285.39267550713896,33.74999999999994,74.60732449286104,-2937.066815600118,40.857324492861096
0.9200999999999999,179.269,144.393,801.092,-0.461,27.77,-1082.194,0.304095,0,1.0271,144.2843593837543,-332.23,-299.89521517636484,27.769999999999982,60.10478482363516,-2778.1773830848583,32.334784823635175
0.925,179.269,149.58,756.766,-0.718,22.5,-974.482,0.304095,0,1.032,149.52267507002804,-337.5000000000001,-312.4232327590107,22.499999999999886,47.576767240989284,-2477.2563843158773,25.076767240989398
0.9300999999999999,179.269,154.394,691.201,-0.893,22.5,-974.482,-3.051129,1,1.0371,154.38436495098048,-337.5000000000001,-324.1588670127083,22.499999999999886,35.8411329872917,-2219.356425767626,13.341132987291815
0.9360999999999999,185.269,159.449,620.096,-1.258,17.58,-875.127,-3.051129,0,1.0431,159.3689625000006,-342.4200000000001,-336.41228738970864,17.579999999999927,23.587712610291362,-1972.3713701251595,6.007712610291435
0.9410000000000001,185.269,159.449,620.096,-1.258,12.66,-865.422,-3.051129,0,1.048,160.18164705882356,-347.3400000000001,-345.6013746563439,12.659999999999911,14.398625343656079,-1826.5098495811358,1.7386253436561674
0.9460999999999999,185.269,166.922,517.593,-0.76,8.79,-764.715,-3.051129,0,1.0531,166.78279705882457,-351.21000000000004,-354.1069527940855,8.789999999999964,5.893047205914513,-1590.0342043696533,-2.8969527940854505
0.9511000000000001,185.269,166.922,517.593,-0.76,5.27,-675.719,-2.731437,1,1.0581,167.5247120000001,-354.7300000000001,-361.22338601957006,5.269999999999925,358.77661398042994,-1360.804445775065,-6.493386019569925
0.9561,185.269,173.01,404.009,-0.984,1.76,-628.234,-2.731437,0,1.0631,172.89432800000085,-358.24000000000007,-367.3267494846575,1.759999999999934,352.6732505153425,-1156.8882869555416,-9.086749484657503
0.9610000000000001,185.269,173.01,404.009,-0.984,358.95,-549.522,-2.731437,0,1.068,173.44961538461538,-361.05,-372.34750863477456,358.95,347.65249136522544,-978.7233813795312,-11.297508634774545
0.9662,185.269,177.582,301.506,-0.76,358.95,-549.522,-2.731437,0,1.0732,177.4883180533755,-361.05,-376.84732338060144,358.95,343.15267661939856,-808.3671981526405,-15.797323380601426
0.9711000000000001,185.269,179.34,247.946,-0.834,356.48,-475.552,-0.312156,1,1.0781,179.308233122449,-363.52,-380.20335232226824,356.48,339.79664767773176,-643.6561535454846,-16.683352322268263
0.9761,179.269,180.813,205.467,-0.627,354.02,-432.047,-0.312156,0,1.0831,180.7850130000002,-365.98,-383.0663723770667,354.02,336.9336276229333,-545.7743576445339,-17.08637237706671
0.9811000000000001,179.269,180.813,205.467,-0.627,352.27,-374.094,-0.312156,0,1.0881,180.92179897959184,-367.73,-385.5913825933402,352.27,334.4086174066598,-489.96737466827125,-17.86138259334018
0.986,179.269,181.89,136.209,-1.225,350.86,-304.35,-0.312156,0,1.093,181.8899999999999,-369.14,-387.81630071180746,350.86,332.18369928819254,-436.0909069058483,-18.67630071180747
0.9911000000000001,179.269,182.549,-5.079,-0.793,350.16,-210.342,2.169225,1,1.0981,182.4850382352941,-369.84,-389.8161506025486,350.16,330.1838493974514,-377.770645482157,-19.976150602548614
0.9961,167.269,182.549,-5.079,-0.793,350.16,-210.342,2.169225,0,1.1031,182.54560714285716,-369.84,-391.5942038245273,350.16,328.4057961754727,-347.85060351964466,-21.754203824527337
1.0010000000000001,167.269,182.374,-34.629,-0.511,349.8,-134.565,2.169225,0,1.108,182.25175910364143,-370.2,-393.28249108306744,349.8,326.71750891693256,-346.8899754451404,-23.082491083067453
1.0061,167.269,180.945,-158.371,-0.793,349.45,-97.012,2.169225,0,1.1131,180.97161862745082,-370.55,-395.1265262667713,349.45,324.8734737332287,-368.58693659868675,-24.576526266771282
1.0110000000000001,167.269,180.945,-158.371,-0.793,349.8,-19.289,3.907558,1,1.118,180.82431372549019,-370.2,-396.9899646882538,349.8,323.0100353117462,-384.1548353229879,-26.789964688253804
1.0161,149.269,179.714,-197.156,-0.735,350.51,49.531,3.907558,0,1.1231,179.67763139215714,-369.49,-399.0629551588584,350.51,320.9370448411416,-424.285401545159,-29.572955158858406
1.0211000000000001,149.269,176.593,-297.812,-1.806,351.56,111.338,3.907558,0,1.1281,176.6789815,-368.43999999999994,-401.55199943599763,351.56000000000006,318.44800056400237,-529.8232337958268,-33.11199943599769
1.0271000000000001,149.269,173.89,-377.229,-0.926,353.32,203.422,3.907558,0,1.1341,173.8442832142857,-366.68,-405.292807392943,353.32,314.707192607057,-668.2508970948976,-38.61280739294301
1.032,149.269,171.23,-411.396,-0.345,353.32,203.422,4.875926,1,1.139,171.23,-366.68,-408.9072402800004,353.32,311.0927597199996,-769.5430768533151,-42.22724028000039
1.0371,125.269,168.483,-419.707,-0.179,355.08,240.588,4.875926,0,1.1441,168.43410758823532,-364.92,-413.21480458059256,355.08,306.78519541940744,-874.4934901762695,-48.29480458059254
1.0421,125.269,165.296,-524.98,-2.096,357.54,337.738,4.875926,0,1.1491,165.28196830612254,-362.4599999999999,-417.9478367319939,357.5400000000001,302.0521632680061,-980.9588747631964,-55.48783673199398
1.047,125.269,161.449,-601.627,-0.951,0.0,376.854,4.875926,0,1.154,161.8415510204082,-360.0,-423.08021378582754,0.0,296.91978621417246,-1065.3713932887613,-63.08021378582754
1.052,125.269,161.449,-601.627,-0.951,3.52,480.957,5.318635,1,1.159,161.44899999999893,-356.4800000000001,-428.5788638174861,3.519999999999925,291.4211361825139,-1119.1532650714091,-72.098863817486
1.0571,106.373,153.053,-637.641,-0.22,7.03,530.584,5.318635,0,1.1641,153.86790588235309,-352.96999999999997,-434.5719070739532,7.03000000000003,285.4280929260468,-1194.1496095951945,-81.60190707395321
1.0621,106.373,153.053,-637.641,-0.22,7.03,530.584,5.318635,0,1.1691,152.8784470000011,-352.96999999999997,-440.7056105795845,7.03000000000003,279.2943894204155,-1239.141835673255,-87.73561057958455
1.0671,106.373,143.866,-729.063,-0.569,10.2,522.721,5.318635,0,1.1741,144.2902150000001,-349.80000000000007,-446.9788928861708,10.199999999999932,273.0211071138292,-1258.8530801558777,-97.17889288617073
1.0721,106.373,138.964,-737.374,-0.278,14.41,624.216,4.776467,1,1.1791,138.965273,-345.59,-453.2168174484254,14.410000000000025,266.7831825515746,-1236.2045467247888,-107.62681744842541
1.0771,93.476,134.129,-717.058,0.361,18.63,662.078,4.776467,0,1.1841,134.60766500000008,-341.37,-459.178812960461,18.629999999999995,260.821187039539,-1173.7792201353277,-117.80881296046101
1.082,93.476,134.129,-717.058,0.361,22.5,655.069,4.776467,0,1.189,134.12899999999874,-337.49999999999994,-464.67912542208614,22.500000000000057,255.32087457791386,-1094.28494891789,-127.1791254220862
1.0871,93.476,124.612,-713.364,0.129,26.72,677.176,4.776467,0,1.1941,125.07436882352953,-333.28,-469.69936649387773,26.720000000000027,250.30063350612227,-929.8693049365415,-136.41936649387776
1.0921,93.476,119.952,-689.354,0.245,26.72,677.176,3.500416,1,1.1991,119.95534399999997,-333.28,-473.598642933832,26.720000000000027,246.40135706616798,-713.0508709295659,-140.31864293383205
1.0971,74.58,115.468,-645.029,0.785,31.29,697.333,3.500416,0,1.2041,115.48334500000003,-328.71,-476.5140554445349,31.29000000000002,243.4859445554651,-530.8300124828662,-147.80405544453492
1.1021,74.58,111.139,-646.876,-0.353,35.16,694.305,3.500416,0,1.2091,111.138563,-324.84000000000003,-478.5231832137135,35.15999999999997,241.47681678628652,-341.4942039052446,-153.68318321371345
1.1071,74.58,106.787,-657.957,-0.403,39.73,727.694,3.500416,0,1.2141,106.77828800000003,-320.27,-479.5308687654716,39.73000000000002,240.4691312345284,-145.26291069975116,-159.26086876547163
1.1121,74.58,102.347,-650.569,-0.037,43.59,685.479,1.762422,1,1.2191,102.43135999999944,-316.41,-479.64170208249135,43.589999999999975,240.35829791750865,27.751873519968726,-163.23170208249132
1.1181,49.683,102.347,-650.569,-0.037,48.16,714.781,1.762422,0,1.2251,102.17117400000112,-311.84,-478.78996969873435,48.160000000000025,241.21003030126565,212.72376357225292,-166.94996969873438
1.1231,49.683,93.093,-671.809,-1.449,52.03,687.985,1.762422,0,1.2301,94.00914600000017,-307.96999999999997,-476.94315569167605,52.03000000000003,243.05684430832395,429.0708151136643,-168.97315569167608
1.1281,49.683,93.093,-671.809,-1.449,52.03,687.985,1.762422,0,1.2351,93.00267244898018,-307.96999999999997,-474.1997116477055,52.03000000000003,245.8002883522945,595.2011798664945,-166.22971164770553
1.133,49.683,88.434,-711.517,-0.718,56.6,722.14,-0.823069,1,1.24,87.96342777110847,-303.4,-470.8066175412065,56.60000000000002,249.1933824587935,743.6570943347541,-167.40661754120651
1.1381000000000001,19.683,78.785,-724.445,0.195,61.17,743.339,-0.823069,0,1.2451,78.86827327450926,-298.83,-466.1833089881875,61.170000000000016,253.8166910118125,982.5609850621317,-167.3533089881875
1.1431,19.683,73.708,-798.321,-2.096,65.74,753.898,-0.823069,0,1.2501,73.64919400000002,-294.26000000000005,-460.59521035021197,65.73999999999995,259.40478964978803,1161.2864607953456,-166.33521035021192
1.1481000000000001,19.683,68.037,-875.891,-1.084,70.66,792.003,-0.823069,0,1.2551,68.03158500000005,-289.34000000000003,-454.41109348937647,70.65999999999997,265.58890651062353,1266.7096974694466,-165.07109348937644
1.1531,19.683,62.081,-900.824,-0.311,75.23,772.303,-2.776887,1,1.2601,62.67064400000011,-284.77000000000004,-447.8698860421552,75.22999999999996,272.1301139578448,1319.2179257607843,-163.09988604215516
1.1581,-10.317,62.081,-900.824,-0.311,75.23,772.303,-2.776887,0,1.2651,61.84921900000198,-284.77000000000004,-441.2272710065829,75.22999999999996,278.7727289934171,1327.390449594597,-156.45727100658286
1.1631,-10.317,49.882,-958.078,-1.914,80.51,811.903,-2.776887,0,1.2701,50.42600500000004,-279.48999999999995,-434.8674914179276,80.51000000000005,285.1325085820724,1235.7356970398005,-155.37749141792767
1.1681,-10.317,43.178,-1014.408,-1.191,85.43,835.113,-2.776887,0,1.2751,43.17425700000003,-274.57,-429.34260848433337,85.43,290.65739151566663,1042.6646109593432,-154.77260848433338
1.1731,-10.317,36.277,-1035.647,-0.345,90.0,793.922,-3.073565,1,1.2801,36.276900999999974,-270.0,-424.8068200727786,90.0,295.1931799272214,848.9254981273026,-154.80682007277858
1.1781,-40.317,29.375,-1026.413,0.295,94.22,747.346,-3.073565,0,1.2851,29.373765000000017,-265.78000000000003,-421.34999081184066,94.21999999999997,298.65000918815934,614.9397425175557,-155.56999081184063
1.1831,-40.317,22.408,-1074.432,-1.316,98.44,726.106,-3.073565,0,1.2901,22.366617999999963,-261.56,-419.2206399371472,98.44,300.7793600628528,347.6074258881174,-157.6606399371472
1.1881,-40.317,15.023,-1108.6,-0.56,98.44,726.106,-3.073565,0,1.2951,15.163314999998807,-261.56,-418.31924023638106,98.44,301.68075976361894,116.86316404267146,-156.75924023638106
1.1931,-40.317,15.023,-1108.6,-0.56,101.95,652.757,-2.580564,1,1.3001,14.278816999999865,-258.05,-418.1709249208752,101.94999999999999,301.8290750791248,-4.834208638110134,-160.1209249208752
1.1981,-64.317,7.506,-1109.523,-0.037,104.77,559.003,-2.580564,0,1.3051,7.529557745762515,-255.23,-418.7385606140999,104.77000000000001,301.2614393859001,-176.60341660266508,-163.5085606140999
1.204,-64.317,0.099,-1089.207,0.378,107.23,488.809,-2.580564,0,1.311,0.09899999999837084,-252.77,-421.30104799116276,107.22999999999999,298.69895200883724,-592.1454755961632,-168.53104799116272
1.2091,-64.317,-15.66,-1091.054,-0.004,108.98,388.379,-2.580564,0,1.3161,-14.844239999999914,-251.02,-426.12140321102885,108.97999999999999,293.87859678897115,-1079.151445056622,-175.1014032110288
1.2141,-64.317,-22.87,-1071.662,0.353,110.04,281.438,-3.002811,1,1.3211,-22.863711000000052,-249.95999999999995,-432.73649130744536,110.04000000000005,287.26350869255464,-1409.531948080014,177.22350869255456
1.2191,-82.317,-29.749,-1012.561,0.926,110.39,170.229,-3.002811,0,1.3261,-29.720785000000024,-249.61,-440.260178892324,110.38999999999999,279.739821107676,-1533.6567113308429,169.349821107676
1.2241,-82.317,-36.343,-981.164,0.12,110.39,170.229,-3.002811,0,1.3311,-36.33965600000002,-249.61,-448.09858850042974,110.38999999999999,271.90141149957026,-1574.9512191035517,161.51141149957027
1.2291,-82.317,-42.761,-951.614,0.353,110.39,85.115,-3.002811,0,1.3361,-42.73486400000003,-249.61,-455.85275230153536,110.38999999999999,264.14724769846464,-1533.73684980228,153.75724769846465
1.2341,-82.317,-48.915,-900.824,0.843,110.39,42.557,-2.012549,1,1.3411,-48.798074000000994,-249.61,-463.2089175634229,110.38999999999999,256.7910824365771,-1440.433678184092,146.4010824365771
1.2391,-94.317,-48.915,-900.824,0.843,109.34,-66.39,-2.012549,0,1.3461,-49.480785000000104,-250.65999999999997,-470.0766594973549,109.34000000000003,249.9233405026451,-1345.1996714108586,140.58334050264506
1.2441,-94.317,-54.63,-830.642,1.424,107.93,-150.775,-2.012549,0,1.3511,-54.71852099999925,-252.07,-476.2714134795717,107.93,243.72858652042828,-1171.1203472683605,135.79858652042827
1.2491,-94.317,-65.004,-742.914,0.718,106.17,-221.717,-2.012549,0,1.3561,-64.44474899999994,-253.82999999999998,-480.86086205051294,106.17000000000002,239.13913794948706,-814.4307744314541,132.96913794948705
1.2541,-94.317,-69.729,-692.125,0.702,106.17,-221.717,0.154863,1,1.3611,-69.72107700000007,-253.82999999999998,-483.7880593912088,106.17000000000002,236.21194060879122,-491.38368113123363,130.0419406087912
1.2591,-100.317,-74.037,-621.943,1.158,104.41,-249.029,0.154863,0,1.3661,-74.00007300000001,-255.59000000000003,-485.43938226672617,104.40999999999997,234.56061773327383,-267.9875933935144,130.15061773327386
1.2641,-100.317,-77.972,-573.923,0.76,101.95,-342.761,0.154863,0,1.3711,-77.89723500000062,-258.05,-486.13472402623756,101.94999999999999,233.86527597376244,-88.50373662631073,131.91527597376245
1.269,-100.317,-77.972,-573.923,0.76,99.14,-406.995,0.154863,0,1.376,-78.65719607843135,-260.86,-486.1325835081655,99.13999999999999,233.8674164918345,40.661001356331916,134.7274164918345
1.2741,-100.317,-84.961,-476.038,0.909,96.33,-438.658,1.436843,1,1.3811,-84.88718574509868,-263.66999999999996,-485.25030241819667,96.33000000000004,234.74969758180333,242.97926578082942,138.4196975818033
1.2791000000000001,-100.317,-87.928,-419.707,0.942,93.52,-449.422,1.436843,0,1.3861,-87.886717,-266.48,-483.2318048442559,93.51999999999998,236.76819515574408,456.6433237774029,143.2481951557441
1.2841,-100.317,-90.478,-353.219,0.992,93.52,-449.422,1.436843,0,1.3911,-90.4678926229509,-266.48,-480.4706603100683,93.51999999999998,239.5293396899317,592.3373057652341,146.00933968993172
1.2902,-100.317,-92.94,-299.659,0.677,90.0,-518.735,1.436843,0,1.3972,-92.9319304115089,-270.0,-476.3174923452601,90.0,243.68250765473988,721.8764476624251,153.68250765473988
1.2951,-100.317,-94.698,-250.716,0.751,86.13,-577.319,-0.125053,1,1.4021,-94.52040612244893,-273.87,-472.4974058057594,86.13,247.5025941942406,798.9061590625719,161.3725941942406
1.3001,-94.317,-94.698,-250.716,0.751,82.27,-619.718,-0.125053,0,1.4071,-94.74561399999959,-277.72999999999996,-468.3037185317624,82.27000000000004,251.6962814682376,856.974629967136,169.42628146823756
1.3051,-94.317,-97.204,-129.745,1.341,78.4,-633.384,-0.125053,0,1.4121,-97.01025699999995,-281.6,-463.80600806080946,78.39999999999998,256.19399193919054,916.3914123757655,177.79399193919056
1.3101,-94.317,-97.753,-52.175,1.324,73.48,-726.827,-0.125053,0,1.4171,-97.74424100000007,-286.52,-459.0450483416016,73.48000000000002,260.9549516583984,966.6494247713919,-172.52504834160163
1.3151,-94.317,-97.841,5.079,0.801,68.91,-744.021,-1.534958,1,1.4221,-97.83228799999999,-291.09000000000003,-454.08356694379404,68.90999999999997,265.91643305620596,1002.1016167088432,-162.993566943794
1.3201,-82.317,-97.841,5.079,0.801,68.91,-744.021,-1.534958,0,1.4271,-97.83765600000002,-291.09000000000003,-448.95826053545846,68.90999999999997,271.04173946454154,1035.6146064177126,-157.86826053545843
1.3251,-82.317,-97.665,31.859,0.453,63.28,-828.496,-1.534958,0,1.4321,-97.54105199999998,-296.71999999999997,-443.65733433993637,63.28000000000003,276.34266566006363,1070.3308281555087,-146.9373343399364
1.3301,-82.317,-96.237,156.525,0.884,57.66,-895.284,-1.534958,0,1.4371,-96.24116099999996,-302.34000000000003,-438.1669956689685,57.65999999999997,281.8330043310315,1111.8478436702105,-135.8269956689685
1.3351,-82.317,-95.028,193.462,0.536,51.68,-946.657,-3.101327,1,1.4421,-95.01057600000001,-308.32,-432.4257817918132,51.68000000000001,287.5742182081868,1163.3677377439064,-124.10578179181323
1.3401,-64.317,-93.643,211.008,0.461,45.7,-971.455,-3.101327,0,1.4471,-93.63591300000006,-314.3,-426.4082287704321,45.69999999999999,293.5917712295679,1223.225468169736,-112.1082287704321
1.3451,-64.317,-91.885,298.736,1.548,39.02,-1042.808,-3.101327,0,1.4521,-91.83503023529413,-320.97999999999996,-420.0294529304074,39.02000000000004,299.9705470695926,1298.5135994000236,-99.04945293040743
1.3502,-64.317,-89.577,367.071,1.0,39.02,-1042.808,-3.101327,0,1.4572,-89.56155270108049,-320.97999999999996,-413.07199649937326,39.02000000000004,306.92800350062674,1397.1318412633077,-92.0919964993733
1.3551,-64.317,-86.939,401.238,0.751,31.29,-1150.012,-3.69,1,1.4621,-86.9270048367347,-328.71,-405.8134663216288,31.29000000000002,314.1865336783712,1516.7088902895994,-77.10346632162884
1.3601,-52.317,-84.126,415.09,0.295,23.91,-1188.062,-3.69,0,1.4671,-84.12265600000003,-336.09000000000003,-397.7467201275708,23.909999999999968,322.2532798724292,1660.1130378298965,-61.65672012757079
1.3651,-52.317,-81.137,459.416,0.959,15.82,-1286.632,-3.69,0,1.4721,-81.110864,-344.18,-388.8611829364292,15.819999999999993,331.1388170635708,1825.9011336478518,-44.681182936429195
1.3701,-52.317,-77.884,488.966,0.519,8.09,-1288.302,-3.69,0,1.4771,-77.88232800000002,-351.91,-379.0939153070211,8.089999999999975,340.9060846929789,2014.7099397546192,-27.183915307021152
1.3751,-52.317,-74.543,495.43,0.162,0.0,-1306.164,-3.441918,1,1.4821,-74.56001150000002,-360.0,-370.4037477008059,0.0,349.5962522991941,1451.5088163080031,-10.40374770080598
1.3811,-46.317,-70.74,484.349,-0.071,351.91,-1343.151,-3.441918,0,1.4881,-70.7425905,-368.0899999999999,-365.00048538187605,351.9100000000001,354.99951461812395,682.2996699060477,3.0895146181238715
1.3861,-46.317,-67.597,470.497,0.037,351.91,-1343.151,-3.441918,0,1.4931,-67.598254,-368.0899999999999,-362.78803163236023,351.9100000000001,357.21196836763977,360.20680854738356,5.301968367639688
1.3911,-46.317,-64.52,458.492,-0.154,343.83,-1335.44,-3.441918,0,1.4981,-64.53524600000001,-376.17,-361.43530627801346,343.83,358.56469372198654,257.9460327279401,14.73469372198656
1.3961000000000001,-46.317,-61.597,427.095,-0.386,335.39,-1377.332,-2.451853,1,1.5031,-61.65253699999954,-384.61,-360.34098609375627,335.39,359.65901390624373,187.22675656254802,24.269013906243742
1.4011,-46.317,-61.597,427.095,-0.386,327.66,-1328.941,-2.451853,0,1.5081,-61.094376999999895,-392.3399999999999,-359.57992397823483,327.6600000000001,0.4200760217651691,149.22533582284711,32.76007602176509
1.4061,-46.317,-56.52,339.367,-0.71,319.92,-1307.244,-2.451853,0,1.5131,-56.57637299999941,-400.08,-358.3467151583609,319.92,1.6532848416391062,310.9086580305508,41.73328484163909
1.4111,-46.317,-54.41,294.118,-0.602,312.89,-1232.377,-2.451853,0,1.5181,-54.44267,-407.11,-356.0327708305174,312.89,3.967229169482607,512.5760464795558,51.07722916948262
1.4161,-46.317,-52.63,247.946,-0.668,312.89,-1232.377,-1.108263,1,1.5231,-52.63541499999995,-407.11,-353.03223772335286,312.89,6.967762276647136,636.6289716940364,54.07776227664715
1.4211,-40.317,-51.135,209.161,-0.477,305.86,-1178.233,-1.108263,0,1.5281,-51.154602,-414.14000000000004,-349.49003283989487,305.85999999999996,10.509967160105134,735.0538269147253,64.64996716010518
1.4261,-40.317,-49.838,192.539,-0.029,299.53,-1145.904,-1.108263,0,1.5331,-49.83925399999999,-420.46999999999997,-345.5285509405039,299.53000000000003,14.47144905949608,817.3878539466948,74.94144905949605
1.4311,-40.317,-48.607,182.381,-0.021,293.55,-1072.161,-1.108263,0,1.5381,-48.611356,-426.45000000000005,-341.1847685208471,293.54999999999995,18.815231479152885,888.368158411171,85.26523147915293
1.4361,-40.317,-47.42,175.917,0.129,287.58,-1033.8,0.02549,1,1.5431,-47.42125399999999,-432.42,-336.5234332091835,287.58,23.47656679081649,951.7222524169198,95.89656679081651
1.4411,-28.317,-46.299,159.295,-0.187,281.95,-986.904,0.02549,0,1.5481,-46.40997900000002,-438.05,-331.5931752894615,281.95,28.4068247105385,995.6263107502671,106.45682471053851
1.4461,-28.317,-46.299,159.295,-0.187,281.95,-986.904,0.02549,0,1.5531,-46.24806100000054,-438.05,-326.5177261869728,281.95,33.48227381302718,1026.8038186093404,111.53227381302719
1.4511,-28.317,-43.618,233.171,0.743,276.68,-918.202,0.02549,0,1.5581,-43.720267000000014,-443.32,-321.14783918507374,276.68,38.852160814926265,1096.6880525006643,122.17216081492626
1.4561,-28.317,-41.97,246.099,0.32,271.41,-913.263,-0.823887,1,1.5631,-41.96872700000001,-448.59,-315.37314299448775,271.41,44.62685700551225,1179.3316060839743,133.21685700551222
1.4611,-16.478,-40.255,254.41,0.203,266.84,-837.996,-0.823887,0,1.5681,-40.241634999999995,-453.16,-309.27011408724456,266.84,50.729885912755435,1236.2364158570288,143.88988591275546
1.4671,-16.478,-38.035,307.047,1.034,261.91,-827.624,-0.823887,0,1.5741,-38.00272599999999,-458.09,-301.6079218877117,261.91,58.39207811228829,1296.6545979183572,156.48207811228826
1.4721,-16.478,-35.859,335.674,0.444,258.05,-730.108,-0.823887,0,1.5791,-35.90034399999957,-461.94999999999993,-295.00796941506786,258.05000000000007,64.99203058493214,1326.5761801291985,166.94203058493207
1.4771,-16.478,-35.859,335.674,0.444,253.83,-724.976,-1.356455,1,1.5841,-35.40466764705872,-466.17,-288.3569049304941,253.82999999999998,71.64309506950588,1333.5995619726382,177.8130950695059
1.4822,-10.639,-31.178,349.525,0.112,253.83,-724.976,-1.356455,0,1.5892,-31.25681176470549,-466.17,-281.4874756136095,253.82999999999998,78.51252438639051,1353.612882845708,-175.31747561360947
1.4871,-10.639,-28.826,351.372,0.145,250.31,-647.493,-1.356455,0,1.5941,-28.82639599999999,-469.68999999999994,-274.8258662015639,250.31000000000006,85.17413379843612,1357.9232628992652,-165.13586620156394
1.4921,-10.639,-26.43,360.607,0.012,247.15,-593.082,-1.356455,0,1.5991,-26.431671999999985,-472.8499999999999,-268.11835002902313,247.1500000000001,91.88164997097687,1331.5954418608758,-155.26835002902322
1.4971,-10.639,-24.122,343.985,0.071,243.98,-561.463,-1.62246,1,1.6041,-24.35049200000004,-476.02,-261.6165207291298,243.98000000000002,98.38347927087023,1287.062417469597,-145.5965207291298
1.5021,-10.8,-24.122,343.985,0.071,241.52,-485.695,-1.62246,0,1.6091,-24.040566000000865,-478.48,-255.3614395086941,241.51999999999998,104.6385604913059,1232.37011691356,-136.8814395086941
1.5071,-10.8,-19.836,292.271,-0.594,239.06,-447.922,-1.62246,0,1.6141,-20.260314000000076,-480.94,-249.4752491628234,239.06,110.52475083717661,1153.8875574965296,-128.5352491628234
1.5121,-10.8,-19.836,292.271,-0.594,239.06,-447.922,-1.62246,0,1.6191,-19.80218000000036,-480.94,-243.98374157422816,239.06,116.01625842577184,1074.6324022204828,-123.04374157422816
1.5171000000000001,-10.8,-18.056,257.18,-0.511,236.6,-427.11,-2.313496,1,1.6241,-17.947198999999966,-483.40000000000003,-238.8675213087083,236.59999999999997,121.13247869129171,997.5858991348906,-115.46752130870826
1.5221,-16.961,-15.177,185.151,-0.511,234.84,-361.058,-2.313496,0,1.6291,-15.231700999999418,-485.1599999999999,-234.24726279267713,234.8400000000001,125.75273720732287,891.2769224149698,-109.08726279267722
1.5271000000000001,-16.961,-15.177,185.151,-0.511,232.38,-386.97,-2.313496,0,1.6341,-15.035528999999965,-487.62,-230.08383900345405,232.38,129.91616099654595,812.2894930232101,-102.46383900345404
1.5321,-16.961,-13.748,39.247,-1.142,230.27,-368.754,-2.313496,0,1.6391,-13.775150999999711,-489.72999999999996,-226.22983049128754,230.27000000000004,133.77016950871246,752.1301561173307,-96.49983049128758
1.5371,-16.961,-13.748,39.247,-1.142,228.16,-360.069,-3.057812,1,1.6441,-13.762383018867927,-491.8399999999999,-222.65104101467062,228.16000000000008,137.34895898532938,705.0117789679397,-90.8110410146707
1.5424,-29.122,-13.902,-33.706,-0.378,225.7,-383.569,-3.057812,0,1.6494,-13.892701886792473,-494.29999999999995,-218.9998823087456,225.70000000000005,141.0001176912544,682.3091710779642,-84.69988230874566
1.5471,-29.122,-13.902,-33.706,-0.378,225.7,-383.569,-3.057812,0,1.6541,-14.050005000000032,-494.29999999999995,-215.82529673692818,225.70000000000005,144.17470326307182,675.7227217351855,-81.52529673692823
1.5521,-29.122,-15.397,-162.989,-0.951,222.89,-427.359,-3.057812,0,1.6591,-15.391553333333395,-497.11,-212.36407321133373,222.89,147.63592678866627,703.6624021684348,-75.25407321133372
1.5581,-29.122,-16.847,-195.309,-0.627,220.43,-419.714,-3.098131,1,1.6651,-16.85035666666663,-499.57000000000005,-207.87789354586752,220.42999999999995,152.12210645413248,770.2246340790049,-68.30789354586747
1.5631,-47.283,-18.232,-211.931,-0.27,218.32,-385.161,-3.098131,0,1.6701,-18.094884999999962,-501.67999999999995,-203.844978079107,218.32000000000005,156.155021920893,818.1356286808078,-62.164978079107044
1.5681,-47.283,-18.232,-211.931,-0.27,215.16,-455.711,-3.098131,0,1.6751,-18.265401999999646,-504.84,-199.64328666736745,215.16000000000003,160.35671333263255,851.2510250334271,-54.80328666736747
1.5731,-47.283,-19.99,-298.736,-1.839,213.05,-403.484,-3.098131,0,1.6801,-20.301256000000063,-506.94999999999993,-195.11350383508795,213.05000000000007,164.88649616491205,942.2925734278899,-48.16350383508802
1.5781,-47.283,-24.892,-407.702,-0.494,213.05,-403.484,-3.617122,1,1.6851,-24.851055000000436,-506.94999999999993,-189.73590417112726,213.05000000000007,170.26409582887274,1143.2231691618322,-42.78590417112733
1.5831,-71.444,-27.639,-414.167,-0.104,210.23,-422.804,-3.617122,0,1.6901,-27.367046999999925,-509.77,-183.2970164588475,210.23000000000002,176.7029835411525,1331.3475109229582,-33.52701645884753
1.5881,-71.444,-27.639,-414.167,-0.104,207.42,-460.899,-3.617122,0,1.6951,-27.69955299999936,-512.5799999999999,-176.2941070220335,207.42000000000007,183.7058929779665,1431.38412492215,-23.714107022033573
1.5931,-71.444,-30.826,-524.98,-2.072,204.61,-465.401,-3.617122,0,1.7001,-31.309021000000097,-515.39,-168.52806870166202,204.61,191.47193129833798,1628.4750538869243,-13.138068701662036
1.5981,-71.444,-38.892,-645.029,-0.585,201.09,-526.387,-3.224818,1,1.7051,-38.820180000000775,-518.9100000000001,-159.0697050962259,201.08999999999992,200.9302949037741,2022.4163377792474,-0.15970509622582085
1.6031,-89.605,-43.178,-641.335,-0.253,198.28,-496.144,-3.224818,0,1.7101,-42.75368599999988,-521.72,-147.6505633401435,198.27999999999997,212.3494366598565,2358.8873768555804,14.069436659856535
1.6081,-89.605,-43.178,-641.335,-0.253,198.28,-496.144,-3.224818,0,1.7151,-43.35424399999813,-521.72,-135.19807331477602,198.27999999999997,224.80192668522398,2557.864221731089,26.521926685224003
1.6131,-89.605,-52.454,-729.063,-0.652,195.12,-509.465,-3.224818,0,1.7201,-52.02087499999986,-524.88,-121.35636714682123,195.12,238.64363285317876,2860.1644561241783,43.52363285317875
1.6181,-89.605,-57.355,-736.45,-0.046,191.95,-521.844,-3.332588,1,1.7251,-57.35376500000001,-528.05,-106.0706109492415,191.95000000000005,253.92938905075852,3130.597770434545,61.97938905075847
1.6231,-101.766,-62.191,-713.364,0.303,189.14,-495.73,-3.332588,0,1.7301,-62.18654499999999,-530.86,-89.99798910345012,189.14,270.0020108965499,3237.02935730805,80.86201089654992
1.6281,-101.766,-66.982,-717.981,-0.212,186.33,-480.455,-3.332588,0,1.7351,-66.98160100000001,-533.67,-73.77535661980214,186.33000000000004,286.22464338019785,3236.70480463264,99.8946433801978
1.6331,-101.766,-71.752,-703.206,0.12,183.87,-443.522,-3.332588,0,1.7401,-71.27976999999987,-536.13,-57.876573031951544,183.87,302.1234269680485,3156.6205763646763,118.25342696804847
1.6381000000000001,-101.766,-71.752,-703.206,0.12,183.87,-443.522,-3.533767,1,1.7451,-71.82490081967136,-536.13,-42.33719424003668,183.87,317.6628057599633,3085.678323617492,133.7928057599633
1.6442,-107.927,-76.433,-677.349,0.311,181.05,-445.553,-3.533767,0,1.7512,-76.47894968216772,-538.9499999999999,-24.098739076670075,181.05000000000007,335.9012609233299,2913.6822445673924,154.85126092332985
1.6491,-107.927,-81.444,-616.402,0.976,178.95,-403.962,-3.533767,0,1.7561,-81.68850373469391,-541.05,-11.362137059926338,178.95000000000005,348.63786294007366,2365.851306855532,169.68786294007361
1.6541000000000001,-107.927,-89.027,-534.215,0.552,177.19,-352.971,-3.533767,0,1.7611,-88.94640200000086,-542.81,-3.3734425994683934,177.19000000000005,356.6265574005316,1307.8197376196415,179.43655740053157
1.6591,-107.927,-92.368,-479.731,0.627,175.43,-323.07,-3.48592,1,1.7661,-92.33097399999998,-544.5699999999999,1.021632104735688,175.43000000000006,1.021632104735688,741.8806958079558,-174.40836789526438
1.6641,-108.088,-95.335,-426.171,0.834,174.02,-278.873,-3.48592,0,1.7711,-95.27862700000071,-545.9799999999999,3.5780955177043148,174.0200000000001,3.5780955177043148,424.14587804515537,-170.44190448229577
1.6691,-108.088,-95.335,-426.171,0.834,172.97,-227.019,-3.48592,0,1.7761,-95.79797058823542,-547.03,5.0503097287866385,172.97000000000003,5.0503097287866385,253.20543000151898,-167.9196902712134
1.6742,-108.088,-100.105,-311.664,0.801,172.97,-227.019,-3.48592,0,1.7812,-99.93664705882455,-547.03,5.992742175550086,172.97000000000003,5.992742175550086,159.93292997544464,-166.97725782444994
1.6791,-108.088,-100.105,-311.664,0.801,172.27,-170.895,-3.852529,1,1.7861,-100.44011500000009,-547.73,6.599570181371635,172.26999999999998,6.599570181371635,112.08916075566151,-165.67042981862835
1.6841,-102.25,-103.49,-207.314,0.66,171.91,-115.458,-3.852529,0,1.7911,-103.44740200000054,-548.0899999999999,7.059504630096838,171.91000000000008,7.059504630096838,84.78000344882295,-164.85049536990326
1.6891,-102.25,-104.633,-150.984,1.167,171.91,-57.729,-3.852529,0,1.7961,-104.585084,-548.0899999999999,7.434044498389199,171.91000000000008,7.434044498389199,71.38060124034612,-164.47595550161088
1.6941,-102.25,-105.292,-69.72,1.133,171.91,-28.864,-3.852529,0,1.8011,-105.2828230000001,-548.0899999999999,7.755728256256742,171.91000000000008,7.755728256256742,61.47170599198409,-164.15427174374335
1.6991,-102.25,-105.468,-4.156,0.602,172.97,73.873,-4.479372,1,1.8061,-105.450576,-547.03,8.03839927314311,172.97000000000003,8.03839927314311,54.80778786694489,-164.9316007268569
1.7041,-90.411,-105.468,-4.156,0.602,172.97,73.873,-4.479372,0,1.8111,-105.45546000000016,-547.03,8.294888385565509,172.97000000000003,8.294888385565509,49.784421853983034,-164.6751116144345
1.7091,-90.411,-104.808,111.276,1.333,174.02,122.5,-4.479372,0,1.8161,-104.781963,-545.9799999999999,8.528046998694624,174.0200000000001,8.528046998694624,45.40077165404904,-165.49195300130546
1.7141,-90.411,-103.885,153.754,0.926,175.78,210.839,-4.479372,0,1.8211,-103.87998400000006,-544.22,8.741363716667966,175.77999999999997,8.741363716667966,41.4551240557895,-167.038636283332
1.7191,-90.411,-102.698,188.845,0.536,177.54,252.529,-5.118149,1,1.8261,-102.68067499999998,-542.4599999999999,8.936005975829433,177.54000000000008,8.936005975829433,37.94486179215481,-168.60399402417065
1.7241,-84.572,-101.336,208.238,0.378,179.65,301.57,-5.118149,0,1.8311,-101.33347300000004,-540.3499999999999,9.11424552698157,179.6500000000001,9.11424552698157,34.610153039195545,-170.53575447301853
1.7291,-84.572,-99.841,226.707,0.66,181.76,324.595,-5.118149,0,1.8361,-99.83126499999999,-538.24,9.276215973854685,181.76,9.276215973854685,31.54375375672192,-172.48378402614532
1.7351,-84.572,-97.929,251.64,0.403,184.57,400.26,-5.118149,0,1.8421,-98.08674000000005,-535.4300000000001,9.458890099428666,184.56999999999994,9.458890099428666,30.59444682292751,-175.11110990057128
1.7401,-84.572,-97.929,251.64,0.403,184.57,400.26,-5.948415,1,1.8471,-97.89601600000043,-535.4300000000001,9.613797501352304,184.56999999999994,9.613797501352304,31.095666385946178,-174.95620249864763
1.7451,-84.733,-96.193,260.874,0.037,187.38,418.666,-5.948415,0,1.8521,-96.03846099999996,-532.6199999999999,9.765471426223625,187.3800000000001,9.765471426223625,29.54833048660101,-177.61452857377648
1.7501,-84.733,-92.896,236.865,-0.278,189.49,397.75,-5.948415,0,1.8571,-92.93023799999958,-530.5099999999999,9.916462283087773,189.49000000000012,9.916462283087773,32.39610942948119,-179.57353771691234
1.7551,-84.733,-91.401,213.778,-0.311,192.3,434.191,-5.948415,0,1.8621,-91.54900500000002,-527.6999999999999,10.160020842687127,192.30000000000007,10.160020842687127,54.001001146550365,177.86002084268705
1.7601,-84.733,-91.401,213.778,-0.311,194.77,422.161,-6.476332,1,1.8671,-91.35422200000059,-525.2299999999999,10.95110967036149,194.7700000000001,10.95110967036149,218.60274702050677,176.18110967036137
1.7651000000000001,-90.894,-88.939,162.989,-0.494,197.58,445.421,-6.476332,0,1.8721,-89.18273800000004,-522.42,12.470480590398772,197.58000000000004,12.470480590398772,324.8657979865634,174.89048059039874
1.7701,-90.894,-88.939,162.989,-0.494,197.58,445.421,-6.476332,0,1.8771,-88.91563000000029,-522.42,14.31119073103665,197.58000000000004,14.31119073103665,384.59833927814367,176.73119073103658
1.7751000000000001,-90.894,-87.709,29.089,-0.868,199.69,395.879,-6.476332,0,1.8821,-87.83512600000003,-520.31,16.345521385366244,199.69000000000005,16.345521385366244,415.28875110500167,176.65552138536623
1.7801,-90.894,-87.753,-26.318,-0.469,201.45,346.715,-6.355753,1,1.8871,-87.75674299999994,-518.5500000000001,18.47933519300611,201.44999999999993,18.47933519300611,427.9311574253172,177.0293351930062
1.7851,-103.055,-87.994,-41.093,-0.262,203.2,319.587,-6.355753,0,1.8921,-88.024591,-516.8000000000001,20.533477384079724,203.19999999999993,20.533477384079724,402.26513111740167,177.3334773840798
1.7901,-103.055,-88.544,-107.582,-1.308,204.61,277.325,-6.355753,0,1.8971,-88.55108699999991,-515.39,22.402885721035286,204.61,22.402885721035286,358.70117653214874,177.7928857210353
1.7951,-103.055,-89.467,-157.448,-1.009,206.02,255.751,-6.355753,0,1.9021,-89.37562299999998,-513.98,24.001189438318246,206.01999999999998,24.001189438318246,305.6499266364928,177.98118943831827
1.8001,-103.055,-89.467,-157.448,-1.009,206.02,255.751,-6.267006,1,1.9071,-89.51543099999938,-513.98,25.34179816705306,206.01999999999998,25.34179816705306,247.10534314586235,179.3217981670531
1.8051,-121.216,-92.016,-207.314,-0.394,207.07,210.269,-6.267006,0,1.9121,-91.93561199999998,-512.93,26.21925094591211,207.07000000000005,26.21925094591211,142.351016881095,179.14925094591206
1.8101,-121.216,-93.753,-299.659,-1.648,208.48,230.775,-6.267006,0,1.9171,-93.71999700000042,-511.52000000000004,26.529005018994685,208.47999999999996,26.529005018994685,29.80486785735964,178.04900501899476
1.8151,-121.216,-93.753,-299.659,-1.648,209.18,173.434,-6.267006,0,1.9221,-94.24691100000013,-510.82,26.364239980293217,209.18,26.364239980293217,-66.2821488002698,177.18423998029323
1.8201,-121.216,-98.742,-406.779,-0.643,209.88,145.063,-6.075788,1,1.9271,-98.69718522950879,-510.12,25.456963772092983,209.88,25.456963772092983,-242.47974300921533,175.576963772093
1.8262,-133.377,-101.951,-416.014,-0.278,210.59,130.89,-6.075788,0,1.9332,-101.85630819672187,-509.41,23.00482942166798,210.58999999999997,23.00482942166798,-463.254030878823,172.414829421668
1.8311,-133.377,-101.951,-416.014,-0.278,211.29,124.528,-6.075788,0,1.9381,-102.54616470588252,-508.71000000000004,20.35753293446046,211.28999999999996,20.35753293446046,-579.1766237268125,169.06753293446047
1.8362,-133.377,-108.083,-489.889,-0.428,211.29,124.528,-6.075788,0,1.9432,-107.9868825930378,-508.71000000000004,16.679579290928224,211.28999999999996,16.679579290928224,-797.1633185197727,165.38957929092828
1.8411,-133.377,-111.358,-493.583,-0.054,211.64,91.061,-5.522045,1,1.9481,-111.3492051632653,-508.36,13.048287661294236,211.64,13.048287661294236,-619.5961331325834,161.40828766129425
1.8461,-139.538,-114.611,-479.731,0.245,212.7,134.893,-5.522045,0,1.9531,-114.5491930000008,-507.29999999999995,11.021781740937344,212.70000000000005,11.021781740937344,-323.36621607255984,158.3217817409373
1.8511,-139.538,-114.611,-479.731,0.245,214.1,184.504,-5.522045,0,1.9581,-114.9243350000001,-505.9,10.031075289262173,214.10000000000002,10.031075289262173,-157.42555232104147,155.93107528926214
1.8561,-139.538,-117.776,-475.114,0.046,215.51,209.739,-5.522045,0,1.9631,-117.83155599999928,-504.49,9.604053688747646,215.51,9.604053688747646,-56.68991820084051,154.09405368874764
1.8611,-139.538,-123.865,-434.483,0.486,217.27,251.434,-4.741483,1,1.9681,-123.26218899999982,-502.72999999999996,9.544568892790839,217.27000000000004,9.544568892790839,0.7872361282098579,152.2745688927908
1.8662,-139.699,-123.865,-434.483,0.486,217.27,251.434,-4.741483,0,1.9732,-124.05715918367233,-502.72999999999996,9.612593048250366,217.27000000000004,9.612593048250366,17.28955615050965,152.34259304825036
1.8711,-139.699,-129.096,-356.913,0.453,219.38,297.451,-4.741483,0,1.9781,-128.5675622448978,-500.61999999999995,9.702842872551743,219.38000000000005,9.702842872551743,16.72199758216434,150.3228428725517
1.8761,-139.699,-129.096,-356.913,0.453,222.19,389.37,-4.741483,0,1.9831,-129.17283599999902,-497.81000000000006,9.765446393452955,222.18999999999994,9.765446393452955,10.673845178116913,147.57544639345303
1.8811,-139.699,-133.14,-263.645,0.71,225.35,457.384,-3.955023,1,1.9881,-132.73964399999986,-494.65,9.804072585704956,225.35000000000002,9.804072585704956,7.182871172004728,144.45407258570492
1.8861,-133.86,-133.14,-263.645,0.71,228.87,521.705,-3.955023,0,1.9931,-133.19219299999932,-491.13000000000005,9.83383145711811,228.86999999999995,9.83383145711811,5.39186878461701,140.9638314571182
1.8911,-133.86,-135.887,-150.984,0.951,233.09,612.339,-3.955023,0,1.9981,-135.68337641176467,-486.91,9.68031960650119,233.08999999999997,9.68031960650119,-61.273996760055454,136.59031960650123
1.8962,-133.86,-136.591,-71.567,1.25,233.09,612.339,-3.955023,0,2.0032,-136.5741978391358,-486.91,9.026001130355445,233.08999999999997,9.026001130355445,-152.64004428442198,135.93600113035546
1.9011000000000002,-133.86,-136.81,-12.467,0.917,237.66,683.828,-3.086857,1,2.0081,-136.78134253061225,-482.34,8.17077325989828,237.66000000000003,8.17077325989828,-180.44365376116946,130.51077325989826
1.9061000000000001,-122.021,-136.744,19.854,0.56,242.58,746.253,-3.086857,0,2.0131,-136.7369130000001,-477.41999999999996,7.247679722173772,242.58000000000004,7.247679722173772,-184.1553861068757,124.66767972217372
1.9111,-122.021,-136.305,92.807,1.382,247.85,821.836,-3.086857,0,2.0181,-136.2614235,-472.15000000000003,6.3934973216730935,247.84999999999997,6.3934973216730935,-162.97072189672554,118.54349732167316
1.9170999999999998,-122.021,-135.25,158.371,0.693,254.18,938.825,-3.086857,0,2.0241,-135.2195245,-465.82000000000005,5.631605479092246,254.17999999999995,5.631605479092246,-105.25309310562608,111.45160547909234
1.9221000000000001,-122.021,-134.063,185.151,0.66,260.16,967.648,-1.529601,1,2.0291,-134.0855529999997,-459.83999999999986,5.3037765994298205,260.16000000000014,5.3037765994298205,-49.30875646382928,105.14377659942966
1.9271,-104.182,-134.063,185.151,0.66,266.84,1040.257,-1.529601,0,2.0341,-133.7649109999999,-453.16,5.238716447479469,266.84,5.238716447479469,7.120621584418183,98.3987164474795
1.9321,-104.182,-131.052,293.195,1.806,266.84,1040.257,-1.529601,0,2.0391,-131.10920899999914,-453.16,5.594655245849428,266.84,5.594655245849428,101.87393315036371,98.75465524584945
1.9370999999999998,-104.182,-131.052,293.195,1.806,273.52,1066.789,-1.529601,0,2.0441,-130.57976999999988,-446.48,6.498495477710898,273.52,6.498495477710898,217.66760049693565,92.97849547771091
1.9421000000000002,-104.182,-126.282,379.999,0.66,280.2,1104.824,0.505308,1,2.0491,-126.32169099999948,-439.8,7.836070954178799,280.2,7.836070954178799,235.4954137358722,87.63607095417882
1.9471,-80.343,-123.601,405.856,0.419,287.58,1166.076,0.505308,0,2.0541,-123.55744,-432.42,8.549285816521154,287.58,8.549285816521154,114.05387243344612,80.96928581652116
1.9521,-80.343,-120.48,514.823,2.221,294.61,1167.665,0.505308,0,2.0591,-120.4674600000002,-425.39,8.891734056828511,294.61,8.891734056828511,53.984931122679406,74.2817340568285
1.9570999999999998,-80.343,-116.699,592.392,1.283,301.99,1198.276,0.505308,0,2.0641,-116.66642900000004,-418.01,9.124832238286842,301.99,9.124832238286842,45.87921247722289,67.13483223828683
1.9621000000000002,-80.343,-112.589,623.789,0.477,301.99,1198.276,2.714103,1,2.0691,-112.586492,-418.01,9.338811185993677,301.99,9.338811185993677,41.07686579237041,67.34881118599367
1.9671,-50.505,-108.347,639.488,-0.004,308.67,1126.838,2.714103,0,2.0741,-108.30789499999999,-411.3299999999999,9.518245024642205,308.6700000000001,9.518245024642205,33.682015958321585,60.848245024642154
1.9721,-50.505,-103.71,744.761,2.478,315.35,1153.63,2.714103,0,2.0791,-103.6957880000002,-404.6499999999999,9.658658351098515,315.3500000000001,9.658658351098515,25.43516748874287,54.308658351098416
1.9770999999999999,-50.505,-98.325,831.565,1.15,321.68,1102.176,2.714103,0,2.0841,-98.29450800000005,-398.32000000000005,9.756505899384335,321.67999999999995,9.756505899384335,17.470282661994574,48.07650589938436
1.9821000000000002,-50.505,-92.632,866.656,0.436,327.3,1022.677,5.404006,1,2.0891,-92.62907400000003,-392.70000000000005,9.826377123548843,327.29999999999995,9.826377123548843,13.199585653104172,42.52637712354891
1.9871,-20.505,-86.785,868.503,0.104,332.23,919.215,5.404006,0,2.0941,-86.75025099999999,-387.7699999999999,10.762236559217218,332.2300000000001,10.762236559217218,318.2435236959655,38.532236559217154
1.9921,-20.505,-80.587,946.073,1.964,332.23,919.215,5.404006,0,2.0991,-80.57782300000015,-387.7699999999999,13.76646655566825,332.2300000000001,13.76646655566825,734.2239340301954,41.5364665556682
1.9970999999999999,-20.505,-73.906,1015.332,1.084,337.15,862.912,5.404006,0,2.1041,-73.90915150000002,-382.85,19.01200837797815,337.15,19.01200837797815,1175.4462374792336,41.86200837797816
2.0031,-20.505,-65.927,1038.418,0.12,341.02,760.297,5.95496,1,2.1101,-65.90850349999998,-378.98,28.214231463857878,341.02,28.214231463857878,1711.9865287821567,47.194231463857875
2.0080999999999998,9.495,-59.091,1019.949,-0.502,344.53,671.506,5.95496,0,2.1151,-59.09018300000001,-375.47,38.25823756254405,344.53,38.25823756254405,2143.4556023181576,53.72823756254411
2.0130999999999997,9.495,-52.212,1044.882,1.05,347.34,571.706,5.95496,0,2.1201,-52.183686000000066,-372.66,50.39583488058436,347.34,50.39583488058436,2534.788363704366,63.05583488058437
2.0181,9.495,-45.047,1090.131,0.61,350.16,520.81,5.95496,0,2.1251,-45.044073999999966,-369.84,64.19647940087061,350.16,64.19647940087061,2854.7357745937193,74.03647940087058
2.0231,9.495,-37.728,1094.748,0.137,352.97,493.724,6.01111,1,2.1301,-37.75278688235296,-367.03,79.21734160361491,352.97,79.21734160361491,3048.2013434656456,86.24734160361487
2.0282,39.495,-30.518,1067.045,-0.453,352.97,493.724,6.01111,0,2.1352,-30.50845834333724,-367.03,94.94049252398388,352.97,94.94049252398388,3080.7776536057086,101.97049252398386
2.0330999999999997,39.495,-23.331,1091.978,1.067,355.43,449.515,6.01111,0,2.1401,-23.319384673469425,-364.57,109.5954474818145,355.43,109.5954474818145,2939.3113390123917,114.16544748181451
2.0380999999999996,39.495,-15.88,1128.916,0.477,357.54,402.105,6.01111,0,2.1451,-15.878745999999984,-362.4599999999999,123.33107672533421,357.5400000000001,123.33107672533421,2643.9169878946072,125.79107672533416
2.0431,39.495,-8.363,1126.145,-0.012,359.65,377.087,6.34296,1,2.1501,-8.376067999999925,-360.35,135.0952289749873,359.65,135.0952289749873,2228.7633359806514,135.44522897498734
2.0481,69.495,-0.978,1091.978,-0.619,1.76,364.878,6.34296,0,2.1551,-0.981570882353074,-358.24,144.6226852152249,1.759999999999991,144.6226852152249,1752.040363737942,142.86268521522493
2.0532,69.495,6.363,1119.681,0.959,3.52,329.131,6.34296,0,2.1602,6.393714352941147,-356.4800000000001,151.6965147285873,3.519999999999925,151.6965147285873,1235.9343840630108,148.17651472858734
2.0582,69.495,13.88,1135.38,0.444,3.52,329.131,6.34296,0,2.1652,13.60938799999415,-356.4800000000001,156.31495174488794,3.519999999999925,156.31495174488794,803.8906933042755,152.794951744888
2.0631,69.495,13.88,1135.38,0.444,5.98,366.24,6.392746,1,2.1701,14.63289499999909,-354.02,159.34703962252303,5.980000000000018,159.34703962252303,546.8196244916226,153.367039622523
2.0681,99.495,21.485,1137.227,-0.112,8.09,362.361,6.392746,0,2.1751,21.482073999999834,-351.91,160.96503966093127,8.089999999999975,160.96503966093127,197.5375234757126,152.8750396609313
2.0730999999999997,99.495,28.936,1106.753,-0.619,10.55,386.749,6.392746,0,2.1801,29.680182999998962,-349.45000000000005,159.7914900731255,10.549999999999955,159.7914900731255,-435.49945103900166,149.24149007312553
2.0780999999999996,99.495,43.904,1136.303,0.345,13.01,398.226,6.392746,0,2.1851,43.76535699999096,-346.98999999999995,154.7877753885129,13.010000000000048,154.7877753885129,-1268.7665939819865,141.77777538851285
2.0831,99.495,51.575,1131.686,-0.037,15.82,430.849,6.201608,1,2.1901,51.527153786885386,-344.18,145.67038322793837,15.819999999999993,145.67038322793837,-2010.3379701447057,129.85038322793838
2.0892,124.032,60.344,1094.748,-0.884,18.63,450.88,6.201608,0,2.1962,60.35811094011374,-341.37,130.89881558003538,18.629999999999995,130.89881558003538,-2613.8345944449775,112.26881558003538
2.0940999999999996,124.032,67.532,1078.126,0.195,18.63,450.88,6.201608,0,2.2011,67.53002981632635,-341.37,116.7471256914202,18.629999999999995,116.7471256914202,-3002.718136505847,98.1171256914202
2.0991,124.032,74.763,1076.279,0.129,22.5,543.161,6.201608,0,2.2061,74.04713100000151,-337.49999999999994,100.82450411094521,22.500000000000057,100.82450411094521,-3231.315680702731,78.32450411094516
2.1041,124.032,74.763,1076.279,0.129,26.72,631.395,5.568277,1,2.2111,75.027347000025,-333.28,84.40078276563982,26.720000000000027,84.40078276563982,-3299.7463072152404,57.680782765639776
2.1090999999999998,142.569,88.676,999.633,-1.034,30.94,665.759,5.568277,0,2.2161,87.9469640000016,-329.06,68.21732054045093,30.939999999999998,68.21732054045093,-3183.840185841035,37.277320540450944
2.1140999999999996,142.569,95.225,978.394,0.062,36.21,773.751,5.568277,0,2.2211,95.22292899999978,-323.79,53.3952028835012,36.20999999999998,53.3952028835012,-2857.4159326309,17.185202883501233
2.1191,142.569,101.665,951.614,-0.162,41.84,853.341,5.568277,0,2.2261,101.64114100000012,-318.16,40.238745543116465,41.839999999999975,40.238745543116465,-2534.948582059074,-1.6012544568835096
2.1241,142.569,107.864,911.905,-0.702,41.84,853.341,4.81996,1,2.2311,107.85687499999919,-318.16,28.82218717295478,41.839999999999975,28.82218717295478,-2164.059029120629,-13.01781282704519
2.1290999999999998,155.106,113.688,846.341,-1.291,47.81,898.81,4.81996,0,2.2361,113.6510730000001,-312.18999999999994,19.372584631373652,47.81000000000006,19.372584631373652,-1781.7763175803395,-28.437415368626404
2.1340999999999997,155.106,119.139,808.479,-0.286,54.14,1010.462,4.81996,0,2.2411,119.1348199999995,-305.86,11.738628623644408,54.139999999999986,11.738628623644408,-1410.483907178127,-42.40137137635557
2.1391,155.106,124.37,772.465,-0.577,61.52,1119.489,4.81996,0,2.2461,124.33950800000015,-298.48,5.958949041618501,61.51999999999998,5.958949041618501,-1056.7809579509903,-55.561050958381486
2.1441,155.106,129.293,715.211,-0.884,68.55,1146.285,4.001843,1,2.2511,129.28465899999887,-291.45,1.8218153076585106,68.55000000000001,1.8218153076585106,-724.1087647977649,-66.7281846923415
2.1491,161.642,133.777,645.029,-1.25,75.94,1184.059,4.001843,0,2.2561,133.73413105882364,-284.06,-0.7005021006592829,75.94,359.29949789934074,-420.36360175302553,-76.64050210065926
2.1542,161.642,137.909,606.244,-0.635,75.94,1184.059,4.001843,0,2.2612,137.9008647058818,-284.06,-1.85115490719217,75.94,358.14884509280785,-138.1379718813571,-77.79115490719215
2.1592,161.642,141.734,560.995,-0.619,82.97,1162.538,4.001843,0,2.2662,141.70906938775525,-277.03000000000003,-1.6264246655348256,82.96999999999997,358.37357533446516,117.35250501635582,-84.59642466553481
2.1641,161.642,145.228,495.43,-0.735,90.0,1187.833,3.066713,1,2.2711,145.22039418367228,-270.0,-0.25777299638262074,90.0,359.74222700361736,350.7593201084614,-90.25777299638264
2.1691,162.179,148.393,436.329,-0.834,96.68,1150.607,3.066713,0,2.2761,148.34300500000018,-263.32,2.2701893220115905,96.68,2.2701893220115905,564.0091313299552,-94.40981067798842
2.1740999999999997,162.179,151.053,378.152,-0.876,103.01,1102.728,3.066713,0,2.2811,151.04714799999903,-256.99,5.730505096181169,103.00999999999999,5.730505096181169,748.2645340268612,-97.27949490381883
2.1790999999999996,162.179,153.405,320.898,-0.942,108.98,1040.467,3.066713,0,2.2861,153.35348700000017,-251.02,10.0341207468072,108.97999999999999,10.0341207468072,902.4373780053071,-98.94587925319279
2.1851,162.179,155.603,264.568,-0.743,114.96,1026.385,2.583607,1,2.2921,155.42166500000073,-245.04000000000002,15.98457078152596,114.95999999999998,15.98457078152596,1025.2626633521759,-98.97542921847402
2.1902,156.716,155.603,264.568,-0.743,114.96,1026.385,2.583607,0,2.2972,155.70552653062114,-245.04000000000002,21.41589435085854,114.95999999999998,21.41589435085854,1084.952046585543,-93.54410564914144
2.1950999999999996,156.716,158.394,151.907,-0.859,120.23,941.418,2.583607,0,2.3021,158.18382704081716,-239.76999999999998,27.01319098243413,120.23000000000002,27.01319098243413,1166.524674347598,-93.2168090175659
2.2001,156.716,159.119,78.955,-1.333,124.8,858.959,2.583607,0,2.3071,159.10522499999732,-235.20000000000002,33.08423905701025,124.79999999999998,33.08423905701025,1228.5453434735236,-91.71576094298973
2.2051,156.716,159.119,78.955,-1.333,129.38,811.268,2.524394,1,2.3121,159.1386019999999,-230.62000000000003,39.21721462133618,129.37999999999997,39.21721462133618,1223.7593047365713,-90.16278537866378
2.2100999999999997,145.252,159.317,-12.467,-0.511,132.89,698.803,2.524394,0,2.3171,159.30531499999762,-227.11000000000004,45.26733111464075,132.88999999999996,45.26733111464075,1202.2303119133842,-87.62266888535922
2.2150999999999996,145.252,158.9,-89.113,-1.382,136.41,642.297,2.524394,0,2.3221,158.94128299999983,-223.59,51.16322166833079,136.41,51.16322166833079,1169.408099612826,-85.2467783316692
2.2201,145.252,158.9,-89.113,-1.382,136.41,642.297,2.524394,0,2.3271,158.88411599999657,-223.59,56.87788139121147,136.41,56.87788139121147,1129.8703721197194,-79.53211860878852
2.2251,145.252,158.064,-145.443,-0.677,139.22,548.653,2.631764,1,2.3321,157.90965900000074,-220.78,62.336252710954575,139.22,62.336252710954575,1073.1131737983803,-76.88374728904543
2.2300999999999997,127.789,155.669,-195.309,-0.378,141.33,455.651,2.631764,0,2.3371,155.71450500001023,-218.67,67.4548627407397,141.33,67.4548627407397,1001.8172619667963,-73.87513725926031
2.2350999999999996,127.789,155.669,-195.309,-0.378,143.44,402.81,2.631764,0,2.3421,155.29347941176658,-216.55999999999997,72.23586724621111,143.44000000000003,72.23586724621111,937.4054539822741,-71.20413275378891
2.2401999999999997,127.789,151.8,-348.602,-0.893,145.2,347.537,2.631764,0,2.3472,151.84453253301814,-214.8,76.76557099509101,145.2,76.76557099509101,864.6390671375026,-68.43442900490898
2.2451,127.789,149.295,-385.54,-0.735,146.25,260.782,3.020261,1,2.3521,149.29420362244898,-213.74999999999997,80.75797376381202,146.25000000000003,80.75797376381202,796.6559286155248,-65.49202623618801
2.2510999999999997,104.326,146.218,-405.856,-0.361,146.95,189.369,3.020261,0,2.3581,146.17148650000027,-213.05,85.26575120801922,146.95,85.26575120801922,730.1020586785288,-61.684248791980764
2.2561,104.326,143.184,-501.894,-2.204,146.95,189.369,3.020261,0,2.3631,143.24164600001464,-213.05,88.76029068446314,146.95,88.76029068446314,685.6978413571504,-58.189709315536845
2.2611,104.326,143.184,-501.894,-2.204,146.95,94.685,3.020261,0,2.3681,142.42031400000428,-213.05,92.06106794958532,146.95,92.06106794958532,650.7797155017832,-54.88893205041467
2.2661,104.326,135.47,-615.478,-0.577,146.6,17.548,3.740758,1,2.3731,135.61656600003852,-213.40000000000003,95.22726336139846,146.59999999999997,95.22726336139846,626.3583496084335,-51.37273663860151
2.2710999999999997,74.863,135.47,-615.478,-0.577,145.55,-78.217,3.740758,0,2.3781,134.63374117647547,-214.45,98.31153938736972,145.55,98.31153938736972,614.3699247529757,-47.23846061263029
2.2762,74.863,126.854,-720.752,-2.395,143.79,-186.0,3.740758,0,2.3832,126.96674309725336,-216.21,101.45620135417337,143.79,101.45620135417337,620.3174140856943,-42.33379864582662
2.2811,74.863,121.645,-810.326,-1.225,140.98,-327.543,3.740758,0,2.3881,121.62067630612256,-219.02,104.58884984209517,140.98,104.58884984209517,647.722169326949,-36.391150157904804
2.2861,74.863,116.084,-845.417,-0.693,140.98,-327.543,4.441408,1,2.3931,116.08232799999952,-219.02,107.9531692584813,140.98,107.9531692584813,686.0160490657646,-33.026830741518694
2.2910999999999997,51.399,110.435,-847.264,-0.021,137.81,-411.76,4.441408,0,2.3981,110.99425099999651,-222.19,111.54972202643779,137.81,111.54972202643779,730.7444203315287,-26.26027797356221
2.2960999999999996,51.399,110.435,-847.264,-0.021,133.59,-580.967,4.441408,0,2.4031,110.20698099993336,-226.41,115.35761354319493,133.59,115.35761354319493,780.6979142069582,-18.232386456805074
2.3011,51.399,98.434,-934.992,-0.627,128.67,-699.812,4.441408,0,2.4081,98.99978499999621,-231.33,119.6375810820802,128.67,119.6375810820802,891.7121025555558,-9.032418917919784
2.3061,51.399,92.148,-948.843,-0.145,123.05,-818.726,5.105248,1,2.4131,92.1496720000005,-236.94999999999996,124.60238757275836,123.05000000000004,124.60238757275836,1040.8274946108575,1.5523875727583345
2.3110999999999997,33.936,85.95,-922.063,0.361,116.37,-964.815,5.105248,0,2.4181,85.96088999999994,-243.62999999999997,130.35050659871848,116.37000000000003,130.35050659871848,1195.4580873684513,13.98050659871845
2.3160999999999996,33.936,79.862,-911.905,-0.361,116.37,-964.815,5.105248,0,2.4231,79.86074599999962,-243.62999999999997,136.9461837309829,116.37000000000003,136.9461837309829,1379.7067437472822,20.576183730982876
2.3211,33.936,73.708,-912.829,-0.037,109.34,-1062.371,5.105248,0,2.4281,73.72314699999984,-250.65999999999997,144.6251439353879,109.34000000000003,144.6251439353879,1601.5362941864207,35.28514393538788
2.3261,33.936,67.707,-886.049,0.461,101.95,-1155.969,4.657624,1,2.4331,67.71287100000191,-258.05,153.5054841661349,101.94999999999999,153.5054841661349,1860.4009180044234,51.5554841661349
2.3310999999999997,22.473,62.015,-831.565,1.092,93.87,-1250.466,4.657624,0,2.4381,62.045392999999784,-266.13,163.84913135946417,93.87,163.84913135946417,2154.365495866026,69.97913135946416
2.3360999999999996,22.473,56.63,-783.546,0.245,85.78,-1298.437,4.657624,0,2.4431,56.64056991803633,-274.21999999999997,175.7029866262665,85.78000000000003,175.7029866262665,2472.60962234256,89.92298662626649
2.3421999999999996,22.473,50.739,-744.761,0.693,77.34,-1346.888,4.657624,0,2.4492,50.912832786913015,-282.65999999999997,192.21450911539037,77.34000000000003,192.21450911539037,2801.0543809121473,114.87450911539031
2.3470999999999997,22.473,50.739,-744.761,0.693,68.55,-1414.872,3.461566,1,2.4541,50.27612647059172,-291.45,206.46645383897047,68.55000000000001,206.46645383897047,2950.927377315822,137.91645383897048
2.3522,17.009,45.97,-687.507,0.901,68.55,-1414.872,3.461566,0,2.4592,45.982489075632316,-291.45,222.18100774617847,68.55000000000001,222.18100774617847,3152.360478508658,153.63100774617845
2.3571,17.009,41.728,-616.402,1.225,59.77,-1417.67,3.461566,0,2.4641,41.42976957143087,-300.23,238.57958172626783,59.76999999999998,238.57958172626783,3425.086959216742,178.80958172626788
2.3621,17.009,34.387,-513.899,0.868,50.62,-1496.84,3.461566,0,2.4691,34.52647900005075,-309.38,256.48765448138266,50.620000000000005,256.48765448138266,3637.159872322341,-154.13234551861734
2.3670999999999998,17.009,34.387,-513.899,0.868,41.48,-1512.829,2.075905,1,2.4741,34.07584300000247,-318.52,274.9427905850661,41.48000000000002,274.9427905850661,3703.18299814055,-126.5372094149339
2.3720999999999997,17.546,31.244,-452.951,0.959,31.29,-1602.314,2.075905,0,2.4791,31.20516399998555,-328.71,293.4673914134261,31.29000000000002,293.4673914134261,3696.640282734738,-97.82260858657389
2.3771,17.546,26.057,-340.291,0.934,21.45,-1624.059,2.075905,0,2.4841,26.3784335882326,-338.55,311.5403206483747,21.44999999999999,311.5403206483747,3575.693509824118,-69.9096793516253
2.3821999999999997,17.546,24.078,-282.114,0.718,21.45,-1624.059,2.075905,0,2.4892,24.087308283315,-338.55,329.27317760164857,21.44999999999999,329.27317760164857,3435.5477951222615,-52.17682239835142
2.3870999999999998,17.546,22.43,-232.247,0.818,10.9,-1675.726,0.764256,1,2.4941,22.46372263265277,-349.1,345.7775984386402,10.899999999999977,345.7775984386402,3341.959380720996,-25.122401561359766
2.3920999999999997,15.285,21.089,-186.998,0.619,359.65,-1790.465,0.764256,0,2.4991,21.11447900001002,-360.35,362.200615709423,359.65,2.2006157094230048,3261.830495173629,2.5506157094230275
2.3971,15.285,21.089,-186.998,0.619,348.4,-1827.89,0.764256,0,2.5041,20.886644000001752,-371.59999999999997,378.30649932625744,348.40000000000003,18.306499326257438,3202.325362072288,29.906499326257403
2.4021,15.285,19.045,-135.285,0.378,336.8,-1881.763,0.764256,0,2.5091,19.083836000015765,-383.19999999999993,394.05578756559504,336.80000000000007,34.05578756559504,3125.118139446665,57.25578756559497
2.4071,15.285,19.045,-135.285,0.378,325.2,-1908.922,0.013643,1,2.5141,18.90278269230895,-394.8,409.41904624758456,325.2,49.41904624758456,3053.647056444233,84.21904624758457
2.4122999999999997,7.024,17.551,-98.347,0.145,325.2,-1908.922,0.013643,0,2.5193,17.588771624808302,-394.8,425.068770331198,325.2,65.06877033119798,2988.9821407974737,99.868770331198
2.4172,7.024,16.869,-115.893,-0.735,313.59,-1896.932,0.013643,0,2.5242,16.856167346939017,-406.41,439.5145533051956,313.59,79.51455330519559,2933.3143498188415,125.92455330519562
2.4221,7.024,16.056,-128.821,-0.411,302.34,-1910.183,0.013643,0,2.5291,16.05464667112689,-417.6600000000001,453.7422407512827,302.3399999999999,93.74224075128268,2891.3151464227317,151.40224075128276
2.4282,7.024,14.957,-141.749,-0.187,291.09,-1891.969,0.926772,1,2.5352,14.95309889595103,-428.91,471.2349104270153,291.09,111.23491042701528,2858.5316000849116,-179.8550895729847
2.4330999999999996,4.763,13.968,-150.06,-0.253,280.55,-1821.56,0.926772,0,2.5401,13.965642183673506,-439.45,485.2121262315471,280.55,125.21212623154707,2851.9639747729343,-155.33787376845294
2.4381,4.763,12.935,-149.137,-0.203,270.0,-1793.455,0.926772,0,2.5451,12.934999999999999,-450.0,499.5068338109926,270.0,139.5068338109926,2864.1133968722743,-130.4931661890074
2.4431,4.763,11.902,-153.754,0.079,259.8,-1744.468,0.926772,0,2.5501,11.902,-460.19999999999993,513.9326225009122,259.80000000000007,153.9326225009122,2895.2234203614157,-105.86737749908787
2.4480999999999997,4.763,10.869,-153.754,-0.071,259.8,-1744.468,2.770681,1,2.5551,10.869836000000378,-460.19999999999993,528.5628449330459,259.80000000000007,168.56284493304588,2941.7199697273445,-91.23715506695419
2.4530999999999996,8.502,9.88,-145.443,-0.004,249.96,-1651.104,2.770681,0,2.5601,9.89306799999988,-470.03999999999996,543.4755281311641,249.96000000000004,183.47552813116408,2999.304248640128,-66.48447186883595
2.4581,8.502,9.023,-115.893,0.61,240.47,-1658.04,2.770681,0,2.5651,9.039283000007568,-479.5299999999999,558.6585953200336,240.47000000000008,198.65859532003356,3051.798321073205,-41.81140467996653
2.4631,8.502,9.023,-115.893,0.61,231.33,-1591.993,2.770681,0,2.5701,8.924990000000989,-488.66999999999996,574.0528573707863,231.33000000000004,214.05285737078634,3090.386197711739,-17.2771426292137
2.4680999999999997,8.502,8.033,-38.323,0.577,222.54,-1530.709,3.629337,1,2.5751,8.048903000007526,-497.46000000000004,589.658273043562,222.53999999999996,229.65827304356196,3135.8209222047412,7.118273043561999
2.4730999999999996,18.241,7.88,-14.313,0.228,214.1,-1467.367,3.629337,0,2.5801,7.916827999999619,-505.9,605.4895999530177,214.10000000000002,245.48959995301766,3176.078576966502,31.389599953017637
2.4781,18.241,8.099,59.562,1.25,214.1,-1467.367,3.629337,0,2.5851,8.094838999997979,-505.9,621.4676565009776,214.10000000000002,261.46765650097757,3204.582771066848,47.367656500977546
2.4831,18.241,8.099,59.562,1.25,206.02,-1395.584,3.629337,0,2.5901,8.236114999998556,-513.98,637.599359355864,206.01999999999998,277.59935935586395,3235.4029195305347,71.57935935586397
2.4880999999999998,18.241,9.484,128.821,0.552,198.98,-1292.877,4.907286,1,2.5951,9.47522199999566,-521.02,653.914584069081,198.98000000000002,293.914584069081,3277.6865507908387,94.93458406908098
2.4930999999999996,33.98,10.407,138.979,0.129,191.6,-1265.656,4.907286,0,2.6001,10.439669999999637,-528.4,670.5192647928474,191.60000000000002,310.51926479284737,3339.269338709759,118.91926479284734
2.4981,33.98,11.66,212.855,1.623,184.92,-1186.021,4.907286,0,2.6051,11.669177000004654,-535.08,687.4695580522264,184.91999999999996,327.4695580522264,3415.9143050166267,142.54955805222642
2.5031,33.98,13.396,280.267,0.926,178.24,-1150.706,4.907286,0,2.6101,13.22413600000189,-541.76,704.8665835915136,178.24,344.86658359151363,3501.621984894351,166.62658359151362
2.5080999999999998,33.98,13.396,280.267,0.926,178.24,-1150.706,6.030706,1,2.6151,13.435254000020228,-541.76,722.5952372319096,178.24,2.5952372319095502,3565.63666168423,-175.64476276809046
2.5130999999999997,55.719,15.462,317.205,0.643,172.27,-1047.671,6.030706,0,2.6201,15.696283499997358,-547.73,740.7562351563562,172.26999999999998,20.756235156356183,3670.853195970161,-151.5137648436438
2.5191,55.719,20.781,448.334,1.706,166.29,-1049.791,6.030706,0,2.6261,20.67294150000125,-553.71,763.6678723774427,166.28999999999996,43.66787237744268,3894.510861509339,-122.62212762255729
2.5241,55.719,24.122,516.669,0.893,160.66,-995.789,6.030706,0,2.6311,24.126180000002222,-559.34,783.6833313207537,160.65999999999997,63.68333132075372,4044.6313544919585,-96.97666867924625
2.5290999999999997,55.719,27.683,547.143,0.369,155.39,-933.753,7.240973,1,2.6361,27.686763941176412,-564.61,804.1311777792015,155.39,84.1311777792015,4098.53819597279,-71.25882222079849
2.5342,83.458,31.354,552.684,0.129,150.12,-907.434,7.240973,0,2.6412,31.375414885959827,-569.88,824.9281448708402,150.12,104.92814487084024,4057.469201635024,-45.19185512915976
2.5391,83.458,35.464,654.263,2.337,144.84,-894.411,7.240973,0,2.6461,35.51167965186022,-575.1600000000001,844.3291905655942,144.83999999999992,124.32919056559422,3909.982112774663,-20.5108094344057
2.5441999999999996,83.458,40.233,737.374,1.108,144.84,-894.411,7.240973,0,2.6512,40.24956806723115,-575.1600000000001,863.3946069414571,144.83999999999992,143.39460694145714,3648.356566816582,-1.445393058542777
2.5490999999999997,83.458,45.266,775.235,0.602,139.57,-879.665,7.477131,1,2.6561,45.261105462184936,-580.43,880.1294016533465,139.57000000000005,160.12940165334646,3318.927188445442,20.559401653346413
2.5542,113.458,50.454,774.312,-0.071,134.3,-883.158,7.477131,0,2.6612,50.46709411765053,-585.6999999999999,895.7711124913491,134.30000000000007,175.77111249134907,2949.8051191478476,41.471112491349004
2.5591999999999997,113.458,55.904,863.886,2.287,128.67,-913.81,7.477131,0,2.6662,55.97727346938589,-591.3299999999999,909.2312167883711,128.67000000000007,189.23121678837106,2587.4159681621013,60.561216788370984
2.5641,113.458,61.993,930.374,1.299,122.7,-954.365,7.477131,0,2.6711,61.998143959186635,-597.3000000000001,920.7290863809906,122.69999999999993,200.72908638099057,2238.9634029295116,78.02908638099063
2.5690999999999997,113.458,68.477,967.312,0.444,116.02,-1032.937,6.893451,1,2.6761,67.83508400000798,-603.98,930.8626333662659,116.01999999999998,210.86263336626587,1960.7338494285416,94.84263336626589
2.5742,137.869,68.477,967.312,0.444,116.02,-1032.937,6.893451,0,2.6812,68.94381200012803,-603.98,940.180520088897,116.01999999999998,220.18052008889697,1760.000628395509,104.16052008889699
2.5791999999999997,137.869,81.444,995.016,1.117,108.98,-1089.167,6.893451,0,2.6862,80.19916800003236,-611.02,948.166805587467,108.98000000000002,228.16680558746702,1535.9428164194849,119.186805587467
2.5841,137.869,81.444,995.016,1.117,101.25,-1203.822,6.893451,0,2.6911,81.70251400015388,-618.75,955.07685967225,101.25,235.07685967224995,1356.736972994143,133.82685967224995
2.5890999999999997,137.869,95.05,1026.413,-0.004,93.52,-1245.684,5.377038,1,2.6961,94.35999717647944,-626.48,961.2892685405743,93.51999999999998,241.2892685405743,1197.257276367122,147.76926854057433
2.5942,156.28,101.819,991.322,-0.602,85.08,-1326.765,5.377038,0,2.7012,101.8231308523421,-634.92,966.9046533946325,85.08000000000004,246.90465339463253,1062.2253015910137,161.8246533946325
2.5991,156.28,108.435,983.934,0.087,76.64,-1362.533,5.377038,0,2.7061,108.40451956782759,-643.3599999999999,971.8181178508747,76.6400000000001,251.81811785087473,982.2324468225172,175.17811785087463
2.6041999999999996,156.28,115.007,965.465,-0.237,76.64,-1362.533,5.377038,0,2.7112,114.77504705875671,-643.3599999999999,976.6461047006468,76.6400000000001,256.6461047006468,935.1274460763966,-179.9938952993533
2.6100999999999996,156.28,115.007,965.465,-0.237,68.2,-1386.521,3.004367,1,2.7171,115.25224901976001,-651.8,982.0998844939108,68.20000000000005,262.09988449391085,919.0638344470786,-166.1001155060892
2.6151999999999997,168.691,128.173,848.187,-1.225,60.47,-1304.189,3.004367,0,2.7222,127.46987971190424,-659.53,986.7738552153971,60.47000000000003,266.77385521539713,917.6520274111072,-153.6961447846029
2.6201,168.691,133.645,802.938,-0.685,52.73,-1338.665,3.004367,0,2.7271,133.53891020401448,-667.27,991.3364605463191,52.73000000000002,271.33646054631913,939.8460384665691,-141.3935394536809
2.6250999999999998,168.691,133.645,802.938,-0.685,45.35,-1288.012,3.004367,0,2.7321,134.16286899999292,-674.65,996.1789956884094,45.35000000000002,276.1789956884094,981.0934602065444,-129.17100431159065
2.6300999999999997,168.691,138.876,763.23,-0.66,38.32,-1229.853,-0.378273,1,2.7371,138.86891299999542,-681.6800000000001,1001.2751311155677,38.319999999999936,281.27513111556766,1039.60530970573,-117.04486888443228
2.6351,175.102,143.734,705.053,-1.05,31.99,-1138.021,-0.378273,0,2.7421,144.070099176466,-688.01,1006.7929412419401,31.99000000000001,286.79294124194007,1132.3891337638975,-105.19705875805994
2.6401999999999997,175.102,152.152,582.234,-0.511,31.99,-1138.021,-0.378273,0,2.7472,151.9870501175966,-688.01,1013.0012763744415,31.99000000000001,293.00127637444155,1259.3908520592959,-98.98872362555846
2.6452,175.102,155.823,540.679,-0.743,26.02,-1060.284,-0.378273,0,2.7522,155.47058400001032,-693.9799999999999,1019.7708798455211,26.020000000000095,299.7708798455211,1388.001676161257,-86.24912015447899
2.6500999999999997,175.102,155.823,540.679,-0.743,20.39,-1010.377,-3.629673,1,2.7571,155.88521568631575,-699.6099999999999,1026.8685431765887,20.3900000000001,306.8685431765887,1474.5557393298607,-73.52145682341143
2.6552,175.512,159.163,480.655,-0.893,14.77,-972.983,-3.629673,0,2.7622,159.14370012004858,-705.2299999999999,1034.7621400075266,14.770000000000095,314.76214000752657,1584.1779065805258,-60.00785999247353
2.6601,175.512,162.175,430.789,-0.785,9.84,-897.119,-3.629673,0,2.7671,162.1662890816268,-710.1600000000001,1043.0243734867863,9.839999999999918,323.0243734867863,1733.941882046277,-46.8156265132136
2.6651,175.512,164.79,365.224,-0.693,5.27,-828.122,-3.629673,0,2.7721,164.93216205882146,-714.7299999999999,1052.2857844827188,5.2700000000000955,332.2857844827188,1902.7514811965796,-32.984215517281314
2.6702,175.512,168.922,263.645,-0.693,5.27,-828.122,-3.033571,1,2.7772,168.83236070585352,-714.7299999999999,1062.6618078817467,5.2700000000000955,342.66180788174665,2094.842855138478,-22.60819211825344
2.6752,169.923,170.483,218.396,-0.668,1.41,-714.824,-3.033571,0,2.7822,170.44920800000105,-718.5900000000001,1073.7043494781742,1.4099999999998545,353.7043494781742,2246.5926756668205,-7.705650521825646
2.6801999999999997,169.923,171.692,157.448,-0.81,357.54,-705.385,-3.033571,0,2.7872,171.64847599998583,-722.4599999999999,1085.2260501808112,357.5400000000001,5.226050180811171,2324.173155295447,7.686050180811094
2.6851,169.923,171.692,157.448,-0.81,354.02,-642.354,-3.033571,0,2.7921,171.7833769999986,-725.98,1096.724204235261,354.02,16.724204235260913,2353.4891812662413,22.70420423526093
2.6900999999999997,169.923,172.615,9.696,-0.859,350.86,-586.186,-0.510769,1,2.7971,172.59574988523235,-729.14,1108.5476658707532,350.86,28.547665870753235,2368.852964297799,37.68766587075322
2.6961999999999997,158.334,172.505,-20.778,-0.453,348.75,-465.526,-0.510769,0,2.8032,172.49240590163515,-731.2499999999999,1122.9811673759284,348.7500000000001,42.98116737592841,2357.9404234744693,54.231167375928294
2.7011999999999996,158.334,172.065,-96.5,-1.283,346.29,-441.435,-0.510769,0,2.8082,172.0265811764718,-733.7099999999999,1134.6173307287363,346.2900000000001,54.617330728736306,2313.084640886197,68.32733072873623
2.7062999999999997,158.334,171.208,-150.06,-0.685,346.29,-441.435,-0.510769,0,2.8133,171.25085000000894,-733.7099999999999,1146.2304251338853,346.2900000000001,66.23042513388532,2261.397236428754,79.94042513388524
2.7110999999999996,158.334,171.208,-150.06,-0.685,344.53,-364.3,1.869422,1,2.8181,170.97544705882717,-735.47,1156.927197716017,344.53,76.92719771601696,2214.826398418039,92.39719771601699
2.7161999999999997,140.745,168.812,-195.309,-0.361,343.48,-270.707,1.869422,0,2.8232,168.837236705891,-736.52,1168.043092332347,343.48,88.04309233234699,2164.0289056955557,104.56309233234697
2.7211999999999996,140.745,167.164,-279.343,-1.698,342.42,-224.301,1.869422,0,2.8282,167.32220799999487,-737.58,1178.7321433248412,342.41999999999996,98.73214332484122,2128.855985160539,116.31214332484126
2.7260999999999997,140.745,167.164,-279.343,-1.698,342.07,-141.197,1.869422,0,2.8331,167.07637647052317,-737.93,1189.0936952520624,342.07000000000005,109.09369525206239,2110.8654862854055,127.02369525206234
2.7312,140.745,162.46,-390.157,-0.735,342.07,-70.598,3.850445,1,2.8382,162.64746541175853,-737.93,1199.9380190227002,342.07000000000005,119.93801902270025,2138.463830764515,137.8680190227002
2.7361999999999997,117.156,159.801,-403.085,-0.386,342.07,-70.598,3.850445,0,2.8432,159.78595199999467,-737.93,1210.8704435348507,342.07000000000005,130.87044353485066,2210.7295250874754,148.80044353485061
2.7411999999999996,117.156,156.724,-512.976,-2.171,342.07,-35.299,3.850445,0,2.8482,156.6585280000022,-737.93,1222.2617914252903,342.07000000000005,142.2617914252903,2310.6427326333946,160.19179142529026
2.7462,117.156,152.965,-585.928,-1.266,342.42,12.053,3.850445,0,2.8532,152.953947999996,-737.58,1234.3243007426474,342.41999999999996,154.32430074264744,2464.538261816615,171.90430074264748
2.7512,117.156,148.899,-624.713,-0.594,343.83,123.666,4.601026,1,2.8582,149.28933599998678,-736.1700000000001,1247.2857153101295,343.8299999999999,167.2857153101295,2637.4446323418138,-176.54428468987044
2.7561,92.021,148.899,-624.713,-0.594,345.23,178.127,4.601026,0,2.8631,148.73768627438463,-734.77,1260.7351576026774,345.23,180.73515760267742,2804.1499530479077,-164.4948423973226
2.7611999999999997,92.021,140.239,-712.44,-1.98,346.64,206.795,4.601026,0,2.8682,140.56666682351823,-733.36,1276.2124989504664,346.64,196.2124989504664,3149.1747927744327,-150.4275010495336
2.7662,92.021,135.162,-780.776,-0.951,346.64,206.795,4.601026,0,2.8732,135.1517039999962,-733.36,1293.4601084135068,346.64,213.46010841350676,3578.816902436489,-133.17989158649323
2.7712,92.021,129.799,-800.168,-0.444,348.75,277.189,3.99079,1,2.8782,129.79900000000004,-731.2499999999999,1312.5545827778874,348.7500000000001,232.5545827778874,3910.311429131375,-116.19541722211272
2.7762,72.885,124.436,-796.474,0.253,351.21,346.488,3.99079,0,2.8832,124.43203999999854,-728.79,1333.0092394747023,351.21000000000004,253.00923947470233,4161.731265898702,-98.20076052529771
2.7811999999999997,72.885,118.963,-826.948,-0.976,353.67,378.285,3.99079,0,2.8882,118.95552664406807,-726.3299999999999,1354.2681062435263,353.6700000000001,274.2681062435263,4272.1214636858,-79.40189375647378
2.7870999999999997,72.885,112.413,-844.494,-0.394,356.13,394.113,3.99079,0,2.8941,112.4055598983052,-723.87,1379.2464522604064,356.13,299.2464522604064,4188.856736195017,-56.88354773959361
2.7920999999999996,72.885,106.787,-840.8,0.12,358.59,399.084,2.746065,1,2.8991,106.79235576471024,-721.41,1399.441634332201,358.59000000000003,319.4416343322009,3957.3146844320277,-39.14836566779911
2.7971999999999997,54.921,101.336,-802.938,0.834,0.7,377.261,2.746065,0,2.9042,101.34263529411739,-719.3,1418.449477163535,0.7000000000000455,338.449477163535,3627.912549359376,-22.250522836465052
2.8021999999999996,54.921,96.061,-794.627,-0.403,0.7,377.261,2.746065,0,2.9092,96.25090000007309,-719.3,1434.0549088666871,0.7000000000000455,354.05490886668713,2657.887151291559,-6.645091133312917
2.8070999999999997,54.921,96.061,-794.627,-0.403,3.16,392.099,2.746065,0,2.9141,95.04130000001813,-716.84,1442.7716047390034,3.159999999999968,2.771604739003351,1499.4216410336844,-0.38839526099661725
2.8122,54.921,85.555,-766.0,0.345,4.92,344.851,0.963436,1,2.9192,85.74616000007468,-715.08,1447.9714541292676,4.919999999999959,7.971454129267613,841.6280593563353,3.051454129267654
2.8171999999999997,30.957,80.565,-727.216,0.801,6.68,319.564,0.963436,0,2.9242,80.57565599999961,-713.32,1450.9016799557405,6.67999999999995,10.90167995574052,501.54882534942436,4.221679955740569
2.8221999999999996,30.957,75.686,-746.608,-0.926,8.79,335.829,0.963436,0,2.9292,75.67433379591377,-711.21,1452.6898151331318,8.789999999999964,12.689815133131788,303.4419534693223,3.899815133131824
2.8270999999999997,30.957,70.587,-776.158,-0.569,10.55,313.867,0.963436,0,2.9341,70.59652364945961,-709.45,1453.766051096141,10.549999999999955,13.766051096140927,192.18643595794785,3.2160510961409727
2.8322,30.957,65.378,-782.623,-0.046,10.55,313.867,-0.706231,1,2.9392,65.3774550588233,-709.45,1454.4881696053772,10.549999999999955,14.488169605377152,121.92494016134248,3.9381696053771975
2.8371999999999997,0.994,60.256,-765.077,0.22,13.01,350.308,-0.706231,0,2.9442,60.24131200000056,-706.99,1454.9461241465556,13.009999999999991,14.946124146555576,81.46975378300029,1.936124146555585
2.8421999999999996,0.994,54.981,-822.331,-1.557,15.47,394.602,-0.706231,0,2.9492,54.95776530611306,-704.5300000000001,1455.2708489122715,15.469999999999914,15.270848912271504,59.0251402354717,-0.19915108772840995
2.8470999999999997,0.994,49.179,-890.666,-1.084,17.93,402.131,-0.706231,0,2.9541,49.18053511404559,-702.07,1455.5234279427684,17.92999999999995,15.523427942768421,49.536052447068926,-2.4065720572315286
2.8522,0.994,43.156,-913.752,-0.469,21.09,464.377,-1.393218,1,2.9592,43.36857647067547,-698.9100000000001,1455.7277538019234,21.089999999999918,15.727753801923427,31.31263225941673,-5.362246198076491
2.8571999999999997,-27.864,43.156,-913.752,-0.469,24.61,521.539,-1.393218,0,2.9642,41.97654400004571,-695.39,1455.0478723233714,24.610000000000014,15.047872323371394,-219.98034692819755,-9.56212767662862
2.8621999999999996,-27.864,30.87,-952.537,-1.59,24.61,521.539,-1.393218,0,2.9692,31.312296000183288,-695.39,1452.7059973653318,24.610000000000014,12.705997365331768,-584.3334150115196,-11.904002634668245
2.8670999999999998,-27.864,30.87,-952.537,-1.59,28.48,577.584,-1.393218,0,2.9741,29.553785294142795,-691.52,1448.5278949843748,28.480000000000018,8.527894984374825,-961.7385783837002,-19.952105015625193
2.8722,-27.864,17.309,-1024.566,-0.212,33.05,682.462,-1.581023,1,2.9792,17.550893529513413,-686.9499999999999,1441.9607397651855,33.05000000000007,1.960739765185508,-1460.110707750126,-31.08926023481456
2.8781999999999996,-50.722,9.418,-1000.556,0.494,37.62,721.018,-1.581023,0,2.9852,9.415761999999079,-682.38,1430.2626669931738,37.620000000000005,350.26266699317375,-2170.501839871469,-47.35733300682625
2.8832,-50.722,2.78,-1006.097,-0.693,43.24,830.101,-1.581023,0,2.9902,2.7563173877559652,-676.7600000000001,1417.7935011134048,43.239999999999895,337.7935011134048,-2624.1775747765946,-65.44649888659512
2.8880999999999997,-50.722,-3.967,-1013.485,-0.303,48.87,883.855,-1.581023,0,2.9951,-3.962730816322625,-671.1300000000001,1403.4656659915167,48.86999999999989,323.46566599151674,-3057.0570394139945,-85.40433400848315
2.8931,-50.722,-10.627,-997.786,0.245,54.84,939.74,-1.852712,1,3.0001,-9.967660000013042,-665.16,1386.965436324216,54.84000000000003,306.96543632421594,-3367.155335751424,-107.87456367578409
2.8981999999999997,-67.58,-10.627,-997.786,0.245,54.84,939.74,-1.852712,0,3.0052,-10.865187755204966,-665.16,1369.371795947057,54.84000000000003,289.3717959470571,-3477.4033857412483,-125.46820405294295
2.9031,-67.58,-17.111,-950.69,0.776,61.17,983.545,-1.852712,0,3.0101,-17.069585673470243,-658.83,1352.1783597134215,61.16999999999996,272.1783597134215,-3517.16536949289,-148.99164028657844
2.9080999999999997,-67.58,-23.309,-934.068,-0.129,67.5,1033.638,-1.852712,0,3.0151,-23.414376235392304,-652.5,1334.7856655988164,67.5,254.78566559881642,-3440.0592568948223,-172.71433440118358
2.9132,-67.58,-35.288,-865.733,0.768,73.83,1044.146,-3.6637,1,3.0202,-34.69019670590711,-646.17,1318.3539541390633,73.83000000000004,238.35395413906326,-3112.7296159958064,164.52395413906322
2.9181999999999997,-78.438,-40.805,-802.938,1.225,79.8,1018.529,-3.6637,0,3.0252,-40.60638799991221,-640.2,1304.0716291498054,79.79999999999995,224.0716291498054,-2759.1116614984408,144.27162914980545
2.9231,-78.438,-40.805,-802.938,1.225,85.78,1008.073,-3.6637,0,3.0301,-41.777723529391956,-634.2199999999999,1291.2748618712965,85.78000000000009,211.27486187129648,-2541.1824606434893,125.4948618712964
2.9282,-78.438,-50.827,-713.364,0.751,85.78,1008.073,-3.6637,0,3.0352,-50.63629035285577,-634.2199999999999,1279.6057669379584,85.78000000000009,199.60576693795838,-2151.8296952129435,113.82576693795829
2.9332,-78.438,-55.355,-662.574,0.967,91.76,993.622,-5.010676,1,3.0402,-55.316984000001604,-628.24,1270.4809539710052,91.75999999999999,190.4809539710052,-1711.921869659123,98.7209539710052
2.9381999999999997,-95.296,-59.487,-590.545,0.893,97.38,965.767,-5.010676,0,3.0452,-59.33824799993277,-622.6200000000001,1262.8590328148641,97.37999999999988,182.85903281486412,-1456.3725127481323,85.47903281486424
2.9431,-95.296,-59.487,-590.545,0.893,102.66,930.324,-5.010676,0,3.0501,-59.86993199999205,-617.3399999999999,1256.203047450682,102.66000000000008,176.2030474506821,-1321.9079275474685,73.54304745068202
2.9480999999999997,-95.296,-63.355,-580.387,-0.328,107.58,874.766,-5.010676,0,3.0551,-63.35398741176372,-612.42,1250.12024278859,107.58000000000004,170.12024278859008,-1158.5646765622387,62.540242788590035
2.9532,-95.296,-67.246,-583.158,-0.046,112.5,826.355,-5.061246,1,3.0602,-67.61831623527804,-607.5,1245.172263395713,112.5,165.1722633957129,-883.3587140732476,52.67226339571289
2.9581999999999997,-106.154,-74.939,-548.067,0.477,112.5,826.355,-5.061246,0,3.0652,-74.78865199993058,-607.5,1241.87761196813,112.5,161.87761196812994,-556.7263129822859,49.37761196812994
2.9642,-106.154,-79.159,-542.526,-0.32,116.72,774.694,-5.061246,0,3.0712,-79.03239999994105,-603.2800000000001,1239.8184407252486,116.71999999999991,159.8184407252486,-266.34985016160573,43.09844072524868
2.9690999999999996,-106.154,-79.159,-542.526,-0.32,120.94,740.436,-5.061246,0,3.0761,-79.85015588233819,-599.06,1238.9013043634016,120.94000000000005,158.90130436340155,-147.74675551439563,37.961304363401496
2.9741999999999997,-106.154,-86.28,-522.21,0.12,124.45,667.967,-4.909547,1,3.0812,-86.14815458817337,-595.55,1238.8691279754494,124.45000000000005,158.86912797544937,68.58063419102109,34.41912797544933
2.9791999999999996,-111.012,-89.599,-488.966,0.411,127.62,597.34,-4.909547,0,3.0862,-89.5778800000009,-592.38,1240.1068989462194,127.62,160.10689894621942,311.2819503020199,32.48689894621941
2.9842,-111.012,-92.698,-445.564,0.12,130.78,562.784,-4.909547,0,3.0912,-92.69166399999698,-589.22,1242.2865400174112,130.77999999999997,162.2865400174112,490.1295635297977,31.506540017411226
2.9892,-111.012,-95.621,-424.325,0.303,133.24,486.37,-4.909547,0,3.0962,-95.59575200000113,-586.76,1245.339023171562,133.24,165.33902317156208,658.4715327242495,32.09902317156207
2.9941999999999998,-111.012,-98.281,-386.463,0.635,133.24,486.37,-4.851108,1,3.1012,-98.27066799999504,-586.76,1249.1863586599636,133.24,169.18635865996362,818.8145242865415,35.94635865996361
2.9991999999999996,-109.87,-100.654,-336.597,0.751,136.05,463.64,-4.851108,0,3.1062,-100.4261920000103,-583.9499999999999,1253.7604949911954,136.05000000000007,173.7604949911954,946.0990110441041,37.71049499119533
3.0040999999999998,-109.87,-100.654,-336.597,0.751,138.87,482.06,-4.851108,0,3.1111,-100.72709300007548,-581.13,1258.6922615585813,138.87,178.69226155858132,1036.5523469004454,39.82226155858132
3.0090999999999997,-109.87,-104.501,-244.252,0.785,141.33,446.14,-4.851108,0,3.1161,-104.25874700000539,-578.67,1264.3613868357986,141.33000000000004,184.3613868357986,1177.665514434814,43.03138683579857
3.0141999999999998,-109.87,-105.929,-201.773,0.469,144.14,457.419,-5.101854,1,3.1212,-105.91974799999547,-575.86,1270.9115182116907,144.14,190.9115182116907,1327.015924127147,46.771518211690704
3.0191999999999997,-102.728,-107.072,-155.601,0.66,146.95,462.142,-5.101854,0,3.1262,-107.03408000000175,-573.05,1277.854612160942,146.95000000000005,197.854612160942,1411.2213355143842,50.90461216094195
3.0242,-102.728,-107.82,-76.184,1.748,146.95,462.142,-5.101854,0,3.1312,-107.79782399998902,-573.05,1285.1297712349826,146.95000000000005,205.12977123498263,1472.0666394084199,58.17977123498258
3.0292,-102.728,-107.952,7.849,1.15,149.77,463.905,-5.101854,0,3.1362,-107.93932800000059,-570.23,1292.6188373292855,149.76999999999998,212.6188373292855,1506.1948936846195,62.848837329285516
3.0340999999999996,-102.728,-107.952,7.849,1.15,153.28,527.377,-5.455597,1,3.1411,-107.94011568626189,-566.7199999999999,1300.057892370247,153.2800000000001,220.05789237024692,1521.9526570976077,66.77789237024683
3.0391999999999997,-101.586,-107.314,64.18,0.502,156.8,557.434,-5.455597,0,3.1462,-107.3740470588207,-563.2,1307.8427631648951,156.79999999999995,227.84276316489513,1528.7627797958894,71.04276316489518
3.0441,-101.586,-107.314,64.18,0.502,160.31,570.787,-5.455597,0,3.1511,-107.29395499997845,-559.69,1315.363363622066,160.30999999999995,235.3633636220659,1537.3820270086753,75.05336362206594
3.0490999999999997,-101.586,-106.259,88.189,0.112,164.18,606.523,-5.455597,0,3.1561,-106.30802441176357,-555.8199999999999,1323.074089619517,164.18000000000006,243.07408961951705,1543.799890444077,78.89408961951699
3.0542,-101.586,-105.688,85.419,-0.087,164.18,606.523,-5.882498,1,3.1612,-105.68867753134076,-555.8199999999999,1330.9800802416278,164.18000000000006,250.98008024162777,1554.3815651731438,86.80008024162771
3.0603,-106.444,-105.028,89.113,-0.012,167.34,553.891,-5.882498,0,3.1673,-105.05559016394317,-552.66,1340.5707373869245,167.34000000000003,260.5707373869245,1582.777601635201,93.23073738692449
3.0650999999999997,-106.444,-105.028,89.113,-0.012,170.86,581.781,-5.882498,0,3.1721,-104.98112058823641,-549.14,1348.2682227131786,170.86,268.2682227131786,1612.085068530188,97.40822271317859
3.0702,-106.444,-104.545,-2.309,-0.345,174.02,557.937,-5.882498,0,3.1772,-104.56600705883439,-545.9799999999999,1356.606294766659,174.0200000000001,276.60629476665895,1645.6701208613088,102.58629476665885
3.0751999999999997,-106.444,-104.655,-24.471,-0.203,177.19,544.62,-6.180698,1,3.1822,-104.64444000000051,-542.81,1364.9538346214233,177.19000000000005,284.9538346214233,1678.9184975793867,107.76383462142326
3.0801999999999996,-117.302,-104.655,-24.471,-0.203,180.0,506.899,-6.180698,0,3.1872,-104.67555600001072,-540.0,1373.4489766192596,180.0,293.4489766192596,1707.4132300997799,113.44897661925961
3.0852,-117.302,-105.226,-82.649,-1.299,182.81,486.036,-6.180698,0,3.1922,-105.24500799999907,-537.19,1382.0515332859616,182.80999999999995,302.05153328596157,1724.0592842055019,119.24153328596162
3.0902,-117.302,-105.995,-131.591,-0.951,182.81,486.036,-6.180698,0,3.1972,-106.00212800000376,-537.19,1390.6729027773522,182.80999999999995,310.6729027773522,1722.575216429056,127.86290277735225
3.0951999999999997,-117.302,-106.962,-153.754,-0.419,184.92,416.977,-6.018655,1,3.2022,-106.97678399999927,-535.08,1399.2204622516306,184.91999999999996,319.2204622516306,1702.3395633822277,134.30046225163062
3.1001999999999996,-122.16,-108.083,-176.84,-0.286,186.68,353.783,-6.018655,0,3.2072,-108.04264399997858,-533.3199999999999,1407.6350366421234,186.68000000000006,327.6350366421234,1675.227188321878,140.95503664212333
3.1050999999999997,-122.16,-108.083,-176.84,-0.286,188.79,356.822,-6.018655,0,3.2121,-108.33904117646435,-531.21,1415.7507743805954,188.78999999999996,335.75077438059543,1644.3423876909187,146.96077438059547
3.1102,-122.16,-110.721,-212.855,-0.137,190.55,324.982,-6.018655,0,3.2172,-110.67933811762471,-529.45,1423.862926062313,190.54999999999995,343.8629260623129,1559.921460068649,153.31292606231295
3.1151999999999997,-122.16,-112.15,-215.625,-0.336,192.3,308.5,-5.754115,1,3.2222,-112.01281600000695,-527.6999999999999,1431.293541929797,192.30000000000007,351.2935419297969,1463.4281518011205,158.99354192979683
3.1201999999999996,-121.018,-112.15,-215.625,-0.336,192.3,308.5,-5.754115,0,3.2272,-112.25047600005432,-527.6999999999999,1438.35033354294,192.30000000000007,358.35033354294,1373.9650278860508,166.05033354293994
3.1252,-121.018,-114.941,-193.462,0.17,194.06,298.254,-5.754115,0,3.2322,-114.67306400001374,-525.9399999999999,1442.847921183648,194.06000000000006,2.847921183647941,740.8853667912741,168.78792118364788
3.1302,-121.018,-114.941,-193.462,0.17,196.17,328.26,-5.754115,0,3.2372,-115.02488000004587,-523.83,1445.239172794963,196.16999999999996,5.239172794962997,383.56576481759134,169.06917279496304
3.1351999999999998,-121.018,-117.271,-153.754,0.453,198.28,340.084,-5.552648,1,3.2422,-117.13381600000706,-521.72,1446.507646376404,198.27999999999997,6.5076463764039545,212.60982445750037,168.22764637640398
3.1401999999999997,-113.875,-118.172,-126.051,0.311,200.39,344.948,-5.552648,0,3.2472,-118.15853599999258,-519.61,1447.2374466453603,200.39,7.237446645360251,121.50893050778237,166.84744664536026
3.1452,-113.875,-118.699,-52.175,1.183,203.55,432.75,-5.552648,0,3.2522,-118.64840800000266,-516.45,1447.708804459044,203.54999999999995,7.708804459043904,85.13994313194924,164.15880445904395
3.1511,-113.875,-118.699,-52.175,1.183,206.37,455.193,-5.552648,0,3.2581,-118.69464400000012,-513.63,1448.1153144805414,206.37,8.115314480541429,62.617197493710535,161.74531448054142
3.1561,-113.875,-118.655,30.012,0.627,206.37,455.193,-5.212259,1,3.2631,-118.64151149018,-513.63,1448.3900419065442,206.37,8.390041906544184,52.015400232337875,162.02004190654418
3.1612,-104.245,-117.886,73.414,0.32,210.23,530.86,-5.212259,0,3.2682,-117.89933647058751,-509.77,1448.670642097015,210.23000000000002,8.670642097014934,56.11705814187864,158.44064209701492
3.1662,-104.245,-117.271,112.199,1.117,214.1,608.457,-5.212259,0,3.2732,-117.25991199999373,-505.9,1448.9589805729752,214.10000000000002,8.958980572975179,57.909100708287795,154.85898057297516
3.1712,-104.245,-116.348,152.831,0.776,217.97,627.905,-5.212259,0,3.2782,-116.43660799999529,-502.03,1449.2455125639149,217.97000000000003,9.245512563914872,56.92007156992176,151.27551256391484
3.1761999999999997,-104.245,-116.348,152.831,0.776,223.24,750.495,-4.944982,1,3.2832,-116.2745085713868,-496.76000000000005,1449.52341797839,223.23999999999995,9.523417978389944,54.89249593989305,146.28341797839
3.1832,-98.9,-113.49,186.998,0.336,228.16,784.658,-4.944982,0,3.2902,-113.6859771428466,-491.8399999999999,1449.8951750515253,228.16000000000008,9.895175051525257,51.737591528127425,141.73517505152518
3.1881999999999997,-98.9,-113.49,186.998,0.336,233.09,791.008,-4.944982,0,3.2952,-113.38635599994048,-486.91,1450.1394190478952,233.08999999999997,10.139419047895217,47.497911379236406,137.04941904789524
3.1931999999999996,-98.9,-110.611,223.013,0.428,239.06,891.763,-4.944982,0,3.3002,-110.74597599999271,-480.94,1450.3585514273664,239.06,10.358551427366365,42.09315410771843,131.29855142736636
3.1982,-98.9,-109.138,216.549,-0.021,239.06,891.763,-4.189666,1,3.3052,-109.13894800000055,-480.94,1450.549229018664,239.06,10.549229018663937,36.62683503155386,131.48922901866393
3.2041999999999997,-87.554,-107.402,222.089,0.129,244.69,898.347,-4.189666,0,3.3112,-107.39867599999806,-475.31,1450.753709322893,244.69,10.753709322892973,32.89501099785285,126.06370932289298
3.2091999999999996,-87.554,-105.863,246.099,0.726,251.02,1008.314,-4.189666,0,3.3162,-105.83986400000128,-468.98,1450.90851032199,251.01999999999998,10.90851032198998,30.187828815261287,119.88851032199
3.2142,-87.554,-104.083,273.802,0.718,257.34,1039.699,-4.189666,0,3.3212,-104.07903999999768,-462.66,1451.050529495682,257.34,11.050529495681985,27.610180960102404,113.71052949568201
3.2192,-87.554,-102.193,288.578,0.112,264.02,1079.245,-2.799914,1,3.3262,-102.18877600000023,-455.98,1451.1802604804548,264.02,11.180260480454763,25.32040221766622,107.16026048045478
3.2241999999999997,-70.209,-100.259,291.348,0.27,271.05,1120.861,-2.799914,0,3.3312,-100.24949599999438,-448.95,1451.3039369251576,271.05,11.303936925157586,24.537378994342472,100.25393692515757
3.2291999999999996,-70.209,-98.061,354.142,1.499,278.09,1148.452,-2.799914,0,3.3362,-98.02509600000202,-441.91,1451.4238375512618,278.09,11.42383755126184,23.952103657084322,93.33383755126187
3.2342,-70.209,-95.489,407.702,0.702,278.09,1148.452,-2.799914,0,3.3412,-95.58159200005537,-441.91,1451.576076104641,278.09,11.57607610464106,33.6744137383053,93.48607610464109
3.2392,-70.209,-95.489,407.702,0.702,285.47,1180.875,-0.744072,1,3.3462,-95.21684000001534,-434.53,1451.8016297598035,285.47,11.801629759803518,48.54664899424715,86.33162975980349
3.2441999999999998,-46.863,-92.654,433.559,0.378,292.85,1201.223,-0.744072,0,3.3512,-92.53213999992666,-427.1499999999999,1452.2644107288775,292.8500000000001,12.264410728877465,145.67018501445014,79.41441072887739
3.2491999999999996,-46.863,-86.434,534.215,1.964,300.59,1259.723,-0.744072,0,3.3562,-86.66180799998712,-419.41,1454.0726229970028,300.59,14.072622997002782,453.55856874392407,73.4826229970028
3.2542,-46.863,-82.587,602.55,1.042,307.97,1245.44,-0.744072,0,3.3612,-82.57436399999231,-412.03,1457.4206938255354,307.97,17.42069382553541,761.9440549821985,69.45069382553538
3.2592,-46.863,-78.389,630.254,0.32,315.35,1234.425,2.022377,1,3.3662,-78.3989727058818,-404.6499999999999,1462.1584049741632,315.3500000000001,22.158404974163204,1022.3932028991159,66.80840497416312
3.2643,-17.517,-74.213,633.024,0.129,315.35,1234.425,2.022377,0,3.3713,-74.18277653060078,-404.6499999999999,1468.3093478050828,315.3500000000001,28.30934780508278,1290.1077306119435,72.9593478050827
3.2691999999999997,-17.517,-69.62,737.374,2.179,322.03,1165.54,2.022377,0,3.3762,-69.56352653061558,-397.97,1475.558019963693,322.03,35.558019963692914,1557.262121604347,73.52801996369294
3.2742,-17.517,-64.345,815.867,1.316,329.06,1179.758,2.022377,0,3.3812,-64.3299519999907,-390.94,1484.325171166735,329.06,44.32517116673489,1842.7515868806609,75.26517116673489
3.2792,-17.517,-58.652,849.111,0.345,334.69,1058.699,4.053416,1,3.3862,-58.641440000000614,-385.31,1494.5187448550007,334.69,54.518744855000705,2114.381437591158,79.8287448550007
3.2842,12.483,-52.849,852.805,-0.195,339.96,966.829,4.053416,0,3.3912,-52.841907999995584,-380.04,1505.8768172191092,339.96,65.87681721910917,2336.255630763738,85.91681721910919
3.2891999999999997,12.483,-46.849,925.757,1.964,345.23,918.385,4.053416,0,3.3962,-47.42499999996627,-374.77,1518.0184798482478,345.23,78.01847984824781,2449.226864619973,92.78847984824779
3.2952,12.483,-46.849,925.757,1.964,349.8,846.036,4.053416,0,3.4022,-45.475336000080944,-370.2,1532.7773086757973,349.8,92.77730867579726,2455.6826455312475,102.97730867579725
3.3002,12.483,-32.54,1016.255,0.112,349.8,846.036,4.965814,1,3.4072,-32.81223200017138,-370.2,1544.6733330243806,349.8,104.67333302438055,2324.3336381095805,114.87333302438054
3.3051999999999997,42.483,-25.793,1002.403,-0.536,353.67,725.042,4.965814,0,3.4122,-26.44071199996159,-366.33,1555.3397874673449,353.67,115.33978746734488,2066.9166472288557,121.66978746734486
3.3101999999999996,42.483,-25.793,1002.403,-0.536,357.19,677.426,4.965814,0,3.4172,-25.292131999682756,-362.80999999999995,1564.9761555396474,357.19000000000005,124.97615553964738,1850.3913444325672,127.78615553964732
3.3152,42.483,-11.88,1081.82,0.652,1.05,659.493,4.965814,0,3.4222,-13.215647999919936,-358.95,1572.8902114641562,1.0500000000000114,132.8902114641562,1467.819519571387,131.8402114641562
3.3202,42.483,-11.88,1081.82,0.652,4.22,594.944,5.779103,1,3.4272,-11.360915999668098,-355.78000000000003,1578.7518303805107,4.21999999999997,138.75183038051068,1033.451820423426,134.5318303805107
3.3251999999999997,72.483,2.539,1062.427,-0.419,7.73,589.506,5.779103,0,3.4322,1.8426160000419398,-352.27000000000004,1582.0161561055975,7.729999999999961,142.01615610559747,470.51018962279574,134.2861561055975
3.3301999999999996,72.483,9.704,1090.131,1.167,7.73,589.506,5.779103,0,3.4372,9.712712000005583,-352.27000000000004,1582.0237331981866,7.729999999999961,142.02373319818662,-192.821387739161,134.29373319818666
3.3352,72.483,17.111,1121.528,0.477,11.6,612.348,5.779103,0,3.4422,17.11944799999955,-348.40000000000003,1579.3085080849726,11.599999999999966,139.30850808497257,-683.3379340697816,127.7085080849726
3.3402,72.483,24.606,1123.375,-0.029,15.12,606.02,6.139606,1,3.4472,24.602039999997434,-344.88,1574.2388155565645,15.120000000000005,134.23881555656453,-1161.6874749174817,119.11881555656453
3.3451999999999997,102.483,31.991,1090.131,-0.552,18.98,623.469,6.139606,0,3.4522,31.282040000043356,-341.02,1567.0306830874788,18.980000000000018,127.03068308747879,-1528.5783638573998,108.05068308747877
3.3501999999999996,102.483,31.991,1090.131,-0.552,22.85,635.873,6.139606,0,3.4572,32.52509600034883,-337.15000000000003,1558.5414720424276,22.849999999999966,118.54147204242759,-1783.218615337892,95.69147204242762
3.3552,102.483,46.827,1139.997,0.469,27.77,725.514,6.139606,0,3.4622,46.13071200004309,-332.23,1548.3588522696195,27.769999999999982,108.35885226961955,-2146.4836992113787,80.58885226961957
3.3602,102.483,54.41,1136.303,-0.012,27.77,725.514,5.945955,1,3.4672,54.40445599999635,-332.23,1536.560420500684,27.769999999999982,96.5604205006839,-2431.072920903138,68.79042050068392
3.3651999999999997,126.483,61.839,1097.518,-0.585,32.34,722.211,5.945955,0,3.4722,61.839,-327.66,1524.1220575397942,32.339999999999975,84.12205753979424,-2495.5824283159814,51.782057539794266
3.3701999999999996,126.483,69.268,1096.595,0.436,37.97,862.408,5.945955,0,3.4772,69.26483199999787,-322.03000000000003,1511.8623193615201,37.96999999999997,71.86231936152012,-2418.0138494926323,33.89231936152015
3.3752,126.483,76.609,1095.672,0.12,43.95,929.105,5.945955,0,3.4822,75.9042640000442,-316.04999999999995,1500.3531718771674,43.950000000000045,60.35317187716737,-2258.546295090414,16.403171877167324
3.3802,126.483,76.609,1095.672,0.12,50.62,1020.399,5.306141,1,3.4872,77.1272560003467,-309.38,1489.653993112809,50.620000000000005,49.653993112809076,-2067.814742489058,-0.9660068871909289
3.3851999999999998,144.483,91.005,1022.719,-1.2,57.66,1088.431,5.306141,0,3.4922,89.62298400008707,-302.34000000000003,1480.6929963693374,57.65999999999997,40.69299636933738,-1668.6979685254105,-16.96700363066259
3.3912,144.483,91.005,1022.719,-1.2,65.39,1198.538,5.306141,0,3.4982,92.35965599991415,-294.61,1472.9717960021692,65.38999999999999,32.971796002169185,-1090.727366426413,-32.4182039978308
3.3962,144.483,105.116,959.001,-0.369,65.39,1198.538,5.306141,0,3.5032,104.83033999980663,-294.61,1469.409502838488,65.38999999999999,29.409502838487924,-523.0544598178643,-35.98049716151206
3.4012,144.483,111.292,909.135,-0.976,72.77,1201.606,4.310456,1,3.5082,110.69910400003779,-287.23,1468.8479250361117,72.76999999999998,28.847925036111747,2.4697166516130267,-43.922074963888235
3.4061999999999997,156.483,111.292,909.135,-0.976,80.86,1276.493,4.310456,0,3.5132,111.69080800027149,-279.14,1469.6975894111206,80.86000000000001,29.69758941112059,251.2126098545611,-51.162410588879425
3.4112,156.483,122.37,785.393,-0.428,88.59,1295.758,4.310456,0,3.5182,121.79179200003728,-271.40999999999997,1472.3188878770286,88.59000000000003,32.3188878770286,653.0318439585636,-56.27111212297143
3.4162,156.483,127.425,741.067,-0.751,95.98,1262.49,4.310456,0,3.5232,127.4139479999924,-264.02,1477.1478385620553,95.98000000000002,37.14783856205531,1089.465158874011,-58.832161437944706
3.4212,156.483,132.173,680.12,-0.826,103.36,1246.542,3.448911,1,3.5282,132.11643905882715,-256.64000000000004,1483.547442809044,103.35999999999996,43.547442809044014,1350.5955734358706,-59.81255719095594
3.4263,162.483,136.415,618.249,-1.341,103.36,1246.542,3.448911,0,3.5333,136.40648367346574,-256.64000000000004,1491.1908269594567,103.35999999999996,51.19082695945667,1560.486455070002,-52.169173040543285
3.4311999999999996,162.483,140.327,569.306,-0.677,109.69,1137.819,3.448911,0,3.5382,140.29197567347163,-250.30999999999997,1499.3764631884276,109.69000000000003,59.37646318842758,1709.9316168880387,-50.31353681157245
3.4362,162.483,143.954,522.21,-0.834,116.37,1132.2,3.448911,0,3.5432,143.9397439999901,-243.62999999999997,1508.2954452207578,116.37000000000003,68.29544522075776,1811.830569849856,-48.07455477924228
3.4412,162.483,147.185,465.88,-0.959,121.99,1035.952,3.318888,1,3.5482,147.15332000000208,-238.01,1517.5424869511812,121.99000000000001,77.54248695118122,1859.6071621520496,-44.44751304881879
3.4461999999999997,162.483,150.086,404.932,-0.992,127.27,958.466,3.318888,0,3.5532,149.98156399992683,-232.73000000000002,1526.8521884828567,127.26999999999998,86.85218848285672,1857.9177185004128,-40.417811517143264
3.4511999999999996,162.483,150.086,404.932,-0.992,131.84,860.254,3.318888,0,3.5582,150.32657599998413,-228.16,1536.0214224120632,131.84,96.0214224120632,1822.4905458622718,-35.8185775879368
3.4562,162.483,152.592,352.296,-0.959,131.84,860.254,3.318888,0,3.5632,152.64340800003635,-228.16,1544.9470030185614,131.84,104.94700301856142,1764.1702444133584,-26.892996981438586
3.4612,162.483,156.526,251.64,-0.81,135.7,747.192,3.501514,1,3.5682,156.2917600000156,-224.3,1553.4076924173198,135.7,113.40769241731982,1660.9105828569282,-22.292307582680166
3.4661999999999997,156.483,158.02,199.927,-0.477,139.22,669.738,3.501514,0,3.5732,158.00314599998805,-220.78,1561.3485257894413,139.22,121.34852578944128,1557.7053421035962,-17.871474210558716
3.4722,156.483,159.251,122.357,-1.49,142.38,599.101,3.501514,0,3.5792,159.21406999997362,-217.62,1570.3478899544284,142.38,130.3478899544284,1474.791725265578,-12.032110045571585
3.4772,156.483,159.251,122.357,-1.49,144.84,505.116,3.501514,0,3.5842,159.2974639999969,-215.16,1577.5566852289362,144.84,137.5566852289362,1429.602716690561,-7.2833147710638
3.4821999999999997,156.483,159.735,48.481,-1.258,146.6,397.87,4.041483,1,3.5892,159.71361599998465,-213.40000000000003,1584.5796117367472,146.59999999999997,144.5796117367472,1393.8737064943998,-2.0203882632527552
3.4871999999999996,144.483,159.625,-34.629,-0.486,148.36,346.534,4.041483,0,3.5942,159.58909600000243,-211.64000000000001,1591.461031724368,148.35999999999999,151.461031724368,1372.130179470805,3.1010317243680277
3.4922,144.483,159.141,-102.965,-1.49,148.36,346.534,4.041483,0,3.5992,159.1584240000126,-211.64000000000001,1598.315876458637,148.35999999999999,158.31587645863692,1371.1180468051098,9.955876458636936
3.4970999999999997,144.483,159.141,-102.965,-1.49,149.77,289.688,4.041483,0,3.6041,158.93407058824212,-210.22999999999996,1605.0802337440796,149.77000000000004,165.08023374407958,1389.037008275294,15.31023374407954
3.5021999999999998,144.483,157.009,-188.845,-0.652,150.12,174.38,4.588755,1,3.6092,157.03442305884204,-209.88,1612.393203536744,150.12,172.39320353674407,1460.1220440598388,22.273203536744063
3.5071999999999997,126.483,155.625,-207.314,-0.386,150.47,116.263,4.588755,0,3.6142,155.5932240000022,-209.53,1620.066630590035,150.47,180.06663059003495,1564.6726269424491,29.59663059003495
3.5122,126.483,153.91,-295.042,-1.764,150.82,87.267,4.588755,0,3.6192,153.88865199998432,-209.17999999999998,1628.2707732927583,150.82000000000002,188.27077329275835,1678.2374971380389,37.45077329275833
3.5172,126.483,151.602,-356.913,-0.843,150.47,14.409,4.588755,0,3.6242,151.82356799998468,-209.53,1637.1036867572975,150.47,197.1036867572975,1797.382725799323,46.63368675729751
3.5221999999999998,126.483,151.602,-356.913,-0.843,150.47,14.409,4.780113,1,3.6292,151.50785999993053,-209.53,1646.396129165045,150.47,206.39612916504507,1886.1685822335326,55.92612916504507
3.5271999999999997,102.483,148.987,-402.162,-0.685,149.41,-75.637,4.780113,0,3.6342,148.66626400002232,-210.59,1656.3116159913554,149.41,216.31161599135544,2039.7278366158578,66.90161599135544
3.5322,102.483,143.031,-522.21,-2.312,148.01,-162.961,4.780113,0,3.6392,143.1053400000553,-211.98999999999998,1667.437238894713,148.01000000000002,227.4372388947129,2313.25394523414,79.4272388947129
3.5372,102.483,139.14,-605.32,-1.299,145.55,-286.27,4.780113,0,3.6442,139.10841600000222,-214.45,1679.9300581040495,145.55,239.93005810404952,2564.130695469215,94.38005810404951
3.5422,102.483,134.92,-637.641,-0.428,142.73,-377.954,5.043363,1,3.6492,134.91603999999703,-217.27,1693.3629837775602,142.73,253.3629837775602,2735.99157473644,110.63298377756018
3.5471999999999997,84.483,130.59,-645.952,-0.029,139.22,-479.983,5.043363,0,3.6542,131.00567999997074,-220.78,1707.4125177291398,139.22,267.41251772913984,2829.7911391873427,128.1925177291398
3.5521999999999996,84.483,130.59,-645.952,-0.029,139.22,-479.983,5.043363,0,3.6592,130.42778399987805,-220.78,1721.6721788722969,139.22,281.67217887229685,2857.634460060713,142.45217887229683
3.5572,84.483,126.084,-692.125,-1.291,135.0,-588.255,5.043363,0,3.6642,125.6760960000289,-225.0,1735.8209456798897,135.0,295.82094567988975,2801.409923486675,160.82094567988975
3.5631999999999997,84.483,115.578,-730.909,-0.12,130.43,-681.585,5.007206,1,3.6702,116.41847999994023,-229.57000000000002,1751.6908874077,130.42999999999998,311.6908874077001,2563.9569940908336,-178.73911259229988
3.5681999999999996,72.483,115.578,-730.909,-0.12,125.16,-778.822,5.007206,0,3.6752,115.23855599974213,-234.84,1763.8113413744718,125.16,323.8113413744718,2354.1561588290024,-161.34865862552817
3.5732,72.483,106.149,-695.818,-0.278,119.53,-859.875,5.007206,0,3.6802,106.61325599996664,-240.47,1774.4687541367878,119.53,334.46875413678777,2022.0340906286397,-145.0612458632122
3.5782,72.483,101.556,-684.737,0.237,113.55,-927.886,5.007206,0,3.6852,101.56071600000362,-246.45,1783.149549928433,113.55000000000001,343.1495499284331,1617.2259944770672,-130.40045007156692
3.5831999999999997,72.483,97.094,-659.804,0.461,106.88,-1019.085,4.623481,1,3.6902,97.12724611764467,-253.12000000000003,1789.3621248515558,106.87999999999997,349.3621248515558,1035.576706121906,-117.5178751484442
3.5883,66.483,92.896,-611.785,0.594,106.88,-1019.085,4.623481,0,3.6953,92.903409183677,-253.12000000000003,1792.873111892133,106.87999999999997,352.873111892133,560.484997902792,-114.00688810786698
3.5932,66.483,89.005,-573.923,0.502,100.2,-1053.731,4.623481,0,3.7002,89.03806318367106,-259.8,1794.709773520847,100.19999999999999,354.70977352084697,314.83418806688644,-105.49022647915302
3.5982,66.483,85.379,-527.751,0.71,93.16,-1124.886,4.623481,0,3.7052,85.3908440000092,-266.84,1795.7835543123233,93.16000000000003,355.7835543123233,178.06569936821447,-97.37644568767672
3.6031999999999997,66.483,82.082,-473.267,0.884,86.13,-1150.088,3.789082,1,3.7102,82.11579199999753,-273.87,1796.3436349226433,86.13,356.34363492264333,85.79537079727288,-89.78636507735666
3.6081999999999996,66.483,79.137,-422.478,0.834,78.05,-1250.229,3.789082,0,3.7152,79.24302000008264,-281.95000000000005,1796.4863271637284,78.04999999999995,356.48632716372845,5.618398768610811,-81.56367283627151
3.6132,66.483,79.137,-422.478,0.834,70.31,-1268.103,3.789082,0,3.7202,78.89008800001815,-289.69,1796.3287368978317,70.31,356.32873689783173,-43.568559876412564,-73.98126310216827
3.6182,66.483,76.565,-368.918,0.726,70.31,-1268.103,3.789082,0,3.7252,76.51042399995713,-289.69,1795.2911846069996,70.31,355.29118460699965,-291.6285112008757,-75.01881539300035
3.6231999999999998,66.483,72.477,-258.104,0.785,62.23,-1301.811,2.968368,1,3.7302,72.72381599998177,-297.77,1793.0902042281132,62.23000000000002,353.0902042281132,-497.61957331348077,-69.13979577188684
3.6281999999999996,60.483,70.96,-215.625,0.702,53.44,-1392.633,2.968368,0,3.7352,70.96716400000565,-306.56,1790.0455597827706,53.44,350.0455597827706,-650.8409796477716,-63.39444021722937
3.6332,60.483,69.642,-194.386,-0.079,44.65,-1429.463,2.968368,0,3.7402,69.64823999999953,-315.34999999999997,1786.4829366603008,44.650000000000034,346.48293666030077,-735.8178127489316,-58.16706333969927
3.6382,60.483,68.389,-183.305,0.195,35.16,-1508.582,2.968368,0,3.7452,68.39137600000188,-324.84000000000003,1782.5478092735857,35.15999999999997,342.5478092735857,-809.3929474271631,-52.61219072641427
3.6431999999999998,60.483,67.202,-173.147,-0.079,25.66,-1533.734,1.19238,1,3.7502,67.21395199999911,-334.34,1778.2672313200499,25.660000000000025,338.26723132004986,-874.0292711978332,-47.392768679950166
3.6492,48.483,65.927,-151.907,0.079,16.52,-1535.163,1.19238,0,3.7562,65.92138400000043,-343.47999999999996,1772.7533628442966,16.52000000000004,332.7533628442966,-940.3218542572058,-43.76663715570345
3.6542,48.483,64.806,-187.922,-0.843,16.52,-1535.163,1.19238,0,3.7612,64.79570399999173,-343.47999999999996,1767.8752786372706,16.52000000000004,327.87527863727064,-991.89785242994,-48.6447213627294
3.6592,48.483,63.399,-225.783,-0.785,6.68,-1572.822,1.19238,0,3.7662,63.38220000000127,-353.32,1762.717161842298,6.680000000000007,322.7171618422981,-1048.3487321795633,-43.962838157701924
3.6641999999999997,48.483,61.817,-242.405,-0.195,357.19,-1598.264,-0.084148,1,3.7712,61.813795999997424,-362.80999999999995,1757.2685974818212,357.19000000000005,317.2685974818212,-1108.4725566624754,-39.921402518178866
3.6691999999999996,30.483,60.146,-250.716,-0.369,348.05,-1550.515,-0.084148,0,3.7762,60.118640000002095,-371.94999999999993,1751.5156029060327,348.05000000000007,311.51560290603265,-1167.5709105557614,-36.534397093967414
3.6742,30.483,58.19,-327.362,-1.482,338.91,-1542.366,-0.084148,0,3.7812,58.1718199999852,-381.09,1745.4716965948185,338.91,305.47169659481847,-1227.9222280663168,-33.43830340518156
3.6792,30.483,55.729,-387.387,-0.959,330.12,-1503.535,-0.084148,0,3.7862,55.70356000000195,-389.87999999999994,1739.1071178835016,330.12000000000006,299.1071178835016,-1291.0704191503216,-31.012882116498474
3.6841999999999997,30.483,53.003,-422.478,-0.66,330.12,-1503.535,0.447282,1,3.7912,52.99828399999615,-389.87999999999994,1732.4506190151428,330.12000000000006,292.4506190151428,-1348.2781853329418,-37.66938098485724
3.6891999999999996,8.946,50.146,-428.942,-0.386,322.38,-1361.596,0.447282,0,3.7962,50.112208000002624,-397.62,1725.5574622714732,322.38,285.55746227147324,-1389.0629939522182,-36.822537728526754
3.6942,8.946,46.937,-515.746,-1.964,314.3,-1397.776,0.447282,0,3.8012,47.05252400009506,-405.69999999999993,1718.5596024813085,314.30000000000007,278.5596024813085,-1399.8410250649572,-35.740397518691566
3.6992,8.946,46.937,-515.746,-1.964,306.91,-1312.065,0.447282,0,3.8062,46.19213600005768,-413.09,1711.6226735477205,306.91,271.6226735477205,-1381.9497314616447,-35.2873264522795
3.7041999999999997,8.946,39.178,-605.32,-0.436,299.53,-1268.921,1.728313,1,3.8112,39.31094800010994,-420.46999999999997,1704.8365491694929,299.53000000000003,264.83654916949286,-1341.6682677943159,-34.693450830507174
3.7091999999999996,-6.591,35.112,-601.627,0.12,292.5,-1221.026,1.728313,0,3.8162,35.09932800000102,-427.49999999999994,1698.4354474158304,292.50000000000006,258.43544741583037,-1252.4901881984308,-34.06455258416969
3.7142,-6.591,30.914,-644.105,-0.951,292.5,-1221.026,1.728313,0,3.8212,30.906079999993395,-427.49999999999994,1692.5493809366515,292.50000000000006,252.54938093665146,-1139.9914886580893,-39.9506190633486
3.7192,-6.591,26.496,-673.656,-0.594,285.82,-1160.557,1.728313,0,3.8262,26.920127999966766,-434.18,1687.3041272660744,285.82,247.30412726607437,-1015.6821504164071,-38.51587273392562
3.7241999999999997,-6.591,26.496,-673.656,-0.594,278.79,-1174.031,1.700878,1,3.8312,26.172395999729215,-441.21,1682.6378169375162,278.79,242.63781693751616,-888.9219918008715,-36.15218306248386
3.7291999999999996,-16.128,17.507,-649.646,0.369,272.11,-1142.593,1.700878,0,3.8362,18.369943999932065,-447.88999999999993,1678.8956012163123,272.11000000000007,238.89560121631234,-689.1473623348054,-33.21439878368773
3.7342,-16.128,17.507,-649.646,0.369,266.13,-1069.669,1.700878,0,3.8412,17.232679999768834,-453.87,1676.149987647353,266.13,236.1499876473531,-488.41572902933774,-29.980012352646895
3.7401999999999997,-16.128,8.363,-614.555,0.419,260.16,-1026.126,1.700878,0,3.8472,8.637320000231714,-459.83999999999986,1674.071734166572,260.16000000000014,234.071734166572,-274.7537663152465,-26.088265833428125
3.7451999999999996,-16.128,8.363,-614.555,0.419,254.53,-988.614,0.168126,1,3.8522,7.670260377413568,-465.47,1673.3475318851813,254.52999999999997,233.3475318851813,-91.84499902975543,-21.182468114818676
3.7504999999999997,-19.665,0.714,-528.674,0.884,249.61,-899.537,0.168126,0,3.8575,0.9903890004718683,-470.39,1673.6632720373252,249.61,233.6632720373252,137.70576037771767,-15.9467279626748
3.7552,-19.665,-2.605,-481.578,0.585,249.61,-899.537,0.168126,0,3.8622,-2.5529822978765213,-470.39,1675.0912955628014,249.61,235.0912955628014,361.4455551284068,-14.518704437198608
3.7601999999999998,-19.665,-5.594,-433.559,0.776,244.69,-864.336,0.168126,0,3.8672,-5.582119999989848,-475.31,1677.4754648474131,244.69,237.47546484741315,524.9821003578774,-7.214535152586848
3.7651999999999997,-19.665,-8.253,-379.076,0.876,240.47,-784.22,-0.991386,1,3.8722,-8.22141600000252,-479.5299999999999,1680.5861647359375,240.47000000000008,240.58616473593747,659.2245928051664,0.11616473593738874
3.7702,-19.828,-10.583,-333.827,0.81,236.95,-685.022,-0.991386,0,3.8772,-10.571119999989785,-483.05,1684.2790450516072,236.95,244.27904505160723,772.455967201233,7.329045051607238
3.7752,-19.828,-12.583,-281.19,0.519,233.79,-605.13,-0.991386,0,3.8822,-12.391000000015543,-486.2099999999999,1688.4567060258296,233.79000000000008,248.4567060258296,856.8088097307805,14.666706025829512
3.7803,-19.828,-12.583,-281.19,0.519,233.79,-605.13,-0.991386,0,3.8873,-12.739927000083874,-486.2099999999999,1693.0452817818937,233.79000000000008,253.04528178189366,919.2979397482294,19.255281781893586
3.7853,-19.828,-15.66,-189.769,0.477,231.33,-501.802,-2.888377,1,3.8923,-15.379993000036057,-488.66999999999996,1697.8617532004012,231.33000000000004,257.86175320040115,980.6659530565883,26.531753200401113
3.7902,-25.99,-15.66,-189.769,0.477,229.22,-431.271,-2.888377,0,3.8972,-15.735960000066108,-490.78000000000003,1702.8414098069713,229.21999999999997,262.84140980697134,1030.7801499057273,33.62140980697137
3.7952,-25.99,-17.77,-150.06,0.054,227.11,-396.685,-2.888377,0,3.9022,-17.567440000016585,-492.88999999999993,1708.1416752316197,227.11000000000007,268.14167523161973,1071.2686679029268,41.03167523161966
3.8011999999999997,-25.99,-17.77,-150.06,0.054,225.35,-342.909,-2.888377,0,3.9082,-17.879727999990994,-494.65,1714.733143616869,225.35000000000002,274.73314361686903,1111.258232947425,49.383143616869006
3.8061999999999996,-25.99,-18.913,-145.443,-0.179,223.95,-286.06,-4.289733,1,3.9132,-18.939100000022865,-496.05,1720.3814370081147,223.95,280.38143700811474,1136.78174344212,56.431437008114756
3.8112,-38.153,-20.781,-134.362,0.12,222.89,-232.191,-4.289733,0,3.9182,-20.60167200001483,-497.11,1726.1138353987874,222.89,286.1138353987874,1150.2111749278847,63.2238353987874
3.8162,-38.153,-20.781,-134.362,0.12,222.89,-232.191,-4.289733,0,3.9232,-20.817432000032138,-497.11,1731.9143851108865,222.89,291.91438511088654,1164.9195312139777,69.02438511088656
3.8211999999999997,-38.153,-21.793,-174.07,-1.0,221.48,-231.499,-4.289733,0,3.9282,-21.824487999997384,-498.52000000000004,1737.7818956428073,221.47999999999996,297.7818956428073,1174.615512323294,76.30189564280732
3.8261999999999996,-38.153,-23.133,-211.008,-0.926,220.43,-205.661,-4.933822,1,3.9332,-23.198700000058206,-499.57000000000005,1743.5885830406387,220.42999999999995,303.5885830406387,1150.5362437928295,83.15858304063875
3.8312,-56.316,-26.298,-251.64,-0.361,219.38,-189.609,-4.933822,0,3.9382,-26.18193600000972,-500.61999999999995,1749.098832557842,219.38000000000005,309.0988325578419,1079.3477367783319,89.71883255784184
3.8362,-56.316,-28.254,-327.362,-1.54,217.97,-212.449,-4.933822,0,3.9432,-28.273008000016958,-502.03,1754.1884029078342,217.97000000000003,314.1884029078342,989.8855266613257,96.21840290783416
3.8411999999999997,-56.316,-30.738,-395.698,-0.893,217.27,-164.623,-4.933822,0,3.9482,-30.763343999997875,-502.72999999999996,1758.8009773811211,217.27000000000004,318.80097738112113,892.2183209894619,101.53097738112109
3.8461999999999996,-56.316,-33.486,-426.171,-0.652,217.27,-164.623,-5.832798,1,3.9532,-33.490716000004205,-502.72999999999996,1762.838313140285,217.27000000000004,322.838313140285,766.6800572278461,105.56831314028494
3.8512,-80.479,-36.365,-436.329,-0.361,215.51,-220.984,-5.832798,0,3.9582,-36.40301599999682,-504.49,1766.1508962403298,215.51,326.15089624032976,617.9650871111128,110.64089624032977
3.8562,-80.479,-39.64,-540.679,-2.279,214.45,-204.039,-5.832798,0,3.9632,-39.52209999989367,-505.55000000000007,1768.7490723505157,214.44999999999993,328.7490723505157,481.7310212724586,114.29907235051576
3.8611999999999997,-80.479,-39.64,-540.679,-2.279,213.4,-189.775,-5.832798,0,3.9682,-40.017663999967965,-506.6000000000001,1770.849160141775,213.39999999999992,330.849160141775,393.32576721865337,117.44916014177505
3.8661999999999996,-80.479,-43.574,-613.632,-1.208,211.99,-212.292,-5.979257,1,3.9732,-43.74334400015338,-508.01,1772.2235399507192,211.99,332.2235399507192,196.32356368570356,120.2335399507192
3.8712,-110.479,-52.212,-648.723,-0.095,210.59,-222.025,-5.979257,0,3.9782,-51.83635200003215,-509.41,1771.7591587603793,210.58999999999997,331.75915876037925,-214.52945708211618,121.16915876037928
3.8762,-110.479,-56.937,-761.383,-2.437,210.59,-222.025,-5.979257,0,3.9832,-56.7668999998449,-509.41,1769.4686280175192,210.58999999999997,329.4686280175192,-542.7621511520005,118.87862801751925
3.8811999999999998,-110.479,-56.937,-761.383,-2.437,209.53,-197.651,-5.979257,0,3.9882,-58.0237199999068,-510.46999999999997,1766.11566370987,209.53000000000003,326.11566370987,-740.7079742050228,116.58566370986995
3.8861999999999997,-110.479,-68.257,-880.508,-0.345,208.12,-219.506,-6.328865,1,3.9932,-68.05452999981459,-511.88000000000005,1761.1079288229196,208.11999999999995,321.1079288229196,-1141.240038378792,112.98792882291963
3.8922,-134.479,-75.092,-873.121,0.179,206.72,-226.454,-6.328865,0,3.9992,-74.88694999981143,-513.2800000000001,1752.196193245566,206.7199999999999,312.19619324556606,-1597.5058074345309,105.47619324556615
3.8971999999999998,-134.479,-75.092,-873.121,0.179,206.02,-171.414,-6.328865,0,4.0042,-76.26943999989815,-513.98,1743.7023299803664,206.01999999999998,303.70232998036636,-1752.9332437132523,97.68232998036638
3.9021999999999997,-134.479,-87.357,-954.384,-0.569,205.66,-115.802,-6.328865,0,4.0092,-86.9154599995922,-514.3399999999999,1734.1551902565327,205.66000000000008,294.1551902565327,-1976.986297500039,88.49519025653262
3.9071999999999996,-134.479,-87.357,-954.384,-0.569,205.31,-86.987,-6.599851,1,4.0142,-88.54438823519082,-514.6899999999999,1723.7000516774926,205.31000000000006,283.70005167749264,-2128.3646665605706,78.39005167749258
3.9123,-152.479,-99.973,-934.992,0.453,205.31,-86.987,-6.599851,0,4.0193,-99.34219999963756,-514.6899999999999,1712.5992995867805,205.31000000000006,272.5992995867805,-2188.2243328956924,67.28929958678043
3.9172000000000002,-152.479,-99.973,-934.992,0.453,205.31,-43.493,-6.599851,0,4.0242,-101.14832799989703,-514.6899999999999,1701.989590772697,205.31000000000006,261.98959077269706,-2146.571581658639,56.679590772697
3.9222,-152.479,-112.216,-914.676,-0.071,206.37,67.827,-6.599851,0,4.0292,-111.99125199978975,-513.63,1691.7516802575108,206.37,251.75168025751077,-1986.1643197020305,45.381680257510766
3.9272,-152.479,-118.216,-896.207,0.502,208.12,180.23,-6.24604,1,4.0342,-117.64000000005066,-511.88000000000005,1682.767434826876,208.11999999999995,242.76743482687607,-1733.4936671958212,34.64743482687612
3.9322,-164.479,-118.216,-896.207,0.502,210.23,264.624,-6.24604,0,4.0392,-118.61556400037533,-509.77,1674.7199122130362,210.23000000000002,234.7199122130362,-1544.762430620018,24.489912213036177
3.9372,-164.479,-129.315,-802.015,0.145,212.7,343.642,-6.24604,0,4.0442,-128.7377783529922,-507.29999999999995,1668.1737072530225,212.70000000000005,228.17370725302249,-1194.191495980448,15.47370725302244
3.9422999999999995,-164.479,-134.503,-766.0,0.635,212.7,343.642,-6.24604,0,4.0493,-134.49636224489407,-507.29999999999995,1663.6396428829657,212.70000000000005,223.63964288296575,-762.4203513127937,10.9396428829657
3.9471999999999996,-164.479,-139.36,-710.594,0.643,216.56,484.54,-4.183577,1,4.0542,-138.88421224494022,-503.44000000000005,1660.8511720457263,216.55999999999995,220.85117204572634,-506.20248729814034,4.291172045726398
3.9521999999999995,-170.479,-139.36,-710.594,0.643,220.78,595.504,-4.183577,0,4.0592,-139.6662160002901,-499.22,1658.9850640153977,220.77999999999997,218.9850640153977,-306.42965257347475,-1.7949359846022617
3.9571999999999994,-170.479,-147.866,-589.622,0.776,226.05,741.965,-4.183577,0,4.0642,-147.40606400004094,-493.94999999999993,1658.5096475057705,226.05000000000007,218.50964750577054,3.0647438736385197,-7.5403524942295235
3.9622,-170.479,-151.581,-537.909,0.818,231.68,839.765,-4.183577,0,4.0692,-151.5698759999894,-488.31999999999994,1659.7177904825257,231.68000000000006,219.71779048252574,337.42357908240837,-11.96220951747432
3.9672,-170.479,-154.987,-487.119,0.901,238.01,944.719,-2.849919,1,4.0742,-154.94548282353315,-481.98999999999995,1662.1900187648077,238.01000000000005,222.19001876480775,554.4091220819488,-15.819981235192301
3.9722999999999997,-170.479,-158.02,-427.095,1.017,238.01,944.719,-2.849919,0,4.0793,-157.99662796608786,-481.98999999999995,1665.6955153573963,238.01000000000005,225.6955153573963,744.5939396228639,-12.314484642603759
3.9782,-170.479,-160.988,-361.53,1.017,245.04,1045.727,-2.849919,0,4.0852,-160.8974508473704,-474.96,1670.7520213244459,245.04000000000002,230.75202132444588,901.6772820619207,-14.287978675554143
3.9832,-170.479,-160.988,-361.53,1.017,252.77,1171.617,-2.849919,0,4.0902,-161.36355199996598,-467.22999999999996,1675.563561876751,252.77000000000004,235.563561876751,989.4011639050633,-17.20643812324903
3.9882,-170.479,-164.9,-248.869,0.718,260.51,1238.941,-0.841157,1,4.0952,-164.8121959999151,-459.49,1680.890366733944,260.51,240.8903667339439,1101.9959861829366,-19.6196332660561
3.9932,-164.479,-166.373,-206.391,0.718,268.59,1291.89,-0.841157,0,4.1002,-166.33287200000362,-451.40999999999997,1686.7931172910564,268.59000000000003,246.79311729105643,1206.3672276371415,-21.7968827089436
3.9981999999999998,-164.479,-167.428,-136.209,1.416,277.03,1350.014,-0.841157,0,4.1052,-167.3900199999631,-442.97,1693.038052768897,277.03,253.03805276889693,1265.363587423604,-23.99194723110304
4.0032,-164.479,-167.428,-136.209,1.416,285.47,1377.5,-0.841157,0,4.1102,-167.49126399999423,-434.53,1699.5114314378256,285.47,259.51143143782565,1305.8676439893156,-25.958568562174378
4.0081999999999995,-164.479,-168.087,7.849,0.702,285.47,1377.5,1.987018,1,4.1152,-168.05614799996997,-434.53,1706.1654052987772,285.47,266.16540529877716,1341.792544811758,-19.304594701222868
4.013199999999999,-152.479,-167.889,36.476,0.486,292.85,1270.145,1.987018,0,4.1202,-167.8574160000029,-427.1499999999999,1712.994294383187,292.8500000000001,272.994294383187,1375.3583339601048,-19.855705616813054
4.0182,-152.479,-167.362,103.888,1.507,301.99,1463.229,1.987018,0,4.1252,-167.34774399998602,-418.01,1719.9925634714514,301.99,279.9925634714514,1411.1999382240829,-21.997436528548633
4.0232,-152.479,-166.439,151.907,0.992,311.13,1492.756,1.987018,0,4.1302,-166.41154400000252,-408.87,1727.2006636856204,311.13,287.2006636856204,1454.9307150207778,-23.92933631437961
4.0282,-152.479,-165.23,193.462,0.369,319.92,1469.704,5.281522,1,4.1352,-165.27352400004287,-400.08,1734.6472424782253,319.92,294.6472424782253,1504.799253713941,-25.272757521774736
4.0332,-134.479,-165.23,193.462,0.369,328.71,1460.649,5.281522,0,4.1402,-164.93038400002774,-391.29,1742.361966919347,328.71,302.36196691934697,1561.3046392370334,-26.34803308065301
4.0382,-134.479,-162.109,300.582,1.607,328.71,1460.649,5.281522,0,4.1452,-162.13747600002816,-391.29,1750.47434008232,328.71,310.47434008231994,1654.8905576032396,-18.23565991768004
4.0432,-134.479,-159.779,369.841,1.158,337.5,1450.861,5.281522,0,4.1502,-159.75154400000255,-382.5,1759.2120645642847,337.5,319.2120645642847,1785.910860577476,-18.287935435715326
4.0482,-134.479,-157.163,404.932,0.702,345.23,1377.724,6.864918,1,4.1552,-157.155907999993,-374.77,1768.625191184633,345.23,328.62519118463297,1928.512316296756,-16.60480881536705
4.0531999999999995,-110.479,-154.35,420.631,0.27,352.97,1338.134,6.864918,0,4.1602,-154.30987200000374,-367.03,1778.8551204964488,352.97,338.85512049644876,2096.3008417605943,-14.114879503551265
4.058199999999999,-110.479,-151.119,524.98,2.113,0.35,1283.145,6.864918,0,4.1652,-151.092899999974,-359.65,1790.0115175359672,0.35000000000002274,350.0115175359672,2296.6015119958533,-10.338482464032836
4.0632,-110.479,-147.163,612.708,1.175,7.03,1198.572,6.864918,0,4.1702,-147.14885600000125,-352.96999999999997,1802.3427947846349,7.03000000000003,2.3427947846348616,2538.3930620569436,-4.687205215365168
4.0691999999999995,-110.479,-142.239,645.029,0.336,13.36,1129.081,7.123559,1,4.1762,-142.23160235294196,-346.64000000000004,1818.8424882907302,13.359999999999957,18.842488290730216,2856.498409514259,5.4824882907302595
4.0743,-80.479,-137.975,645.952,-0.004,13.36,1129.081,7.123559,0,4.1813,-137.94946899998408,-346.64000000000004,1834.3487338022157,13.359999999999957,34.34873380221575,3123.115060328127,20.98873380221579
4.0793,-80.479,-133.294,744.761,2.453,19.69,1084.139,7.123559,0,4.1863,-133.71997099993618,-340.30999999999995,1850.6976140433649,19.690000000000055,50.697614043364865,3313.1719800618143,31.00761404336481
4.0842,-80.479,-133.294,744.761,2.453,25.31,1018.41,7.123559,0,4.1912,-132.89677599959785,-334.69,1867.2862858925048,25.310000000000002,67.2862858925048,3421.51524846237,41.97628589250479
4.0892,-80.479,-122.26,862.963,0.369,30.94,978.72,5.371519,1,4.1962,-122.76639999995182,-329.06,1884.8389377772103,30.939999999999998,84.83893777721028,3539.391842498991,53.89893777721028
4.0942,-50.479,-116.501,859.269,0.071,36.21,929.079,5.371519,0,4.2012,-116.70832400021074,-323.79,1902.5076375525557,36.20999999999998,102.5076375525557,3514.3163655818526,66.29763755255573
4.0992,-50.479,-116.501,859.269,0.071,42.19,962.961,5.371519,0,4.2062,-115.31775294128951,-317.81,1919.6419624895152,42.19,119.64196248951521,3374.8959113824153,77.45196248951521
4.104299999999999,-50.479,-103.929,1007.944,1.225,42.19,962.961,5.371519,0,4.2113,-104.20304591853993,-317.81,1935.6006576762961,42.19,135.60065767629612,2984.2559061795264,93.41065767629613
4.1091999999999995,-50.479,-97.116,1021.796,0.378,47.11,884.638,4.12073,1,4.2162,-97.12713991836625,-312.89,1948.2112373440589,47.110000000000014,148.21123734405887,2418.3927724125497,101.10123734405886
4.114199999999999,-20.479,-90.28,1018.102,-0.137,53.09,942.656,4.12073,0,4.2212,-90.27686799999684,-306.90999999999997,1958.6078420275846,53.09000000000003,158.60784202758464,1927.2730296736502,105.5178420275846
4.1192,-20.479,-83.357,1057.81,1.474,58.71,945.444,4.12073,0,4.2262,-83.32522400000296,-301.29,1966.4835777398052,58.70999999999998,166.48357773980524,1431.3988671752525,107.77357773980526
4.1242,-20.479,-76.103,1104.906,0.718,65.04,1000.039,4.12073,0,4.2312,-76.09356799999027,-294.96,1971.9006388660134,65.04000000000002,171.90063886601342,924.4839982236173,106.8606388660134
4.1292,-20.479,-68.587,1112.294,0.004,71.37,1027.576,4.686634,1,4.2362,-69.30853599992997,-288.63,1974.9092476126325,71.37,174.9092476126325,495.8936309728846,103.5392476126325
4.1342,9.521,-68.587,1112.294,0.004,71.37,1027.576,4.686634,0,4.2412,-68.0711058818184,-288.63,1976.271819980903,71.37,176.27181998090305,156.94057374805044,104.90181998090304
4.1392999999999995,9.521,-53.97,1115.064,1.059,77.34,997.593,4.686634,0,4.2463,-54.56584425761144,-282.65999999999997,1975.0851222558322,77.34000000000003,175.08512225583218,-422.70113595103714,97.74512225583214
4.1442,9.521,-46.343,1143.691,0.494,83.67,1040.502,4.686634,0,4.2512,-46.62317551049547,-276.33,1970.9280628081017,83.67000000000002,170.92806280810169,-1002.6861481496846,87.25806280810167
4.1491999999999996,9.521,-46.343,1143.691,0.494,90.0,1047.326,5.178791,1,4.2562,-45.60456800007221,-270.0,1964.9213612417302,90.0,164.9213612417302,-1278.5053854988887,74.92136124173021
4.1541999999999994,39.521,-38.651,1144.614,-0.095,95.98,1021.277,5.178791,0,4.2612,-38.698442000049546,-264.02,1957.4173290522367,95.98000000000002,157.4173290522367,-1620.9767519095772,61.43732905223669
4.1602,39.521,-31.002,1107.676,-0.635,101.6,966.066,5.178791,0,4.2672,-30.647513999628497,-258.40000000000003,1944.8818787997277,101.59999999999997,144.8818787997277,-2371.459389370446,43.281878799727735
4.1652,39.521,-14.781,1149.232,0.378,106.52,902.691,5.178791,0,4.2722,-15.60602399991871,-253.48,1930.022010155771,106.52000000000001,130.0220101557711,-3208.618941847917,23.502010155771103
4.1701999999999995,39.521,-7.154,1137.227,-0.112,106.52,902.691,5.53319,1,4.2772,-7.1619200000083305,-253.48,1911.773439018278,106.52000000000001,111.77343901827794,-3804.5097788338035,5.2534390182779305
4.175199999999999,69.521,0.253,1092.901,-0.951,111.09,809.641,5.53319,0,4.2822,0.2403280000011292,-248.91,1891.9184905438647,111.09,91.91849054386466,-4015.3228770574715,-19.17150945613534
4.1802,69.521,7.528,1100.289,0.594,114.61,717.789,5.53319,0,4.2872,7.266099999722482,-245.39000000000001,1871.7677917861054,114.60999999999999,71.76779178610536,-4020.5566698647967,-42.84220821389462
4.1852,69.521,7.528,1100.289,0.594,117.07,568.669,5.53319,0,4.2922,8.956479999857667,-242.93,1852.0913467678406,117.07,52.091346767840605,-3874.5124529711125,-64.97865323215939
4.1902,69.521,22.408,1114.141,0.004,119.18,460.356,6.982198,1,4.2972,22.130637646763795,-240.81999999999996,1834.243631974218,119.18000000000004,34.24363197421803,-3390.8657919721095,-84.936368025782
4.1953,99.521,29.727,1077.203,-0.577,120.23,316.576,6.982198,0,4.3023,29.732051392156038,-239.76999999999998,1819.535942513972,120.23000000000002,19.53594251397203,-2698.313203341497,-100.69405748602799
4.2002999999999995,99.521,36.958,1094.748,0.776,120.23,316.576,6.982198,0,4.3073,36.97468532654158,-239.76999999999998,1807.8220489119255,120.23000000000002,7.822048911925549,-2187.7324786019803,-112.40795108807447
4.2052,99.521,44.365,1117.834,0.369,120.94,213.64,6.982198,0,4.3122,43.63941632660348,-239.06,1798.6283604107368,120.94,358.62836041073683,-1774.1272090598964,-122.31163958926317
4.2101999999999995,99.521,44.365,1117.834,0.369,120.94,106.82,7.666307,1,4.3172,44.898304000571514,-239.06,1790.866169708041,120.94,350.86616970804107,-1438.277934810328,-130.07383029195893
4.215199999999999,129.521,59.179,1091.054,-0.419,119.53,-63.722,7.666307,0,4.3222,58.45535200007278,-240.47,1785.4490783633648,119.53,345.44907836336483,-923.3055618163065,-134.08092163663514
4.2202,129.521,66.455,1100.289,0.868,117.42,-205.717,7.666307,0,4.3272,66.4628480000085,-242.57999999999996,1782.7713285159489,117.42000000000004,342.7713285159489,-373.3782562775326,-134.6486714840512
4.2252,129.521,73.949,1131.686,0.444,114.61,-338.725,7.666307,0,4.3322,73.9617679999987,-245.39000000000001,1782.4413489940796,114.60999999999999,342.4413489940796,57.71799755157342,-132.16865100592042
4.2302,129.521,81.576,1123.375,0.087,114.61,-338.725,7.167613,1,4.3372,81.57283199999657,-245.39000000000001,1784.2244016099514,114.60999999999999,344.2244016099514,492.96811042441533,-130.38559839004859
4.2352,153.521,89.115,1097.518,-0.643,110.74,-474.096,7.167613,0,4.3422,88.39125600007371,-249.26000000000002,1788.1060164646299,110.73999999999998,348.1060164646299,872.6253930406198,-122.63398353537013
4.2402,153.521,89.115,1097.518,-0.643,106.52,-610.285,7.167613,0,4.3472,89.33589000024018,-253.48,1791.4568994078982,106.52000000000001,351.45689940789816,535.4581570658091,-115.06310059210182
4.2462,153.521,96.478,1091.978,0.394,101.6,-714.579,7.167613,0,4.3532,96.82051000037382,-258.40000000000003,1793.303347805992,101.59999999999997,353.30334780599196,220.67526987021353,-108.296652194008
4.2512,153.521,112.128,1073.509,-0.444,96.68,-776.644,5.571488,1,4.3582,111.29232000008574,-263.32,1793.8576107878707,96.68,353.8576107878707,73.0124286673022,-102.82238921212928
4.2562,171.521,119.073,1008.867,-1.017,90.7,-886.174,5.571488,0,4.3632,119.0595719999853,-269.29999999999995,1793.9301529017769,90.70000000000005,353.93015290177686,0.2772592306455636,-96.76984709822318
4.2612,171.521,125.645,974.7,-0.112,84.73,-940.286,5.571488,0,4.3682,125.62176800000238,-275.27,1793.9206435702065,84.73000000000002,353.9206435702065,-1.330229342973348,-90.80935642979352
4.2661999999999995,171.521,131.975,948.843,-0.444,84.73,-940.286,5.571488,0,4.3732,131.96707999999128,-275.27,1794.2928084167663,84.73000000000002,354.2928084167663,174.55354205026137,-90.4371915832337
4.271199999999999,171.521,138.085,902.671,-0.859,78.05,-1017.059,3.012543,1,4.3782,137.4984400000606,-281.95000000000005,1796.4309673570738,78.04999999999995,356.43096735707377,511.3362087556324,-81.61903264292619
4.2762,183.521,138.085,902.671,-0.859,72.07,-1001.951,3.012543,0,4.3832,138.48143200043893,-287.93,1799.855652095183,72.07,359.8556520951829,773.4061011022427,-72.21434790481709
4.2812,183.521,149.097,780.776,-0.411,66.09,-1014.139,3.012543,0,4.3882,148.03984800011006,-293.91,1805.0096444481658,66.08999999999997,5.009644448165773,1136.2874368371208,-61.0803555518342
4.2862,183.521,149.097,780.776,-0.411,60.12,-1005.339,3.012543,0,4.3932,149.2789800002022,-299.88,1811.7834963565433,60.120000000000005,11.78349635654331,1436.7735186005593,-48.336503643456695
4.2912,183.521,154.152,743.838,-0.702,54.49,-965.212,0.053156,1,4.3982,154.51490823525626,-305.51,1819.8000805498218,54.49000000000001,19.800080549821814,1698.1238698085228,-34.689919450178195
4.2963,189.521,163.164,621.019,-1.266,54.49,-965.212,0.053156,0,4.4033,162.91515599982876,-305.51,1830.0206828814187,54.49000000000001,30.02068288141868,2143.5009207912635,-24.46931711858133
4.3012999999999995,189.521,167.12,575.77,-0.693,49.57,-881.956,0.053156,0,4.4083,167.09670400000385,-310.43,1841.9889326176128,49.56999999999999,41.98893261761282,2475.615523424271,-7.581067382387175
4.3062,189.521,170.746,523.134,-0.735,44.3,-892.053,0.053156,0,4.4132,170.7306999999829,-315.70000000000005,1854.7260939858359,44.299999999999955,54.72609398583586,2645.893384410795,10.426093985835905
4.3111999999999995,189.521,174.021,472.344,-0.851,39.73,-826.839,-2.847499,1,4.4182,173.98730400000355,-320.27,1868.3344649934263,39.73000000000002,68.33446499342631,2745.275122152496,28.60446499342629
4.316199999999999,189.521,176.945,411.396,-0.926,35.16,-798.829,-2.847499,0,4.4232,176.93149999998482,-324.84000000000003,1882.198391181258,35.15999999999997,82.1983911812581,2778.9086471245155,47.038391181258135
4.3212,189.521,179.494,351.372,-0.984,30.94,-741.946,-2.847499,0,4.4282,179.4520254117692,-329.06,1896.0232671117894,30.939999999999998,96.02326711178944,2754.411663120503,65.08326711178944
4.3263,189.521,181.648,304.276,-0.536,30.94,-741.946,-2.847499,0,4.4333,181.54029999992486,-329.06,1909.8664587554479,30.939999999999998,109.86645875544787,2694.5233851921394,78.92645875544787
4.3312,189.521,181.648,304.276,-0.536,26.72,-721.183,-3.595462,1,4.4382,181.7974399999841,-333.28,1922.8636389661585,26.720000000000027,122.86363896615853,2635.756516445765,96.1436389661585
4.3372,183.521,183.516,251.64,-0.834,23.2,-651.932,-3.595462,0,4.4442,183.6324799999876,-336.8,1938.3066723420866,23.19999999999999,138.30667234208659,2533.4460103239344,115.1066723420866
4.3422,183.521,186.286,138.979,-1.391,19.69,-626.394,-3.595462,0,4.4492,186.20604399990896,-340.30999999999995,1950.5149343923206,19.690000000000055,150.51493439232058,2400.380159118586,130.82493439232053
4.3472,183.521,186.835,57.716,-1.283,16.52,-576.681,-3.595462,0,4.4542,186.79074400000474,-343.47999999999996,1962.1596688571594,16.52000000000004,162.15966885715943,2308.164535238647,145.6396688571594
4.3522,183.521,186.923,-7.849,-0.834,14.06,-493.738,-1.546478,1,4.4592,186.91983199999638,-345.94000000000005,1973.588267073616,14.059999999999945,173.58826707361595,2279.089021397351,159.528267073616
4.3572,171.521,186.923,-7.849,-0.834,11.6,-452.81,-1.546478,0,4.4642,186.85973600000682,-348.40000000000003,1984.9762182968623,11.599999999999966,184.97621829686227,2280.1688835695177,173.3762182968623
4.3622,171.521,186.264,-102.965,-1.565,11.6,-452.81,-1.546478,0,4.4692,186.25514752940163,-348.40000000000003,1996.480044700581,11.599999999999966,196.48004470058095,2313.590707261002,-175.11995529941902
4.3673,171.521,185.341,-150.984,-0.959,9.49,-397.281,-1.546478,0,4.4743,185.4233460784173,-350.51,2008.4748613263764,9.490000000000009,208.4748613263764,2366.2970867561735,-161.0151386736236
4.372199999999999,171.521,185.341,-150.984,-0.959,7.73,-349.101,0.660069,1,4.4792,185.25022352930733,-352.27000000000004,2020.245512557645,7.729999999999961,220.24551255764504,2421.5278792188215,-147.48448744235492
4.3773,153.521,182.769,-208.238,-0.494,6.33,-290.761,0.660069,0,4.4843,182.84048674508577,-353.66999999999996,2032.93651809606,6.330000000000041,232.9365180960599,2519.9265212518644,-133.39348190394014
4.3823,153.521,181.033,-300.582,-1.59,5.27,-234.162,0.660069,0,4.4893,181.0002808979358,-354.73,2045.914578091953,5.269999999999982,245.914578091953,2627.4717099702975,-119.35542190804699
4.3872,153.521,178.703,-365.224,-1.084,4.22,-204.991,0.660069,0,4.4942,178.68010889796167,-355.78000000000003,2059.0842230120843,4.21999999999997,259.0842230120843,2709.8040707143196,-105.13577698791568
4.3922,153.521,176.087,-401.238,-0.76,4.22,-204.991,2.273963,1,4.4992,176.0822839999945,-355.78000000000003,2072.8322490654427,4.21999999999997,272.83224906544274,2763.555824931832,-91.38775093455723
4.3972,129.521,173.34,-415.09,-0.336,3.87,-130.439,2.273963,0,4.5042,173.29564800000483,-356.12999999999994,2086.6869208324792,3.8700000000000614,286.68692083247925,2768.4942547685164,-77.18307916752082
4.4022,129.521,170.131,-523.134,-2.238,3.87,-65.22,2.273963,0,4.5092,170.24652400013474,-356.12999999999994,2100.4161235952224,3.8700000000000614,300.4161235952224,2734.3062718556926,-63.453876404777645
4.4072,129.521,170.131,-523.134,-2.238,3.87,-32.61,2.273963,0,4.5142,169.3503280000856,-356.12999999999994,2113.859712676213,3.8700000000000614,313.8597126762129,2656.292246123216,-50.01028732378717
4.4121999999999995,129.521,161.999,-642.258,-0.577,4.57,42.11,3.501082,1,4.5192,162.13349600015744,-355.43,2126.3611850375673,4.569999999999993,326.36118503756734,2410.2768123461656,-38.208814962432655
4.4172,99.521,157.603,-643.182,0.062,5.98,137.592,3.501082,0,4.5242,157.5734320000032,-354.02,2137.1236731279323,5.980000000000018,337.1236731279323,2055.9274440277977,-28.85632687206771
4.4222,99.521,152.899,-751.225,-2.495,5.98,137.592,3.501082,0,4.5292,152.87131599996738,-354.02,2146.339219502487,5.980000000000018,346.33921950248714,1744.125095521583,-19.64078049751288
4.4272,99.521,147.426,-844.494,-1.084,7.38,185.199,3.501082,0,4.5342,147.9514079999418,-352.61999999999995,2153.9697331179123,7.380000000000052,353.96973311791226,1451.2431534188136,-13.410266882087853
4.433199999999999,99.521,147.426,-844.494,-1.084,9.84,299.769,4.109114,1,4.5402,146.24275294130766,-350.15999999999997,2161.3826548619013,9.840000000000032,1.382654861901301,1101.531116116981,-8.45734513809873
4.4383,75.521,134.854,-872.197,0.195,12.66,383.715,4.109114,0,4.5453,135.1737897961524,-347.34,2165.3379792012597,12.660000000000025,5.337979201259714,611.8127719141733,-7.322020798740311
4.4432,75.521,128.92,-910.982,-1.274,15.47,425.944,4.109114,0,4.5502,129.50128979585355,-344.53,2166.6652752030354,15.470000000000027,6.665275203035435,166.48229523585107,-8.804724796964592
4.4482,75.521,128.92,-910.982,-1.274,18.63,476.869,4.109114,0,4.5552,128.46661599946043,-341.37,2166.55748177407,18.629999999999995,6.557481774069856,-116.74080677313296,-12.07251822593014
4.4532,75.521,116.326,-952.537,-0.179,22.15,531.478,3.307576,1,4.5602,117.53502399986478,-337.84999999999997,2164.5462258123284,22.150000000000034,4.54622581232843,-519.6066271809995,-17.603774187671604
4.4582999999999995,57.521,116.326,-952.537,-0.179,22.15,531.478,3.307576,0,4.5653,115.69375299953414,-337.84999999999997,2160.5361174543145,22.150000000000034,0.5361174543145353,-884.1063147451505,-21.6138825456855
4.463299999999999,57.521,103.929,-922.063,-0.228,26.37,607.49,3.307576,0,4.5703,104.48976985704341,-333.63000000000005,2157.7333410655897,26.369999999999948,357.7333410655897,-451.0276683587761,-28.636658934410264
4.4681999999999995,57.521,97.819,-918.369,0.112,30.23,635.149,3.307576,0,4.5752,97.826656979601,-329.77,2156.2732482739043,30.230000000000018,356.2732482739043,-244.13789757848315,-33.95675172609572
4.473199999999999,57.521,91.797,-893.436,0.536,34.45,669.357,0.907494,1,4.5802,91.82647199999677,-325.55,2155.4763000491084,34.44999999999999,355.47630004910843,-130.92596349903187,-38.97369995089156
4.4782,33.521,86.082,-831.565,0.826,39.02,714.555,0.907494,0,4.5852,86.09302235295442,-320.97999999999996,2155.0629472684154,39.02000000000004,355.0629472684154,-64.3418475010252,-43.95705273158461
4.4833,33.521,80.565,-833.412,-0.527,43.24,707.969,0.907494,0,4.5903,80.54723894117967,-316.76,2154.7877514199586,43.24000000000001,354.78775141995857,-58.32112402717601,-48.45224858004144
4.4883,33.521,74.961,-839.876,-0.212,43.24,707.969,0.907494,0,4.5953,74.96094899999997,-316.76,2153.458560877295,43.24000000000001,353.458560877295,-380.6459170656359,-49.781439122705024
4.4933,33.521,69.356,-843.57,-0.112,47.81,731.586,-1.616726,1,4.6003,69.35580500000006,-312.18999999999994,2150.223617315928,47.81000000000006,350.2236173159281,-756.9527541972982,-57.586382684071964
4.4982,3.521,63.861,-812.173,0.486,52.38,746.565,-1.616726,0,4.6052,64.06285714310212,-307.62,2145.4208922549983,52.379999999999995,345.4208922549983,-1063.3601887130421,-66.95910774500169
4.5032,3.521,63.861,-812.173,0.486,57.3,790.261,-1.616726,0,4.6102,62.740584000127804,-302.7,2139.2861585246537,57.30000000000001,339.28615852465373,-1311.2830833557864,-78.01384147534628
4.5081999999999995,3.521,52.19,-910.058,-0.984,62.58,834.402,-1.616726,0,4.6152,52.384652000237026,-297.42,2131.2561030559227,62.579999999999984,331.2561030559227,-1762.161209088671,-91.32389694407726
4.513199999999999,3.521,45.926,-934.068,-0.378,67.85,850.8,-2.655181,1,4.6202,45.95062399999722,-292.15,2120.4958803811296,67.85000000000002,320.4958803811296,-2286.1219632655234,-107.35411961887041
4.5192,-26.479,38.717,-914.676,0.428,73.48,903.737,-2.655181,0,4.6262,38.70072800000183,-286.52,2105.1365461426667,73.48000000000002,305.1365461426667,-2681.639078335362,-128.34345385733332
4.5241999999999996,-26.479,32.54,-968.236,-1.465,73.48,903.737,-2.655181,0,4.6312,32.52185599997777,-286.52,2090.8914336430075,73.48000000000002,290.89143364300753,-2915.8158809674737,-142.5885663569925
4.5291999999999994,-26.479,25.859,-1007.021,-0.984,78.75,878.438,-2.655181,0,4.6362,25.844120000001833,-281.25,2075.835797700463,78.75,275.835797700463,-3036.410330767597,-162.914202299537
4.5342,-26.479,19.023,-1028.26,-0.22,84.38,919.961,-2.935432,1,4.6412,19.030931294127374,-275.62,2060.67717355776,84.38,260.67717355775994,-3013.9291980785597,176.29717355775995
4.5393,-56.479,12.275,-997.786,0.469,89.65,895.617,-2.935432,0,4.6463,12.877027450870104,-270.34999999999997,2045.8171976388887,89.65000000000003,245.81719763888873,-2868.6903180622157,156.1671976388887
4.5442,-56.479,12.275,-997.786,0.469,94.57,860.747,-2.935432,0,4.6512,11.76783199937241,-265.43,2032.3915061699215,94.57,232.3915061699215,-2665.088946652879,137.82150616992152
4.5492,-56.479,-1.813,-1092.901,-0.577,99.49,837.847,-2.935432,0,4.6562,-1.1610640000758152,-260.51,2020.7081163573152,99.49000000000001,220.70811635731525,-2168.963081443833,121.21811635731524
4.5542,-56.479,-9.11,-1098.442,-0.079,99.49,837.847,-3.994131,1,4.6612,-9.1025550588143,-260.51,2012.1560063262027,99.49000000000001,212.15600632620271,-1516.128506015097,112.6660063262027
4.5592999999999995,-80.479,-16.342,-1070.738,0.369,103.36,728.868,-3.994131,0,4.6663,-16.360070728287923,-256.64000000000004,2006.2900319196644,103.35999999999996,206.29003191966444,-998.5177611708771,102.93003191966449
4.5642,-80.479,-23.485,-1074.432,-0.627,107.23,702.558,-3.994131,0,4.6712,-23.485296081633035,-252.77,2003.1034931383977,107.22999999999999,203.10349313839765,-494.7862416993232,95.87349313839763
4.5691999999999995,-80.479,-30.782,-1086.437,-0.162,110.04,585.185,-3.994131,0,4.6762,-30.775664000000745,-249.95999999999995,2002.4824338195774,110.04000000000005,202.4824338195774,25.536719780282866,92.44243381957733
4.574199999999999,-80.479,-38.013,-1065.198,0.444,112.5,495.988,-5.008399,1,4.6812,-37.752683999674794,-247.49999999999997,2004.1822317654696,112.50000000000003,204.18223176546962,461.721633707827,91.68223176546962
4.5802,-100.168,-38.013,-1065.198,0.444,113.91,363.446,-5.008399,0,4.6872,-38.54234400066339,-246.09,2008.6064200990058,113.91,208.60642009900585,911.0002730497476,94.69642009900588
4.5851999999999995,-100.168,-52.717,-975.623,0.079,114.96,272.791,-5.008399,0,4.6922,-51.91153364715361,-245.04000000000002,2015.33258484755,114.95999999999998,215.33258484754992,1540.5454022628217,100.37258484754994
4.5903,-100.168,-59.157,-957.154,0.311,114.96,272.791,-5.008399,0,4.6973,-59.15874591836873,-245.04000000000002,2025.5230675592813,114.95999999999998,225.52306755928134,2176.1570540693465,110.56306755928136
4.5952,-100.168,-65.378,-920.216,0.776,115.66,193.174,-3.986452,1,4.7022,-65.31673709484524,-244.33999999999997,2037.462893878514,115.66000000000003,237.46289387851402,2531.207892003061,121.802893878514
4.6003,-113.857,-71.202,-848.187,1.258,115.66,96.587,-3.986452,0,4.7073,-71.19676428571016,-244.33999999999997,2051.350072978742,115.66000000000003,251.350072978742,2798.853330329497,135.69007297874197
4.6052,-113.857,-76.697,-816.79,0.212,115.66,48.293,-3.986452,0,4.7122,-76.6651142857181,-244.33999999999997,2065.6056894812154,115.66000000000003,265.60568948121545,2942.5147686934806,149.94568948121542
4.6102,-113.857,-81.972,-779.852,0.569,114.96,-34.128,-3.986452,0,4.7172,-81.78209999975901,-245.04000000000002,2080.4805157369174,114.95999999999998,280.48051573691737,2980.175810992606,165.5205157369174
4.6152,-113.857,-81.972,-779.852,0.569,113.91,-103.961,-2.114813,1,4.7222,-82.88014117636233,-246.09,2095.2770231395225,113.91,295.2770231395225,2940.037352550192,-178.63297686047747
4.620299999999999,-121.547,-91.621,-665.345,1.125,113.91,-103.961,-2.114813,0,4.7273,-91.3615969385717,-246.09,2109.6597618653627,113.91,309.6597618653627,2745.524286814073,-164.25023813463724
4.6251999999999995,-121.547,-95.907,-625.636,0.328,112.15,-196.778,-2.114813,0,4.7322,-95.86903493878006,-247.85,2122.0468387469764,112.15,322.0468387469764,2448.2519473696575,-150.1031612530236
4.630199999999999,-121.547,-99.885,-577.617,0.627,110.39,-247.177,-2.114813,0,4.7372,-99.87394799998589,-249.61,2133.472475342422,110.38999999999999,333.47247534242206,2212.863500760918,-136.91752465757793
4.6352,-121.547,-103.556,-531.445,0.901,108.63,-273.195,-0.336788,1,4.7422,-103.51388988235807,-251.37,2143.714976269943,108.63,343.7149762699428,1982.820427865053,-124.91502373005721
4.6403,-123.236,-106.853,-473.267,0.967,106.17,-341.198,-0.336788,0,4.7473,-106.84026530611233,-253.82999999999998,2153.0422752359045,106.17000000000002,353.0422752359045,1760.4981288944805,-113.12772476409549
4.6452,-123.236,-109.776,-415.09,0.76,103.36,-405.304,-0.336788,0,4.7522,-109.48966530615704,-256.64000000000004,2159.8215287466273,103.35999999999996,359.82152874662734,1154.0166973441062,-103.53847125337262
4.6503,-123.236,-109.776,-415.09,0.76,103.36,-405.304,-0.336788,0,4.7573,-110.02146300019523,-256.64000000000004,2163.6438464304315,103.35999999999996,3.643846430431495,606.8409034286342,-99.71615356956846
4.6552999999999995,-123.236,-114.589,-317.205,0.834,100.55,-428.473,-0.661891,1,4.7623,-114.32901300004978,-259.45,2165.7858609929526,100.55000000000001,5.785860992952621,368.35163798370235,-94.76413900704739
4.660299999999999,-118.926,-116.545,-267.338,0.743,97.73,-449.163,-0.661891,0,4.7673,-116.44524399992042,-262.27000000000004,2167.111280797693,97.72999999999996,7.111280797692871,226.96243647670687,-90.61871920230709
4.6652,-118.926,-116.545,-267.338,0.743,94.22,-524.206,-0.661891,0,4.7722,-116.66811999998502,-265.78000000000003,2167.9509438354366,94.21999999999997,7.950943835436647,155.16219748031435,-86.26905616456332
4.6712,-118.926,-118.084,-201.773,1.167,90.7,-555.47,-0.661891,0,4.7782,-118.0790560000006,-269.29999999999995,2168.6975319906664,90.70000000000005,8.697531990666448,112.45340144877007,-82.0024680093336
4.6762,-118.926,-119.315,-136.209,0.71,87.19,-566.1,-1.669397,1,4.7832,-119.30326047057297,-272.80999999999995,2169.195816755617,87.19000000000005,9.195816755617216,95.10058261666278,-77.99418324438284
4.681299999999999,-108.615,-120.238,-25.395,0.693,83.32,-607.708,-1.669397,0,4.7883,-120.13726820730238,-276.68,2169.636015807355,83.32,9.636015807354852,82.23674294112911,-73.68398419264514
4.6861999999999995,-108.615,-120.04,64.18,1.349,83.32,-607.708,-1.669397,0,4.7932,-120.04727346939725,-276.68,2170.0087708049755,83.32,10.008770804975484,74.7517336939116,-73.31122919502451
4.691199999999999,-108.615,-120.04,64.18,1.349,79.1,-651.683,-1.669397,0,4.7982,-119.89235200001814,-280.90000000000003,2170.368519201194,79.09999999999997,10.368519201193976,70.6959727079499,-68.73148079880599
4.6962,-108.615,-118.502,138.056,0.394,74.53,-713.843,-2.832719,1,4.8032,-118.5209091764954,-285.47,2170.7027714188816,74.52999999999997,10.702771418881639,64.76484553490654,-63.827228581118334
4.7013,-92.305,-117.469,158.371,0.419,69.26,-795.252,-2.832719,0,4.8083,-117.43255266107151,-290.74,2171.010353993014,69.25999999999999,11.010353993014178,59.04820344469294,-58.24964600698581
4.7062,-92.305,-116.084,237.788,1.482,64.34,-813.133,-2.832719,0,4.8132,-116.06683755099782,-295.65999999999997,2171.2811769078057,64.34000000000003,11.28117690780573,53.32719961664761,-53.0588230921943
4.7112,-92.305,-114.194,304.276,1.158,58.71,-868.145,-2.832719,0,4.8182,-114.37543999997756,-301.29,2171.521194538452,58.70999999999998,11.521194538452164,45.856061775888506,-47.188805461547815
4.7162,-92.305,-114.194,304.276,1.158,58.71,-868.145,-4.006536,1,4.8232,-114.0341882350831,-301.29,2171.725695817167,58.70999999999998,11.72569581716698,38.67939451255378,-46.984304182833
4.721299999999999,-80.131,-109.666,357.836,0.286,52.73,-903.67,-4.006536,0,4.8283,-109.83114005599005,-307.27000000000004,2171.8929185299007,52.72999999999996,11.892918529900726,29.977170590183,-40.837081470099236
4.7261999999999995,-80.131,-107.094,404.009,1.1,46.41,-1023.68,-4.006536,0,4.8332,-107.08562963264197,-313.59,2172.0127543181043,46.410000000000025,12.012754318104271,22.4649686201343,-34.397245681895754
4.731199999999999,-80.131,-104.237,440.947,0.643,39.73,-1060.922,-4.006536,0,4.8382,-104.51127199996587,-320.27,2172.1142830327144,39.73000000000002,12.114283032714411,19.938788602167374,-27.615716967285607
4.7362,-80.131,-104.237,440.947,0.643,33.05,-1084.019,-4.678869,1,4.8432,-104.02445882324625,-326.95000000000005,2172.2116311561917,33.049999999999955,12.211631156191743,18.97646540568974,-20.83836884380821
4.7413,-73.957,-98.215,445.564,-0.129,26.02,-1124.146,-4.678869,0,4.8483,-98.75225686263882,-333.98,2172.3010901765715,26.019999999999982,12.301090176571506,17.47365147066927,-13.718909823428476
4.7463,-73.957,-98.215,445.564,-0.129,26.02,-1124.146,-4.678869,0,4.8533,-98.0605428570155,-333.98,2172.420838505345,26.019999999999982,12.420838505344818,27.208307120152615,-13.599161494655164
4.7512,-73.957,-95.247,440.023,0.004,19.34,-1106.215,-4.678869,0,4.8582,-94.97441485717707,-340.65999999999997,2172.5890041931057,19.340000000000032,12.589004193105666,37.040434451828105,-6.750995806894366
4.7562,-73.957,-89.379,423.401,-0.428,12.3,-1161.747,-4.187049,1,4.8632,-89.50010045917868,-347.7,2173.5472928794493,12.300000000000011,13.547292879449287,282.04647970536536,1.247292879449276
4.7623,-73.783,-86.324,378.152,-0.61,5.62,-1136.062,-4.187049,0,4.8693,-86.33175701639988,-354.38,2176.5220325041314,5.6200000000000045,16.522032504131403,572.7982159149,10.902032504131398
4.7673,-73.783,-83.972,328.286,-0.477,359.3,-1096.096,-4.187049,0,4.8743,-83.99418914285272,-360.7,2179.9104768131956,359.3,19.9104768131956,718.4516229787598,20.61047681319559
4.7722,-73.783,-81.906,290.425,-0.735,352.97,-1074.413,-4.187049,0,4.8792,-81.91860587756801,-367.03,2183.8530997100406,352.97,23.853099710040624,840.6191164948484,30.883099710040597
4.7772,-73.783,-80.148,244.252,-0.519,346.99,-1035.899,-2.519395,1,4.8842,-80.31676799997862,-373.01,2188.3799400467783,346.99,28.3799400467783,924.5776666563942,41.38994004677829
4.7823,-67.609,-80.148,244.252,-0.519,346.99,-1035.899,-2.519395,0,4.8893,-80.00672999988178,-373.01,2193.259908362949,346.99,33.25990836294886,972.4956626267729,46.269908362948854
4.7873,-67.609,-77.378,189.769,0.212,341.72,-945.462,-2.519395,0,4.8943,-77.51576285711512,-378.28,2198.359169997909,341.72,38.35916999790879,1042.1937933429313,56.639169997908766
4.7922,-67.609,-76.147,179.611,-0.062,336.09,-949.574,-2.519395,0,4.8992,-76.14958511404913,-383.9100000000001,2203.7119533730092,336.0899999999999,43.71195337300924,1110.862498542041,67.62195337300932
4.7973,-67.609,-74.939,176.84,0.029,331.17,-886.626,-0.64977,1,4.9043,-74.94275954901886,-388.83,2209.5046778135643,331.17,49.504677813564285,1144.8052394439335,78.33467781356427
4.8023,-55.435,-73.796,169.453,0.071,326.95,-801.56,-0.64977,0,4.9093,-73.79263399999718,-393.04999999999995,2215.3109088019473,326.95000000000005,55.310908801947335,1167.7350335298465,88.36090880194729
4.8073,-55.435,-72.587,198.08,0.768,322.03,-810.759,-0.64977,0,4.9143,-72.56297600000488,-397.97,2221.208947311408,322.03,61.20894731140788,1184.178395979467,99.17894731140791
4.8123,-55.435,-71.114,235.941,0.826,322.03,-810.759,-0.64977,0,4.9193,-71.10395299999152,-397.97,2227.176743831587,322.03,67.17674383158692,1197.4102705877237,105.14674383158695
4.8172999999999995,-55.435,-69.444,259.951,0.369,317.11,-807.279,0.802785,1,4.9243,-69.43790300000124,-402.89,2233.193855794079,317.11,73.1938557940789,1205.0260660571919,116.08385579407889
4.822299999999999,-37.261,-67.707,264.568,0.378,312.19,-815.421,0.802785,0,4.9293,-67.69134299998676,-407.81,2239.216391055193,312.19,79.21639105519307,1203.2737852881523,127.02639105519307
4.8273,-37.261,-65.663,335.674,1.499,307.62,-789.8,0.802785,0,4.9343,-65.61435400000987,-412.38,2245.1920911612106,307.62,85.19209116121056,1190.6830536016773,137.57209116121055
4.832199999999999,-37.261,-63.136,404.932,1.009,302.7,-805.088,0.802785,0,4.9392,-63.125940571414766,-417.3,2250.945520923024,302.7,90.9455209230241,1165.2658050480657,148.24552092302412
4.8372,-37.261,-60.278,427.095,0.635,297.77,-809.34,1.381029,1,4.9442,-60.27312094117704,-422.23,2256.6172244062145,297.77,96.61722440621452,1119.6981303657285,158.84722440621454
4.8423,-13.087,-57.311,447.411,0.345,297.77,-809.34,1.381029,0,4.9493,-57.459350000126676,-422.23,2262.1133857771147,297.77,102.11338577711467,1058.1668675884994,164.3433857771147
4.848199999999999,-13.087,-57.311,447.411,0.345,292.85,-809.636,1.381029,0,4.9552,-57.030976470200855,-427.1499999999999,2268.012955730594,292.8500000000001,108.01295573059406,962.4439729458511,175.16295573059398
4.8533,-13.087,-49.377,621.943,0.909,288.63,-759.66,1.381029,0,4.9603,-49.69481125483638,-431.37,2272.3565798537256,288.63,112.35657985372563,796.7229748251842,-176.27342014627436
4.8583,-13.087,-45.091,650.569,0.378,283.71,-799.237,0.632813,1,4.9653,-45.309586000187714,-436.2900000000001,2275.6833416782265,283.7099999999999,115.6833416782265,615.7809611435464,-168.02665832177343
4.8633,12.656,-45.091,650.569,0.378,278.79,-807.385,0.632813,0,4.9703,-44.68688571436925,-441.21,2278.3907368716546,278.79,118.39073687165455,511.02074545036,-160.39926312834547
4.8682,12.656,-40.739,652.416,0.162,273.87,-810.458,0.632813,0,4.9752,-40.732693387746295,-446.13,2280.4583240300963,273.87,120.45832403009626,374.34938730492115,-153.41167596990374
4.8732,12.656,-36.123,730.909,1.748,269.65,-755.074,0.632813,0,4.9802,-36.07240800000663,-450.35,2281.567036260197,269.65,121.5670362601968,157.18595635543932,-148.08296373980318
4.8782,12.656,-30.98,790.01,1.092,269.65,-755.074,-0.058628,1,4.9852,-30.77959505854316,-450.35,2281.423703519992,269.65,121.42370351999216,-126.32836078939067,-148.22629648000782
4.8833,32.4,-20.056,807.556,-0.087,265.08,-736.039,-0.058628,0,4.9903,-20.522385013908202,-454.91999999999996,2279.350851779798,265.08000000000004,119.35085177979818,-523.1704499855726,-145.72914822020186
4.888199999999999,32.4,-14.583,836.183,0.992,261.56,-683.17,-0.058628,0,4.9952,-14.577552979584258,-458.44,2275.6337628106035,261.56,115.63376281060346,-850.4063536343222,-145.92623718939655
4.8932,32.4,-8.847,852.805,0.212,258.05,-630.545,-0.058628,0,5.0002,-8.87185927868515,-461.94999999999993,2270.570555738245,258.05000000000007,110.57055573824482,-1074.0733713631328,-147.47944426175525
4.8993,32.4,-2.165,849.111,-0.286,255.23,-557.029,-0.090548,1,5.0063,-2.6634114753053635,-464.77000000000004,2263.2254945566156,255.22999999999996,103.22549455661556,-1253.5324542195317,-152.0045054433844
4.9043,46.143,-2.165,849.111,-0.286,252.77,-482.381,-0.090548,0,5.0113,-1.6112419995163623,-467.22999999999996,2256.6662490707413,252.77000000000004,96.66624907074129,-1338.2200435927155,-156.10375092925875
4.9093,46.143,8.693,794.627,0.054,250.66,-417.266,-0.090548,0,5.0163,8.182945000107201,-469.34000000000003,2249.7029423101103,250.65999999999997,89.7029423101103,-1410.7486838478503,-160.95705768988967
4.9143,46.143,13.946,774.312,-0.461,250.66,-417.266,-0.090548,0,5.0213,13.678096999765366,-469.34000000000003,2242.5791999318126,250.65999999999997,82.57919993181258,-1426.4968063495216,-168.0808000681874
4.9192,46.143,13.946,774.312,-0.461,248.91,-349.866,0.052184,1,5.0262,14.860352941054614,-471.09000000000003,2235.6133002298843,248.90999999999997,75.61330022988432,-1414.3290576948739,-173.29669977011565
4.9243,53.886,23.661,684.737,-1.208,247.85,-264.23,0.052184,0,5.0313,23.396079999767316,-472.15000000000003,2228.7038530632926,247.84999999999997,68.70385306329263,-1315.985692656353,-179.14614693670734
4.9293,53.886,27.991,627.483,-0.552,246.45,-250.056,0.052184,0,5.0363,27.966976000005076,-473.55,2222.7261367355677,246.45,62.72613673556771,-1150.2994360106384,176.27613673556772
4.9342999999999995,53.886,32.057,596.086,-0.61,246.09,-155.038,0.052184,0,5.0413,32.0390479999842,-473.90999999999997,2217.420929324692,246.09000000000003,57.420929324692224,-1021.5373350047201,171.3309293246922
4.939299999999999,53.886,35.771,538.832,-0.668,245.39,-135.198,-1.220062,1,5.0463,35.73109560785155,-474.61,2212.784916605721,245.39,52.78491660572081,-888.155589070367,167.39491660572082
4.9444,55.63,39.112,483.425,-0.743,245.39,-135.198,-1.220062,0,5.0514,39.093258423358044,-474.61,2208.7296060752933,245.39,48.729606075293304,-754.0073373502037,163.33960607529332
4.9493,55.63,42.035,421.554,-0.66,245.04,-96.333,-1.220062,0,5.0563,42.001634571435694,-474.96,2205.463976576079,245.04000000000002,45.46397657607895,-631.3962394297481,160.42397657607893
4.9543,55.63,44.651,370.765,-0.793,245.04,-48.167,-1.220062,0,5.0613,44.63192599998307,-474.96,2202.709717851835,245.04000000000002,42.709717851835194,-516.2851856047829,157.66971785183517
4.9593,55.63,46.893,317.205,-0.917,245.04,-24.083,-2.486408,1,5.0663,46.864972000005984,-474.96,2200.4901720300445,245.04000000000002,40.490172030044505,-415.52360080658,155.45017203004448
4.9643,51.373,48.827,272.879,-0.511,245.04,-12.042,-2.486408,0,5.0713,48.72836599991217,-474.96,2198.676854196898,245.04000000000002,38.67685419689815,-344.38440032914275,153.63685419689813
4.9692,51.373,48.827,272.879,-0.511,245.39,22.654,-2.486408,0,5.0762,48.966381132056576,-474.61,2197.0883609625503,245.39,37.08836096255027,-317.6763619892743,151.69836096255028
4.9745,51.373,50.366,204.544,-1.191,245.39,22.654,-2.486408,0,5.0815,50.39960849058065,-474.61,2195.5307638164077,245.39,35.53076381640767,-277.85532970727854,150.14076381640768
4.979299999999999,51.373,52.19,83.572,-0.834,245.74,39.834,-3.06253,1,5.0863,52.045461666697705,-474.25999999999993,2194.416071001548,245.74000000000007,34.41607100154806,-215.3277797786586,148.676071001548
4.9853,41.116,52.564,25.395,-0.569,246.09,49.825,-3.06253,0,5.0923,52.53563833333945,-473.90999999999997,2193.2888171913946,246.09000000000003,33.28881719139463,-181.66749567143873,147.1988171913946
4.9902,41.116,52.564,25.395,-0.569,246.8,84.186,-3.06253,0,5.0972,52.533111999955075,-473.2,2192.3463403452074,246.8,32.34634034520741,-200.39822322110297,145.5463403452074
4.9952,41.116,51.706,-113.122,-0.643,247.5,100.004,-3.06253,0,5.1022,51.70149741176534,-472.50000000000006,2191.1762735053385,247.49999999999994,31.176273505338486,-250.1188173145838,143.67627350533854
5.0003,41.116,50.783,-145.443,-0.619,248.2,107.959,-2.83861,1,5.1073,50.82915000004165,-471.8,2189.68806205621,248.2,29.68806205621013,-309.1243702281846,141.48806205621014
5.005199999999999,24.86,50.783,-145.443,-0.619,248.91,114.314,-2.83861,0,5.1122,50.685776470601574,-471.09000000000003,2188.023570904821,248.90999999999997,28.0235709048211,-351.9939265638396,139.11357090482113
5.0103,24.86,49.75,-163.912,-0.453,248.91,114.314,-2.83861,0,5.1173,49.6368689998976,-471.09000000000003,2185.986592407424,248.90999999999997,25.986592407423814,-428.84190633188115,137.07659240742385
5.0153,24.86,46.519,-300.582,-1.216,250.31,171.135,-2.83861,0,5.1223,46.61500499997909,-469.68999999999994,2183.3426426166725,250.31000000000006,23.342642616672492,-573.7910314531409,133.03264261667243
5.0203,24.86,44.343,-337.52,-0.61,251.37,176.992,-3.467132,1,5.1273,44.33519699999292,-468.63,2179.9139838310966,251.37,19.91398383109663,-734.2466818029859,128.54398383109663
5.0253,2.603,42.014,-348.602,-0.112,252.77,203.408,-3.467132,0,5.1323,41.97787300000789,-467.22999999999996,2175.707660655218,252.77000000000004,15.707660655218206,-886.8795770192838,122.93766065521817
5.0302999999999995,2.603,39.288,-455.722,-2.113,254.53,248.612,-3.467132,0,5.1373,39.25439099996942,-465.47,2170.6788039521343,254.52999999999997,10.67880395213433,-1061.8160193003607,116.14880395213436
5.035299999999999,2.603,35.903,-535.138,-1.183,256.29,270.461,-3.467132,0,5.1423,36.21103499993255,-463.71,2164.739815265315,256.29,4.739815265314974,-1232.102136395361,108.44981526531495
5.0402,2.603,35.903,-535.138,-1.183,256.29,270.461,-4.282204,1,5.1472,35.636141176076144,-463.71,2158.213005862456,256.29,358.21300586245616,-1384.9882658396114,101.92300586245614
5.0453,-25.654,28.342,-578.54,-0.021,258.4,299.988,-4.282204,0,5.1523,29.01655980377299,-461.59999999999997,2150.277395292894,258.40000000000003,350.2773952928942,-1627.880671666327,91.87739529289416
5.0503,-25.654,28.342,-578.54,-0.021,260.86,368.444,-4.282204,0,5.1573,27.8723409995692,-459.14000000000004,2141.2581566490026,260.85999999999996,341.25815664900256,-1886.9549464946115,80.3981566490026
5.0553,-25.654,19.133,-767.847,-1.266,263.32,389.779,-4.282204,0,5.1623,19.48298599992275,-456.68,2130.626890543459,263.32,330.626890543459,-2242.1077946636196,67.30689054345902
5.0603,-25.654,13.77,-810.326,-0.602,265.78,404.111,-4.604547,1,5.1673,13.766633999996904,-454.2200000000001,2117.9611404214725,265.7799999999999,317.96114042147246,-2649.940632477791,52.18114042147255
5.0653,-55.654,8.341,-802.015,0.137,268.95,460.947,-4.604547,0,5.1723,8.313063000006181,-451.05,2103.7239307384884,268.95,303.72393073848843,-2921.6670713279286,34.773930738488446
5.0703,-55.654,2.605,-893.436,-2.163,268.95,460.947,-4.604547,0,5.1773,2.57358399997103,-451.05,2088.4068793074125,268.95,288.4068793074125,-3117.9530421701156,19.45687930741252
5.0752999999999995,-55.654,-3.747,-963.618,-1.233,272.46,521.06,-4.604547,0,5.1823,-3.745680500000258,-447.54,2072.4691043223343,272.46,272.46910432233426,-3202.6520773728457,0.009104322334280823
5.0813,-55.654,-11.352,-987.628,-0.079,275.98,558.086,-4.888513,1,5.1883,-11.373339499995287,-444.02,2053.5168453077486,275.98,253.51684530774855,-3112.3619221716513,-22.463154692251464
5.0863,-85.654,-17.924,-980.241,0.428,279.84,596.761,-4.888513,0,5.1933,-17.58882799968929,-440.16,2038.6033397897622,279.84,238.60333978976223,-2924.077707194866,-41.236660210237744
5.0912,-85.654,-17.924,-980.241,0.428,283.36,595.16,-4.888513,0,5.1982,-18.561247999910094,-436.64,2024.8656880896115,283.36,224.86568808961147,-2752.292369516741,-58.49431191038855
5.0962,-85.654,-24.562,-1019.025,-1.25,287.58,646.183,-4.888513,0,5.2032,-24.57542800002022,-432.42,2011.9949678917956,287.58,211.99496789179557,-2470.8551849663622,-75.58503210820442
5.1011999999999995,-85.654,-31.573,-1062.427,-0.635,291.09,617.59,-4.031685,1,5.2082,-31.556910037738106,-428.91,2001.3241046249939,291.09,201.32410462499388,-1993.7063361161565,-89.7658953750061
5.1065,-109.654,-38.827,-1077.203,-0.087,294.26,572.688,-4.031685,0,5.2135,-38.87007340803835,-425.74,1992.6745979027871,294.26,192.67459790278713,-1464.1835760826218,-101.58540209721286
5.1113,-109.654,-45.948,-1056.887,0.386,294.26,572.688,-4.031685,0,5.2183,-46.55508754153025,-425.74,1987.5055091453057,294.26,187.50550914530572,-899.2970044762496,-106.75449085469427
5.1163,-109.654,-60.037,-1070.738,-0.286,297.42,553.648,-4.031685,0,5.2233,-59.318460999326895,-422.58,1985.3309910782614,297.42,185.33099107826138,-247.31059837173297,-112.08900892173864
5.1212,-109.654,-60.037,-1070.738,-0.286,300.59,540.835,-2.344766,1,5.2282,-61.362929411575735,-419.41,1985.770909781483,300.59,185.77090978148294,221.70213796110235,-114.81909021851703
5.1263,-127.654,-74.125,-1006.097,0.992,303.4,501.567,-2.344766,0,5.2333,-73.76362599966056,-416.6,1988.788455906237,303.4,188.788455906237,781.6422994669781,-114.61154409376297
5.1312999999999995,-127.654,-80.851,-983.011,0.187,305.51,422.834,-2.344766,0,5.2383,-80.23893400013833,-414.49000000000007,1994.8400633256042,305.50999999999993,194.8400633256042,1345.1001165360212,-110.66993667439573
5.1372,-127.654,-80.851,-983.011,0.187,307.27,360.69,-2.344766,0,5.2442,-82.13975294099185,-412.73,2004.3594629432368,307.27,204.35946294323685,1766.6107762369286,-102.91053705676313
5.1423,-127.654,-94.544,-909.135,1.009,307.27,360.69,0.293447,1,5.2493,-94.1530589996309,-412.73,2015.303711042367,307.27,215.303711042367,2336.8054774565235,-91.96628895763297
5.1472999999999995,-139.654,-100.303,-830.642,1.407,308.32,262.392,0.293447,0,5.2543,-100.26296000000909,-411.67999999999995,2029.0476576583287,308.32000000000005,229.04765765832872,2885.208773512224,-79.27234234167133
5.152299999999999,-139.654,-105.622,-782.623,0.453,309.02,193.152,0.293447,0,5.2593,-105.60853599998721,-410.9800000000001,2044.5349554225302,309.0199999999999,244.53495542253017,3178.23425264969,-64.48504457746975
5.1573,-139.654,-110.677,-735.527,0.751,309.38,127.4,0.293447,0,5.2643,-110.64706100000693,-410.62,2061.0839841355246,309.38,261.0839841355246,3352.356087101616,-48.29601586447541
5.1623,-139.654,-115.403,-690.278,0.884,309.38,63.7,3.320924,1,5.2693,-115.16197399977071,-410.62,2078.0859666930983,309.38,278.08596669309827,3411.2183214994416,-31.294033306901724
5.1673,-145.654,-115.403,-690.278,0.884,309.38,31.85,3.320924,0,5.2743,-115.80089285705175,-410.62,2095.126435141989,309.38,295.1264351419891,3402.1257627296536,-14.253564858010918
5.1722,-145.654,-119.688,-620.096,0.967,309.38,31.85,3.320924,0,5.2792,-119.7958977192544,-410.62,2111.504989579192,309.38,311.50498957919217,3297.3951880887994,2.1249895791921745
5.1773,-145.654,-127.205,-519.44,0.834,308.67,-42.166,3.320924,0,5.2843,-126.83038868636046,-411.3299999999999,2127.246920793896,308.6700000000001,327.24692079389615,2993.3724250705604,18.57692079389608
5.1823,-145.654,-130.458,-473.267,0.893,307.62,-109.713,4.667412,1,5.2893,-130.4400989999829,-412.38,2141.209759676363,307.62,341.20975967636286,2713.2006928866554,33.58975967636286
5.1873,-145.654,-133.36,-416.937,0.901,307.62,-109.713,4.667412,0,5.2943,-133.09591800006078,-412.38,2154.1568072104983,307.62,354.1568072104983,2548.6501487703463,46.536807210498296
5.1922,-145.654,-133.36,-416.937,0.901,306.21,-113.916,4.667412,0,5.2992,-133.52365882378362,-413.79,2166.264692775181,306.21,6.2646927751811745,2433.516700747209,60.054692775181195
5.197299999999999,-145.654,-137.997,-305.2,0.893,303.75,-261.28,4.667412,0,5.3043,-137.74737986280266,-416.25,2178.0751487700595,303.75,18.075148770059513,2261.2717499201135,74.32514877005951
5.2023,-145.654,-139.8,-247.022,0.785,303.75,-261.28,3.905494,1,5.3093,-139.78311899998377,-416.25,2188.769106263562,303.75,28.769106263562207,2091.3308383563785,85.01910626356221
5.2073,-139.654,-141.272,-209.161,0.726,302.34,-242.735,3.905494,0,5.3143,-141.2400590000074,-417.6600000000001,2198.844832119421,302.3399999999999,38.84483211942097,1986.5543052496241,96.50483211942105
5.2123,-139.654,-142.393,-134.362,1.142,300.94,-245.018,3.905494,0,5.3193,-142.33582899994477,-419.06,2208.5011560222124,300.94,48.5011560222124,1910.0925435058482,107.5611560222124
5.2172,-139.654,-142.393,-134.362,1.142,299.18,-266.995,3.905494,0,5.3242,-142.4551176470497,-420.81999999999994,2217.6876205919425,299.18000000000006,57.687620591942505,1861.7652000051603,118.50762059194244
5.2223,-139.654,-143.053,5.079,0.685,297.77,-251.084,3.370596,1,5.3293,-143.01999999996806,-422.23,2227.028744427088,297.77,67.02874442708799,1817.9823306296253,129.258744427088
5.2283,-127.654,-143.053,5.079,0.685,296.02,-267.89,3.370596,0,5.3353,-143.04065799998804,-423.97999999999996,2237.7453152397698,296.02000000000004,77.74531523976975,1771.474521793748,141.7253152397697
5.2333,-127.654,-142.811,35.553,0.303,294.96,-223.657,3.370596,0,5.3403,-142.70656633964705,-425.04,2246.4869233244253,294.96,86.48692332442533,1739.057993376808,151.52692332442535
5.2386,-127.654,-141.338,157.448,0.934,293.55,-228.218,3.370596,0,5.3456,-141.35086580189113,-426.45000000000005,2255.568983396472,293.54999999999995,95.56898339647205,1700.9409146573073,162.0189833964721
5.243399999999999,-127.654,-140.151,189.769,0.776,293.55,-228.218,3.272709,1,5.3504,-140.13623392857644,-426.45000000000005,2263.579656789969,293.54999999999995,103.5796567899688,1654.4710661753586,170.02965678996884
5.2482999999999995,-109.654,-138.767,209.161,0.129,292.5,-201.745,3.272709,0,5.3553,-138.75043748977976,-427.49999999999994,2271.4841381589767,292.50000000000006,111.48413815897675,1593.6722813901813,178.9841381589767
5.253299999999999,-109.654,-137.03,298.736,1.922,291.45,-191.074,3.272709,0,5.3603,-136.98404500001084,-428.55,2279.1693330070684,291.45,119.16933300706842,1511.1060939325828,-172.28066699293157
5.2583,-109.654,-134.788,361.53,1.025,290.04,-213.112,3.272709,0,5.3653,-134.76785499998027,-429.96,2286.352532917482,290.04,126.35253291748222,1400.360851952544,-163.6874670825178
5.2633,-109.654,-132.151,400.315,0.386,289.34,-164.854,3.350035,1,5.3703,-132.3909669999434,-430.66,2292.918130507453,289.34,132.91813050745304,1280.8871587946724,-156.42186949254693
5.2683,-85.654,-132.151,400.315,0.386,289.34,-164.854,3.350035,0,5.3753,-132.01309599986445,-430.66,2299.0008170098627,289.34,139.00081700986266,1188.2263355025723,-150.33918299013732
5.2733,-85.654,-129.447,412.32,0.253,288.28,-167.152,3.350035,0,5.3803,-129.05306100009318,-431.72,2304.4317610629055,288.28,144.43176106290548,1023.9198809153518,-143.8482389370945
5.2783,-85.654,-122.414,597.933,1.075,287.58,-143.584,3.350035,0,5.3853,-122.55970700014359,-432.42,2308.4367154529773,287.58,148.4367154529773,692.716919265543,-139.1432845470227
5.2833,-85.654,-118.238,635.794,0.361,286.52,-158.86,3.350548,1,5.3903,-118.22398600000332,-433.48,2310.63538579878,286.52,150.63538579878013,343.5098804051119,-135.88461420121985
5.2883,-55.654,-113.908,640.412,0.195,285.82,-139.443,3.350548,0,5.3953,-114.12883000021817,-434.18,2311.4593369814593,285.82,151.45933698145927,98.33985666166782,-134.36066301854072
5.2932999999999995,-55.654,-113.908,640.412,0.195,284.77,-157.272,3.350548,0,5.4003,-113.00986568648811,-435.23,2311.2593588520176,284.77,151.2593588520176,-112.76500471247448,-133.51064114798237
5.2984,-55.654,-103.841,828.795,1.474,284.06,-137.564,3.350548,0,5.4054,-104.47265490238877,-435.94000000000005,2309.5270816528614,284.05999999999995,149.5270816528614,-443.7567277514425,-134.53291834713855
5.3033,-55.654,-103.841,828.795,1.474,284.06,-137.564,3.12695,1,5.4103,-102.7689290002561,-435.94000000000005,2306.185246226008,284.05999999999995,146.18524622600808,-785.0783881005553,-137.87475377399187
5.3083,-25.654,-92.06,872.197,-0.179,283.01,-153.821,3.12695,0,5.4153,-92.35912350029768,-436.99,2300.723681895082,283.01,140.72368189508188,-1249.1418569063867,-142.2863181049181
5.314299999999999,-25.654,-84.961,958.078,1.889,282.3,-137.391,3.12695,0,5.4213,-84.9219254999612,-437.7,2290.5843735328363,282.3,130.58437353283625,-1879.7239655511996,-151.71562646716376
5.3193,-25.654,-78.279,1022.719,0.876,281.25,-156.076,3.12695,0,5.4263,-78.25907100000467,-438.74999999999994,2279.9126126754472,281.25000000000006,119.91261267544724,-2234.07632762741,-161.33738732455282
5.3243,-25.654,-71.378,1037.494,0.179,280.2,-164.221,2.159198,1,5.4313,-71.3801930000022,-439.8,2267.713909237347,280.2,107.7139092373468,-2522.146663034891,-172.4860907626532
5.3293,4.346,-64.52,1025.49,-0.394,278.79,-199.066,2.159198,0,5.4363,-65.14407799984983,-441.21,2254.499389367658,278.79,94.49938936765784,-2674.582033682493,175.70938936765782
5.3343,4.346,-64.52,1025.49,-0.394,278.79,-199.066,2.159198,0,5.4413,-64.16692699964601,-441.21,2240.97880949355,278.79,80.97880949355022,-2710.3834849543064,162.1888094935502
5.3393,4.346,-57.597,1054.116,1.333,278.09,-157.945,2.159198,0,5.4463,-56.89693700016887,-441.91,2227.6794772208973,278.09,67.6794772208973,-2610.470427663504,149.58947722089732
5.3443,4.346,-42.981,1091.978,0.046,277.03,-169.875,0.562964,1,5.4513,-43.35836600037929,-442.97,2216.018358213881,277.03,56.01835821388113,-2182.1679422334587,138.98835821388116
5.3503,28.346,-34.321,1061.504,-0.552,276.33,-143.04,0.562964,0,5.4573,-34.68905000037078,-443.67,2205.19802187632,276.33,45.19802187632013,-1666.278251114347,128.86802187632014
5.3553,28.346,-34.321,1061.504,-0.552,275.62,-130.292,0.562964,0,5.4623,-33.03489700031173,-444.38,2197.646955898102,275.62,37.64695589810208,-1423.6255269020062,122.02695589810207
5.3603,28.346,-20.188,1064.274,0.162,274.92,-123.462,0.562964,0,5.4673,-20.55010000036569,-445.08000000000004,2192.218249439033,274.91999999999996,32.218249439033116,-904.9692153028193,117.29824943903316
5.3652999999999995,28.346,-13.155,1040.265,-0.345,274.57,-90.921,-0.842626,1,5.4723,-13.795002999844497,-445.42999999999995,2189.8091161036864,274.57000000000005,29.809116103686392,-356.3733618688192,115.23911610368634
5.370299999999999,46.346,-13.155,1040.265,-0.345,274.57,-90.921,-0.842626,0,5.4773,-12.48128999931809,-445.42999999999995,2189.0034539028516,274.57000000000005,29.00345390285156,-63.96011138949742,114.43345390285151
5.3753,46.346,0.055,966.389,-0.137,274.22,-73.829,-0.842626,0,5.4823,-0.5710799998469334,-445.78,2190.3749350285416,274.22,30.374935028541586,438.7881420525175,116.15493502854156
5.3803,46.346,6.385,938.685,-0.245,273.87,-66.549,-0.842626,0,5.4873,6.374901999989728,-446.13,2194.6042184082353,273.87,34.60421840823528,1006.1921197153588,120.73421840823528
5.3853,46.346,12.517,900.824,-0.56,273.87,-33.274,-1.71461,1,5.4923,12.479053000009287,-446.13,2200.965543258008,273.87,40.96554325800798,1375.2007223454852,127.09554325800798
5.3903,58.346,18.232,829.718,-1.216,273.87,-16.637,-1.71461,0,5.4973,17.940534999702805,-446.13,2208.7916564892516,273.87,48.791656489251636,1630.1298244434072,134.92165648925163
5.3953,58.346,18.232,829.718,-1.216,274.57,50.078,-1.71461,0,5.5023,19.165374509574992,-445.42999999999995,2217.4242505608463,274.57000000000005,57.4242505608463,1772.4232337798617,142.85425056084625
5.400399999999999,58.346,28.694,753.996,-0.544,275.27,83.063,-1.71461,0,5.5074,28.350507722849542,-444.73,2227.178516924812,275.27,67.1785169248119,1980.4069681002907,151.90851692481192
5.4052999999999995,58.346,33.486,705.053,-0.984,275.27,83.063,-2.061385,1,5.5123,33.43696957144064,-444.73,2237.48454984561,275.27,77.48454984561022,2136.3622593559953,162.21454984561024
5.410299999999999,64.346,37.837,629.33,-1.216,276.33,128.938,-2.061385,0,5.5173,37.615098999772655,-443.67,2248.265277356739,276.33,88.2652773567388,2155.270362529173,171.93527735673882
5.4153,64.346,37.837,629.33,-1.216,277.38,151.991,-2.061385,0,5.5223,38.537062999827036,-442.62,2258.9007013652163,277.38,98.90070136521626,2111.099002622419,-178.47929863478373
5.4203,64.346,45.53,536.062,-0.585,279.14,221.137,-2.061385,0,5.5273,45.30804799977152,-440.86,2269.106444182141,279.14,109.10644418214088,2001.0143684058628,-170.0335558178591
5.4253,64.346,48.871,473.267,-0.702,280.55,229.301,-0.852506,1,5.5323,48.823664833345084,-439.45,2278.4927954878963,280.55,118.49279548789627,1828.2401977957445,-162.05720451210374
5.431299999999999,64.346,52.256,408.626,-0.726,282.3,261.764,-0.852506,0,5.5383,51.99930416673022,-437.7,2288.8226280711883,282.3,128.82262807118832,1676.0004599057338,-153.4773719288117
5.4363,64.346,52.256,408.626,-0.726,282.3,261.764,-0.852506,0,5.5433,52.490294000242336,-437.7,2296.851410202336,282.3,136.85141020233596,1570.640218710321,-145.44858979766406
5.4413,64.346,56.85,294.118,-1.0,284.77,331.533,-0.852506,0,5.5483,56.59392600006372,-435.23,2304.1471357502423,284.77,144.14713575024234,1406.7676440505325,-140.62286424975764
5.4463,64.346,58.63,249.793,-0.519,287.58,404.782,0.251347,1,5.5533,58.61322099998261,-432.42,2310.5495596973765,287.58,150.54955969737648,1230.852658668789,-137.0304403026235
5.4513,58.346,60.081,199.927,-0.735,290.39,435.523,0.251347,0,5.5583,60.044964000008996,-429.60999999999996,2316.3040357644113,290.39000000000004,156.3040357644113,1120.7382950064066,-134.08596423558873
5.4563,58.346,61.136,134.362,-1.324,293.91,511.705,0.251347,0,5.5633,61.082194999944086,-426.09,2321.6210751670415,293.91,161.62107516704145,1042.1589947022185,-132.28892483295857
5.4613,58.346,61.136,134.362,-1.324,297.77,575.738,0.251347,0,5.5683,61.187960999987006,-422.23,2326.679756390257,297.77,166.6797563902569,1001.2471268266644,-131.09024360974308
5.4662999999999995,58.346,61.707,-20.778,-0.527,297.77,575.738,0.182117,1,5.5733,61.66665899995798,-422.23,2331.5947704357154,297.77,171.59477043571542,976.0037570711697,-126.17522956428456
5.471299999999999,46.346,61.487,-41.093,-0.253,301.99,619.011,0.182117,0,5.5783,61.45706100000751,-418.01,2336.4446009122516,301.99,176.44460091225164,971.34440784052,-125.54539908774836
5.4763,46.346,60.938,-108.505,-1.291,306.21,692.958,0.182117,0,5.5833,60.9659990000293,-413.79,2341.369265874497,306.21,181.36926587449716,991.2828462761335,-124.84073412550282
5.4813,46.346,60.938,-108.505,-1.291,311.48,782.324,0.182117,0,5.5883,60.74198600004935,-408.52,2346.4384377955116,311.48,186.43843779551162,1028.3100204782727,-125.0415622044884
5.4863,46.346,58.784,-186.998,-0.394,317.11,863.697,0.398562,1,5.5933,58.82434100004232,-402.89,2351.868617613668,317.11,191.868617613668,1116.59179157541,-125.24138238633202
5.4913,28.346,57.421,-210.085,-0.386,323.09,919.488,0.398562,0,5.5983,57.385055000009075,-396.90999999999997,2357.8701544807755,323.09000000000003,197.87015448077545,1234.1339642143432,-125.21984551922458
5.4963,28.346,55.663,-303.353,-1.573,323.09,919.488,0.398562,0,5.6033,55.75265800009426,-396.90999999999997,2364.387838216163,323.09000000000003,204.3878382161629,1330.6289546087944,-118.70216178383714
5.5013,28.346,55.663,-303.353,-1.573,329.06,952.113,0.398562,0,5.6083,55.21091200011434,-390.94,2371.3667826556602,329.06,211.36678265566024,1431.5776477372428,-117.69321734433976
5.5062999999999995,28.346,50.695,-411.396,-0.61,336.09,1068.285,0.627523,1,5.6133,50.806027000117,-383.9100000000001,2379.1505293529494,336.0899999999999,219.15052935294943,1620.5802283449652,-116.93947064705048
5.511299999999999,12.55,47.904,-419.707,-0.137,343.12,1121.053,0.627523,0,5.6183,47.88197800000564,-376.87999999999994,2388.042917833043,343.12000000000006,228.0429178330428,1836.9239770404217,-115.07708216695727
5.5163,12.55,44.871,-475.114,-1.108,350.51,1178.35,0.627523,0,5.6233,44.85755299998573,-369.49,2397.8087009857563,350.51,237.80870098575633,2002.7220587197603,-112.70129901424366
5.5222999999999995,12.55,40.915,-532.368,-0.619,357.19,1153.74,0.627523,0,5.6293,40.90039699998456,-362.80999999999995,2410.528239435097,357.19000000000005,250.52823943509702,2174.4292070560937,-106.66176056490303
5.527299999999999,12.55,37.332,-537.909,-0.245,5.27,1252.187,0.510674,1,5.6343,37.34231868627192,-354.73,2421.7865095498323,5.269999999999982,261.7865095498323,2278.8738937730022,-103.48349045016766
5.5324,2.754,33.793,-524.057,0.004,5.27,1252.187,0.510674,0,5.6394,33.78400184072974,-354.73,2433.623584891689,5.269999999999982,273.623584891689,2334.2214452925546,-91.64641510831098
5.5373,2.754,30.255,-534.215,-0.511,13.01,1253.973,0.510674,0,5.6443,30.257475571427925,-346.98999999999995,2445.072798028998,13.010000000000048,285.072798028998,2332.011246603474,-87.93720197100203
5.5423,2.754,26.672,-536.985,-0.245,20.74,1288.549,0.510674,0,5.6493,26.67536600000359,-339.26000000000005,2456.554432125054,20.739999999999952,296.55443212505406,2275.185157363911,-84.18556787494589
5.5473,2.754,23.155,-525.904,0.004,28.83,1319.009,-0.331336,1,5.6543,23.17101599999589,-331.16999999999996,2467.571848163825,28.83000000000004,307.57184816382505,2169.7359059269475,-81.25815183617499
5.5523,-6.627,19.814,-493.583,0.286,36.56,1302.719,-0.331336,0,5.6593,19.984391000182054,-323.44,2478.02073361097,36.56,318.0207336109702,2058.774429660894,-78.53926638902982
5.5573,-6.627,19.814,-493.583,0.286,43.95,1258.549,-0.331336,0,5.6643,19.237970000148053,-316.04999999999995,2487.985634173751,43.950000000000045,327.9856341737509,1956.5101178992727,-75.96436582624915
5.5623,-6.627,13.484,-462.186,-0.145,43.95,1258.549,-0.331336,0,5.6693,13.806830000345705,-316.04999999999995,2497.1636289307626,43.950000000000045,337.16362893076257,1778.3742286974782,-66.78637106923748
5.5672999999999995,-6.627,13.484,-462.186,-0.145,51.68,1266.817,-1.152698,1,5.6743,12.948010000138076,-308.32,2505.3748932021867,51.68000000000001,345.37489320218674,1586.347136817766,-66.30510679781327
5.572299999999999,-22.008,7.594,-418.784,0.436,59.06,1243.204,-1.152698,0,5.6793,7.89439000032241,-300.94,2512.646638606851,59.06,352.64663860685096,1395.2052252784786,-66.41336139314905
5.5773,-22.008,7.594,-418.784,0.436,65.74,1189.416,-1.152698,0,5.6843,7.069931000135622,-294.26000000000005,2518.9365810091913,65.73999999999995,358.9365810091913,1201.5397146907058,-66.80341899080867
5.5823,-22.008,1.835,-451.105,-0.303,72.77,1188.403,-1.152698,0,5.6893,2.1287090003166704,-287.23,2524.278836993691,72.76999999999998,4.2788369936911295,1009.2481193947252,-68.49116300630885
5.5873,-22.008,1.835,-451.105,-0.303,79.1,1109.949,-2.511811,1,5.6943,1.2769880001447307,-280.90000000000003,2528.6361570198324,79.09999999999997,8.636157019832353,813.654877272943,-70.46384298016761
5.5923,-43.389,-4.297,-445.564,0.187,79.1,1109.949,-2.511811,0,5.6993,-4.143982999834638,-280.90000000000003,2531.9191007686777,79.09999999999997,11.919100768677708,578.2063611886284,-67.18089923132226
5.5983,-43.389,-8.055,-520.363,-1.274,85.78,1106.028,-2.511811,0,5.7053,-8.081384000028583,-274.21999999999997,2534.049169404907,85.78000000000003,14.049169404906934,252.8106158599949,-71.7308305950931
5.6033,-43.389,-11.704,-569.306,-0.685,92.11,1088.623,-2.511811,0,5.7103,-11.371941000086515,-267.89,2534.6098079653943,92.11000000000001,14.609807965394339,63.54111170442112,-77.50019203460567
5.6083,-43.389,-11.704,-569.306,-0.685,98.09,1045.584,-4.725996,1,5.7153,-12.09970900042954,-261.91,2534.3777444554853,98.08999999999997,14.3777444554853,-103.94694160753241,-83.71225554451468
5.6133,-70.77,-19.463,-583.158,-0.112,103.71,995.174,-4.725996,0,5.7203,-18.756931000184373,-256.28999999999996,2532.9997259276047,103.71000000000004,12.999725927604686,-347.52519835923965,-90.71027407239535
5.6183,-70.77,-19.463,-583.158,-0.112,108.63,902.002,-4.725996,0,5.7253,-19.677098000232924,-251.37,2530.496481777776,108.63,10.496481777775898,-560.1013350457233,-98.1335182222241
5.6232999999999995,-70.77,-23.661,-675.503,-2.072,113.55,858.37,-4.725996,0,5.7303,-24.176969999864966,-246.45,2526.9332743931595,113.55000000000001,6.933274393159536,-803.015918132309,-106.61672560684048
5.628299999999999,-70.77,-33.529,-768.771,-0.536,113.55,858.37,-5.38511,1,5.7353,-33.286953999736035,-246.45,2521.393746806503,113.55000000000001,1.3937468065028042,-1252.2300138380704,-112.15625319349721
5.6333,-100.77,-38.651,-766.0,0.095,117.77,760.597,-5.38511,0,5.7403,-38.680938999992215,-242.23000000000002,2513.508460123904,117.76999999999998,353.5084601239041,-1698.9407789552204,-124.26153987609587
5.6383,-100.77,-44.102,-852.805,-2.03,120.59,637.035,-5.38511,0,5.7453,-44.13224300003313,-239.41000000000003,2503.738479395167,120.58999999999997,343.7384793951669,-2067.7303389003705,-136.85152060483307
5.6433,-100.77,-50.146,-922.987,-1.241,123.4,552.899,-5.38511,0,5.7503,-50.170023999993674,-236.6,2492.0322594422832,123.4,332.03225944228325,-2455.6811381483553,-151.36774055771673
5.6483,-100.77,-56.454,-952.537,-0.486,125.51,452.21,-5.027219,1,5.7553,-56.456244000002464,-234.49,2478.41554198906,125.50999999999999,318.4155419890599,-2839.5614913898094,-167.09445801094012
5.6533,-124.77,-62.806,-946.073,0.054,126.56,311.863,-5.027219,0,5.7603,-62.814007999997884,-233.43999999999997,2463.0297688640526,126.56000000000003,303.0297688640526,-3166.654566513412,176.46976886405253
5.6583,-124.77,-69.246,-985.781,-1.125,126.56,311.863,-5.027219,0,5.7653,-69.25722000001234,-233.43999999999997,2446.3823768138755,126.56000000000003,286.38237681387545,-3389.408807392342,159.8223768138754
5.6633,-124.77,-75.906,-1008.867,-0.594,126.91,184.673,-5.027219,0,5.7703,-75.91992299999633,-233.08999999999997,2429.119021284879,126.91000000000003,269.1190212848792,-3461.873741335351,142.20902128487916
5.6682999999999995,-124.77,-82.719,-1010.714,-0.037,126.91,92.337,-4.170812,1,5.7753,-82.71119699999133,-233.08999999999997,2412.0890420937235,126.91000000000003,252.0890420937235,-3363.9233458121803,125.17904209372347
5.6733,-142.77,-89.379,-972.853,0.502,125.51,-69.51,-4.170812,0,5.7803,-89.36498600000382,-234.49,2396.1331343062184,125.50999999999999,236.13313430621838,-3106.4101031909504,110.62313430621839
5.6783,-142.77,-95.885,-960.848,-0.245,123.75,-184.578,-4.170812,0,5.7853,-95.88051199999502,-236.25000000000003,2381.8306032393325,123.74999999999997,221.8306032393325,-2742.849366510102,98.0806032393325
5.6833,-142.77,-102.303,-948.843,0.162,120.94,-324.618,-4.170812,0,5.7903,-102.25897116667844,-239.06,2369.592241471687,120.94,209.59224147168698,-2323.344447582458,88.65224147168698
5.689299999999999,-142.77,-109.424,-906.365,0.552,117.77,-428.445,-1.745067,1,5.7963,-109.3958212254976,-242.23000000000002,2357.695676456902,117.76999999999998,197.69567645690222,-1814.7391875541402,79.92567645690224
5.6944,-154.77,-115.161,-836.183,1.191,113.91,-533.925,-1.745067,0,5.8014,-115.15126810723554,-246.09,2349.8927548441206,113.91,189.89275484412065,-1404.7735292395005,75.98275484412065
5.6993,-154.77,-120.524,-790.01,0.552,113.91,-533.925,-1.745067,0,5.8063,-120.49201814286572,-246.09,2344.3078798909014,113.91,184.3078798909014,-1033.88766692931,70.39787989090141
5.7043,-154.77,-125.645,-746.608,0.552,109.69,-615.889,-1.745067,0,5.8113,-125.38382899970885,-250.30999999999997,2340.226641046919,109.69000000000003,180.2266410469192,-735.5915405683013,70.53664104691919
5.7093,-154.77,-125.645,-746.608,0.552,105.12,-689.209,-1.434371,1,5.8163,-126.47501099977742,-254.88000000000002,2337.2789050249967,105.11999999999998,177.27890502499667,-519.0385584331077,72.1589050249967
5.7143,-160.77,-134.766,-621.019,1.191,100.55,-721.372,-1.434371,0,5.8213,-134.30082899948033,-259.45,2335.686580605982,100.55000000000001,175.68658060598182,-227.50323001927867,75.1365806059818
5.7193,-160.77,-134.766,-621.019,1.191,95.98,-750.921,-1.434371,0,5.8263,-135.45204899981562,-264.02,2335.546473102604,95.98000000000002,175.54647310260407,49.45177807032003,79.56647310260405
5.7242999999999995,-160.77,-142.305,-528.674,0.569,95.98,-750.921,-1.434371,0,5.8313,-142.08426099975284,-264.02,2336.7324996542834,95.98000000000002,176.7324996542834,328.69532658185204,80.75249965428338
5.7294,-160.77,-145.58,-469.574,0.635,90.35,-836.464,-2.627842,1,5.8364,-145.3102941177522,-269.65000000000003,2339.4645963408534,90.34999999999997,179.4645963408534,600.7960656561104,89.11459634085344
5.7343,-160.77,-145.58,-469.574,0.635,84.73,-879.685,-2.627842,0,5.8413,-145.72795100016637,-275.27,2342.790035686911,84.73000000000002,182.79003568691087,708.3602331501762,98.06003568691085
5.7393,-160.77,-148.481,-413.243,0.826,79.1,-923.705,-2.627842,0,5.8463,-148.64106899995667,-280.90000000000003,2346.807816011662,79.09999999999997,186.807816011662,857.6166367160655,107.70781601166203
5.7443,-160.77,-153.141,-303.353,0.834,72.77,-989.975,-2.627842,0,5.8513,-152.90333999973217,-287.23,2351.8755899096177,72.76999999999998,191.8755899096177,1077.6315323635138,119.10558990961772
5.7493,-160.77,-153.141,-303.353,0.834,66.45,-1021.67,-4.867441,1,5.8563,-153.30498199995554,-293.55,2357.7645192115856,66.44999999999999,197.7645192115856,1209.5092588515852,131.3145192115856
5.7543,-154.77,-154.943,-251.64,0.71,66.45,-1021.67,-4.867441,0,5.8613,-154.98339200004563,-293.55,2364.1341340063364,66.44999999999999,204.13413400633635,1308.119827238617,137.68413400633636
5.7593,-154.77,-157.537,-144.52,1.291,59.41,-1077.278,-4.867441,0,5.8663,-157.30094600006413,-300.59,2371.153395083776,59.410000000000025,211.1533950837761,1438.456782399613,151.74339508377608
5.7642999999999995,-154.77,-157.537,-144.52,1.291,52.38,-1144.609,-4.867441,0,5.8713,-157.5717310000393,-307.62,2378.6279543613396,52.379999999999995,218.62795436133956,1514.4816687207338,166.24795436133957
5.769299999999999,-154.77,-158.218,8.773,0.619,44.3,-1237.261,-6.084851,1,5.8763,-158.13767733335519,-315.70000000000005,2386.3390219906332,44.299999999999955,226.33902199063323,1553.0912635296122,-177.96097800936673
5.7753,-142.77,-157.976,42.017,0.353,36.21,-1302.39,-6.084851,0,5.8823,-157.99435166666166,-323.79,2395.8150714662943,36.20999999999998,235.81507146629428,1590.7972370824605,-160.3949285337057
5.7802999999999995,-142.77,-157.976,42.017,0.353,27.42,-1375.722,-6.084851,0,5.8873,-157.90092799991467,-332.58,2403.836112743072,27.420000000000016,243.83611274307214,1608.6501397990696,-143.58388725692788
5.785299999999999,-142.77,-156.504,155.601,0.942,18.63,-1423.893,-6.084851,0,5.8923,-156.63795199996338,-341.37,2411.9164628407675,18.629999999999995,251.9164628407675,1619.8024052554074,-126.71353715923249
5.7903,-142.77,-156.504,155.601,0.942,18.63,-1423.893,-6.101163,1,5.8973,-156.37394999985153,-341.37,2420.0704934824307,18.629999999999995,260.0704934824307,1635.9118069316064,-118.55950651756928
5.7953,-124.77,-153.954,210.085,0.453,9.14,-1446.234,-6.101163,0,5.9023,-154.02807399997965,-350.86,2428.321134137414,9.139999999999986,268.321134137414,1656.8286432433622,-100.818865862586
5.8003,-124.77,-152.218,294.118,1.557,359.65,-1574.24,-6.101163,0,5.9073,-152.18882799996663,-360.35,2436.7184496175773,359.65,276.71844961757733,1691.270224777302,-82.93155038242264
5.8053,-124.77,-149.91,366.147,1.225,349.45,-1636.194,-6.101163,0,5.9123,-149.88406500000713,-370.55,2445.356132138951,349.45,285.3561321389511,1744.6697975444115,-64.09386786104886
5.8103,-124.77,-147.317,404.932,0.76,338.91,-1697.132,-5.837813,1,5.9173,-147.31021699999224,-381.09,2454.3351396087005,338.91,294.3351396087005,1820.9205146290917,-44.574860391299524
5.8153,-112.77,-144.591,407.702,0.262,328.36,-1722.633,-5.837813,0,5.9223,-144.57307300000497,-391.64,2463.7888166511466,328.36,303.7888166511466,1922.0618025643591,-24.571183348853424
5.8203,-112.77,-141.668,457.569,0.884,328.36,-1722.633,-5.837813,0,5.9273,-141.65453599998452,-391.64,2473.82933856794,328.36,313.8293385679399,2049.191417865561,-14.530661432060128
5.8252999999999995,-112.77,-138.481,486.196,0.436,318.52,-1677.925,-5.837813,0,5.9323,-138.4709900000028,-401.48,2484.6191741991693,318.52,324.61917419916927,2205.763267841707,6.099174199169283
5.830299999999999,-112.77,-135.184,491.736,0.079,307.27,-1799.02,-5.23082,1,5.9373,-135.18624400000263,-412.73,2496.2723556666315,307.27,336.2723556666315,2388.4415635536975,29.0023556666315
5.8353,-104.616,-131.931,475.114,-0.237,296.37,-1803.959,-5.23082,0,5.9423,-132.2270229999178,-423.63000000000005,2508.8442798741235,296.36999999999995,348.84427987412346,2558.7218674842125,52.47427987412351
5.8403,-104.616,-131.931,475.114,-0.237,285.47,-1809.253,-5.23082,0,5.9473,-131.76734099981078,-434.53,2522.028736303019,285.47,2.0287363030188317,2669.652117481064,76.5587363030188
5.8453,-104.616,-128.722,479.731,0.087,274.57,-1799.579,-5.23082,0,5.9523,-128.4339850000801,-445.42999999999995,2535.0232345351155,274.57000000000005,15.023234535115535,2394.9237935018223,100.45323453511548
5.8503,-104.616,-122.348,457.569,-0.336,274.57,-1799.579,-4.507019,1,5.9573,-122.51951300019873,-445.42999999999995,2546.8268199183376,274.57000000000005,26.826819918337605,2454.0486066293493,112.25681991833756
5.8553,-90.463,-119.337,436.329,-0.56,264.02,-1723.454,-4.507019,0,5.9623,-119.35101399999608,-455.98,2559.994080364938,264.02,39.99408036493787,2692.9496041413545,135.9740803649379
5.8603,-90.463,-116.48,431.712,0.577,254.18,-1741.56,-4.507019,0,5.9673,-116.62570700016917,-465.82000000000005,2573.86740763842,254.17999999999995,53.86740763841999,2799.716752696821,159.68740763842004
5.8663,-90.463,-116.48,431.712,0.577,245.74,-1587.76,-4.507019,0,5.9733,-116.14931599961525,-474.25999999999993,2590.8849412886166,245.74000000000007,70.88494128861657,2857.536184696438,-174.8550587113835
5.8713,-90.463,-109.996,448.334,0.179,236.25,-1585.418,-3.518402,1,5.9783,-110.3179579999099,-483.75,2605.3262710035538,236.25,85.32627100355376,2896.029990257615,-150.92372899644624
5.8763,-70.368,-107.05,434.483,-0.029,227.11,-1552.56,-3.518402,0,5.9833,-107.04331899999221,-492.88999999999993,2619.723524360345,227.11000000000007,99.72352436034498,2864.0977268981164,-127.38647563965509
5.8812999999999995,-70.368,-103.973,481.578,1.333,218.32,-1508.648,-3.518402,0,5.9883,-103.947086411772,-501.67999999999995,2633.732924348369,218.32000000000005,113.73292434836912,2770.629916363815,-104.58707565163093
5.8864,-70.368,-100.544,526.827,0.851,218.32,-1508.648,-3.518402,0,5.9934,-100.52091620646412,-501.67999999999995,2647.343712125698,218.32000000000005,127.34371212569795,2617.1302681297448,-90.9762878743021
5.8913,-70.368,-96.896,550.837,0.486,210.23,-1406.265,-0.712149,1,5.9983,-96.90268385714096,-509.77,2659.4854215757355,210.23000000000002,139.48542157573547,2416.6755719127127,-70.74457842426455
5.8963,-44.274,-93.247,551.76,0.029,202.85,-1315.516,-0.712149,0,6.0033,-93.43309900021835,-517.15,2670.8545577182645,202.85000000000002,150.85455771826446,2217.9224384871477,-51.99544228173556
5.9013,-44.274,-93.247,551.76,0.029,195.47,-1289.308,-0.712149,0,6.0083,-92.8870040001016,-524.53,2681.4643391275895,195.47000000000003,161.46433912758948,2082.1443418654,-34.005660872410544
5.9063,-44.274,-89.291,633.947,1.839,188.79,-1194.3,-0.712149,0,6.0133,-89.01075499967052,-531.21,2691.113042839787,188.78999999999996,171.11304283978689,1834.7340624514345,-17.676957160213078
5.9113,-44.274,-79.84,730.909,0.469,183.52,-1047.791,1.04429,1,6.0183,-80.7000409997568,-536.48,2698.791730834021,183.51999999999998,178.7917308340211,1423.967470655203,-4.7282691659788725
5.9163,-14.274,-79.84,730.909,0.469,183.52,-1047.791,1.04429,0,6.0233,-79.3299489993991,-536.48,2704.7845916631836,183.51999999999998,184.78459166318362,1100.197489488238,1.2645916631836371
5.9213,-14.274,-69.839,814.943,2.229,177.54,-1008.796,1.04429,0,6.0283,-70.21910699989229,-542.4599999999999,2709.010485185427,177.54000000000008,189.01048518542711,724.8632952216956,11.470485185427037
5.9262999999999995,-14.274,-64.015,894.36,1.291,171.56,-1016.793,1.04429,0,6.0333,-63.99816999998013,-548.4399999999999,2711.103871189913,171.56000000000006,191.1038711899132,290.00949807238567,19.543871189913148
5.931299999999999,-14.274,-57.861,930.374,0.444,166.64,-918.176,3.218072,1,6.0383,-57.85490300000183,-553.36,2711.258361134909,166.64,191.25836113490914,-75.85762992650965,24.61836113490915
5.9363,15.726,-51.64,922.987,-0.203,161.37,-892.338,3.218072,0,6.0433,-51.95727100037605,-558.63,2709.747336665315,161.37,189.74733666531483,-388.5260221294721,28.37733666531483
5.9413,15.726,-51.64,922.987,-0.203,155.74,-910.096,3.218072,0,6.0483,-51.05004700016821,-564.26,2707.0967826102083,155.74,187.09678261020827,-588.0722719537665,31.356782610208256
5.9463,15.726,-45.157,981.164,1.598,155.74,-910.096,3.218072,0,6.0533,-45.197103000047655,-564.26,2703.2920985078295,155.74,183.29209850782945,-853.7179913417483,27.55209850782944
5.9523,15.726,-38.321,1047.652,0.942,150.12,-915.073,5.214564,1,6.0593,-37.835819999422455,-569.88,2695.90725124161,150.12,175.90725124161008,-1463.8450056856439,25.78725124161008
5.9573,45.726,-23.111,1033.801,-0.527,144.84,-884.056,5.214564,0,6.0643,-24.49510999960372,-575.1600000000001,2686.1390801971115,144.83999999999992,166.13908019711153,-2139.8046114352237,21.299080197111607
5.9623,45.726,-23.111,1033.801,-0.527,138.16,-1044.006,5.214564,0,6.0693,-22.754560999574853,-581.84,2673.790142900806,138.15999999999997,153.79014290080613,-2587.811175683907,15.630142900806163
5.9673,45.726,-16.122,1066.121,1.042,130.43,-1166.298,5.214564,0,6.0743,-15.427943000199118,-589.57,2659.5621356524384,130.42999999999995,139.56213565243843,-2997.013729735637,9.132135652438478
5.9723,45.726,-1.506,1101.212,0.046,122.34,-1257.169,6.541098,1,6.0793,-1.8825840004500962,-597.66,2642.1753329667713,122.34000000000003,122.1753329667713,-3687.8036480598194,-0.16466703322873855
5.9773,75.726,5.726,1078.126,-0.461,113.55,-1345.963,6.541098,0,6.0843,5.723907000000602,-606.45,2622.025212716338,113.54999999999995,102.02521271633805,-4126.956551135481,-11.524787283661908
5.9822999999999995,75.726,12.935,1097.518,1.084,113.55,-1345.963,6.541098,0,6.0893,12.567340999559676,-606.45,2600.9697425094673,113.54999999999995,80.96974250946732,-4225.2891544106515,-32.58025749053263
5.987299999999999,75.726,12.935,1097.518,1.084,105.12,-1373.88,6.541098,0,6.0943,13.61304099980456,-614.88,2579.974088606486,105.12,59.97408860648602,-4178.157450514598,-45.145911393513984
5.9923,75.726,20.386,1120.605,0.403,94.57,-1588.523,5.519021,1,6.0993,20.768245000459725,-625.43,2559.9214039514695,94.57000000000005,39.92140395146953,-3885.925449326785,-54.64859604853052
5.9973,105.726,35.332,1086.437,-0.569,84.02,-1671.878,5.519021,0,6.1043,34.64194700019959,-635.98,2543.1518244519784,84.01999999999998,23.151824451978428,-3120.218593545036,-60.868175548021554
6.0023,105.726,42.695,1115.064,0.818,73.83,-1684.764,5.519021,0,6.1093,42.70397600001082,-646.17,2530.105147099723,73.83000000000004,10.105147099723126,-2407.0423682773317,-63.724852900276915
6.0073,105.726,50.234,1138.15,0.336,63.28,-1716.47,5.519021,0,6.1143,50.24000599999826,-656.7199999999999,2519.91069065328,63.280000000000086,359.9106906532802,-1890.2170776387113,-63.36930934671989
6.0123,105.726,57.839,1133.533,-0.104,63.28,-1716.47,4.085009,1,6.1193,57.83114599999052,-656.7199999999999,2512.17883573966,63.280000000000086,352.1788357396599,-1395.9171287258605,-71.10116426034017
6.0173,129.726,65.29,1103.983,-0.776,53.09,-1667.926,4.085009,0,6.1243,64.61195900019692,-666.91,2506.6826691553147,53.09000000000003,346.68266915531467,-999.2460383966613,-66.40733084468536
6.0222999999999995,129.726,65.29,1103.983,-0.776,43.59,-1671.245,4.085009,0,6.1293,66.0443920009127,-676.41,2502.7255259110125,43.59000000000003,342.7255259110125,-686.5738439958495,-60.86447408898755
6.027299999999999,129.726,80.082,1099.365,-0.012,34.8,-1559.019,4.085009,0,6.1343,79.39795300019894,-685.2,2500.9194527905724,34.799999999999955,340.91945279057245,-211.33143756844123,-53.880547209427505
6.0323,129.726,87.357,1069.815,-0.619,26.37,-1482.725,1.590443,1,6.1393,87.34353599998371,-693.63,2501.6971214330006,26.370000000000005,341.6971214330006,307.5051337696504,-44.67287856699943
6.0373,147.726,94.368,1020.872,-1.167,18.63,-1374.644,1.590443,0,6.1443,94.31672150001503,-701.37,2504.6950945304907,18.629999999999995,344.6950945304907,717.7357953193371,-33.93490546950932
6.0432999999999995,147.726,102.105,984.858,-0.037,11.25,-1322.899,1.590443,0,6.1503,102.08497553922142,-708.75,2509.277061738838,11.25,349.2770617388378,615.3552943589839,-21.9729382611622
6.0484,147.726,108.457,947.92,-0.394,11.25,-1322.899,1.590443,0,6.1554,108.05844313692313,-708.75,2511.262566528826,11.25,351.262566528826,306.83918547550456,-19.987433471173972
6.0533,147.726,108.457,947.92,-0.394,4.57,-1203.04,-0.617646,1,6.1603,109.53307499968435,-715.43,2512.1604977918873,4.57000000000005,352.16049779188734,141.0897284603887,-12.409502208112713
6.0583,159.726,120.282,823.254,-1.349,357.89,-1164.664,-0.617646,0,6.1653,119.67892499926303,-722.11,2512.4898256920874,357.89,352.4898256920874,37.972322936249405,-5.400174307912607
6.0633,159.726,120.282,823.254,-1.349,351.91,-1081.592,-0.617646,0,6.1703,121.2200279997243,-728.0899999999999,2512.56558824394,351.9100000000001,352.56558824394006,9.53863777781789,0.6555882439399738
6.0683,159.726,130.59,739.22,-0.71,346.29,-1008.381,-0.617646,0,6.1753,130.06429199935627,-733.7099999999999,2512.5792970332304,346.2900000000001,352.57929703323043,1.2695587779232156,6.289297033230355
6.0733,159.726,130.59,739.22,-0.71,340.66,-972.037,-2.426795,1,6.1803,131.02006599987334,-739.3399999999999,2512.617498758085,340.6600000000001,352.6174987580848,10.58185643942166,11.95749875808474
6.0783,165.726,135.316,684.737,-0.76,340.66,-972.037,-2.426795,0,6.1853,135.4815740002031,-739.3399999999999,2513.322657630771,340.6600000000001,353.3226576307711,229.01926606577098,12.662657630771037
6.0834,165.726,143.448,564.689,-0.743,335.39,-912.823,-2.426795,0,6.1904,143.08730588250702,-744.6099999999999,2515.9203958857265,335.3900000000001,355.9203958857265,627.4229980717993,20.53039588572642
6.088299999999999,165.726,147.053,521.287,-0.751,331.17,-824.857,-2.426795,0,6.1953,147.0312958571161,-748.8299999999999,2520.1419160026426,331.1700000000001,0.1419160026425743,951.1689275004878,28.9719160026425
6.0933,165.726,150.306,467.727,-0.876,326.25,-821.877,-1.020843,1,6.2003,150.27196600001017,-753.75,2525.7016337033374,326.25,5.701633703337393,1174.3708467850681,39.45163370333739
6.0983,165.726,153.185,410.473,-0.967,321.68,-792.196,-1.020843,0,6.2053,153.16822099997933,-758.3200000000002,2532.2503652688165,321.67999999999984,12.250365268816495,1367.2116306834018,50.57036526881666
6.1033,165.726,155.735,358.76,-0.818,317.81,-717.497,-1.020843,0,6.2103,155.69119509805225,-762.1899999999999,2539.670716334654,317.81000000000006,19.670716334654117,1528.760384740864,61.86071633465406
6.1084,165.726,157.845,301.506,-0.726,317.81,-717.497,-1.020843,0,6.2154,157.83172621047297,-762.1899999999999,2547.9358668069904,317.81000000000006,27.93586680699036,1658.1921471622222,70.1258668069903
6.1133,165.726,159.669,247.946,-0.826,313.95,-671.997,0.593654,1,6.2203,159.63758457143794,-766.05,2556.390593723755,313.95000000000005,36.390593723755046,1749.981566918469,82.440593723755
6.1183,159.726,161.185,211.008,-0.536,310.78,-600.074,0.593654,0,6.2253,161.16373299997363,-769.22,2565.3667901033214,310.78,45.366790103321364,1811.941369249395,94.58679010332139
6.1232999999999995,159.726,162.284,140.826,-1.316,308.32,-507.357,0.593654,0,6.2303,162.1839910000298,-771.68,2574.5218992560276,308.32000000000005,54.52189925602761,1834.1770369193187,106.20189925602756
6.128299999999999,159.726,162.284,140.826,-1.316,306.21,-432.804,0.593654,0,6.2353,162.31392000003714,-773.7900000000001,2583.6567447925486,306.2099999999999,63.65674479254858,1821.6750840585457,117.44674479254866
6.1343,159.726,162.988,-7.849,-0.751,304.45,-363.119,2.430708,1,6.2413,162.95807999996276,-775.55,2594.4636833019704,304.45000000000005,74.46368330197038,1790.0558048834,130.01368330197033
6.1392999999999995,147.726,162.988,-7.849,-0.751,303.05,-297.121,2.430708,0,6.2463,162.92794000001797,-776.9499999999999,2603.2982098760676,303.05000000000007,83.29820987606763,1756.3519324088325,140.24820987606756
6.144299999999999,147.726,162.328,-99.271,-1.449,303.05,-297.121,2.430708,0,6.2513,162.3145869999833,-776.9499999999999,2611.9487684742635,303.05000000000007,91.94876847426349,1718.6106846904722,148.89876847426342
6.1493,147.726,161.405,-155.601,-0.735,301.99,-235.406,2.430708,0,6.2563,161.37897400000782,-778.01,2620.427436038433,301.99,100.42743603843292,1687.3236672410976,158.4374360384329
6.1543,147.726,160.196,-195.309,-0.668,301.29,-176.689,3.822205,1,6.2613,160.18819699999025,-778.7099999999999,2628.7928733842823,301.2900000000001,108.7928733842823,1668.1557929659323,167.50287338428222
6.1593,129.726,158.834,-211.931,-0.394,301.29,-88.345,3.822205,0,6.2663,158.9579419999627,-778.7099999999999,2637.101361205303,301.2900000000001,117.10136120530296,1658.9710943423004,175.8113612053029
6.1643,129.726,158.834,-211.931,-0.394,301.29,-44.172,3.822205,0,6.2713,158.62882699974278,-778.7099999999999,2645.3977867523613,301.2900000000001,125.3977867523613,1663.547199637763,-175.89221324763878
6.1693,129.726,154.811,-360.607,-0.926,301.64,6.836,3.822205,0,6.2763,154.93912799996139,-778.36,2653.9085669336496,301.64,133.90856693364958,1724.587434922028,-167.7314330663504
6.1743,129.726,152.196,-402.162,-0.693,301.64,6.836,4.165928,1,6.2813,152.18926799999156,-778.36,2662.894074892747,301.64,142.89407489274708,1830.6544310642714,-158.7459251072529
6.1793,105.726,149.449,-417.86,-0.378,302.7,88.728,4.165928,0,6.2863,149.4089600000121,-777.3,2672.4597948744163,302.70000000000005,152.45979487441627,1950.5100948648692,-150.24020512558377
6.1842999999999995,105.726,146.262,-531.445,-2.337,303.75,137.454,4.165928,0,6.2913,146.22721799995625,-776.25,2682.7516188830914,303.75,162.7516188830914,2111.4514739613796,-140.9983811169086
6.189299999999999,105.726,142.393,-600.703,-1.299,305.51,215.234,4.165928,0,6.2963,142.74507899989342,-774.49,2693.948716575171,305.51,173.94871657517115,2285.7046028902337,-131.56128342482884
6.1943,105.726,142.393,-600.703,-1.299,307.62,283.624,3.852102,1,6.3013,141.96659999946124,-772.38,2705.943665603531,307.62,185.94366560353092,2461.01228901722,-121.67633439646909
6.1994,77.042,133.865,-641.335,-0.062,310.08,342.273,3.852102,0,6.3064,134.16230588222257,-769.92,2719.656221304153,310.08000000000004,199.65622130415295,2804.219796608388,-110.42377869584709
6.2043,77.042,129.14,-744.761,-2.246,310.08,342.273,3.852102,0,6.3113,129.11125785710644,-769.92,2734.81732950501,310.08000000000004,214.8173295050101,3212.6220605717654,-95.26267049498995
6.2093,77.042,123.755,-828.795,-1.216,312.19,343.749,3.852102,0,6.3163,123.72697200000852,-767.81,2752.0579411455988,312.19000000000005,232.05794114559876,3541.536424274059,-80.1320588544013
6.2143,77.042,118.062,-860.192,-0.328,314.65,385.273,2.703177,1,6.3213,118.06929300000927,-765.3499999999999,2770.7211791034792,314.6500000000001,250.72117910347924,3807.940484380343,-63.92882089652085
6.2203,54.064,111.402,-854.652,0.27,317.46,426.053,2.703177,0,6.3273,111.38914799998365,-762.5400000000001,2794.256873561631,317.4599999999999,274.256873561631,3955.4580906349424,-43.20312643836894
6.2253,54.064,105.6,-892.513,-1.092,319.92,419.077,2.703177,0,6.3323,105.56796800000978,-760.08,2813.890072831414,319.91999999999996,293.8900728314138,3897.4523889235684,-26.02992716858614
6.2303,54.064,99.446,-922.063,-0.619,322.38,414.468,2.703177,0,6.3373,99.7598540003996,-757.6199999999999,2832.8066905688856,322.3800000000001,312.80669056888564,3731.968639342176,-9.573309431114467
6.2353,54.064,99.446,-922.063,-0.619,324.84,409.586,1.095001,1,6.3423,98.35569509837322,-755.16,2850.7941895285317,324.84000000000003,330.79418952853166,3520.5847083843437,5.954189528531629
6.2404,25.085,87.225,-901.747,0.577,324.84,409.586,1.095001,0,6.3474,87.5999711087704,-755.16,2867.1967874284933,324.84000000000003,347.1967874284933,3053.1088703372166,22.35678742849325
6.245299999999999,25.085,81.225,-927.604,-1.042,326.95,376.347,1.095001,0,6.3523,81.78214285697199,-753.0500000000001,2878.4842608329304,326.94999999999993,358.48426083293043,1913.3330414504985,31.5342608329305
6.2503,25.085,81.225,-927.604,-1.042,328.36,308.61,1.095001,0,6.3573,80.56138799915021,-751.64,2884.97695399164,328.36,4.97695399164013,1079.1284510844243,36.616953991640116
6.2553,25.085,68.213,-985.781,0.021,329.77,273.106,-0.559562,1,6.3623,68.82254298020442,-750.23,2888.721773281326,329.77,8.721773281326023,640.6424309925934,38.95177328132604
6.2604,-4.915,61.773,-962.695,0.494,331.17,253.313,-0.559562,0,6.3674,62.17707843172649,-748.8299999999999,2891.065932421531,331.1700000000001,11.065932421531215,391.49510096562443,39.89593242153114
6.2653,-4.915,61.773,-962.695,0.494,332.23,215.002,-0.559562,0,6.3723,60.574922549389235,-747.77,2892.4643875537136,332.23,12.46438755371355,249.58613264396394,40.23438755371353
6.2703999999999995,-4.915,48.344,-1048.576,-0.635,332.23,215.002,-0.559562,0,6.3774,48.72724065659888,-747.77,2893.432050107512,332.23,13.432050107512168,168.59992478329008,41.20205010751215
6.2753,-4.915,41.31,-1061.504,-0.037,333.28,192.958,-1.682211,1,6.3823,41.96315714265519,-746.72,2893.916821103111,333.28,13.916821103111033,40.23600359881644,40.63682110311106
6.2802999999999995,-33.644,41.31,-1061.504,-0.037,334.34,183.621,-1.682211,0,6.3873,40.598192999083295,-745.6600000000001,2893.0835335807737,334.3399999999999,13.083533580773747,-268.44006950311467,38.74353358077383
6.285299999999999,-33.644,27.353,-1063.351,-1.117,334.69,121.762,-1.682211,0,6.3923,27.96506599981054,-745.31,2890.094933831994,334.69000000000005,10.094933831993785,-754.2332812623545,35.40493383199373
6.2903,-33.644,20.122,-1095.672,-0.685,334.69,60.881,-1.682211,0,6.3973,20.49078100047667,-745.31,2884.488797852179,334.69000000000005,4.488797852178777,-1256.7395858224165,29.798797852178723
6.2953,-33.644,20.122,-1095.672,-0.685,334.69,30.44,-1.576795,1,6.4023,19.45597100020707,-745.31,2877.316583992982,334.69000000000005,357.31658399298203,-1504.4531335104791,22.626583992981978
6.3003,-56.373,12.803,-1090.131,-0.095,334.69,30.44,-1.576795,0,6.4073,12.801877999998547,-745.31,2868.745449672112,334.69000000000005,348.74544967211204,-1828.7442523267325,14.05544967211199
6.3053,-56.373,5.462,-1063.351,0.71,334.69,15.22,-1.576795,0,6.4123,5.590021833293488,-745.31,2857.894706189051,334.69000000000005,337.8947061890508,-2308.647671793733,3.2047061890507393
6.3113,-56.373,-1.659,-1060.581,-0.27,333.63,-82.855,-1.576795,0,6.4183,-1.8691038332677976,-746.37,2841.8794709094764,333.63,321.87947090947637,-2847.5372559927164,-11.750529090523628
6.3163,-56.373,-9.902,-1051.346,-0.137,332.23,-157.944,-0.791045,1,6.4233,-9.824456999899205,-747.77,2826.1928098481803,332.23,306.19280984818033,-3259.6706424569593,-26.037190151819686
6.3214,-73.103,-16.759,-1028.26,0.353,330.47,-223.454,-0.791045,0,6.4284,-17.300191596394303,-749.53,2808.305371291518,330.47,288.305371291518,-3606.708479109767,-42.16462870848204
6.3263,-73.103,-29.661,-930.374,0.087,328.01,-319.752,-0.791045,0,6.4333,-28.989569386880607,-751.9899999999999,2790.002492018436,328.0100000000001,270.002492018436,-3761.4574257657728,-58.00750798156412
6.3313,-73.103,-29.661,-930.374,0.087,324.84,-422.662,-0.791045,0,6.4383,-30.221013999824585,-755.16,2771.4148531713167,324.84000000000003,251.41485317131674,-3687.981720562738,-73.4251468286833
6.3363,-73.103,-35.815,-899.901,0.444,324.84,-422.662,0.706495,1,6.4433,-36.07173400033501,-755.16,2753.6101771616222,324.84000000000003,233.61017716162223,-3476.761154376838,-91.2298228383778
6.3412999999999995,-83.832,-47.003,-781.699,1.158,321.33,-486.015,0.706495,0,6.4483,-46.44089300017641,-758.67,2737.9746070765395,321.33000000000004,217.97460707653954,-2971.505266061635,-103.3553929234605
6.346299999999999,-83.832,-52.014,-740.144,0.477,316.76,-653.579,0.706495,0,6.4533,-51.75843899966589,-763.24,2724.696495306675,316.76,204.69649530667493,-2545.7869186605467,-112.06350469332506
6.3513,-83.832,-52.014,-740.144,0.477,312.19,-702.279,0.706495,0,6.4583,-52.852018999736025,-767.81,2712.7487582345766,312.19000000000005,192.7487582345766,-2314.5055565437247,-119.44124176542346
6.3563,-83.832,-61.223,-640.412,1.025,307.62,-737.37,2.254067,1,6.4633,-60.95851399965293,-772.38,2702.3769201018968,307.62,182.37692010189676,-1954.495025860292,-125.24307989810325
6.3613,-88.561,-65.246,-581.311,1.05,302.34,-805.269,2.254067,0,6.4683,-64.87990700011552,-777.66,2693.9040802297786,302.34000000000003,173.90408022977863,-1616.3800401522167,-128.4359197702214
6.3663,-88.561,-65.246,-581.311,1.05,302.34,-805.269,2.254067,0,6.4733,-65.60131700046712,-777.66,2686.396384495898,302.34000000000003,166.39638449589802,-1448.662784014836,-135.943615504102
6.3713,-88.561,-72.213,-480.655,0.726,296.72,-860.182,2.254067,0,6.4783,-71.85100200011445,-783.28,2679.9416525577662,296.72,159.94165255776625,-1219.0855302783796,-136.77834744223378
6.3763,-88.561,-75.202,-428.018,0.909,291.45,-883.609,1.885238,1,6.4833,-75.18297699997494,-788.5500000000001,2674.668781548053,291.44999999999993,154.66878154805318,-991.1288214648289,-136.78121845194676
6.3812999999999995,-87.291,-77.818,-382.769,0.967,285.82,-902.21,1.885238,0,6.4883,-77.78596800001014,-794.1800000000001,2670.212443642567,285.81999999999994,150.212443642567,-853.8236226209882,-135.60755635743294
6.386299999999999,-87.291,-80.082,-316.281,0.959,280.9,-868.047,1.885238,0,6.4933,-80.06180399997334,-799.1,2666.325935091754,280.9,146.32593509175422,-745.9043648213282,-134.57406490824576
6.3913,-87.291,-81.95,-256.257,0.801,275.62,-868.619,1.885238,0,6.4983,-81.91805900001019,-804.3799999999999,2662.8945002652254,275.6200000000001,142.89450026522536,-664.197104970325,-132.72549973477476
6.3963,-87.291,-83.467,-208.238,0.768,275.62,-868.619,0.646334,1,6.5033,-83.38963299989753,-804.3799999999999,2659.76379486818,275.6200000000001,139.76379486817996,-613.3491151150128,-135.85620513182016
6.4024,-80.02,-83.467,-208.238,0.768,270.35,-858.672,0.646334,0,6.5094,-83.59922400011979,-809.65,2656.1375710558937,270.35,136.13757105589366,-584.2017707610054,-134.21242894410636
6.4074,-80.02,-85.533,-70.644,1.515,265.78,-816.675,0.646334,0,6.5144,-85.36511314293449,-814.22,2653.3119625811105,265.78,133.3119625811105,-557.6855796545487,-132.46803741888948
6.4123,-80.02,-85.599,18.007,0.893,261.21,-796.427,0.646334,0,6.5193,-85.57873530609552,-818.7900000000001,2650.610809316326,261.2099999999999,130.61080931632614,-552.8096430634448,-130.59919068367378
6.4173,-80.02,-85.269,58.639,0.428,257.34,-725.502,-1.033893,1,6.5243,-85.25899000000321,-822.66,2647.731561171953,257.34000000000003,127.73156117195322,-586.8992723795003,-129.60843882804681
6.4223,-66.749,-84.829,75.261,0.403,253.48,-684.031,-1.033893,0,6.5293,-84.81298999997868,-826.52,2644.6438411622717,253.48000000000002,124.64384116227166,-632.0450950786751,-128.83615883772836
6.4274,-66.749,-84.06,139.902,1.54,249.96,-634.969,-1.033893,0,6.5344,-84.02546941178068,-830.04,2641.2240236272783,249.96000000000004,121.22402362727826,-688.1642818863663,-128.73597637272178
6.4323999999999995,-66.749,-82.895,192.539,0.926,249.96,-634.969,-1.033893,0,6.5394,-82.87480081630812,-830.04,2637.5559401007818,249.96000000000004,117.55594010078175,-754.4639931168059,-132.40405989921828
6.4373,-66.749,-81.444,225.783,0.71,246.8,-573.07,-2.43206,1,6.5443,-81.43367100840668,-833.2,2633.610018412465,246.79999999999995,113.6100184124648,-826.3370708964958,-133.18998158753516
6.4424,-48.641,-79.818,247.022,0.353,244.34,-489.38,-2.43206,0,6.5494,-79.78941128448764,-835.6600000000001,2629.1272513332874,244.33999999999992,109.1272513332874,-902.5967761715943,-135.2127486667125
6.447299999999999,-48.641,-77.818,334.75,1.839,242.23,-427.814,-2.43206,0,6.5543,-77.77166428572924,-837.7700000000001,2624.4488762670703,242.2299999999999,104.44887626707032,-976.1691635891744,-137.7811237329296
6.4523,-48.641,-75.268,405.856,0.942,239.77,-418.529,-2.43206,0,6.5593,-75.39805000017445,-840.23,2619.3358929493706,239.76999999999998,99.33589294937065,-1040.8315647619218,-140.43410705062934
6.4573,-48.641,-75.268,405.856,0.942,238.71,-297.227,-3.722779,1,6.5643,-74.75840000016436,-841.2900000000001,2613.9572343224404,238.70999999999992,93.9572343224404,-1090.2517170820554,-144.75276567755952
6.4624999999999995,-36.533,-69.444,444.64,0.095,237.66,-236.335,-3.722779,0,6.5695,-69.86400000027393,-842.34,2608.1287993935107,237.65999999999997,88.12879939351069,-1132.6598591372838,-149.53120060648928
6.4673,-36.533,-69.444,444.64,0.095,237.66,-236.335,-3.722779,0,6.5743,-69.1559850000931,-842.34,2602.6109449452765,237.65999999999997,82.61094494527651,-1155.2960227382448,-155.04905505472345
6.4723,-36.533,-66.279,484.349,0.818,237.3,-147.92,-3.722779,0,6.5793,-66.0872909997419,-842.7,2596.821850809581,237.29999999999995,76.82185080958106,-1153.0825489500585,-160.4781491904189
6.4773,-36.533,-59.355,520.363,0.004,236.95,-103.48,-5.144923,1,6.5843,-59.673044999897016,-843.05,2591.3006859904494,236.95000000000005,71.30068599044944,-1079.105215592649,-165.6493140095506
6.4822999999999995,-30.425,-55.926,506.511,-0.345,236.95,-51.74,-5.144923,0,6.5893,-55.93648900001416,-843.05,2586.2375990932433,236.95000000000005,66.23759909324326,-984.825474455026,-170.71240090675678
6.4883,-30.425,-52.058,491.736,-0.162,237.66,32.915,-5.144923,0,6.5953,-52.058731000000975,-842.34,2580.7008733056027,237.65999999999997,60.70087330560273,-889.9158942462788,-176.95912669439724
6.4933,-30.425,-48.849,470.497,-0.394,238.36,74.846,-5.144923,0,6.6003,-48.865015999994796,-841.6399999999999,2576.5766727816826,238.36000000000013,56.576672781682646,-796.8173039018126,178.21667278168252
6.4982999999999995,-30.425,-45.816,442.794,-0.635,238.36,74.846,-5.940155,1,6.6053,-45.831133000020515,-841.6399999999999,2572.9404675765254,238.36000000000013,52.94046757652541,-695.989030407627,174.58046757652528
6.5034,-30.318,-43.025,401.238,-0.851,239.77,146.691,-5.940155,0,6.6104,-43.04193277310125,-840.23,2569.759913725309,239.76999999999998,49.75991372530916,-593.2643064584237,169.98991372530918
6.5083,-30.318,-40.541,352.296,-0.536,241.52,232.168,-5.940155,0,6.6153,-40.670269387930716,-838.4799999999999,2567.132212753345,241.5200000000001,47.1322127533449,-516.5603197938553,165.6122127533448
6.5133,-30.318,-40.541,352.296,-0.536,242.93,233.461,-5.940155,0,6.6203,-40.34498600006403,-837.07,2564.6774137502657,242.92999999999995,44.677413750265714,-481.5498000958993,161.74741375026576
6.5183,-30.318,-38.387,307.047,-0.751,244.69,263.586,-5.723925,1,6.6253,-38.33090399992364,-835.31,2562.446929071605,244.69000000000005,42.446929071605155,-422.9882299654119,157.7569290716051
6.5234,-36.21,-35.068,211.008,-0.635,246.45,277.031,-5.723925,0,6.6304,-35.34132941163556,-833.55,2560.671343758957,246.45000000000005,40.67134375895694,-321.2752647635734,154.2213437589569
6.5283,-36.21,-35.068,211.008,-0.635,246.45,277.031,-5.723925,0,6.6353,-35.00970699992052,-833.55,2559.2711611015775,246.45000000000005,39.27116110157749,-275.49809340949724,152.82116110157745
6.5333,-36.21,-33.925,149.137,-1.0,248.55,308.478,-5.723925,0,6.6403,-33.95903399998883,-831.4499999999999,2557.9472153429747,248.55000000000007,37.94721534297469,-258.7607316747208,149.39721534297462
6.5383,-36.21,-33.156,6.926,-0.826,250.66,337.277,-5.417935,1,6.6453,-33.19521900005357,-829.34,2556.7301140393247,250.65999999999997,36.73011403932469,-238.7113798780034,146.07011403932472
6.5432999999999995,-48.102,-33.156,6.926,-0.826,252.42,314.628,-5.417935,0,6.6503,-33.20996299998227,-827.58,2555.511447711398,252.41999999999996,35.51144771139798,-249.46418142738253,143.09144771139802
6.5483,-48.102,-33.749,-100.194,-1.299,254.88,362.497,-5.417935,0,6.6553,-33.76358600002,-825.1199999999999,2554.1267350057683,254.8800000000001,34.126735005768296,-291.6576381605595,139.2467350057682
6.5533,-48.102,-34.628,-149.137,-0.776,257.7,415.275,-5.417935,0,6.6603,-34.65602799999076,-822.3000000000001,2552.449178925004,257.69999999999993,32.44917892500416,-355.2444147114598,134.74917892500423
6.5583,-48.102,-35.815,-190.692,-0.735,257.7,415.275,-5.348571,1,6.6653,-35.822613000010456,-822.3000000000001,2550.4071467281683,257.69999999999993,30.4071467281683,-433.3489595373848,132.70714672816837
6.5634,-65.994,-37.178,-206.391,-0.303,260.16,397.708,-5.348571,0,6.6704,-37.21157694116045,-819.8399999999999,2547.866858680407,260.1600000000001,27.86685868040695,-527.1366225763145,127.70685868040687
6.5684,-65.994,-38.914,-296.889,-1.798,262.62,422.977,-5.348571,0,6.6754,-38.94779200003174,-817.38,2544.853704987132,262.62,24.853704987132005,-638.0306856945276,122.233704987132
6.5733999999999995,-65.994,-41.178,-360.607,-0.909,265.78,474.56,-5.348571,0,6.6804,-40.98782400009083,-814.22,2541.2470474778943,265.78,21.247047477894284,-752.7640963073238,115.46704747789431
6.5793,-65.994,-41.178,-360.607,-0.909,269.3,531.05,-4.76289,1,6.6863,-41.70206899982633,-810.6999999999999,2536.2604066548247,269.30000000000007,16.260406654824692,-902.8335520434058,106.96040665482462
6.5843,-89.886,-46.937,-410.473,-0.237,273.16,586.494,-4.76289,0,6.6913,-46.804705999817365,-806.8399999999999,2531.005819842272,273.1600000000001,11.005819842272103,-1125.3244136498247,97.84581984227202
6.5893,-89.886,-50.102,-519.44,-2.221,277.03,611.161,-4.76289,0,6.6963,-50.151220294101314,-802.97,2524.431168866845,277.03,4.431168866844928,-1388.6137970423615,87.40116886684496
6.594399999999999,-89.886,-53.882,-587.775,-1.1,277.03,611.161,-4.76289,0,6.7014,-53.90786352943613,-802.97,2516.4984704709773,277.03,356.4984704709773,-1631.884364270266,79.46847047097731
6.5994,-89.886,-57.992,-627.483,-0.328,280.9,625.381,-3.742282,1,6.7064,-57.99947599999646,-799.1,2509.593869759589,280.9,349.59386975958887,-1142.2817091031975,68.69386975958889
6.6044,-107.778,-62.191,-627.483,-0.104,285.47,700.637,-3.742282,0,6.7114,-61.92226399974539,-794.5299999999999,2505.7003454904675,285.47000000000014,345.7003454904675,-648.344689132681,60.23034549046736
6.6093,-107.778,-62.191,-627.483,-0.104,290.04,733.261,-3.742282,0,6.7163,-63.01900899972367,-789.9599999999999,2503.2899285047006,290.0400000000001,343.2899285047006,-495.4470678501497,53.249928504700506
6.6143,-107.778,-71.29,-715.211,-0.378,294.96,776.45,-3.742282,0,6.7213,-71.0714139996961,-785.04,2499.679134723729,294.96000000000004,339.679134723729,-840.3737175225612,44.719134723728985
6.6193,-107.778,-76.103,-717.981,-0.278,300.23,818.576,-1.672033,1,6.7263,-76.08239200000692,-779.77,2493.9782799180275,300.23,333.9782799180275,-1248.6854147604665,33.74827991802749
6.624499999999999,-119.67,-80.873,-706.9,0.461,300.23,818.576,-1.672033,0,6.7315,-80.87850961538825,-779.77,2486.383655294488,300.23,326.3836552944881,-1550.90938297795,26.15365529448809
6.6295,-119.67,-85.533,-705.976,-0.187,304.45,751.987,-1.672033,0,6.7365,-85.18350000023695,-775.55,2477.8414839129937,304.45000000000005,317.8414839129937,-1759.6959176091427,13.391483912993635
6.6343,-119.67,-85.533,-705.976,-0.187,309.38,806.299,-1.672033,0,6.7413,-85.9923500006408,-770.62,2468.989071979235,309.38,308.9890719792352,-1885.0993810579257,-0.39092802076481803
6.6394,-119.67,-94.72,-669.038,0.585,314.3,813.049,1.107504,1,6.7464,-94.32890924388738,-765.6999999999998,2458.651977358003,314.3000000000002,298.651977358003,-2093.8332058317283,-15.648022641997159
6.644299999999999,-125.563,-98.984,-620.096,0.71,318.52,758.123,1.107504,0,6.7513,-98.96497595915702,-761.4800000000001,2447.7549943530894,318.51999999999987,287.7549943530894,-2265.9930973475743,-30.76500564691048
6.6493,-125.563,-102.962,-578.54,0.353,322.73,723.617,1.107504,0,6.7563,-102.92313950001318,-757.27,2436.239621594347,322.73,276.2396215943472,-2310.5582246820104,-46.49037840565279
6.6545,-125.563,-106.655,-536.062,0.693,326.25,658.698,1.107504,0,6.7615,-106.64773400705938,-753.75,2424.2873897782056,326.25,264.2873897782056,-2286.590326307357,-61.96261022179442
6.6594,-125.563,-110.04,-485.272,0.851,326.25,658.698,4.008543,1,6.7664,-109.98981714288159,-753.75,2413.3277688712233,326.25,253.32776887122327,-2211.457144124354,-72.92223112877673
6.6654,-125.455,-113.468,-410.473,0.942,329.77,615.236,4.008543,0,6.7724,-113.44472571429708,-750.23,2400.5937973518926,329.77,240.5937973518926,-2073.787433590687,-89.17620264810739
6.6703,-125.455,-115.996,-354.142,0.652,332.93,580.13,4.008543,0,6.7773,-115.97205081629285,-747.0699999999999,2390.872856553808,332.93000000000006,230.8728565538081,-1944.0439499394304,-102.05714344619196
6.6753,-125.455,-118.106,-303.353,0.909,335.74,524.298,4.008543,0,6.7823,-118.07597000001016,-744.2600000000001,2381.6275779261005,335.7399999999999,221.62757792610046,-1810.5135753648447,-114.11242207389944
6.6803,-125.455,-119.886,-247.946,0.776,338.2,463.863,5.782173,1,6.7873,-119.86886999997586,-741.8000000000001,2373.0076788189945,338.19999999999993,213.00767881899446,-1686.6640568612904,-125.19232118100547
6.6854,-119.347,-121.359,-202.697,0.743,340.31,409.221,5.782173,0,6.7924,-121.32631411766305,-739.69,2364.8074410315544,340.30999999999995,204.8074410315544,-1576.6028631693823,-135.50255896844556
6.6903999999999995,-119.347,-122.414,-134.362,1.167,340.31,409.221,5.782173,0,6.7974,-122.37945959180344,-739.69,2357.2266555914753,340.30999999999995,197.22665559147526,-1492.6346046023257,-143.08334440852468
6.6953,-119.347,-122.919,-45.711,1.133,342.07,348.792,5.782173,0,6.8023,-122.87210714287308,-737.93,2350.0986703820186,342.07000000000005,190.09867038201855,-1442.753606865935,-151.9713296179815
6.7002999999999995,-119.347,-122.919,-45.711,1.133,343.83,324.93,5.502779,1,6.8073,-122.91007499998737,-736.1700000000001,2342.9547433764837,343.8299999999999,182.95474337648375,-1425.4751880967788,-160.87525662351618
6.705299999999999,-107.239,-122.744,40.17,0.295,344.88,249.598,5.502779,0,6.8123,-122.71085637256031,-735.12,2335.80168541783,344.88,175.80168541782996,-1435.054650944993,-169.07831458217004
6.7104,-107.239,-122.194,101.118,1.125,345.94,212.226,5.502779,0,6.8174,-122.16535878348564,-734.0600000000001,2328.368724670895,345.93999999999994,168.36872467089506,-1470.4883455706874,-177.57127532910488
6.7153,-107.239,-121.227,169.453,1.009,346.29,135.478,5.502779,0,6.8223,-121.31679285711222,-733.7099999999999,2320.9877471582445,346.2900000000001,160.98774715824447,-1520.012916595396,174.6977471582444
6.7203,-107.239,-121.227,169.453,1.009,346.29,135.478,4.345135,1,6.8273,-121.09251299980879,-733.7099999999999,2313.19508991001,346.2900000000001,153.1950899100102,-1579.8669262701708,166.90508991001013
6.7253,-89.131,-118.59,211.008,0.179,346.29,67.739,4.345135,0,6.8323,-118.66989799997269,-733.7099999999999,2304.922685867941,346.2900000000001,144.9226858679408,-1690.4785933153269,158.63268586794072
6.7303,-89.131,-116.831,301.506,1.93,346.64,64.613,4.345135,0,6.8373,-116.80187899995852,-733.36,2295.9925836728594,346.64,135.99258367285938,-1827.816946593912,149.3525836728594
6.7353,-89.131,-114.501,373.535,1.1,346.64,32.307,4.345135,0,6.8423,-114.47384274510738,-733.36,2286.396039509656,346.64,126.39603950965602,-1957.6397135835623,139.75603950965603
6.7404,-89.131,-111.82,407.702,0.477,345.94,-41.072,3.454725,1,6.8474,-111.8067796078302,-734.0600000000001,2275.945785946174,345.93999999999994,115.94578594617406,-2088.849517850259,130.00578594617411
6.7454,-65.023,-108.985,422.478,0.071,344.88,-108.031,3.454725,0,6.8524,-108.94431142859163,-735.12,2265.1029069692595,344.88,105.1029069692595,-2199.7492405879298,120.2229069692595
6.7503,-65.023,-105.732,530.521,2.013,344.88,-108.031,3.454725,0,6.8573,-105.90128877575256,-735.12,2254.0595805266776,344.88,94.05958052667756,-2272.2699754822347,109.17958052667757
6.7564,-65.023,-105.732,530.521,2.013,343.83,-142.226,3.454725,0,6.8634,-105.15926530556159,-736.1700000000001,2240.0462614727494,343.8299999999999,80.04626147274939,-2301.655707459078,96.21626147274947
6.761299999999999,-65.023,-96.962,640.412,0.56,341.72,-246.228,2.845378,1,6.8683,-97.39201596623866,-738.28,2228.985476633651,341.72,68.98547663365116,-2226.594391289902,87.26547663365113
6.7664,-35.023,-92.654,643.182,-0.046,339.61,-298.955,2.845378,0,6.8734,-92.61997935170731,-740.39,2218.2327179075073,339.61,58.23271790750732,-2053.580093537085,78.62271790750731
6.7713,-35.023,-87.994,741.991,2.362,337.15,-357.088,2.845378,0,6.8783,-87.93667928573406,-742.85,2208.7820725888705,337.15,48.782072588870506,-1871.0927219069165,71.63207258887053
6.7763,-35.023,-82.609,836.183,1.208,334.34,-415.776,2.845378,0,6.8833,-82.59222099997585,-745.6600000000001,2200.2990318865563,334.3399999999999,40.29903188655635,-1611.7002137065906,65.95903188655643
6.7813,-35.023,-76.895,864.809,0.569,330.47,-530.565,2.139035,1,6.8883,-77.41497399982006,-749.53,2193.201195646911,330.47,33.201195646910946,-1354.0076208552982,62.73119564691092
6.7863999999999995,-5.023,-76.895,864.809,0.569,330.47,-530.565,2.139035,0,6.8934,-76.51890204044622,-749.53,2186.9001804521163,330.47,26.900180452116274,-1183.289789063785,56.43018045211625
6.7913,-5.023,-71.136,862.039,0.004,326.25,-605.187,2.139035,0,6.8983,-70.52270828592684,-753.75,2182.063909713789,326.25,22.063909713789144,-865.8722866736044,55.813909713789144
6.7963,-5.023,-58.52,1001.48,1.009,321.68,-696.108,2.139035,0,6.9033,-58.82161600043555,-758.3200000000002,2179.924614504112,321.67999999999984,19.924614504112014,-221.18832804527094,58.24461450411218
6.8014,-5.023,-51.684,1031.03,0.22,316.41,-781.537,1.588669,1,6.9084,-51.67467270588696,-763.59,2181.1094025482016,316.40999999999997,21.109402548201615,401.89714715933735,64.69940254820165
6.8064,24.977,-44.871,1011.638,-0.303,311.13,-835.481,1.588669,0,6.9134,-44.8596719999888,-768.87,2184.7455272881734,311.13,24.745527288173434,866.4297447975305,73.61552728817344
6.8114,24.977,-37.881,1055.04,1.548,304.8,-947.606,1.588669,0,6.9184,-37.85521200001297,-775.2,2190.698699669162,304.79999999999995,30.698699669162124,1327.3468858004176,85.89869966916217
6.8164,24.977,-30.584,1103.059,0.917,304.8,-947.606,1.588669,0,6.9234,-30.581183999997215,-775.2,2198.928235910234,304.79999999999995,38.92823591023398,1783.473930172268,94.12823591023403
6.8214,24.977,-23.243,1110.447,0.137,298.12,-1017.957,1.587937,1,6.9284,-23.237456000002794,-781.88,2209.3527523053413,298.12,49.352752305341255,2206.1380240050707,111.23275230534125
6.8264,48.977,-15.836,1085.514,-0.569,290.74,-1118.634,1.587937,0,6.9334,-15.84163200000559,-789.2599999999999,2221.629825405286,290.7400000000001,61.62982540528583,2554.9184008450648,130.8898254052857
6.8313999999999995,48.977,-8.517,1085.514,0.469,283.36,-1185.589,1.587937,0,6.9384,-9.131795999689738,-796.64,2235.1484092716664,283.36,75.14840927166642,2740.9905746493646,151.7884092716664
6.8363,48.977,-8.517,1085.514,0.469,276.68,-1156.676,1.587937,0,6.9433,-7.769339998911341,-803.32,2248.7151117180697,276.67999999999995,88.71511171806969,2775.4331378853067,172.03511171806974
6.8412999999999995,48.977,6.143,1069.815,-0.162,269.3,-1190.639,2.115986,1,6.9483,5.412299836321407,-810.6999999999999,2262.3572729018642,269.30000000000007,102.35727290186423,2687.1996760905954,-166.94272709813583
6.8473999999999995,66.977,14.232,1018.102,-1.208,262.27,-1180.13,2.115986,0,6.9544,14.228864459017993,-817.73,2277.3467641876496,262.27,117.34676418764957,2329.0632869534343,-144.9232358123504
6.852399999999999,66.977,20.825,982.087,-0.295,262.27,-1180.13,2.115986,0,6.9594,20.816615999991566,-817.73,2287.897391693477,262.27,127.89739169347695,2009.3235519102734,-134.37260830652303
6.8574,66.977,27.287,956.231,-0.61,255.59,-1135.841,2.115986,0,6.9644,26.744192000275866,-824.41,2296.8087689879367,255.59000000000003,136.80876898793667,1700.9467835160344,-118.78123101206336
6.862299999999999,66.977,27.287,956.231,-0.61,249.61,-1071.394,3.754277,1,6.9693,27.595850000451932,-830.39,2304.4562813925895,249.61,144.45628139258952,1502.3993205657866,-105.1537186074105
6.8674,78.977,33.464,905.441,-0.959,244.69,-950.382,3.754277,0,6.9744,33.4469630252188,-835.31,2311.22555421254,244.69000000000005,151.22555421253992,1232.689471145249,-93.46444578746014
6.8723,78.977,39.2,830.642,-1.225,239.06,-944.946,3.754277,0,6.9793,39.43056787788958,-840.9399999999999,2315.7843857849184,239.06000000000006,155.7843857849184,782.1383118520591,-83.27561421508165
6.8773,78.977,49.574,741.067,-0.61,234.14,-880.71,3.754277,0,6.9843,49.06203400018076,-845.86,2317.6810447310554,234.14,157.6810447310554,215.53838915233442,-76.45895526894458
6.8823,78.977,54.322,690.278,-0.992,234.14,-880.71,4.584304,1,6.9893,54.29635199996229,-845.86,2317.0754426460576,234.14,157.07544264605758,-250.98442575626265,-77.0645573539424
6.8873999999999995,91.686,58.652,622.866,-1.0,229.22,-833.63,4.584304,0,6.9944,58.631411764716376,-850.78,2314.6586248244357,229.22000000000003,154.65862482443572,-563.6292963563814,-74.56137517556431
6.892399999999999,91.686,62.652,597.009,-0.004,224.65,-811.0,4.584304,0,6.9994,62.65004081632455,-855.35,2310.8635067615637,224.64999999999998,150.8635067615637,-842.8234635724799,-73.78649323843626
6.8972999999999995,91.686,66.542,574.847,-0.278,221.13,-703.336,4.584304,0,7.0043,66.52285471429252,-858.87,2305.827971306318,221.13,145.82797130631798,-1101.7723197746282,-75.30202869368202
6.902299999999999,91.686,70.301,549.914,-0.544,216.91,-703.64,5.948664,1,7.0093,70.28624099997819,-863.0899999999999,2299.4641263215117,216.91000000000008,139.46412632151169,-1346.2715189422695,-77.4458736784884
6.9074,110.395,73.84,509.282,-0.768,213.4,-642.623,5.948664,0,7.0144,73.54855294132605,-866.6,2291.884857906551,213.39999999999998,131.88485790655113,-1533.0676606371485,-81.51514209344884
6.9123,110.395,73.84,509.282,-0.768,213.4,-642.623,5.948664,0,7.0193,74.1982500005304,-866.6,2283.9467669056266,213.39999999999998,123.94676690562665,-1661.9392374501526,-89.45323309437333
6.9174,110.395,81.005,553.607,0.428,209.53,-636.355,5.948664,0,7.0244,80.41494117677382,-870.47,2274.8736044386355,209.52999999999997,114.87360443863554,-1826.1823840365892,-94.65639556136443
6.9223,110.395,81.005,553.607,0.428,206.02,-614.71,6.748742,1,7.0293,81.3786500005541,-873.98,2265.47646027611,206.01999999999998,105.47646027611017,-1954.4173868921157,-100.54353972388981
6.9274,134.975,88.478,549.914,-0.095,203.2,-545.443,6.748742,0,7.0344,87.86257647090503,-876.8000000000001,2255.1548608698463,203.19999999999993,95.15486086984629,-2048.767773024237,-108.04513913015364
6.9333,134.975,88.478,549.914,-0.095,200.74,-477.744,6.748742,0,7.0403,89.30000299970641,-879.26,2242.857459027534,200.74,82.85745902753388,-2092.46149184854,-117.88254097246613
6.9383,134.975,97.511,681.967,0.76,198.28,-444.313,6.748742,0,7.0453,97.2844169996629,-881.72,2232.538458320299,198.27999999999997,72.53845832029901,-2039.7095615446788,-125.74154167970096
6.9434,134.975,102.193,698.589,0.436,196.88,-338.837,7.190932,1,7.0504,101.8074235296109,-883.12,2222.5941936651857,196.88,62.594193665185685,-1918.895441463155,-134.2858063348143
6.9483999999999995,153.554,102.193,698.589,0.436,196.88,-338.837,7.190932,0,7.0554,102.48701600029914,-883.12,2213.209471263787,196.88,53.20947126378678,-1858.3105436597264,-143.6705287362132
6.953399999999999,153.554,106.787,688.431,-0.253,195.82,-254.18,7.190932,0,7.0604,107.21531599977827,-884.18,2204.4170803707493,195.82000000000005,44.41708037074932,-1688.4177897520362,-151.40291962925073
6.9584,153.554,116.48,748.455,0.378,194.77,-218.35,7.190932,0,7.0654,115.85964799936689,-885.2299999999999,2197.1939372131287,194.7700000000001,37.19393721312872,-1343.167848674028,-157.57606278687138
6.963299999999999,153.554,116.48,748.455,0.378,194.06,-168.324,7.228167,1,7.0703,117.36626862713277,-885.9399999999999,2191.563585313865,194.06000000000006,31.563585313865133,-1069.5909869653763,-162.49641468613493
6.9684,166.134,126.414,720.752,-0.494,194.06,-84.162,7.228167,0,7.0754,125.79069019544123,-885.9399999999999,2187.1441210020453,194.06000000000006,27.144121002045267,-774.4961882221315,-166.9158789979548
6.9733,166.134,126.414,720.752,-0.494,194.06,-42.081,7.228167,0,7.0803,126.8454470586682,-885.9399999999999,2184.224698359836,194.06000000000006,24.22469835983611,-537.0659217889608,-169.83530164016395
6.9784,166.134,131.25,717.981,0.145,194.06,-42.081,7.228167,0,7.0854,131.54157270618094,-885.9399999999999,2182.2911494686005,194.06000000000006,22.29114946860045,-282.3326114443307,-171.7688505313996
6.9834,166.134,140.547,684.737,-0.585,194.06,-21.041,7.195334,1,7.0904,140.13162000021632,-885.9399999999999,2182.4945043492244,194.06000000000006,22.49450434922437,178.77974855459954,-171.5654956507757
6.9883999999999995,172.713,144.899,637.641,-0.76,194.06,-10.52,7.195334,0,7.0954,144.87787999997835,-885.9399999999999,2184.8124155434502,194.06000000000006,24.812415543450243,570.958255305761,-169.24758445654982
6.993399999999999,172.713,148.921,591.469,-0.361,194.06,-5.26,7.195334,0,7.1004,148.9071520000072,-885.9399999999999,2188.5820997988476,194.06000000000006,28.582099798847594,826.5141102421065,-165.47790020115247
6.9982999999999995,172.713,152.701,540.679,-0.735,194.06,-2.63,7.195334,0,7.1053,152.67903571425265,-885.9399999999999,2193.392673211301,194.06000000000006,33.39267321130092,1046.2904453596507,-160.66732678869914
7.0034,172.713,156.196,499.124,-0.976,194.06,-1.315,6.931715,1,7.1104,156.16849247060267,-885.9399999999999,2199.4349529598767,194.06000000000006,39.43495295987668,1239.2172865830755,-154.62504704012338
7.0084,173.292,159.295,441.87,-0.992,194.06,-1.315,6.931715,0,7.1154,159.27112799997536,-885.9399999999999,2206.1641882689937,194.06000000000006,46.16418826899371,1388.5357730033209,-147.89581173100635
7.0134,173.292,162.021,386.463,-0.693,193.71,-28.811,6.931715,0,7.1204,161.99134800001553,-886.2900000000001,2213.5053827983347,193.70999999999992,53.50538279833472,1497.6533596990075,-140.2046172016652
7.0184,173.292,164.394,330.133,-0.81,193.01,-74.979,6.931715,0,7.1254,164.3617013333,-886.9899999999999,2221.2497266561013,193.0100000000001,61.2497266561013,1567.3985544176765,-131.7602733438988
7.0244,173.292,166.636,269.185,-0.876,192.3,-96.76,6.620615,1,7.1314,166.51642666654303,-887.6999999999999,2230.787044642777,192.30000000000007,70.78704464277689,1592.5215467624826,-121.51295535722318
7.0293,167.872,166.636,269.185,-0.876,190.55,-193.771,6.620615,0,7.1363,166.88509019598771,-889.45,2238.544240477566,190.54999999999995,78.54424047756584,1578.8586405422675,-112.00575952243412
7.0344,167.872,169.428,154.678,-1.175,189.14,-214.674,6.620615,0,7.1414,169.3006236861426,-890.8600000000001,2246.5290900043046,189.13999999999987,86.52909000430463,1558.7375182147994,-102.61090999569524
7.0394,167.872,170.175,85.419,-1.283,187.38,-250.894,6.620615,0,7.1464,170.13812400001945,-892.6199999999999,2254.2113087306498,187.3800000000001,94.21130873064976,1525.651082364093,-93.16869126935035
7.0443999999999996,167.872,170.483,18.007,-0.893,187.38,-250.894,6.280099,1,7.1514,170.46187999997812,-892.6199999999999,2261.705342319815,187.3800000000001,101.70534231981492,1487.089333751185,-85.67465768018519
7.0493999999999994,156.451,170.461,-18.007,-0.519,185.27,-294.444,6.280099,0,7.1564,170.4295840000166,-894.7299999999999,2269.014664591105,185.2700000000001,109.01466459110497,1451.9370578451974,-76.25533540889512
7.0544,156.451,170.065,-84.496,-1.524,182.46,-396.441,6.280099,0,7.1614,170.03581338772472,-897.5400000000001,2276.182118271983,182.45999999999992,116.1821182719832,1426.7697202638592,-66.27788172801672
7.0592999999999995,156.451,169.23,-145.443,-1.025,179.3,-461.91,6.280099,0,7.1663,169.30753571425734,-900.6999999999999,2283.1225848526124,179.30000000000007,123.12258485261236,1412.377893742084,-56.177415147387705
7.064299999999999,156.451,169.23,-145.443,-1.025,175.78,-524.273,5.909824,1,7.1713,169.10909999981573,-904.22,2290.162190819962,175.77999999999997,130.16219081996178,1408.7283418523793,-45.61780918003819
7.0694,139.03,166.812,-197.156,-0.419,171.91,-572.193,5.909824,0,7.1764,167.01112941165914,-908.0899999999999,2297.4296703087457,171.91000000000008,137.4296703087457,1433.6064670708627,-34.48032969125438
7.0752999999999995,139.03,166.812,-197.156,-0.419,168.4,-589.864,5.909824,0,7.1823,166.63749411771116,-911.5999999999999,2306.0488802329123,168.4000000000001,146.04888023291232,1474.5327135601697,-22.351119767087766
7.0804,139.03,164.856,-293.195,-1.416,168.4,-589.864,5.909824,0,7.1874,164.67626541157676,-911.5999999999999,2313.8103829760507,168.4000000000001,153.81038297605073,1554.270469346955,-14.589617023949359
7.0854,139.03,160.13,-386.463,-0.602,163.83,-667.73,5.359521,1,7.1924,160.5269839997889,-916.17,2322.125992879257,163.83000000000004,162.12599287925696,1707.2807944972951,-1.7040071207430856
7.0904,115.61,160.13,-386.463,-0.602,158.55,-772.513,5.359521,0,7.1974,159.76711999961992,-921.4499999999999,2331.163785596847,158.55000000000007,171.163785596847,1854.3247566360094,12.613785596846924
7.0954,115.61,154.46,-499.124,-1.922,153.28,-836.996,5.359521,0,7.2024,154.93627999974635,-926.72,2341.0544744072427,153.27999999999997,181.05447440724265,2031.6931321915931,27.77447440724268
7.1003,115.61,154.46,-499.124,-1.922,147.3,-910.755,5.359521,0,7.2073,154.07534999940896,-932.6999999999999,2351.6843835611708,147.30000000000007,191.68438356117076,2234.792206558816,44.384383561170694
7.1053999999999995,115.61,146.767,-605.32,-0.635,141.33,-959.384,4.669929,1,7.2124,147.05530117631685,-938.6700000000001,2364.1318592599987,141.32999999999993,204.1318592599987,2543.127199784178,62.801859259998764
7.110399999999999,93.399,142.657,-616.402,-0.336,141.33,-959.384,4.669929,0,7.2174,142.64432799998676,-938.6700000000001,2378.112775681795,141.32999999999993,218.11277568179503,2897.399643966344,76.7827756817951
7.1154,93.399,138.349,-690.278,-1.648,133.95,-1078.651,4.669929,0,7.2224,138.3028840000246,-946.0500000000001,2393.53778797704,133.94999999999993,233.5377879770399,3160.3398446002134,99.58778797703997
7.1204,93.399,133.492,-739.22,-0.942,126.21,-1201.996,4.669929,0,7.2274,133.4848959999925,-953.7900000000001,2410.1208241636136,126.20999999999992,250.12082416361363,3378.6695426974197,123.91082416361371
7.1254,93.399,128.524,-759.536,-0.278,117.42,-1332.702,3.847777,1,7.2324,128.52223600000096,-962.58,2427.5132099350135,117.41999999999996,267.5132099350135,3509.114115622883,150.09320993501353
7.1304,76.956,123.535,-745.685,0.087,108.63,-1389.6,3.847777,0,7.2374,123.52795999999256,-971.3700000000001,2445.1404058442795,108.62999999999988,285.1404058442795,3520.17753336158,176.5104058442796
7.1354,76.956,118.436,-766.0,-0.643,100.2,-1407.305,3.847777,0,7.2424,118.86431599977007,-979.7999999999998,2462.461405057696,100.20000000000016,302.4614050576961,3438.141116869191,-157.73859494230408
7.1404,76.956,118.436,-766.0,-0.643,100.2,-1407.305,3.847777,0,7.2474,118.10543999965046,-979.7999999999998,2479.343749513931,100.20000000000016,319.343749513931,3346.15113306947,-140.85625048606914
7.1453999999999995,76.956,113.271,-774.312,-0.436,90.0,-1527.669,2.554334,1,7.2524,112.84999200022637,-989.9999999999999,2495.337589783198,90.00000000000011,335.3375897831979,3100.7897900242474,-114.66241021680219
7.150399999999999,54.512,103.094,-734.603,0.436,79.8,-1614.895,2.554334,0,7.2574,103.7453280006898,-1000.2,2509.078825015096,79.79999999999995,349.07882501509584,2567.134665292995,-90.72117498490411
7.1554,54.512,103.094,-734.603,0.436,69.61,-1683.185,2.554334,0,7.2624,102.24291200045903,-1010.39,2517.6469929463983,69.61000000000001,357.6469929463983,1422.1732040154602,-71.9630070536017
7.1604,54.512,92.962,-766.0,-0.635,59.06,-1720.384,2.554334,0,7.2674,93.29156800035011,-1020.9399999999999,2522.4345746365966,59.06000000000006,2.434574636596608,793.9893949525781,-56.62542536340345
7.166399999999999,54.512,86.983,-773.388,-0.012,49.22,-1680.274,0.701711,1,7.2734,86.97835999999516,-1030.78,2525.58266225701,49.22000000000003,5.582662257009815,420.6736837267317,-43.63733774299021
7.1714,26.069,81.928,-743.838,0.602,39.02,-1684.101,0.701711,0,7.2784,81.92430400000192,-1040.98,2527.089686046707,39.01999999999998,7.089686046706902,260.8738685346319,-31.93031395329308
7.1764,26.069,76.829,-792.781,-1.548,29.88,-1740.34,0.701711,0,7.2834,76.80224799997148,-1050.1200000000001,2528.075131294947,29.87999999999988,8.075131294946914,174.62715586095595,-21.804868705052968
7.1814,26.069,71.312,-846.341,-0.735,29.88,-1740.34,0.701711,0,7.2884,71.29352000001,-1050.1200000000001,2528.7811437440437,29.87999999999988,8.781143744043675,130.19661142344714,-21.098856255956207
7.1864,26.069,65.575,-863.886,-0.237,20.39,-1653.716,-0.467911,1,7.2934,65.94216800039192,-1059.6100000000001,2529.3432596231505,20.389999999999873,9.343259623150516,105.65180434643864,-11.046740376849357
7.1913,-3.931,65.575,-863.886,-0.237,11.25,-1495.416,-0.467911,0,7.2983,64.53965196117346,-1068.75,2529.808134376802,11.25,9.808134376802172,91.78051116335472,-1.4418656231978275
7.1964,-3.931,53.97,-914.676,-1.756,2.11,-1511.5,-0.467911,0,7.3034,54.29022086308746,-1077.89,2530.2698716175064,2.1099999999999,10.269871617506396,91.12592943816311,8.159871617506496
7.2014,-3.931,47.596,-976.547,-0.951,353.67,-1454.318,-0.467911,0,7.3084,47.575672000011046,-1086.33,2530.667293094116,353.6700000000001,10.667293094115848,73.30027590312403,16.997293094115776
7.2063999999999995,-3.931,40.98,-990.398,-0.237,345.94,-1476.055,0.064407,1,7.3134,40.98288000000308,-1094.06,2530.5200520663966,345.94000000000005,10.520052066396602,-134.8572768905051,24.580052066396547
7.211399999999999,-27.931,34.409,-983.934,0.353,345.94,-1476.055,0.064407,0,7.3184,34.40706800000115,-1094.06,2528.4010302682973,345.94000000000005,8.40103026829729,-545.7920839472416,22.461030268297236
7.2164,-27.931,27.815,-1005.174,-0.843,337.85,-1331.382,0.064407,0,7.3234,28.237016000453195,-1102.15,2524.394884899488,337.8499999999999,4.394884899487806,-896.5333237551129,26.544884899487897
7.221299999999999,-27.931,27.815,-1005.174,-0.843,328.71,-1429.625,0.064407,0,7.3283,27.19893000023278,-1111.2900000000002,2519.2377309624376,328.7099999999998,359.2377309624376,-1114.6194060453288,30.527730962437772
7.2263,-27.931,21.045,-1023.643,-0.436,319.57,-1476.916,1.318754,1,7.3333,21.105464262390292,-1120.43,2512.735117649884,319.56999999999994,352.73511764988416,-1399.584762644738,33.16511764988422
7.2324,-45.931,14.232,-1011.638,0.12,310.43,-1487.79,1.318754,0,7.3394,14.07593127852037,-1129.5700000000002,2502.078300859163,310.42999999999984,342.07830085916294,-1930.2494860081563,31.6483008591631
7.2374,-45.931,6.209,-972.853,0.751,300.23,-1595.515,1.318754,0,7.3444,6.358014352859522,-1139.77,2490.7754083071404,300.23,330.7754083071404,-2399.8204915775154,30.545408307140406
7.2425,-45.931,-0.165,-954.384,-0.17,291.45,-1535.735,1.318754,0,7.3495,-0.6382623052848964,-1148.55,2476.7367820139702,291.45000000000005,316.73678201397024,-2918.3264648798818,25.286782013970196
7.2474,-45.931,-12.473,-890.666,0.71,291.45,-1535.735,1.211759,1,7.3544,-11.896240571745057,-1148.55,2460.622385615611,291.45000000000005,300.62238561561117,-3429.2516205305865,9.17238561561112
7.2524,-57.931,-18.166,-826.948,1.316,280.9,-1619.563,1.211759,0,7.3594,-18.144879999977174,-1159.1000000000001,2442.3900067128357,280.89999999999986,282.39000671283566,-3708.042344434084,1.4900067128357932
7.2574,-57.931,-23.529,-794.627,0.403,270.7,-1691.862,1.211759,0,7.3644,-23.078508000247542,-1169.3000000000002,2423.7392490014818,270.6999999999998,263.73924900148177,-3723.407790975103,-6.960750998518051
7.2623,-57.931,-23.529,-794.627,0.403,260.86,-1667.17,1.211759,0,7.3693,-23.78904900041226,-1179.14,2405.7295956195376,260.8599999999999,245.72959561953758,-3649.4072982807024,-15.130404380462323
7.2673,-57.931,-28.628,-751.225,0.76,251.37,-1614.211,0.133414,1,7.3743,-28.97969001947368,-1188.63,2388.0866388469085,251.3699999999999,228.0866388469085,-3452.622692210447,-23.28336115309139
7.2724,-63.931,-37.771,-631.177,1.391,243.28,-1594.998,0.133414,0,7.3794,-37.451977568281166,-1196.72,2371.9517744463055,243.27999999999997,211.95177444630554,-3025.2898462590542,-31.328225553694438
7.2774,-63.931,-41.75,-580.387,0.801,243.28,-1594.998,0.133414,0,7.3844,-41.41576400018451,-1196.72,2358.1345051017624,243.27999999999997,198.13450510176244,-2681.1856829287117,-45.14549489823753
7.2823,-63.931,-41.75,-580.387,0.801,234.84,-1418.787,0.133414,0,7.3893,-42.09835000055481,-1205.16,2345.5927189986505,234.83999999999992,185.59271899865053,-2503.872987619625,-49.24728100134939
7.2874,-63.931,-48.717,-473.267,0.884,227.11,-1352.4,-0.136503,1,7.3944,-48.392475059002926,-1212.89,2333.7305317025566,227.1099999999999,173.73053170255662,-2241.5547572538303,-53.37946829744328
7.2924,-63.931,-51.684,-410.473,0.976,220.43,-1233.418,-0.136503,0,7.3994,-51.65449599996787,-1219.57,2323.460449216907,220.43000000000006,163.4604492169069,-1983.899041869585,-56.969550783093155
7.2974,-63.931,-54.19,-351.372,0.976,214.1,-1128.838,-0.136503,0,7.4044,-53.979496000116555,-1225.9,2314.040327358297,214.0999999999999,154.04032735829696,-1852.3022987379336,-60.059672641702946
7.3033,-63.931,-54.19,-351.372,0.976,208.83,-1014.882,-0.136503,0,7.4103,-54.56452745083655,-1231.17,2303.471759841403,208.82999999999993,143.47175984140313,-1759.5978752470076,-65.3582401585968
7.3084,-63.931,-58.388,-239.635,0.81,203.2,-1050.547,-0.034181,1,7.4154,-58.216052078243536,-1236.8,2294.8273763641896,203.20000000000005,134.8273763641896,-1665.4943814393855,-68.37262363581044
7.3134,-57.931,-59.817,-195.309,0.569,203.2,-1050.547,-0.034181,0,7.4204,-59.78743200001643,-1236.8,2286.766862694758,203.20000000000005,126.76686269475795,-1596.4599823395772,-76.4331373052421
7.3184,-57.931,-60.894,-134.362,1.49,198.28,-888.024,-0.034181,0,7.4254,-60.82507199992459,-1241.72,2278.8402119024095,198.27999999999997,118.84021190240946,-1584.3209613819233,-79.43978809759051
7.3233,-57.931,-60.894,-134.362,1.49,193.71,-825.249,-0.034181,0,7.4303,-60.94690490194039,-1246.2900000000002,2271.0303000709587,193.7099999999998,111.03030007095867,-1599.168477642336,-82.67969992904113
7.328399999999999,-57.931,-61.487,13.39,0.81,189.49,-764.156,0.198551,1,7.4354,-61.43852815680964,-1250.51,2262.7862066682615,189.49,102.78620666826146,-1624.8925917680735,-86.70379333173855
7.3334,-45.931,-61.311,37.4,0.502,185.98,-669.253,0.198551,0,7.4404,-61.32578399999175,-1254.0200000000002,2254.5555099866915,185.9799999999998,94.5555099866915,-1655.5831550388593,-91.42449001330829
7.3384,-45.931,-61.311,37.4,0.502,183.16,-608.125,0.198551,0,7.4454,-61.22139999990152,-1256.84,2246.1628277122454,183.16000000000008,86.16282771224542,-1688.432833268607,-96.99717228775467
7.3435,-45.931,-59.883,162.065,0.926,183.16,-608.125,0.198551,0,7.4505,-59.9879999999179,-1256.84,2237.450028793478,183.16000000000008,77.45002879347794,-1716.1775230484402,-105.70997120652214
7.3484,-45.931,-59.883,162.065,0.926,180.7,-485.156,0.403794,1,7.4554,-59.71698399981727,-1259.3,2228.9830879443066,180.70000000000005,68.98308794430659,-1731.0854748249633,-111.71691205569346
7.3534,-27.931,-57.289,215.625,0.544,178.24,-446.372,0.403794,0,7.4604,-57.36107199995967,-1261.76,2220.3663277299474,178.24,60.36632772994744,-1715.7013785060517,-117.87367227005257
7.3584,-27.931,-55.553,300.582,1.656,175.78,-428.731,0.403794,0,7.4654,-55.516391999959644,-1264.22,2211.9633876000203,175.77999999999997,51.96338760002027,-1663.2156391317378,-123.8166123999797
7.3633999999999995,-27.931,-53.245,370.765,1.075,174.02,-358.144,0.403794,0,7.4704,-53.217280000015535,-1265.9799999999998,2203.903972428484,174.0200000000002,43.90397242848394,-1586.3646311226255,-130.11602757151627
7.368399999999999,-27.931,-50.607,408.626,0.726,174.02,-358.144,1.126065,1,7.4754,-50.7758320001864,-1265.9799999999998,2196.2911386452306,174.0200000000002,36.2911386452306,-1498.2166159191145,-137.7288613547696
7.3734,-3.931,-50.607,408.626,0.726,172.97,-261.435,1.126065,0,7.4804,-50.097456000286456,-1267.03,2189.0944332460276,172.97000000000003,29.09443324602762,-1404.5818616566378,-143.8755667539724
7.3784,-3.931,-44.541,530.521,2.213,171.56,-277.449,1.126065,0,7.4854,-44.929224000429905,-1268.4399999999998,2182.6633484333747,171.56000000000017,22.663348433374722,-1231.7119351476817,-148.89665156662545
7.3834,-3.931,-44.541,530.521,2.213,170.86,-191.067,1.126065,0,7.4904,-43.934134426571205,-1269.1399999999999,2177.1715737914465,170.86000000000013,17.171573791446463,-1040.0783328205493,-153.68842620855366
7.3895,-3.931,-35.727,638.565,0.262,170.16,-153.768,1.996411,1,7.4965,-35.94083405804472,-1269.84,2172.06204623283,170.16000000000008,12.062046232830198,-712.8578079895734,-158.09795376716988
7.3944,26.069,-31.441,645.952,0.062,170.16,-76.884,1.996411,0,7.5014,-31.7209020411272,-1269.84,2169.6319882595412,170.16000000000008,9.631988259541231,-421.4352125870469,-160.52801174045885
7.3994,26.069,-31.441,645.952,0.062,169.8,-67.774,1.996411,0,7.5064,-31.064696154058627,-1270.2,2168.054675011815,169.79999999999995,8.054675011815107,-273.42788366094203,-161.74532498818485
7.404599999999999,26.069,-26.782,735.527,2.437,169.8,-33.887,1.996411,0,7.5116,-26.23144784584324,-1270.2,2167.52983588798,169.79999999999995,7.529835887979971,10.788895733823594,-162.27016411201998
7.4096,26.069,-15.748,862.039,0.311,169.8,-33.887,2.989917,1,7.5166,-16.068842666309024,-1270.2,2169.421220132551,169.79999999999995,9.421220132550843,548.903138253784,-160.3787798674491
7.4144,56.069,-9.968,860.192,-0.021,170.16,10.444,2.989917,0,7.5214,-10.353333333762636,-1269.84,2173.656321485859,170.16000000000008,13.656321485858825,989.068207071065,-156.50367851414126
7.4193999999999996,56.069,-9.968,860.192,-0.021,170.86,70.848,2.989917,0,7.5264,-8.911868000598202,-1269.1399999999999,2179.526860950634,170.86000000000013,19.526860950633818,1267.9523753883534,-151.3331390493663
7.4243999999999994,56.069,2.605,1006.097,1.208,171.91,122.814,2.989917,0,7.5314,2.2377679995902073,-1268.09,2187.5091901725364,171.91000000000008,27.509190172536364,1764.6543256282998,-144.40080982746372
7.4294,56.069,9.44,1027.336,0.444,172.62,119.283,3.785681,1,7.5364,9.40758075473557,-1267.38,2198.4470637444983,172.6199999999999,38.44706374449834,2341.895009924319,-134.17293625550155
7.434699999999999,80.069,16.276,1016.255,-0.187,173.67,147.859,3.785681,0,7.5417,16.337036890747118,-1266.3300000000002,2212.3675843960023,173.66999999999985,52.36758439600226,2743.833375142867,-121.30241560399759
7.4395,80.069,23.111,1037.494,0.843,173.67,147.859,3.785681,0,7.5465,23.11533195152719,-1266.3300000000002,2226.516498744588,173.66999999999985,66.5164987445878,3023.988880774427,-107.15350125541204
7.4444,80.069,30.145,1054.116,0.328,174.73,163.62,3.785681,0,7.5514,30.134340734681956,-1265.27,2241.94872353682,174.73000000000002,81.94872353682013,3188.095664799897,-92.78127646317989
7.4494,80.069,37.156,1040.265,-0.245,175.43,140.162,4.97673,1,7.5564,37.14869200000417,-1264.57,2257.9439309927025,175.43000000000006,97.94393099270246,3185.642810817886,-77.4860690072976
7.4544,99.535,44.08,1012.561,-0.992,176.48,157.518,4.97673,0,7.5614,44.06444799998254,-1263.52,2273.3401387038057,176.48000000000002,113.34013870380568,3017.7410694063433,-63.13986129619434
7.4594,99.535,50.761,990.398,-0.004,176.84,107.506,4.97673,0,7.5664,50.734165230784505,-1263.16,2287.414461986986,176.83999999999992,127.41446198698623,2719.1274579226993,-49.42553801301369
7.4646,99.535,57.377,971.93,-0.237,177.19,83.944,4.97673,0,7.5716,56.842630768925524,-1262.8100000000002,2300.3429024037378,177.18999999999983,140.34290240373775,2394.1652015129885,-36.847097596262074
7.4704,99.535,57.377,971.93,-0.237,177.19,83.944,6.108418,1,7.5774,58.23223200096272,-1262.8100000000002,2312.9161701515295,177.18999999999983,152.9161701515295,2026.0877473523806,-24.273829848470314
7.4754,122.168,70.74,866.656,-1.316,177.54,68.925,6.108418,0,7.5824,70.09202400037086,-1262.46,2321.1278546500453,177.53999999999996,161.12785465004526,1460.53591336837,-16.4121453499547
7.4803999999999995,122.168,76.389,846.341,0.253,177.54,34.462,6.108418,0,7.5874,76.389,-1262.46,2326.2981166723284,177.53999999999996,166.29811667232843,870.6038539594656,-11.24188332767153
7.485399999999999,122.168,82.038,846.341,0.262,176.84,-35.38,6.108418,0,7.5924,82.0324560000031,-1263.16,2329.2230852573907,176.83999999999992,169.22308525739072,468.4663534473618,-7.616914742609197
7.4904,122.168,87.621,827.872,-0.295,176.13,-76.936,7.653425,1,7.5974,87.60973599998732,-1263.87,2330.211788744031,176.1300000000001,170.21178874403086,80.42978524978493,-5.918211255969254
7.4954,150.802,93.028,792.781,-0.743,175.08,-125.179,7.653425,0,7.6024,93.02791600000005,-1264.9199999999998,2329.275901307989,175.08000000000015,169.275901307989,-299.0512576028389,-5.804098692011166
7.5004,150.802,98.434,832.489,1.358,174.02,-165.087,7.653425,0,7.6074,98.45659200002558,-1265.9799999999998,2326.4604643846,174.0200000000002,166.46046438460007,-679.5501840221476,-7.5595356154001365
7.5054,150.802,104.193,879.585,0.743,174.02,-165.087,7.653425,0,7.6124,104.20585199999259,-1265.9799999999998,2321.6739956849465,174.0200000000002,161.67399568494648,-1076.0797552133447,-12.346004315053733
7.5104,150.802,110.105,890.666,0.087,172.97,-159.863,7.649941,1,7.6174,110.10365599999848,-1267.03,2314.8671087558323,172.97000000000003,154.8671087558323,-1486.4483790943411,-18.102891244167722
7.5154,173.436,115.996,876.814,-0.212,171.91,-164.1,7.649941,0,7.6224,115.5011560002853,-1268.09,2306.17648457403,171.91000000000008,146.17648457402993,-1823.5209173790292,-25.733515425970154
7.5203999999999995,173.436,115.996,876.814,-0.212,171.21,-143.554,7.649941,0,7.6274,116.37718400043289,-1268.79,2296.363236593805,171.21000000000004,136.36323659380514,-2019.347572625875,-34.846763406194896
7.525399999999999,173.436,121.952,908.212,1.067,170.16,-157.1,7.649941,0,7.6324,122.48934799968954,-1269.84,2285.352153284684,170.16000000000008,125.35215328468394,-2309.4862348238566,-44.807846715316145
7.5304,173.436,134.305,928.527,-0.087,170.16,-157.1,7.240709,1,7.6374,133.90403999954347,-1269.84,2272.2073559749106,170.16000000000008,112.20735597491057,-2761.4230508937285,-57.95264402508951
7.5354,190.07,140.393,898.977,-0.685,169.1,-162.52,7.240709,0,7.6424,139.88160800029615,-1270.9,2257.4391832546853,169.0999999999999,97.4391832546853,-3000.7000731945786,-71.6608167453146
7.5404,190.07,140.393,898.977,-0.685,167.7,-225.867,7.240709,0,7.6474,141.15543200086967,-1272.3,2242.246263646538,167.70000000000005,82.24626364653795,-3046.1136789312263,-85.45373635346209
7.5454,190.07,152.306,873.121,-0.037,165.94,-244.253,7.240709,0,7.6524,151.78898000029983,-1274.0600000000002,2227.306092659558,165.93999999999983,67.30609265955809,-2940.8607855295063,-98.63390734044174
7.5504,190.07,158.064,844.494,-0.527,163.83,-298.021,6.691728,1,7.6574,157.69548799957903,-1276.17,2213.4389547403553,163.82999999999993,53.43895474035526,-2708.8160212869843,-110.39104525964467
7.5564,200.703,158.064,844.494,-0.527,161.02,-378.343,6.691728,0,7.6634,158.4635520004571,-1278.98,2197.84830815135,161.01999999999998,37.84830815135001,-2538.2324716467865,-123.17169184864997
7.5614,200.703,164.307,770.618,-1.092,158.2,-460.696,6.691728,0,7.6684,164.55063328287713,-1281.8000000000002,2186.048696417046,158.19999999999982,26.048696417045903,-2254.084180687632,-132.15130358295391
7.5667,200.703,173.999,686.584,-0.668,154.34,-515.462,6.691728,0,7.6737,173.5815696932281,-1285.6599999999999,2175.9931109314857,154.34000000000015,15.993110931485717,-1736.683882103317,-138.34688906851443
7.5714999999999995,200.703,178.373,636.718,-0.668,154.34,-515.462,5.736265,1,7.6785,178.0312812502785,-1285.6599999999999,2168.90970635844,154.34000000000015,8.909706358439962,-1392.7893307674217,-145.43029364156018
7.5764,205.337,178.373,636.718,-0.668,149.77,-632.619,5.736265,0,7.6834,178.8583120005568,-1290.23,2162.7183281971334,149.76999999999998,2.71832819713336,-1204.382288248775,-147.05167180286662
7.5813999999999995,205.337,185.956,520.363,-0.801,144.84,-807.171,5.736265,0,7.6884,185.59597600021002,-1295.16,2157.657468809664,144.83999999999992,357.6574688096639,-920.2510175550085,-147.18253119033602
7.586399999999999,205.337,189.253,477.885,-0.901,139.22,-816.848,5.736265,0,7.6934,189.22906399997248,-1300.78,2154.1537981406086,139.22000000000003,354.1537981406086,-616.0581534120556,-145.0662018593914
7.5914,205.337,192.176,425.248,-0.735,132.89,-1018.751,4.169048,1,7.6984,192.1404680000208,-1307.1100000000001,2151.796219103569,132.88999999999987,351.796219103569,-414.73995211495884,-141.09378089643087
7.5965,203.971,194.726,359.683,-0.643,132.89,-1018.751,4.169048,0,7.7035,194.5384999998464,-1307.1100000000001,2150.2509192006078,132.88999999999987,350.25091920060777,-262.353108212524,-142.6390807993921
7.6014,203.971,194.726,359.683,-0.643,125.86,-1013.105,4.169048,0,7.7084,194.91063199989185,-1314.14,2149.2624709670686,125.8599999999999,349.26247096706857,-178.37039683487527,-136.59752903293133
7.6064,203.971,196.924,301.506,-0.984,118.48,-1138.393,4.169048,0,7.7134,196.89865599997074,-1321.52,2148.6900541700284,118.48000000000002,348.69005417002836,-81.91192213620083,-129.78994582997166
7.6114,203.971,198.726,250.716,-0.859,110.74,-1313.663,1.974742,1,7.7184,198.6959378823706,-1329.26,2148.727141210297,110.74000000000001,348.72714121029685,43.431876266738186,-122.01285878970316
7.616499999999999,196.605,200.199,202.697,-0.818,102.66,-1250.219,1.974742,0,7.7235,200.22914117649532,-1337.3400000000001,2149.354608389202,102.65999999999985,349.354608389202,157.82996268667955,-113.30539161079787
7.6215,196.605,202.045,63.256,-1.739,94.22,-1445.01,1.974742,0,7.7285,201.91328469398604,-1345.7800000000002,2150.499406010256,94.2199999999998,350.4994060102558,255.5008959141183,-103.72059398974397
7.626399999999999,196.605,202.133,-12.467,-1.15,86.84,-1344.546,1.974742,0,7.7334,202.10792757099938,-1353.1599999999999,2151.930618024425,86.84000000000015,351.9306180244248,301.4206123813609,-94.90938197557534
7.6315,196.605,201.825,-61.409,-0.527,86.84,-1344.546,0.052628,1,7.7385,201.8155496012042,-1353.1599999999999,2153.4531270090924,86.84000000000015,353.45312700909244,294.7175067788735,-93.3868729909077
7.6373999999999995,183.238,201.32,-73.414,-0.187,68.91,-1484.776,0.052628,0,7.7444,201.2931171525582,-1371.09,2155.078661314989,68.91000000000008,355.07866131498895,263.84392175848456,-73.83133868501113
7.642399999999999,183.238,200.572,-142.673,-1.407,68.91,-1484.776,0.052628,0,7.7494,200.54407592153626,-1371.09,2156.2483114070706,68.91000000000008,356.24831140707056,218.5924573613208,-72.66168859292952
7.6475,183.238,199.364,-196.233,-1.1,60.47,-1434.415,0.052628,0,7.7545,199.4528235293383,-1379.5299999999997,2157.161486919172,60.470000000000255,357.16148691917215,164.05723800595626,-63.30851308082811
7.6524,183.238,199.364,-196.233,-1.1,51.33,-1619.775,-3.187944,1,7.7594,199.16559999976909,-1388.67,2157.7838154670317,51.32999999999993,357.7838154670317,106.41802721998559,-53.546184532968255
7.6574,163.872,196.264,-251.64,-0.527,42.19,-1556.383,-3.187944,0,7.7644,196.35455199994644,-1397.81,2157.911247994034,42.190000000000055,357.91124799403406,-15.488504021772453,-44.278752005966
7.6624,163.872,194.242,-344.908,-1.723,32.7,-1600.005,-3.187944,0,7.7694,194.37140800015086,-1407.3,2157.344775713219,32.700000000000045,357.34477571321895,-148.39766049254067,-35.355224286781095
7.6674,163.872,194.242,-344.908,-1.723,23.91,-1440.501,-3.187944,0,7.7744,194.01864400013235,-1416.0899999999997,2156.3408573236275,23.91000000000031,356.34085732362746,-223.57252658321786,-27.56914267637285
7.6724,163.872,191.583,-416.014,-0.976,15.47,-1549.722,-6.66944,1,7.7794,191.36495199974547,-1424.53,2154.7527416369344,15.470000000000027,354.7527416369344,-375.8805886581426,-20.71725836306564
7.6774,138.506,185.517,-466.803,-0.286,15.47,-1549.722,-6.66944,0,7.7844,185.72926799987403,-1424.53,2151.8535667756782,15.470000000000027,351.85356677567825,-670.5602718235192,-23.61643322432178
7.6823999999999995,138.506,181.978,-577.617,-2.271,7.38,-1432.118,-6.66944,0,7.7894,181.93441599994912,-1432.62,2147.448499150636,7.380000000000109,347.44849915063605,-967.842620619726,-19.931500849364056
7.6874,138.506,177.758,-657.034,-0.926,359.3,-1318.802,-6.66944,0,7.7944,177.73212800001534,-1440.7,2141.6847674623564,359.29999999999995,341.6847674623564,-1232.4371168522734,-17.61523253764358
7.6924,138.506,173.23,-686.584,-0.585,351.91,-1369.355,-4.265271,1,7.7994,173.22302399999182,-1448.09,2134.542140378111,351.9100000000001,334.54214037811107,-1514.8941854092172,-17.36785962188901
7.6974,108.506,168.593,-697.665,-0.12,345.23,-1172.71,-4.265271,0,7.8044,168.5633480000177,-1454.77,2125.968159635475,345.23,325.9681596354749,-1798.4558410671966,-19.261840364525142
7.7024,108.506,163.603,-790.934,-2.42,338.2,-1267.089,-4.265271,0,7.8094,163.5566639999456,-1461.8000000000002,2116.002166485539,338.1999999999998,316.00216648553896,-2078.153139921739,-22.197833514460854
7.7074,108.506,157.889,-874.044,-1.108,338.2,-1267.089,-4.265271,0,7.8144,157.853804000021,-1461.8000000000002,2104.6561865943772,338.1999999999998,304.65618659437723,-2347.144539368271,-33.543813405622586
7.7124,108.506,151.756,-912.829,-0.386,331.88,-1098.439,-1.203893,1,7.8194,152.14851200046147,-1468.1200000000001,2092.233058989674,331.8799999999999,292.2330589896742,-2527.749839797537,-39.64694101032569
7.7184,78.506,151.756,-912.829,-0.386,325.9,-1124.805,-1.203893,0,7.8254,151.29743999946012,-1474.1,2076.811694581426,325.9000000000001,276.81169458142585,-2582.498160005581,-49.08830541857424
7.7234,78.506,144.591,-898.054,0.32,319.22,-1053.219,-1.203893,0,7.8304,144.0906120002995,-1480.78,2063.949338818331,319.22,263.94933881833094,-2558.8385398086816,-55.270661181669084
7.7284,78.506,131.469,-1024.566,-0.793,312.89,-1136.847,-1.203893,0,7.8354,131.86151200046277,-1487.11,2051.7891260062606,312.8900000000001,251.78912600626063,-2355.8523862872667,-61.10087399373947
7.7334,78.506,124.48,-1045.805,-0.004,306.21,-1051.011,0.283928,1,7.8404,124.51316599998016,-1493.79,2041.1929444580996,306.21000000000004,241.19294445809965,-2018.6748458778163,-65.01705554190039
7.7394,48.506,116.567,-1009.791,0.369,299.53,-1168.66,0.283928,0,7.8464,117.12090999966749,-1500.47,2030.4455818028073,299.53,230.44558180280728,-1695.1395631311946,-69.08441819719269
7.7444,48.506,116.567,-1009.791,0.369,299.53,-1168.66,0.283928,0,7.8514,115.68856862641236,-1500.47,2022.786936411425,299.53,222.7869364114249,-1441.6094621022053,-76.74306358857507
7.749499999999999,48.506,102.567,-1081.82,-0.76,292.15,-1118.709,0.283928,0,7.8565,103.03957502961453,-1507.85,2017.2252624736418,292.1500000000001,217.2252624736418,-905.6630007861228,-74.92473752635829
7.7543999999999995,48.506,95.291,-1092.901,-0.062,285.12,-1253.787,0.36926,1,7.8614,95.3076073469584,-1514.88,2015.058988741742,285.1199999999999,215.05898874174204,-261.5788219299808,-70.06101125825785
7.759399999999999,18.506,88.126,-1066.121,0.619,277.73,-1172.039,0.36926,0,7.8664,88.12784799999902,-1522.2699999999998,2015.5253627474267,277.73000000000025,215.5253627474267,238.71949203834967,-62.20463725257355
7.7644,18.506,80.983,-1085.514,-0.826,270.7,-1267.203,0.36926,0,7.8714,80.9767794509729,-1529.3,2018.4036083910407,270.70000000000005,218.40360839104073,722.0161870999026,-52.29639160895931
7.7695,18.506,73.598,-1120.605,-0.627,263.32,-1171.792,0.36926,0,7.8765,73.58053970589712,-1536.6799999999998,2023.8103535510857,263.32000000000016,223.81035355108565,1205.1622736697877,-39.50964644891451
7.7745,18.506,66.125,-1112.294,-0.203,256.99,-1200.37,1.025478,1,7.8815,66.12366377550909,-1543.01,2031.4316267093723,256.99,231.43162670937227,1657.7589216635215,-25.558373290627742
7.7794,-5.494,58.784,-1084.59,0.735,256.99,-1200.37,1.025478,0,7.8864,59.41322857104819,-1543.01,2040.770762326129,256.99,240.770762326129,1985.3953656558112,-16.21923767387102
7.7844,-5.494,58.784,-1084.59,0.735,250.66,-1065.69,1.025478,0,7.8914,57.85414399889289,-1549.3400000000001,2051.4046158508086,250.65999999999985,251.40461585080857,2191.941556054238,0.7446158508087137
7.7894,-5.494,44.255,-1091.054,-0.095,245.74,-1007.339,1.025478,0,7.8964,44.869879999627805,-1554.2599999999998,2063.170299777988,245.74000000000024,263.170299777988,2417.063686740721,17.430299777987784
7.7943999999999996,-5.494,37.046,-1072.585,0.361,241.17,-839.114,-0.69533,1,7.9014,37.062896000020146,-1558.8300000000002,2075.6376568047667,241.16999999999985,275.6376568047667,2506.436772007121,34.467656804766875
7.7993999999999994,-23.494,30.101,-1023.643,0.959,237.66,-758.447,-0.69533,0,7.9064,30.684379999646378,-1562.34,2088.029192475345,237.66000000000008,288.0291924753451,2461.487502374559,50.36919247534502
7.8044,-23.494,30.101,-1023.643,0.959,237.66,-758.447,-0.69533,0,7.9114,29.671943999487013,-1562.34,2100.1071846412333,237.66000000000008,300.1071846412333,2391.8846150860645,62.44718464123321
7.8094,-23.494,23.397,-988.552,-0.029,234.84,-579.659,-0.69533,0,7.9164,22.880064000314224,-1565.16,2111.390212647662,234.83999999999992,311.3902126476619,2160.7790475552606,76.55021264766197
7.8144,-23.494,10.539,-917.446,0.834,232.73,-496.459,-4.034792,1,7.9214,11.000845333886264,-1567.27,2120.2803539511187,232.73000000000002,320.28035395111874,1597.5900658673354,87.55035395111872
7.820399999999999,-47.494,3.769,-836.183,1.167,231.68,-326.651,-4.034792,0,7.9274,3.781266666681448,-1568.3200000000002,2127.251729387937,231.67999999999984,327.25172938793685,977.8556185571309,95.57172938793701
7.8254,-47.494,-1.681,-825.101,-0.237,231.33,-197.092,-4.034792,0,7.9324,-1.6829319999989036,-1568.67,2130.921694304225,231.32999999999993,330.9216943042252,633.3609431434893,99.59169430422526
7.8304,-47.494,-7.154,-818.637,-0.303,231.68,-72.963,-4.034792,0,7.9374,-7.145751529401878,-1568.3200000000002,2132.898431181048,231.67999999999984,332.8984311810482,291.219900588351,101.21843118104835
7.8355,-47.494,-12.605,-812.173,0.037,233.09,96.78,-8.220684,1,7.9425,-12.592532522635034,-1566.91,2133.147817153903,233.08999999999992,333.1478171539029,-54.89717448733762,100.05781715390299
7.8407,-77.494,-17.99,-793.704,0.627,234.84,178.348,-8.220684,0,7.9477,-17.518812499800784,-1565.16,2131.8022553067763,234.83999999999992,331.80225530677626,-329.78044370904956,96.96225530677634
7.8454,-77.494,-17.99,-793.704,0.627,234.84,178.348,-8.220684,0,7.9524,-18.43864399972577,-1565.16,2129.792139509365,234.83999999999992,329.7921395093649,-465.16318956066823,94.952139509365
7.8504,-77.494,-23.331,-837.106,-1.739,236.95,289.515,-8.220684,0,7.9574,-23.750200000504698,-1563.0500000000002,2126.631056632892,236.94999999999982,326.63105663289207,-739.9204790072628,89.68105663289225
7.8553999999999995,-77.494,-35.222,-912.829,-0.237,239.77,355.087,-7.390969,1,7.9624,-34.724520706186794,-1560.2300000000002,2120.986198165617,239.76999999999975,320.9861981656172,-1297.7698910004049,81.21619816561747
7.8605,-107.494,-41.31,-910.058,0.336,242.58,442.787,-7.390969,0,7.9675,-41.335452941198376,-1557.4199999999998,2112.5571983842024,242.58000000000015,312.55719838420237,-1786.1929263230156,69.97719838420221
7.8655,-107.494,-47.618,-967.312,-1.557,246.45,509.466,-7.390969,0,7.9725,-47.65627755098751,-1553.5500000000002,2102.536766109438,246.44999999999982,302.53676610943785,-2091.053333406288,56.08676610943803
7.8704,-107.494,-54.3,-1023.643,-0.826,250.66,662.102,-7.390969,0,7.9774,-54.28430141285392,-1549.3400000000001,2091.450407512532,250.65999999999985,291.4504075125319,-2327.802537167784,40.790407512532056
7.8755999999999995,-107.494,-61.136,-1040.265,-0.079,250.66,662.102,-5.196379,1,7.9826,-61.17392307687714,-1549.3400000000001,2078.7682707022186,250.65999999999985,278.7682707022186,-2475.4685578341764,28.10827070221876
7.8804,-131.494,-68.015,-1020.872,0.436,255.23,641.063,-5.196379,0,7.9874,-67.99953599998133,-1544.7700000000002,2066.784622572868,255.2299999999998,266.7846225728681,-2493.881828906052,11.554622572868311
7.8854,-131.494,-74.939,-1042.112,-0.66,260.16,855.114,-5.196379,0,7.9924,-74.9463079999955,-1539.84,2054.661277630059,260.1600000000001,254.66127763005898,-2382.298036265481,-5.498722369941106
7.8904,-131.494,-81.95,-1049.499,-0.286,266.13,865.788,-5.196379,0,7.9974,-81.95563200000683,-1533.87,2043.516981859822,266.1300000000001,243.51698185982195,-2150.839865539821,-22.613018140178156
7.8953999999999995,-131.494,-89.049,-1045.805,0.129,271.76,976.622,-3.953771,1,8.0024,-88.45268400036753,-1528.24,2033.7449433020222,271.76,233.7449433020222,-1880.5064572269287,-38.0150566979778
7.9005,-149.494,-89.049,-1045.805,0.129,271.76,976.622,-3.953771,0,8.0075,-89.9752500008003,-1528.24,2024.9979955552715,271.76,224.99799555527147,-1631.0762442327991,-46.76200444472852
7.9064000000000005,-149.494,-103.622,-980.241,0.145,283.71,986.063,-3.953771,0,8.0134,-103.24516799954145,-1516.29,2017.286059238601,283.71000000000004,217.28605923860096,-1110.0541534022711,-66.42394076139908
7.9113999999999995,-149.494,-110.084,-959.925,0.386,283.71,986.063,-3.953771,0,8.0184,-109.54119200033536,-1516.29,2013.5738762713004,283.71000000000004,213.57387627130038,-624.9008468595595,-70.13612372869966
7.9164,-149.494,-110.084,-959.925,0.386,290.04,956.562,-0.737661,1,8.0234,-110.4806720004836,-1509.96,2011.2549404675865,290.03999999999996,211.2549404675865,-399.66754620892533,-78.78505953241347
7.921399999999999,-161.494,-116.282,-909.135,0.718,295.66,985.311,-0.737661,0,8.0284,-116.24504000002268,-1504.34,2010.1543680270142,295.6600000000001,210.15436802701424,-126.46548697703194,-85.50563197298584
7.9264,-161.494,-122.04,-840.8,1.366,301.29,928.362,-0.737661,0,8.0334,-122.34105600036767,-1498.71,2011.0533185088773,301.28999999999996,211.05331850887728,330.07062949231226,-90.23668149112268
7.931399999999999,-161.494,-132.502,-748.455,0.519,306.21,939.072,-0.737661,0,8.0384,-132.02202400029722,-1493.79,2014.658009411678,306.21000000000004,214.658009411678,882.5179431014927,-91.55199058832204
7.9364,-161.494,-137.25,-692.125,1.092,306.21,939.072,2.7212,1,8.0434,-136.94612799962866,-1493.79,2020.5524803156306,306.21000000000004,220.55248031563065,1275.3171419239131,-85.65751968436939
7.941400000000001,-167.494,-137.25,-692.125,1.092,310.78,780.597,2.7212,0,8.0484,-137.6118719997749,-1489.22,2027.479156808392,310.78,227.47915680839196,1426.1974213532044,-83.30084319160801
7.9464,-167.494,-141.558,-621.019,1.175,315.35,865.42,2.7212,0,8.0534,-141.5326559999689,-1484.6499999999999,2035.133295439735,315.35000000000014,235.1332954397351,1583.1470150862544,-80.21670456026504
7.9514000000000005,-167.494,-145.47,-573.0,0.511,319.57,749.527,2.7212,0,8.0584,-145.4442120000162,-1480.43,2043.7312115648303,319.56999999999994,243.73121156483035,1773.0743230770051,-75.83878843516959
7.9563999999999995,-167.494,-149.075,-518.516,0.527,323.09,713.168,4.850704,1,8.0634,-149.2367280001981,-1476.9099999999999,2053.1516909075376,323.09000000000015,253.1516909075376,1931.293500372278,-69.93830909246253
7.9614,-167.494,-155.207,-404.932,0.743,326.95,638.297,4.850704,0,8.0684,-154.90241600019016,-1473.05,2063.262286755813,326.95000000000005,263.26228675581297,2053.157162531006,-63.68771324418708
7.966399999999999,-167.494,-157.713,-363.377,0.942,329.77,592.821,4.850704,0,8.0734,-157.68906399997056,-1470.2300000000002,2073.7350762708033,329.76999999999975,273.73507627080335,2106.638866732856,-56.03492372919641
7.9714,-167.494,-159.845,-298.736,0.843,329.77,592.821,4.850704,0,8.0784,-159.8209760000151,-1470.2300000000002,2084.322438076772,329.76999999999975,284.32243807677196,2119.3127106811057,-45.447561923227795
7.976399999999999,-167.494,-161.691,-254.41,0.619,332.58,503.293,5.928062,1,8.0834,-161.57285599985482,-1467.4199999999998,2094.9076311416443,332.58000000000015,294.9076311416443,2115.9992447975956,-37.67236885835587
7.9814,-161.494,-161.691,-254.41,0.619,335.39,507.067,5.928062,0,8.0884,-161.9070479998648,-1464.61,2105.4713289048645,335.3900000000001,305.47132890486455,2109.077016343051,-29.91867109513555
7.986400000000001,-161.494,-164.263,-137.132,1.299,337.85,441.937,5.928062,0,8.0934,-164.09839199979692,-1462.15,2115.9125296802617,337.8499999999999,315.91252968026174,2076.8507041450075,-21.937470319738168
7.992399999999999,-161.494,-164.263,-137.132,1.299,339.61,391.855,5.928062,0,8.0994,-164.3065840000537,-1460.3899999999999,2128.1927023963585,339.6100000000001,328.1927023963585,2036.343142604217,-11.4172976036416
7.9974,-161.494,-164.944,10.62,0.602,341.72,350.597,5.23427,1,8.1044,-164.944,-1458.28,2139.5398622473263,341.72,339.53986224732625,2018.4905517163445,-2.1801377526737724
