time_s,target_angle_deg,motor_angle_deg,motor_vel_deg_s,motor_torque_nm,pole_angle_deg,pole_vel_deg_s,policy_action,policy_updated,source_time_s,replay_motor_angle_deg,real_pole_angle_unwrapped_deg,sim_pole_angle_unwrapped_deg,real_pole_angle_wrapped_deg,sim_pole_angle_wrapped_deg,sim_pole_vel_deg_s,pole_angle_error_deg
0.0,0.0,372.517,1.385,-0.004,359.65,0.0,3.317785,1,0.1064,372.517,359.65,359.65,359.65,359.65,0.0,0.0
0.005100000000000007,366.517,372.539,-2.309,-0.046,359.65,0.0,3.317785,0,0.1115,372.4458453181272,359.65,359.6291658756944,359.65,359.6291658756944,-9.01019829777541,-0.020834124305565638
0.010000000000000009,366.517,371.638,-245.176,-5.094,359.65,0.0,3.317785,0,0.1164,371.638,359.65,359.44443406314315,359.65,359.44443406314315,-56.428250409501906,-0.20556593685682856
0.015,366.517,369.813,-252.563,0.976,1.76,180.876,3.317785,0,0.1214,369.8505,361.76000000000005,358.82184202731605,1.7600000000000477,358.82184202731605,-152.71168527385083,-2.938157972683939
0.020000000000000018,366.517,368.363,-198.08,0.743,2.81,177.812,4.544894,1,0.1264,368.363,362.80999999999995,357.71493120109,2.8099999999999454,357.71493120109,-251.80592369020547,-5.095068798910006
0.024999999999999994,354.517,367.308,-138.979,0.76,3.87,177.381,4.544894,0,0.1314,367.2734019607843,363.87,356.16317336068835,3.8700000000000045,356.16317336068835,-332.8565019029108,-7.706826639311657
0.030100000000000016,354.517,365.879,-108.505,-0.726,4.57,147.036,4.544894,0,0.1365,365.889335627451,364.57000000000005,354.1915060949427,4.57000000000005,354.1915060949427,-411.0899598568656,-10.378493905057326
0.03509999999999999,354.517,365.022,-133.438,-0.643,4.57,147.036,4.544894,0,0.1415,365.106843,364.57000000000005,351.92016154090544,4.57000000000005,351.92016154090544,-466.7428090569603,-12.649838459094553
0.04000000000000001,354.517,365.022,-133.438,-0.643,5.27,130.5,5.462532,1,0.1464,365.022,365.27000000000004,349.5454251368301,5.270000000000039,349.5454251368301,-492.3276335951759,-15.724574863169892
0.04500000000000001,336.517,364.011,-156.525,-0.278,5.62,94.689,5.462532,0,0.1514,363.86425686274515,365.62,346.92471389521285,5.6200000000000045,346.92471389521285,-544.3110777540469,-18.6952861047871
0.050100000000000006,336.517,361.483,-247.022,-1.739,6.33,107.808,5.462532,0,0.1565,361.49250819607846,366.33,343.7631286805258,6.329999999999984,343.7631286805258,-659.511521155625,-22.566871319474103
0.05510000000000001,336.517,359.505,-317.205,-1.108,7.73,170.916,5.462532,0,0.1615,359.700822,367.73,340.05082721154514,7.730000000000018,340.05082721154514,-767.1106511580552,-27.679172788454935
0.06,336.517,359.505,-317.205,-1.108,9.49,229.63,5.848722,1,0.1664,359.505,369.49,336.106262988166,9.490000000000009,336.106262988166,-821.616987718941,-33.383737011834
0.065,312.517,357.175,-351.372,-0.486,9.49,229.63,5.848722,0,0.1714,357.1619,369.49,331.7336275493382,9.490000000000009,331.7336275493382,-902.3229703815707,-37.756372450661786
0.07,312.517,354.714,-370.765,-0.32,11.6,288.146,5.848722,0,0.1764,354.71399999999994,371.59999999999997,326.7132247622538,11.599999999999966,326.7132247622538,-1061.7023339186378,-44.88677523774618
0.0761,312.517,347.416,-585.928,-1.034,13.71,325.62,5.848722,0,0.1825,347.45125329541656,373.71000000000004,319.0577490458291,13.710000000000036,319.0577490458291,-1356.8389136114918,-54.65225095417094
0.08100000000000002,312.517,343.372,-616.402,-0.386,16.88,426.536,5.914852,1,0.1874,343.38386874749904,376.88000000000005,311.56459030641525,16.880000000000052,311.56459030641525,-1588.0593001087507,-65.3154096935848
0.08610000000000001,282.517,339.284,-621.019,-0.062,20.39,505.605,5.914852,0,0.1925,339.27453501960787,380.39000000000004,302.83848578594404,20.390000000000043,302.83848578594404,-1764.7630821740279,-77.551514214056
0.09110000000000001,282.517,334.778,-722.598,-2.437,23.91,546.347,5.914852,0,0.1975,334.70840300000003,383.90999999999997,293.49604749532244,23.909999999999968,293.49604749532244,-1907.340584857134,-90.41395250467752
0.09610000000000002,282.517,329.569,-807.556,-1.324,27.77,594.818,5.914852,0,0.2025,329.561476,387.77,283.5694168194521,27.769999999999982,283.5694168194521,-2016.6378633766476,-104.20058318054788
0.1011,282.517,323.964,-849.111,-0.477,31.99,719.875,5.884161,1,0.2075,323.9707067647059,391.99,273.2953721172224,31.99000000000001,273.2953721172224,-2062.2298763596405,-118.69462788277758
0.10620000000000002,252.517,318.316,-847.264,-0.145,31.99,719.875,5.884161,0,0.2126,318.296512605042,391.99,262.870522013352,31.99000000000001,262.870522013352,-2026.6586363845875,-129.119477986648
0.1111,252.517,312.359,-925.757,-2.063,37.27,786.952,5.884161,0,0.2175,312.96077857142853,397.27000000000004,253.2872867050606,37.27000000000004,253.2872867050606,-1925.8871017891788,-143.98271329493946
0.11599999999999999,252.517,312.359,-925.757,-2.063,42.89,875.893,5.884161,0,0.2224,312.35899999999987,402.89,244.21652615480176,42.889999999999986,244.21652615480176,-1813.9982952920896,-158.67347384519826
0.121,252.517,305.853,-999.633,-1.233,48.87,936.613,5.651092,1,0.2274,305.17409019607845,408.87,235.92556441102525,48.870000000000005,235.92556441102525,-1561.7735811993182,-172.94443558897478
0.12610000000000002,222.517,292.292,-1008.867,0.095,55.55,1022.123,5.651092,0,0.2325,292.5446068627449,415.55,229.64977985570303,55.55000000000001,229.64977985570303,-1079.78039127044,174.099779855703
0.131,222.517,292.292,-1008.867,0.095,61.52,1110.762,5.651092,0,0.2374,290.90435294117646,421.52,225.69751945768124,61.51999999999998,225.69751945768124,-697.4689794673153,164.17751945768123
0.1361,222.517,278.138,-1103.059,-0.934,69.26,1201.463,5.651092,0,0.2425,278.40165294117617,429.26000000000005,223.61935144054414,69.26000000000005,223.61935144054414,-269.1909541447866,154.35935144054406
0.1411,222.517,278.138,-1103.059,-0.934,69.26,1201.463,4.7987,1,0.2475,276.677849,429.26000000000005,223.8441416914746,69.26000000000005,223.8441416914746,173.07457914978994,154.58414169147454
0.1461,192.517,263.389,-1090.131,0.619,76.64,1197.936,4.7987,0,0.2525,263.52891599999987,436.64,226.5091642210842,76.63999999999999,226.5091642210842,721.8325045472101,149.86916422108425
0.1511,192.517,256.004,-1110.447,-1.15,84.38,1262.98,4.7987,0,0.2575,256.73511500000006,444.38,232.2390792906698,84.38,232.2390792906698,1260.1633350715094,147.8590792906698
0.15600000000000003,192.517,256.004,-1110.447,-1.15,92.11,1276.185,4.7987,0,0.2624,256.0039999999999,452.11,239.12807273891485,92.11000000000001,239.12807273891485,1464.0659066099242,147.01807273891484
0.16100000000000003,192.517,248.356,-1145.538,-0.66,99.14,1222.811,2.498062,1,0.2674,247.76957049180328,459.14000000000004,247.291012741059,99.14000000000004,247.291012741059,1722.7208701949844,148.15101274105893
0.16710000000000003,162.517,231.871,-1107.676,0.652,106.17,1181.006,2.498062,0,0.2735,233.2087172131148,466.17,259.3742438117699,106.17000000000002,259.3742438117699,2078.538038265493,153.20424381176986
0.17210000000000003,162.517,231.871,-1107.676,0.652,112.15,1092.513,2.498062,0,0.2785,231.72867448979605,472.15000000000003,270.14181538119556,112.15000000000003,270.14181538119556,2175.855723684842,157.99181538119552
0.177,162.517,224.53,-1107.676,-0.685,112.15,1092.513,2.498062,0,0.2834,223.80947378951583,472.15000000000003,280.8080132976838,112.15000000000003,280.8080132976838,2162.3167791436053,168.65801329768374
0.18209999999999998,162.517,209.54,-1125.222,0.095,117.42,979.213,0.49152,1,0.2885,209.81922549019566,477.42,291.2177804982242,117.42000000000002,291.2177804982242,1973.4396821363505,173.7977804982242
0.1871,132.517,209.54,-1125.222,0.095,121.99,879.706,0.49152,0,0.2935,208.09737199999995,481.98999999999995,300.2824209419248,121.98999999999995,300.2824209419248,1740.5601112785687,178.29242094192483
0.1921,132.517,194.968,-1093.825,-0.785,125.86,763.774,0.49152,0,0.2985,195.1004098367345,485.86,307.7580107843544,125.86000000000001,307.7580107843544,1354.1873794461699,-178.10198921564563
0.197,132.517,187.517,-1124.299,-0.386,128.67,615.821,0.49152,0,0.3034,187.54250220088034,488.66999999999996,312.4399132944873,128.66999999999996,312.4399132944873,819.655941490867,-176.23008670551263
0.2021,132.517,180.022,-1125.222,0.021,130.78,484.26,-0.199091,1,0.3085,180.02213374509802,490.78000000000003,315.14434031793286,130.78000000000003,315.14434031793286,397.73763204999534,-175.63565968206717
0.2071,102.517,172.681,-1083.667,0.61,130.78,484.26,-0.199091,0,0.3135,172.687534,490.78000000000003,315.6657652147938,130.78000000000003,315.6657652147938,-12.3585901419125,-175.11423478520624
0.2121,102.517,165.406,-1107.676,-0.967,131.48,299.623,-0.199091,0,0.3185,165.3989137755102,491.47999999999996,314.19831770959087,131.47999999999996,314.19831770959087,-423.54954306082743,-177.2816822904091
0.21700000000000003,102.517,157.911,-1132.61,-0.494,131.84,180.203,-0.199091,0,0.3234,157.93452140856343,491.84000000000003,310.71423323368805,131.84000000000003,310.71423323368805,-820.6771181315149,178.87423323368802
0.22210000000000002,102.517,150.35,-1127.069,0.137,131.48,60.469,-0.068708,1,0.3285,150.49084215686253,491.47999999999996,305.3798881731152,131.47999999999996,305.3798881731152,-1127.6227356763013,173.89988817311524
0.22710000000000002,72.517,150.35,-1127.069,0.137,130.08,-87.63,-0.068708,0,0.3335,148.88123599999994,490.08000000000004,299.1309924958179,130.08000000000004,299.1309924958179,-1312.6488576432066,169.05099249581787
0.23210000000000003,72.517,135.514,-1114.141,-0.984,127.62,-248.111,-0.068708,0,0.3385,135.79588399999963,487.62,291.6824212275905,127.62,291.6824212275905,-1567.805776972929,164.0624212275905
0.237,72.517,135.514,-1114.141,-0.984,127.62,-248.111,-0.068708,0,0.3434,134.02498039215686,487.62,283.35084474414924,127.62,283.35084474414924,-1743.1259696791017,155.73084474414924
0.24209999999999998,72.517,120.326,-1135.38,0.071,124.45,-386.29,1.825319,1,0.3485,120.46483672548995,484.45000000000005,274.05702511415376,124.45000000000005,274.05702511415376,-1853.7012762072457,149.6070251141537
0.2471,42.517,112.743,-1101.212,0.436,120.23,-547.292,1.825319,0,0.3535,113.49371700000005,480.23,264.7611137981733,120.23000000000002,264.7611137981733,-1846.3934622036656,144.5311137981733
0.253,42.517,112.743,-1101.212,0.436,115.66,-656.11,1.825319,0,0.3594,111.16996078431373,475.66,254.3414179055397,115.66000000000003,254.3414179055397,-1707.8215747455627,138.68141790553966
0.2581,42.517,96.698,-1135.38,-0.494,109.69,-825.364,1.825319,0,0.3645,96.85280045098013,469.68999999999994,246.657322230721,109.68999999999994,246.657322230721,-1387.3178990808024,136.96732223072104
0.2631,42.517,89.115,-1131.686,-0.012,103.36,-941.551,3.829432,1,0.3695,89.138958,463.36,241.38079437516524,103.36000000000001,241.38079437516524,-936.6451606925649,138.02079437516522
0.2681,18.517,81.774,-1090.131,0.901,96.33,-1054.003,3.829432,0,0.3745,81.776926,456.33000000000004,237.92982778382807,96.33000000000004,237.92982778382807,-577.789545604208,141.599827783828
0.2731,18.517,74.587,-1079.973,-0.195,96.33,-1054.003,3.829432,0,0.3795,74.58482199999999,456.33000000000004,236.34885057115721,96.33000000000004,236.34885057115721,-211.3534551956889,140.01885057115715
0.2781,18.517,67.378,-1083.667,-0.137,89.3,-1106.483,3.829432,0,0.3845,67.38048899999998,449.3,236.5602826878488,89.30000000000001,236.5602826878488,159.25149928311276,147.26028268784876
0.2831,18.517,60.3,-1048.576,0.378,81.56,-1208.578,3.582784,1,0.3895,60.33946023529412,441.56,238.6442297922571,81.56,238.6442297922571,516.1096424572385,157.08422979225713
0.2882,0.517,53.487,-1001.48,0.917,73.83,-1249.958,3.582784,0,0.3946,53.48765474189676,433.83,242.44235809256614,73.82999999999998,242.44235809256614,846.322010996106,168.61235809256618
0.2931,0.517,46.959,-971.93,0.054,66.45,-1232.422,3.582784,0,0.3995,47.61846122448982,426.45000000000005,247.46107259799408,66.45000000000005,247.46107259799408,1078.2605164734784,-178.98892740200597
0.29810000000000003,0.517,46.959,-971.93,0.054,58.71,-1268.246,3.582784,0,0.4045,46.72972115384654,418.71,253.36860187200222,58.70999999999998,253.36860187200222,1230.984329374349,-165.34139812799776
0.3033,0.517,34.409,-905.441,0.926,58.71,-1268.246,2.761483,1,0.4097,34.96121979166674,418.71,260.4519752305682,58.70999999999998,260.4519752305682,1418.1106392704594,-158.25802476943176
0.3081,-11.483,28.65,-838.953,1.299,51.33,-1185.782,2.761483,0,0.4145,28.662083208333307,411.33,267.7075479628241,51.329999999999984,267.7075479628241,1542.0543474181854,-143.6224520371759
0.3131,-11.483,23.287,-793.704,0.286,43.59,-1325.333,2.761483,0,0.4195,23.306602,403.59,275.5552280274414,43.589999999999975,275.5552280274414,1574.08748358206,-128.0347719725586
0.3181,-11.483,18.122,-750.302,0.677,36.21,-1278.637,2.761483,0,0.4245,18.220134999999782,396.21,283.38835430668996,36.20999999999998,283.38835430668996,1561.1831669251267,-112.82164569331002
0.323,-11.483,18.122,-750.302,0.677,28.48,-1282.758,1.64649,1,0.4294,17.217,388.48,290.93780979299,28.480000000000018,290.93780979299,1525.7512143919853,-97.54219020701004
0.3281,-17.483,8.891,-629.33,1.183,20.39,-1301.176,1.64649,0,0.4345,9.06294999999962,380.39000000000004,298.3493448339982,20.390000000000043,298.3493448339982,1411.9117408316283,-82.04065516600184
0.3341,-17.483,8.891,-629.33,1.183,12.3,-1334.666,1.64649,0,0.4405,8.734801000000346,372.3,306.0386011625283,12.300000000000011,306.0386011625283,1212.9141145595781,-66.26139883747169
0.3391,-17.483,0.67,-524.98,0.677,12.3,-1334.666,1.64649,0,0.4455,1.1640100000000235,372.3,311.38237433753926,12.300000000000011,311.38237433753926,1002.0837862162526,-60.91762566246075
0.3441,-17.483,-2.561,-462.186,0.801,3.52,-1384.149,0.881662,1,0.4505,-2.5538940000000157,363.52,315.57601013516665,3.519999999999982,315.57601013516665,773.30575046935,-47.94398986483333
0.3491,-17.483,-5.418,-403.085,0.926,354.38,-1453.635,0.881662,0,0.4555,-5.381072999999999,354.38000000000005,318.9604283200147,354.38000000000005,318.9604283200147,640.2373248837216,-35.419571679985324
0.3541,-17.483,-7.902,-350.449,0.909,344.88,-1527.633,0.881662,0,0.4605,-7.894894000000017,344.88000000000005,321.7501899758449,344.88000000000005,321.7501899758449,521.4884143445929,-23.129810024155177
0.35910000000000003,-17.483,-10.012,-300.582,0.66,335.39,-1563.262,0.881662,0,0.4655,-9.977152000000002,335.39000000000004,323.98692616192955,335.39000000000004,323.98692616192955,419.63835364861745,-11.403073838070497
0.3641,-17.483,-11.77,-242.405,0.776,325.2,-1628.166,0.104924,1,0.4705,-11.764585000000013,325.2,325.7873143188376,325.2,325.7873143188376,334.22363894853555,0.5873143188376275
0.3691,-11.483,-13.243,-206.391,0.527,325.2,-1628.166,0.104924,0,0.4755,-13.203795999999997,325.2,327.2088072654483,325.2,327.2088072654483,266.29998189661956,2.008807265448297
0.3741,-11.483,-14.32,-139.902,1.441,315.0,-1649.442,0.104924,0,0.4805,-14.310804000000024,315.00000000000006,328.3676135245507,315.00000000000006,328.3676135245507,218.20318712924146,13.36761352455062
0.3791,-11.483,-14.913,-55.869,1.382,304.8,-1690.788,0.104924,0,0.4855,-14.865182999999996,304.80000000000007,329.37035687854814,304.80000000000007,329.37035687854814,196.25086277146525,24.57035687854807
0.3841,-11.483,-15.023,9.696,0.893,294.26,-1725.372,0.057288,1,0.4905,-15.017984000000014,294.26000000000005,330.3524353856796,294.26000000000005,330.3524353856796,198.77644078191247,36.09243538567955
0.3891,0.517,-14.869,32.782,0.577,284.06,-1709.757,0.057288,0,0.4955,-14.884246000000001,284.06,331.41265702008485,284.06,331.41265702008485,217.63269792067507,47.35265702008485
0.39409999999999995,0.517,-14.869,32.782,0.577,273.87,-1705.256,0.057288,0,0.5005,-14.859804000000029,273.87000000000006,332.5792275733409,273.87000000000006,332.5792275733409,241.3820936061415,58.709227573340854
0.39909999999999995,0.517,-14.385,101.118,1.607,273.87,-1705.256,0.057288,0,0.5055,-14.221847999999989,273.87000000000006,333.9434448770044,273.87000000000006,333.9434448770044,291.2057581389726,60.07344487700436
0.40409999999999996,0.517,-12.253,195.309,0.544,264.38,-1625.454,1.253311,1,0.5105,-12.267629999999953,264.38000000000005,335.7185794165557,264.38000000000005,335.7185794165557,387.6881687761074,71.33857941655566
0.40909999999999996,18.517,-10.891,204.544,0.453,254.53,-1631.429,1.253311,0,0.5155,-10.851696999999998,254.53000000000003,338.06264769987024,254.53000000000003,338.06264769987024,500.1163183613578,83.53264769987021
0.41409999999999997,18.517,-9.132,291.348,1.706,245.39,-1592.954,1.253311,0,0.5205,-9.120752000000037,245.39000000000004,340.9511982716877,245.39000000000004,340.9511982716877,615.817240022745,95.56119827168766
0.4191,18.517,-6.781,368.918,1.108,236.6,-1535.138,1.253311,0,0.5255,-7.013749000000016,236.60000000000005,344.4716863702509,236.60000000000005,344.4716863702509,734.2212195114145,107.87168637025081
0.4241,18.517,-6.781,368.918,1.108,228.16,-1454.827,2.760343,1,0.5305,-6.688074166666969,228.16000000000005,348.4894439722117,228.16000000000005,348.4894439722117,839.9611885278946,120.3294439722116
0.4301,42.517,-0.912,416.937,0.311,220.78,-1356.104,2.760343,0,0.5365,-1.0049258333330306,220.78000000000006,354.23475673970614,220.78000000000006,354.23475673970614,1016.6514277858926,133.4547567397061
0.4351,42.517,-0.912,416.937,0.311,220.78,-1356.104,2.760343,0,0.5415,-0.21573299999995144,220.78000000000006,359.9148109956867,220.78000000000006,359.9148109956867,1191.4072637071833,139.13481099568662
0.4401,42.517,6.121,598.856,1.2,213.4,-1281.073,2.760343,0,0.5465,6.066299000000179,213.40000000000006,366.76314673291967,213.40000000000006,6.763146732919665,1465.33094440843,153.36314673291963
0.4451,42.517,10.275,636.718,0.486,207.42,-1148.729,4.456861,1,0.5515,10.283712,207.42000000000004,375.34413383067823,207.42000000000004,15.344133830678231,1806.5098344082091,167.92413383067822
0.4501,72.517,14.517,634.871,0.012,201.45,-1070.976,4.456861,0,0.5565,14.43640200000026,201.45000000000002,385.1996933331766,201.45000000000002,25.199693333176583,2032.0874212172118,-176.25030666682343
0.4551,72.517,14.517,634.871,0.012,196.52,-947.051,4.456861,0,0.5615,15.515811000000069,196.52000000000007,395.9242356762405,196.52000000000007,35.92423567624053,2205.877614718815,-160.59576432375954
0.4601,72.517,24.606,834.336,1.233,191.95,-854.264,4.456861,0,0.5665,24.520355078431653,191.95000000000005,408.0261839576408,191.95000000000005,48.0261839576408,2534.386685208803,-143.92381604235925
0.4652,72.517,30.299,865.733,0.419,191.95,-854.264,6.061086,1,0.5716,30.333702521008405,191.95000000000005,422.2987602916301,191.95000000000005,62.29876029163012,2882.5123544865596,-129.65123970836993
0.4701,102.517,36.123,869.427,0.112,188.44,-699.289,6.061086,0,0.5765,36.124921714285705,188.44000000000005,437.0062876798306,188.44000000000005,77.00628767983062,3043.3986175177665,-111.43371232016943
0.4751,102.517,42.167,941.456,1.989,184.92,-665.919,6.061086,0,0.5815,42.230162,184.92000000000004,452.39971350031317,184.92000000000004,92.39971350031317,3079.296041271667,-92.52028649968688
0.4801,102.517,48.849,1010.714,1.216,181.76,-596.691,6.061086,0,0.5865,48.722042000000414,181.76000000000005,467.54013337213513,181.76000000000005,107.54013337213513,2995.4390092392623,-74.21986662786492
0.48510000000000003,102.517,48.849,1010.714,1.216,179.3,-503.05,7.12945,1,0.5915,50.21114100000009,179.30000000000007,481.9535733102718,179.30000000000007,121.95357331027179,2818.1216488318873,-57.346426689728276
0.49010000000000004,132.517,62.608,1022.719,-0.237,177.19,-427.486,7.12945,0,0.5965,62.47637507843181,177.19000000000005,494.6684320553454,177.19000000000005,134.66843205534542,2383.1700518809753,-42.521567944654635
0.49520000000000003,132.517,69.576,1067.045,1.349,177.19,-427.486,7.12945,0,0.6016,69.65008211284515,177.19000000000005,504.4660843340442,177.19000000000005,144.46608433404418,1750.2962525466928,-32.72391566595587
0.5001,132.517,77.027,1110.447,0.627,174.73,-414.263,7.12945,0,0.6065,77.02068767006804,174.73000000000005,511.34807816792477,174.73000000000005,151.34807816792477,1248.1845128737114,-23.381921832075278
0.5061,132.517,85.752,1115.064,0.029,172.62,-386.783,8.152386,1,0.6125,85.75293416666666,172.62000000000003,516.3112435156447,172.62000000000003,156.31124351564472,617.1936933648736,-16.308756484355314
0.5111000000000001,162.517,93.072,1088.284,-0.76,170.16,-395.91,8.152386,0,0.6175,92.34731999999998,170.16000000000005,517.7548158780086,170.16000000000005,157.75481587800857,184.6402197909764,-12.405184121991482
0.5161,162.517,93.072,1088.284,-0.76,167.7,-406.57,8.152386,0,0.6225,93.3509579999991,167.70000000000005,517.5450541710708,167.70000000000005,157.54505417107077,-164.18736615493313,-10.154945828929272
0.5210999999999999,162.517,107.754,1125.222,0.436,164.53,-461.875,8.152386,0,0.6275,106.30048199999983,164.53000000000006,514.8581913439397,164.53000000000006,154.85819134393967,-686.0643337166695,-9.671808656060392
0.5261,162.517,107.754,1125.222,0.436,161.37,-498.867,7.671517,1,0.6325,107.89598699999955,161.37000000000006,509.8724679778139,161.37000000000006,149.87246797781393,-1117.6444113212476,-11.497532022186135
0.5310999999999999,186.517,115.227,1125.222,-0.012,161.37,-498.867,7.671517,0,0.6375,115.92544500000002,161.37000000000006,502.9578221281752,161.37000000000006,142.95782212817522,-1537.863529004705,-18.412177871824838
0.5361,186.517,129.755,1079.973,0.361,157.5,-564.854,7.671517,0,0.6425,129.61552100000046,157.50000000000006,492.7338651274254,157.50000000000006,132.73386512742542,-2283.2129167079074,-24.76613487257464
0.5410999999999999,186.517,136.942,1077.203,0.021,152.93,-672.065,7.671517,0,0.6475,136.93774299999998,152.93000000000006,479.1163870887784,152.93000000000006,119.11638708877842,-2860.401809938384,-33.81361291122164
0.5461,186.517,144.086,1057.81,-0.32,148.01,-745.351,6.526109,1,0.6525,144.08096500000002,148.01000000000005,463.7381473639565,148.01000000000005,103.7381473639565,-3156.742408972944,-44.27185263604355
0.5510999999999999,204.517,150.965,1006.097,-0.851,142.03,-870.394,6.526109,0,0.6575,150.28397899999993,142.03000000000006,447.4775351663422,142.03000000000006,87.4775351663422,-3271.391457619439,-54.552464833657865
0.5561,204.517,150.965,1006.097,-0.851,135.0,-1013.536,6.526109,0,0.6625,151.2130639999992,135.00000000000006,431.14132242200566,135.00000000000006,71.14132242200566,-3251.6735604368496,-63.8586775779944
0.5610999999999999,204.517,164.021,960.848,-0.345,135.0,-1013.536,6.526109,0,0.6675,162.72845599999985,135.00000000000006,415.5335719455733,135.00000000000006,55.53357194557333,-3055.9882681443914,-79.46642805442673
0.5661,204.517,164.021,960.848,-0.345,127.27,-1148.717,4.565105,1,0.6725,164.24901899999924,127.27000000000004,401.25728035487765,127.27000000000004,41.25728035487765,-2755.320861431609,-86.01271964512239
0.5710999999999999,216.517,176.022,838.029,-1.341,118.83,-1282.845,4.565105,0,0.6775,175.3756289999999,118.83000000000007,388.8964619218475,118.83000000000007,28.896461921847504,-2334.723136367923,-89.93353807815257
0.5761000000000001,216.517,181.494,795.551,-0.444,109.69,-1409.965,4.565105,0,0.6825,181.48860400000004,109.69000000000004,379.01255461011357,109.69000000000004,19.01255461011357,-1827.1960112455467,-90.67744538988647
0.5811,216.517,186.682,759.536,-0.776,99.84,-1526.027,4.565105,0,0.6875,186.65358699999996,99.84000000000007,371.1389587350224,99.84000000000007,11.138958735022413,-1476.5658426920709,-88.70104126497766
0.5861000000000001,216.517,191.583,705.976,-0.942,89.65,-1613.326,1.239803,1,0.6925,191.57465900000003,89.65000000000005,364.897247424931,89.65000000000005,4.897247424930981,-1145.2889171086604,-84.75275257506907
0.5911,222.517,196.045,638.565,-1.341,89.65,-1613.326,1.239803,0,0.6975,196.00361799999996,89.65000000000005,360.268793737796,89.65000000000005,0.26879373779598836,-841.6093422768549,-89.38120626220406
0.5961000000000001,222.517,200.089,581.311,-0.818,79.1,-1675.014,1.239803,0,0.7025,200.01216400000027,79.10000000000005,356.9221265962972,79.10000000000005,356.9221265962972,-601.6024205705287,-82.17787340370285
0.6021000000000001,222.517,200.089,581.311,-0.818,68.55,-1734.937,1.239803,0,0.7085,200.17001599999975,68.55000000000004,354.0371316651788,68.55000000000004,354.0371316651788,-419.9131015455475,-74.51286833482129
0.6071,222.517,204.353,521.287,-0.785,58.01,-1745.866,-2.451973,1,0.7135,204.54011000000003,58.010000000000055,352.64315648667576,58.010000000000055,352.64315648667576,-205.36987666004018,-65.36684351332428
0.6121000000000001,222.517,210.507,407.702,-0.959,47.46,-1751.87,-2.451973,0,0.7185,210.43685200000021,47.46000000000005,352.68286918575103,47.46000000000005,352.68286918575103,105.04540028198468,-54.777130814249006
0.6171,222.517,212.969,347.678,-1.025,37.27,-1722.934,-2.451973,0,0.7235,212.93633,37.27000000000005,354.109627330642,37.27000000000005,354.109627330642,344.6076476298699,-43.160372669358026
0.6221000000000001,222.517,215.101,301.506,-0.71,27.07,-1716.175,-2.451973,0,0.7285,215.06049200000015,27.070000000000054,356.3160896645261,27.070000000000054,356.3160896645261,476.9088476746751,-30.75391033547396
0.6271,222.517,215.101,301.506,-0.71,27.07,-1716.175,-5.479218,1,0.7335,215.41433500000005,27.070000000000054,358.9895954412087,27.070000000000054,358.9895954412087,560.5206451844041,-28.080404558791372
0.6321000000000001,216.517,218.266,192.539,-0.411,17.23,-1614.04,-5.479218,0,0.7385,218.22591000000014,17.23000000000005,362.1727300877223,17.23000000000005,2.1727300877223,675.1772206522312,-15.057269912277746
0.6371,216.517,219.321,126.051,-1.399,7.73,-1668.613,-5.479218,0,0.7435,219.21655499999997,7.730000000000052,365.95593675690105,7.730000000000052,5.955936756901053,778.7110951190275,-1.7740632430989933
0.6421000000000001,216.517,219.321,126.051,-1.399,358.59,-1592.968,-5.479218,0,0.7485,219.33143099999995,-1.4099999999999122,369.96085064971834,358.5900000000001,9.960850649718338,807.6939763470741,11.37085064971825
0.6471,216.517,219.87,52.175,-1.274,350.16,-1492.517,-6.364483,1,0.7535,219.80475900000002,-9.839999999999845,374.0366747824297,350.16000000000014,14.036674782429714,817.4611982001435,23.876674782429575
0.6520999999999999,204.517,219.76,-30.012,-0.544,341.72,-1451.092,-6.364483,0,0.7585,219.75303811320757,-18.27999999999988,378.11401431112785,341.72000000000014,18.114014311127846,811.4551286590516,36.394014311127705
0.6574,204.517,219.255,-105.735,-1.424,333.98,-1367.068,-6.364483,0,0.7638,219.21057205941386,-26.019999999999857,382.2704522263267,333.98000000000013,22.27045222632671,769.2218633685759,48.29045222632658
0.6620999999999999,204.517,218.31,-153.754,-0.826,333.98,-1367.068,-6.364483,0,0.7685,218.3061300638298,-26.019999999999857,385.69023337122775,333.98000000000013,25.690233371227748,707.6756972018703,51.710233371227616
0.6671,204.517,217.101,-192.539,-0.594,326.6,-1303.171,-3.452539,1,0.7735,217.083576,-33.39999999999986,388.9332723842945,326.60000000000014,28.933272384294526,624.1277423243644,62.33327238429439
0.6720999999999999,186.517,215.716,-211.931,-0.453,319.57,-1238.349,-3.452539,0,0.7785,215.74231499999988,-40.42999999999988,391.77383735277544,319.5700000000001,31.773837352775445,544.8317807648192,72.20383735277534
0.6771,186.517,215.716,-211.931,-0.453,312.89,-1176.758,-3.452539,0,0.7835,215.30910999999995,-47.10999999999992,394.23349493399337,312.8900000000001,34.23349493399337,464.2848166125583,81.34349493399327
0.6820999999999999,186.517,211.606,-370.765,-0.992,307.27,-1052.553,-3.452539,0,0.7885,211.63537083333318,-52.729999999999926,396.0860836211024,307.2700000000001,36.086083621102375,321.00473230171883,88.81608362110228
0.6880999999999999,186.517,208.529,-402.162,-0.602,301.29,-1021.398,-1.006486,1,0.7945,208.52469016666672,-58.70999999999986,397.16436441818956,301.29000000000013,37.164364418189564,113.24235762228288,95.87436441818943
0.6931,162.517,205.738,-416.937,-0.353,301.29,-1021.398,-1.006486,0,0.7995,205.698796,-58.70999999999986,397.1767473288529,301.29000000000013,37.17674732885291,-42.606541156820946,95.88674732885278
0.6980999999999999,162.517,202.551,-523.134,-2.271,296.02,-948.502,-1.006486,0,0.8045,202.53971400000003,-63.97999999999989,396.3856873638385,296.0200000000001,36.385687363838485,-213.72273252733484,100.36568736383839
0.7031000000000001,162.517,198.77,-594.239,-1.25,291.09,-891.881,-1.006486,0,0.8095,198.73089499999998,-68.90999999999994,394.6289021813198,291.09000000000003,34.6289021813198,-408.3480990396877,103.53890218131977
0.7081,162.517,194.594,-631.177,-0.361,286.17,-856.905,0.716024,1,0.8145,194.592746,-73.82999999999988,391.85546984374577,286.17000000000013,31.855469843745766,-624.1063242018515,105.68546984374564
0.7131000000000001,132.517,190.352,-636.718,-0.054,281.6,-807.245,0.716024,0,0.8195,190.31061799999998,-78.39999999999985,387.9023351573863,281.60000000000014,27.90233515738629,-858.6566476954778,106.30233515738615
0.7181,132.517,185.692,-742.914,-2.586,277.38,-755.812,0.716024,0,0.8245,185.67822500000008,-82.6199999999999,382.73031118477616,277.3800000000001,22.730311184776156,-1119.3075729334485,105.35031118477605
0.7231000000000001,132.517,180.307,-831.565,-1.299,277.38,-755.812,0.716024,0,0.8295,180.27442899999997,-82.6199999999999,376.0637293633397,277.3800000000001,16.06372936333969,-1422.5514351462452,98.68372936333958
0.7281,132.517,174.593,-860.192,-0.353,273.52,-694.918,1.824767,1,0.8345,174.591309,-86.47999999999992,367.790927984767,273.5200000000001,7.790927984766995,-1765.2609815516325,94.2709279847669
0.7331000000000001,102.517,168.79,-865.733,-0.021,269.65,-672.851,1.824767,0,0.8395,169.36449700000003,-90.34999999999994,357.79061963782806,269.6500000000001,357.79061963782806,-2076.940743957191,88.14061963782797
0.7381,102.517,168.79,-865.733,-0.021,266.13,-631.934,1.824767,0,0.8445,168.5490420000013,-93.86999999999992,346.5279028498223,266.1300000000001,346.5279028498223,-2349.693038142301,80.39790284982217
0.7431000000000001,102.517,156.108,-1010.714,-1.241,263.32,-550.991,1.824767,0,0.8495,156.68467500000003,-96.6799999999999,333.04884995809,263.3200000000001,333.04884995809,-2858.465785583795,69.72884995808988
0.7481,102.517,149.251,-1034.724,-0.378,260.16,-538.0,2.15806,1,0.8545,149.250981,-99.83999999999985,316.7091437222809,260.16000000000014,316.7091437222809,-3436.621007968026,56.549143722280746
0.7531000000000001,72.517,142.393,-1019.025,0.17,260.16,-538.0,2.15806,0,0.8595,143.07194200000006,-99.83999999999985,298.41269287698293,260.16000000000014,298.41269287698293,-3716.8548695808554,38.25269287698279
0.7581,72.517,142.393,-1019.025,0.17,257.7,-471.209,2.15806,0,0.8645,142.2602090000007,-102.2999999999999,279.5388988367099,257.7000000000001,279.5388988367099,-3790.4387841271614,21.838898836709802
0.7631000000000001,72.517,135.404,-1070.738,-1.416,255.94,-384.403,2.15806,0,0.8695,134.61407899999986,-104.05999999999989,260.6424962942877,255.9400000000001,260.6424962942877,-3761.0026045643085,4.7024962942875845
0.7681,72.517,120.436,-1120.605,-0.046,254.53,-309.774,0.46153,1,0.8745,120.58466866666588,-105.46999999999991,242.7877368046223,254.5300000000001,242.7877368046223,-3446.0859785754615,-11.742263195377774
0.7741,42.517,111.864,-1088.284,0.685,253.48,-242.029,0.46153,0,0.8805,111.86233433333335,-106.51999999999988,224.7098753543986,253.48000000000013,224.7098753543986,-2803.599037299832,-28.770124645601527
0.7790999999999999,42.517,104.633,-1093.825,-0.702,253.12,-150.5,0.46153,0,0.8855,104.61339800000003,-106.87999999999987,212.36473964276394,253.12000000000012,212.36473964276394,-2330.4189720362747,-40.75526035723618
0.7841,42.517,97.204,-1127.992,-0.494,253.48,-44.543,0.46153,0,0.8905,97.34515099999925,-106.51999999999988,202.24081505031413,253.48000000000013,202.24081505031413,-1903.8272734809855,-51.239184949686006
0.7890999999999999,42.517,97.204,-1127.992,-0.494,253.48,-44.543,-2.722395,1,0.8955,95.73741399999982,-106.51999999999988,193.87456455570245,253.48000000000013,193.87456455570245,-1556.7279352887974,-59.60543544429768
0.7941,12.517,82.39,-1083.667,0.66,254.53,63.131,-2.722395,0,0.9005,82.67146599999849,-105.46999999999991,187.83312966961165,254.5300000000001,187.83312966961165,-1043.3416722986553,-66.69687033038844
0.7990999999999999,12.517,82.39,-1083.667,0.66,255.59,121.816,-2.722395,0,0.9055,80.93202699999983,-104.40999999999987,184.45247448427543,255.59000000000015,184.45247448427543,-531.8337560417883,-71.13752551572472
0.8041,12.517,67.663,-1128.916,-0.494,258.05,266.885,-2.722395,0,0.9105,67.94281299999848,-101.94999999999987,183.51138162546795,258.0500000000001,183.51138162546795,-30.04212376281425,-74.53861837453218
0.8090999999999999,12.517,67.663,-1128.916,-0.494,260.86,366.472,-3.631371,1,0.9155,66.18770199999983,-99.1399999999999,185.15744804874498,260.8600000000001,185.15744804874498,472.61411056346105,-75.70255195125515
0.8141,-17.483,52.761,-1096.595,0.594,263.67,416.864,-3.631371,0,0.9205,53.04413799999848,-96.32999999999987,189.27058359696335,263.67000000000013,189.27058359696335,985.3909548977645,-74.39941640303678
0.8190999999999999,-17.483,52.761,-1096.595,0.594,263.67,416.864,-3.631371,0,0.9255,51.29223599999984,-96.32999999999987,196.0677861202913,263.67000000000013,196.0677861202913,1508.6481315352041,-67.60221387970884
0.8241,-17.483,37.925,-1136.303,-0.369,266.84,467.06,-3.631371,0,0.9305,38.06322499999925,-93.15999999999991,205.66635832737327,266.8400000000001,205.66635832737327,2135.461404639302,-61.173641672626815
0.8291,-17.483,30.364,-1129.839,-0.029,271.05,593.238,-3.613396,1,0.9355,30.377068000000037,-88.94999999999986,219.06410524619255,271.0500000000001,219.06410524619255,2863.0837146241406,-51.98589475380757
0.8341000000000001,-47.483,22.935,-1098.442,0.486,274.92,617.232,-3.613396,0,0.9405,22.936671999999984,-85.0799999999999,235.0672239571489,274.9200000000001,235.0672239571489,3342.243599591468,-39.85277604285116
0.8391,-47.483,15.594,-1111.37,-0.801,278.79,633.135,-3.613396,0,0.9455,15.572220000000028,-81.20999999999988,253.05331304359996,278.79000000000013,253.05331304359996,3683.098132520672,-25.736686956400177
0.8441000000000001,-47.483,8.033,-1140.921,-0.353,282.66,639.29,-3.613396,0,0.9505,8.03501586274508,-77.33999999999988,272.1002084738853,282.66000000000014,272.1002084738853,3846.397770957979,-10.55979152611485
0.8492,-47.483,0.429,-1139.997,-0.012,282.66,639.29,-4.568024,1,0.9556,0.40184609843940367,-77.33999999999988,291.55098424484385,282.66000000000014,291.55098424484385,3776.93658240486,8.890984244843708
0.8541000000000001,-77.483,-7.154,-1104.906,0.668,286.52,621.732,-4.568024,0,0.9605,-7.006982653062016,-73.4799999999999,309.3729370471727,286.5200000000001,309.3729370471727,3572.497239535809,22.85293704717259
0.8591,-77.483,-7.154,-1104.906,0.668,290.39,656.076,-4.568024,0,0.9655,-8.64236600000017,-69.60999999999989,326.3949347282713,290.3900000000001,326.3949347282713,3308.589232362745,36.00493472827122
0.8641000000000001,-77.483,-22.188,-1136.303,-0.469,293.91,621.101,-4.568024,0,0.9705,-22.041560666667458,-66.08999999999986,341.0437431091536,293.91000000000014,341.0437431091536,2717.3669884628107,47.13374310915344
0.8701000000000001,-77.483,-30.98,-1127.992,0.212,297.07,572.456,-3.912943,1,0.9765,-30.98110833333333,-62.92999999999991,353.697065146405,297.0700000000001,353.697065146405,1849.692311301854,56.6270651464049
0.8751,-101.483,-38.365,-1085.514,0.884,299.88,518.332,-3.912943,0,0.9815,-38.347575999999975,-60.11999999999988,361.1552309411182,299.8800000000001,1.155230941118191,1352.2953057835357,61.27523094111808
0.8801000000000001,-101.483,-45.574,-1078.126,-0.295,302.34,466.714,-3.912943,0,0.9865,-45.574000000000005,-57.65999999999992,366.28366726829057,302.3400000000001,6.283667268290571,876.987403213808,63.94366726829048
0.8851,-101.483,-52.783,-1080.896,-0.095,302.34,466.714,-3.912943,0,0.9915,-52.06930899999988,-57.65999999999992,369.20381038919527,302.3400000000001,9.203810389195269,489.6498162783587,66.86381038919518
0.8901000000000001,-101.483,-52.783,-1080.896,-0.095,304.1,378.971,-2.035083,1,0.9965,-53.046510999998596,-55.899999999999885,370.6403048279037,304.10000000000014,10.64030482790372,181.51823017592548,66.54030482790358
0.8951,-119.483,-66.652,-993.169,0.942,305.51,307.722,-2.035083,0,1.0015,-65.92306299999987,-54.48999999999992,369.87048259615267,305.5100000000001,9.87048259615267,-305.0617388989698,64.36048259615256
0.9000999999999999,-119.483,-73.158,-966.389,-0.029,306.56,241.498,-2.035083,0,1.0065,-73.15507400000001,-53.43999999999988,366.44737026204467,306.5600000000001,6.447370262044672,-847.0516152379381,59.887370262044556
0.9051,-119.483,-79.51,-935.915,0.22,306.91,150.007,-2.035083,0,1.0115,-79.48614100000002,-53.089999999999854,362.34933516590627,306.91000000000014,2.3493351659062682,-668.706993679796,55.43933516590613
0.9100999999999999,-119.483,-85.621,-897.13,0.726,306.91,75.004,0.242696,1,1.0165,-85.61387500000005,-53.089999999999854,360.1840439726477,306.91000000000014,0.18404397264771433,-349.94820898020714,53.274043972647576
0.9151,-131.483,-91.357,-830.642,1.233,306.91,75.004,0.242696,0,1.0215,-91.32007300000002,-53.089999999999854,359.06665868986585,306.91000000000014,359.06665868986585,-182.13871601424003,52.15665868986571
0.9200999999999999,-131.483,-96.72,-789.087,0.386,306.91,37.502,0.242696,0,1.0265,-96.71456600000003,-53.089999999999854,358.5198059923289,306.91000000000014,358.5198059923289,-80.97445893885357,51.609805992328745
0.9251,-131.483,-101.797,-750.302,0.66,306.21,-40.667,0.242696,0,1.0315,-101.76878500000002,-53.78999999999991,358.31908824809784,306.2100000000001,358.31908824809784,-29.533567365496705,52.10908824809775
0.9300999999999999,-131.483,-106.589,-694.895,0.834,305.16,-107.405,2.809942,1,1.0365,-106.58105800000006,-54.83999999999984,358.10289211056516,305.16000000000014,358.10289211056516,-54.87306167577871,52.942892110565026
0.9351,-137.483,-110.963,-633.947,1.183,303.75,-171.033,2.809942,0,1.0415,-110.92815200000001,-56.24999999999991,356.5602333117489,303.7500000000001,356.5602333117489,-400.0075127974725,52.81023331174879
0.9400999999999999,-137.483,-114.985,-580.387,0.66,301.99,-232.539,2.809942,0,1.0465,-114.97914800000004,-58.009999999999906,353.65632591031584,301.9900000000001,353.65632591031584,-665.2600132870788,51.66632591031572
0.9451,-137.483,-118.699,-537.909,0.702,301.99,-232.539,2.809942,0,1.0515,-118.33131399999996,-58.009999999999906,349.52704096016095,301.9900000000001,349.52704096016095,-876.0684695298678,47.53704096016082
0.9501,-137.483,-118.699,-537.909,0.702,299.88,-289.674,4.012789,1,1.0565,-118.75189916666629,-60.11999999999988,344.75747653275187,299.8800000000001,344.75747653275187,-983.6871715395501,44.87747653275176
0.9561,-137.483,-122.04,-477.885,0.726,298.12,-292.644,4.012789,0,1.0625,-122.05183383333326,-61.87999999999987,338.37552400304287,298.1200000000001,338.37552400304287,-1118.7379381482792,40.25552400304275
0.9610999999999998,-137.483,-125.447,-414.167,0.768,296.02,-322.95,4.012789,0,1.0675,-125.35780099999998,-63.97999999999989,332.12349580539836,296.0200000000001,332.12349580539836,-1300.8637990337947,36.10349580539827
0.9661,-137.483,-127.953,-363.377,0.917,293.91,-336.344,4.012789,0,1.0725,-127.97887799999982,-66.08999999999986,325.0395287206089,293.91000000000014,325.0395287206089,-1469.992555919579,31.12952872060879
0.9710999999999999,-137.483,-131.821,-249.793,0.569,291.8,-344.986,3.611211,1,1.0775,-131.43806799999993,-68.19999999999987,317.1672900922557,291.8000000000001,317.1672900922557,-1606.782036722533,25.367290092255587
0.9761,-131.483,-131.821,-249.793,0.569,290.04,-318.095,3.611211,0,1.0825,-131.86849999999964,-69.95999999999987,308.90191937026515,290.04000000000013,308.90191937026515,-1668.611014274462,18.861919370265014
0.9811999999999999,-131.483,-134.371,-141.749,1.349,290.04,-318.095,3.611211,0,1.0876,-134.18477959183667,-69.95999999999987,300.2972027598087,290.04000000000013,300.2972027598087,-1694.3841283535357,10.257202759808592
0.9861,-131.483,-134.92,-63.256,1.15,287.93,-332.078,3.611211,0,1.0925,-134.91102812244904,-72.0699999999999,291.962717114744,287.9300000000001,291.962717114744,-1699.644783791871,4.032717114743889
0.9910999999999999,-131.483,-135.008,10.62,0.652,286.17,-315.445,3.212579,1,1.0975,-134.979686,-73.82999999999988,283.5638980650387,286.17000000000013,283.5638980650387,-1670.6206070993405,-2.60610193496143
0.9961,-119.483,-134.81,42.017,0.378,284.41,-304.361,3.212579,0,1.1025,-134.80374900000007,-75.58999999999988,275.33572728553685,284.41000000000014,275.33572728553685,-1633.6891845194323,-9.07427271446329
1.0010999999999999,-119.483,-134.283,108.505,1.441,283.01,-269.022,3.212579,0,1.1075,-134.241618,-76.9899999999999,267.3015990223649,283.0100000000001,267.3015990223649,-1596.4940249861625,-15.708400977635222
1.0061,-119.483,-133.338,151.907,1.034,281.6,-252.464,3.212579,0,1.1125,-133.35595499999988,-78.39999999999985,259.43166572106105,281.60000000000014,259.43166572106105,-1564.11050090914,-22.168334278939085
1.0110999999999999,-119.483,-133.338,151.907,1.034,281.6,-252.464,3.132126,1,1.1175,-133.08554999999998,-78.39999999999985,251.70294788238232,281.60000000000014,251.70294788238232,-1540.2612358214426,-29.897052117617818
1.0161,-101.483,-130.788,211.931,0.453,280.2,-235.8,3.132126,0,1.1225,-130.8030479999999,-79.79999999999991,244.01306704196998,280.2000000000001,244.01306704196998,-1540.015957047771,-36.18693295803013
1.0211,-101.483,-129.03,299.659,1.64,279.49,-180.756,3.132126,0,1.1275,-129.20404200000004,-80.50999999999988,236.24254965977303,279.4900000000001,236.24254965977303,-1557.9432265495,-43.24745034022709
1.0261,-101.483,-129.03,299.659,1.64,278.44,-177.978,3.132126,0,1.1325,-128.9356080000006,-81.55999999999992,228.38714202427002,278.44000000000005,228.38714202427002,-1582.2943602050925,-50.052857975730035
1.0311,-101.483,-124.062,392.927,0.71,277.73,-148.395,2.947814,1,1.1375,-124.55383200000007,-82.26999999999987,220.20457382767688,277.73000000000013,220.20457382767688,-1660.170195408404,-57.52542617232325
1.0361,-77.483,-124.062,392.927,0.71,277.38,-102.822,2.947814,0,1.1425,-123.95761083333399,-82.6199999999999,211.57647137498466,277.3800000000001,211.57647137498466,-1757.9185690221495,-65.80352862501545
1.0421,-77.483,-117.469,540.679,2.08,277.03,-81.015,2.947814,0,1.1485,-117.49862416666645,-82.96999999999993,200.34366067034523,277.0300000000001,200.34366067034523,-1946.9495459974344,-76.68633932965486
1.0471,-77.483,-113.534,611.785,1.191,277.03,-81.015,2.947814,0,1.1535,-113.50578500000003,-82.96999999999993,189.71293139490243,277.0300000000001,189.71293139490243,-2197.585369663079,-87.31706860509766
1.0521,-77.483,-109.314,643.182,0.378,276.68,-69.196,2.422765,1,1.1585,-109.39417999999948,-83.31999999999992,177.9547719490624,276.68000000000006,177.9547719490624,-2413.8469571668534,-98.72522805093766
1.0571,-47.483,-109.314,643.182,0.378,276.68,-34.598,2.422765,0,1.1635,-108.42844499999988,-83.31999999999992,165.24477296942325,276.68000000000006,165.24477296942325,-2608.6906738899606,-111.43522703057681
1.0621,-47.483,-100.369,747.532,2.37,276.68,-17.299,2.422765,0,1.1685,-100.43747599999956,-83.31999999999992,151.02010245539137,276.68000000000006,151.02010245539137,-2973.246267213276,-125.6598975446087
1.0671,-47.483,-95.028,823.254,1.191,276.68,-8.65,2.422765,0,1.1735,-94.99533000000002,-83.31999999999992,134.5122889754099,276.68000000000006,134.5122889754099,-3416.071744137738,-142.16771102459018
1.0721,-47.483,-89.357,858.345,0.494,276.68,-4.325,1.828174,1,1.1785,-89.35491,-83.31999999999992,116.33964010361555,276.68000000000006,116.33964010361555,-3725.596817854925,-160.3403598963845
1.0771,-17.483,-83.576,869.427,0.145,276.68,-4.325,1.828174,0,1.1835,-84.1483190000001,-83.31999999999992,97.0315212113999,276.68000000000006,97.0315212113999,-3895.5653449603797,-179.64847878860016
1.0820999999999998,-17.483,-83.576,869.427,0.145,277.38,54.278,1.828174,0,1.1885,-83.33587800000204,-82.6199999999999,77.40465757909331,277.3800000000001,77.40465757909331,-3927.8033076093598,160.02465757909317
1.0871,-17.483,-70.938,1009.791,1.125,278.09,88.326,1.828174,0,1.1935,-71.51467500000005,-81.90999999999988,58.334956589711396,278.09000000000015,58.334956589711396,-3735.8536667249286,140.24495658971125
1.0920999999999998,-17.483,-64.125,1030.107,0.403,278.44,73.409,0.805773,1,1.1985,-64.12456300000002,-81.55999999999992,41.10495580744946,278.44000000000005,41.10495580744946,-3306.860311792873,122.66495580744942
1.0971,12.517,-57.289,1016.255,-0.145,278.79,65.836,0.805773,0,1.2035,-57.96576400000009,-81.20999999999988,25.846852197069722,278.79000000000013,25.846852197069722,-2968.361324586829,107.05685219706959
1.1020999999999999,12.517,-57.289,1016.255,-0.145,279.49,90.52,0.805773,0,1.2085,-57.01882000000231,-80.50999999999988,11.985533672044337,279.4900000000001,11.985533672044337,-2661.5381200240545,92.49553367204419
1.1071,12.517,-43.069,1110.447,0.726,279.49,90.52,0.805773,0,1.2135,-43.74338800000007,-80.50999999999988,0.6242350529885954,279.4900000000001,0.6242350529885954,-2093.5264215721854,81.13423505298846
1.1120999999999999,12.517,-35.661,1112.294,0.046,279.84,74.561,-0.588285,1,1.2185,-35.8017519999988,-80.1599999999999,-7.8287455046262115,279.8400000000001,352.1712544953738,-1541.5620126444946,72.33125449537368
1.1171,36.517,-35.661,1112.294,0.046,280.2,67.595,-0.588285,0,1.2235,-34.919093999999866,-79.79999999999991,-14.651091913316705,280.2000000000001,345.3489080866833,-1295.9689361720134,65.1489080866832
1.1220999999999999,36.517,-28.167,1078.126,-0.544,280.9,91.932,-0.588285,0,1.2285,-28.05811100000093,-79.09999999999992,-20.040292650823766,280.9000000000001,339.95970734917626,-950.8445656558265,59.059707349176165
1.1280999999999999,36.517,-12.297,1091.054,0.004,281.6,104.29,-0.588285,0,1.2345,-12.411303999999031,-78.39999999999985,-23.24100155570893,281.60000000000014,336.7589984442911,-328.6858480983625,55.158998444290944
1.1331,36.517,-5.088,1075.356,-0.536,281.95,80.706,-1.320777,1,1.2395,-5.801691000000098,-78.04999999999988,-23.305735524158138,281.9500000000001,336.69426447584186,86.28268323721281,54.74426447584176
1.1381,54.517,-5.088,1075.356,-0.536,282.66,100.698,-1.320777,0,1.2445,-4.835802941178624,-77.33999999999988,-21.942550606462937,282.66000000000014,338.05744939353707,365.4754003326727,55.39744939353693
1.1432,54.517,8.451,985.781,-0.187,282.66,100.698,-1.320777,0,1.2496,7.80544321728674,-77.33999999999988,-18.59129729190443,282.66000000000014,341.4087027080956,792.3332603524499,58.748702708095436
1.1481,54.517,14.869,954.384,-0.511,283.01,79.038,-1.320777,0,1.2545,14.74456938775616,-76.9899999999999,-13.20657611689521,283.0100000000001,346.79342388310477,1217.0107824626834,63.78342388310466
1.1531,54.517,14.869,954.384,-0.511,283.36,69.236,-1.256487,1,1.2595,16.044031000000214,-76.63999999999986,-6.2128430378413535,283.3600000000001,353.78715696215863,1485.5905599996934,70.4271569621585
1.1581,66.517,26.738,834.336,-1.374,284.06,92.891,-1.256487,0,1.2645,26.613968000001044,-75.93999999999991,2.635600900633334,284.06000000000006,2.635600900633334,1920.039415516034,78.57560090063328
1.1631,66.517,32.079,790.934,-0.444,285.12,135.016,-1.256487,0,1.2695,32.055042000000014,-74.87999999999988,14.114717840560022,285.1200000000001,14.114717840560022,2424.0779843677374,88.99471784055993
1.1681,66.517,37.178,744.761,-0.81,285.82,125.753,-1.256487,0,1.2745,37.16833272549027,-74.17999999999991,27.43335472985884,285.8200000000001,27.43335472985884,2766.1913728856484,101.61335472985871
1.1732,66.517,41.86,689.354,-0.859,285.82,125.753,-0.758497,1,1.2796,41.841349339735906,-74.17999999999991,42.58843118362162,285.8200000000001,42.58843118362162,3048.080945894577,116.76843118362149
1.1781,72.517,46.168,628.407,-1.067,286.88,145.972,-0.758497,0,1.2845,46.084477551021116,-73.11999999999988,58.133755859731224,286.8800000000001,58.133755859731224,3212.7569740795816,131.2537558597311
1.1831,72.517,46.168,628.407,-1.067,288.63,228.324,-0.758497,0,1.2895,46.903900000000135,-71.36999999999988,74.39207631418638,288.6300000000001,74.39207631418638,3266.4882959479633,145.7620763141863
1.1882,72.517,53.75,529.598,-0.818,290.04,231.876,-0.758497,0,1.2946,53.60351428571487,-69.95999999999987,91.14804120969417,290.04000000000013,91.14804120969417,3287.2528724060403,161.10804120969402
1.1931,72.517,57.047,466.803,-0.984,292.15,292.129,0.432103,1,1.2995,57.00558971428572,-67.8499999999999,107.03492687929678,292.1500000000001,107.03492687929678,3216.711291481473,174.8849268792967
1.1981,72.517,59.993,410.473,-1.017,294.26,320.658,0.432103,0,1.3045,59.98409756862753,-65.73999999999988,122.72357280335837,294.2600000000001,122.72357280335837,3097.7663215228354,-171.53642719664174
1.2032,72.517,62.52,353.219,-0.718,294.26,320.658,0.432103,0,1.3096,62.49747899159665,-65.73999999999988,137.99188040676398,294.2600000000001,137.99188040676398,2949.98780275677,-156.26811959323612
1.2081,72.517,64.718,307.97,-0.818,296.72,362.905,0.432103,0,1.3145,64.70809738095247,-63.27999999999988,151.9524292478412,296.72000000000014,151.9524292478412,2803.837209344982,-144.76757075215895
1.2141,72.517,66.784,236.865,-0.818,299.53,420.395,0.755039,1,1.3205,66.77843933333338,-60.46999999999991,168.12199493987393,299.5300000000001,168.12199493987393,2644.03948263775,-131.40800506012616
1.2190999999999999,66.517,68.213,192.539,-0.544,303.05,500.494,0.755039,0,1.3255,68.17815199999998,-56.94999999999986,180.95881494835717,303.0500000000001,180.95881494835717,2539.627997299166,-122.09118505164295
1.2241,66.517,69.29,134.362,-1.333,306.56,544.997,0.755039,0,1.3305,69.2795500000001,-53.43999999999988,193.391669643862,306.5600000000001,193.391669643862,2465.8522971117177,-113.16833035613811
1.2290999999999999,66.517,69.817,50.328,-1.316,310.78,623.497,0.755039,0,1.3355,69.76482699999998,-49.21999999999994,205.5893619302006,310.7800000000001,205.5893619302006,2433.359482661488,-105.19063806979949
1.2341,66.517,69.817,50.328,-1.316,315.35,694.059,0.931776,1,1.3405,69.81867199999998,-44.64999999999987,217.7525515847508,315.35000000000014,217.7525515847508,2434.763692078328,-97.59744841524935
1.2390999999999999,54.517,69.905,-10.62,-0.818,315.35,694.059,0.931776,0,1.3455,69.87668599999999,-44.64999999999987,229.9924237577135,315.35000000000014,229.9924237577135,2454.2778744934794,-85.35757624228663
1.2441,54.517,69.707,-31.859,-0.536,320.27,742.578,0.931776,0,1.3505,69.70116700000004,-39.72999999999992,242.36436510302124,320.2700000000001,242.36436510302124,2485.033427754787,-77.90563489697885
1.2490999999999999,54.517,69.202,-102.965,-1.366,325.9,858.914,0.931776,0,1.3555,69.160618,-34.099999999999916,254.93490665081112,325.9000000000001,254.93490665081112,2526.2673638877377,-70.96509334918898
1.2541,54.517,68.279,-155.601,-0.735,331.88,926.369,1.19575,1,1.3605,68.27314800000005,-28.11999999999988,267.7109707342773,331.8800000000001,267.7109707342773,2568.039943769674,-64.16902926572283
1.2590999999999999,36.517,67.048,-195.309,-0.726,338.2,990.94,1.19575,0,1.3655,66.86306799999997,-21.799999999999915,280.65707738710034,338.2000000000001,280.65707738710034,2594.999836255876,-57.54292261289976
1.2641,36.517,63.949,-294.118,-1.814,344.88,1049.559,1.19575,0,1.3705,64.00788099999949,-15.119999999999873,293.63004214675567,344.8800000000001,293.63004214675567,2591.8414959728825,-51.24995785324444
1.2691,36.517,63.949,-294.118,-1.814,344.88,1049.559,1.19575,0,1.3755,63.45944499999991,-15.119999999999873,306.4863780437327,344.8800000000001,306.4863780437327,2557.0402755011796,-38.393621956267395
1.2741,36.517,59.004,-400.315,-0.544,351.91,1102.824,0.949541,1,1.3805,59.045324999999636,-8.089999999999852,318.9192935920869,351.91000000000014,318.9192935920869,2443.393572330162,-32.99070640791325
1.2791,18.991,56.234,-420.631,-0.336,359.65,1201.662,0.949541,0,1.3855,56.203607000000005,-0.34999999999992737,330.4595102595211,359.6500000000001,330.4595102595211,2256.6147193869974,-29.190489740478995
1.2841,18.991,53.157,-491.736,-1.673,7.38,1248.593,0.949541,0,1.3905,53.14822200000007,7.380000000000102,341.1309711534731,7.380000000000102,341.1309711534731,2074.7525479838405,-26.249028846526926
1.2891,18.991,49.618,-544.373,-0.951,15.12,1267.099,0.949541,0,1.3955,49.594141000000015,15.120000000000102,350.7282610602944,15.120000000000102,350.7282610602944,1854.4073819745515,-24.391738939705647
1.2941,18.991,45.838,-559.148,-0.353,23.55,1335.061,0.358562,1,1.4005,45.84091333333332,23.550000000000104,359.17081119669547,23.550000000000104,359.17081119669547,1610.820573224508,-24.379188803304714
1.3001,7.171,41.486,-551.76,0.203,31.99,1376.138,0.358562,0,1.4065,41.4878403205128,31.990000000000105,367.65962656800014,31.990000000000105,7.659626568000135,1318.3370638865506,-24.33037343199996
1.3053,7.171,37.815,-565.612,-0.494,31.99,1376.138,0.358562,0,1.4117,37.78316964285714,31.990000000000105,373.61396054513074,31.990000000000105,13.613960545130738,1072.511788310835,-18.376039454869357
1.3102,7.171,34.013,-573.0,-0.286,40.43,1352.92,0.358562,0,1.4166,34.01299999999999,40.4300000000001,378.07537309623456,40.4300000000001,18.075373096234557,838.2733151361737,-22.354626903765535
1.3151,7.171,30.211,-563.765,-0.104,48.87,1423.683,-0.977941,1,1.4215,30.233828591836755,48.870000000000104,381.3612815878667,48.870000000000104,21.3612815878667,605.5384395061182,-27.50871841213342
1.3201,-10.648,26.562,-539.756,0.195,57.3,1418.767,-0.977941,0,1.4265,26.562,57.300000000000104,383.60960508528774,57.300000000000104,23.60960508528774,378.71925013163025,-33.69039491471236
1.3251,-10.648,22.913,-560.071,-0.909,65.39,1381.498,-0.977941,0,1.4315,23.27425100000008,65.3900000000001,384.7962326808972,65.3900000000001,24.79623268089722,190.74523095639498,-40.59376731910288
1.3301,-10.648,22.913,-560.071,-0.909,73.48,1367.922,-0.977941,0,1.4365,22.841358823530022,73.48000000000012,385.3163448058959,73.48000000000012,25.31634480589588,65.6473130154214,-48.16365519410425
1.3352,-10.648,19.067,-581.311,-0.419,73.48,1367.922,-2.393963,1,1.4416,18.67753157262888,73.48000000000012,385.023168265892,73.48000000000012,25.023168265892025,-128.00522768009424,-48.45683173410811
1.3400999999999998,-34.468,11.396,-569.306,0.286,81.56,1308.656,-2.393963,0,1.4465,11.469141469386983,81.5600000000001,383.3607070875166,81.5600000000001,23.360707087516573,-438.92854900198506,-58.19929291248353
1.3451,-34.468,7.418,-629.33,-1.598,89.3,1353.082,-2.393963,0,1.4515,7.372261999999973,89.3000000000001,380.04085783011016,89.3000000000001,20.040857830110156,-746.0598013373794,-69.25914216988994
1.3500999999999999,-34.468,2.978,-680.12,-0.967,97.03,1319.75,-2.393963,0,1.4565,3.062359999999106,97.03000000000011,375.5091781281683,97.03000000000011,15.509178128168287,-970.1070122509917,-81.52082187183183
1.3551,-34.468,2.978,-680.12,-0.967,104.06,1245.621,-5.064012,1,1.4615,2.0597749999997923,104.06000000000012,370.01090500807584,104.06000000000012,10.010905008075838,-1164.9205185250414,-94.04909499192428
1.3600999999999999,-64.287,-6.297,-689.354,-0.062,111.09,1203.568,-5.064012,0,1.4665,-6.2112671568636495,111.09000000000012,363.07787066443024,111.09000000000012,3.077870664430236,-1505.0257659784236,-108.01212933556988
1.3652,-64.287,-11.155,-777.082,-1.939,111.09,1203.568,-5.064012,0,1.4716,-11.238119327731148,111.09000000000012,353.80544454651573,111.09000000000012,353.80544454651573,-1935.4187861984599,-117.28455545348436
1.3700999999999999,-64.287,-16.671,-853.728,-1.291,117.42,1122.552,-5.064012,0,1.4765,-16.564057142858278,117.4200000000001,343.2851550658054,117.4200000000001,343.2851550658054,-2227.292036351819,-134.1348449341947
1.3751,-64.287,-16.671,-853.728,-1.291,122.7,1007.651,-5.929939,1,1.4815,-17.843853000000266,122.7000000000001,331.35090198414514,122.7000000000001,331.35090198414514,-2468.693091097825,-151.34909801585496
1.3800999999999999,-94.287,-28.518,-876.814,0.17,127.62,913.168,-5.929939,0,1.4865,-28.410251000001136,127.6200000000001,317.61344675756635,127.6200000000001,317.61344675756635,-2895.1742199027276,-170.00655324243377
1.3851,-94.287,-34.694,-950.69,-1.623,131.48,778.018,-5.929939,0,1.4915,-34.08257599999989,131.48000000000008,301.5908114902044,131.48000000000008,301.5908114902044,-3281.1950376926093,170.1108114902043
1.3911,-94.287,-34.694,-950.69,-1.623,134.3,621.066,-5.929939,0,1.4975,-36.13454900000033,134.30000000000013,281.2465512099557,134.30000000000013,281.2465512099557,-3442.8805639788634,146.9465512099556
1.3961,-94.287,-49.245,-1031.03,-0.195,136.41,488.562,-5.42201,1,1.5025,-49.097978000001554,136.4100000000001,263.81936190693597,136.4100000000001,263.81936190693597,-3484.4731600471528,127.40936190693583
1.4011,-118.287,-56.058,-1008.867,0.386,136.41,488.562,-5.42201,0,1.5075,-55.38351299999987,136.4100000000001,246.99351228588478,136.4100000000001,246.99351228588478,-3312.8013598108823,110.5835122858847
1.4061,-118.287,-56.058,-1008.867,0.386,137.81,358.783,-5.42201,0,1.5125,-56.312246078428664,137.8100000000001,231.0951665239449,137.8100000000001,231.0951665239449,-3102.7161907308555,93.28516652394478
1.4112,-118.287,-69.707,-1036.571,-0.436,138.16,209.229,-5.42201,0,1.5176,-69.09634741896735,138.1600000000001,216.92981820463115,138.1600000000001,216.92981820463115,-2610.418415763351,78.76981820463106
1.4161,-118.287,-76.587,-1030.107,0.12,138.16,104.614,-4.905863,1,1.5225,-76.57808087234902,138.1600000000001,206.27035110965892,138.1600000000001,206.27035110965892,-1991.1694078965195,68.11035110965881
1.4212,-136.287,-83.269,-983.934,0.76,137.46,-5.859,-4.905863,0,1.5276,-83.27311812725092,137.46000000000012,197.89293442612623,137.46000000000012,197.89293442612623,-1502.6963796619334,60.43293442612611
1.4261,-136.287,-89.731,-970.083,-0.162,136.05,-120.561,-4.905863,0,1.5325,-89.72640432653066,136.05000000000013,192.0693989048754,136.05000000000013,192.0693989048754,-1047.2326299117046,56.01939890487529
1.4311,-136.287,-96.083,-947.92,0.129,136.05,-120.561,-4.905863,0,1.5375,-96.06339800000002,136.05000000000013,188.4468562199293,136.05000000000013,188.4468562199293,-598.6595626558112,52.39685621992916
1.4361,-136.287,-102.237,-905.441,0.619,133.95,-232.872,-3.292546,1,1.5425,-102.22947600000008,133.9500000000001,186.92108030619767,133.9500000000001,186.92108030619767,-171.99194958664785,52.971080306197564
1.4411,-148.287,-107.995,-850.958,1.258,131.13,-352.681,-3.292546,0,1.5475,-107.96025100000003,131.13000000000008,187.50789411057937,131.13000000000008,187.50789411057937,229.54728051181908,56.37789411057929
1.4461,-148.287,-113.402,-802.015,0.411,127.97,-441.136,-3.292546,0,1.5525,-113.2992670000011,127.9700000000001,189.81044800711786,127.9700000000001,189.81044800711786,550.1840717176785,61.84044800711774
1.4511,-148.287,-113.402,-802.015,0.411,124.45,-514.226,-3.292546,0,1.5575,-113.91343400000012,124.4500000000001,193.22925010360873,124.4500000000001,193.22925010360873,735.4663086334947,68.77925010360863
1.4561,-148.287,-118.568,-766.924,0.602,120.94,-549.293,-0.759,1,1.5625,-118.64607099999918,120.94000000000013,197.78669570290114,120.94000000000013,197.78669570290114,1020.1039499912935,76.846695702901
1.4610999999999998,-154.287,-127.843,-634.871,1.191,120.94,-549.293,-0.759,0,1.5675,-127.32513099999986,120.94000000000013,204.68069008863273,120.94000000000013,204.68069008863273,1517.9177722330937,83.74069008863262
1.4661,-154.287,-131.887,-586.851,0.61,116.72,-622.549,-0.759,0,1.5725,-131.88074900000007,116.7200000000001,213.70320521172158,116.7200000000001,213.70320521172158,1917.7665020661634,96.9832052117215
1.4710999999999999,-154.287,-135.602,-530.521,0.585,112.5,-667.012,-0.759,0,1.5775,-135.564875,112.50000000000011,224.17400153278462,112.50000000000011,224.17400153278462,2159.3911373648875,111.67400153278447
1.4761,-154.287,-138.942,-470.497,0.66,107.93,-713.576,-1.293322,1,1.5825,-138.87854000000067,107.93000000000012,235.59906490764962,107.93000000000012,235.59906490764962,2332.4806090629113,127.6690649076495
1.4821,-154.287,-138.942,-470.497,0.66,103.01,-766.22,-1.293322,0,1.5885,-139.05351099999882,103.0100000000001,250.10431085577835,103.0100000000001,250.10431085577835,2462.5989751006264,147.09431085577825
1.4870999999999999,-154.287,-144.811,-349.525,0.893,98.09,-788.569,-1.293322,0,1.5935,-144.22996899999984,98.0900000000001,262.7775028117046,98.0900000000001,262.7775028117046,2558.018278133507,164.68750281170452
1.4921,-154.287,-144.811,-349.525,0.893,93.16,-811.216,-1.293322,0,1.5985,-144.8830509803914,93.1600000000001,275.7392797728822,93.1600000000001,275.7392797728822,2603.340767113696,-177.4207202271179
1.4971999999999999,-154.287,-148.679,-248.869,0.486,93.16,-811.216,-2.389627,1,1.6036,-148.45709171668656,93.1600000000001,289.04605825953115,93.1600000000001,289.04605825953115,2606.741669474363,-164.11394174046893
1.5021,-148.287,-150.13,-203.62,0.726,87.54,-851.123,-2.389627,0,1.6085,-150.10186836734724,87.54000000000012,301.7360603712389,87.54000000000012,301.7360603712389,2583.136549107454,-145.8039396287612
1.5070999999999999,-148.287,-150.13,-203.62,0.726,81.91,-923.54,-2.389627,0,1.6135,-150.28879600000002,81.9100000000001,314.6360310101549,81.9100000000001,314.6360310101549,2577.359444933341,-127.27396898984517
1.5121,-148.287,-151.734,-52.175,1.059,75.94,-960.922,-2.389627,0,1.6185,-151.70477800000032,75.9400000000001,327.4570977900147,75.9400000000001,327.4570977900147,2556.546709718652,-108.48290220998541
1.5171,-148.287,-151.8,8.773,0.56,69.61,-1007.013,-4.347946,1,1.6235,-151.773864,69.6100000000001,340.1613539911152,69.6100000000001,340.1613539911152,2538.7628997252264,-89.44864600888491
1.5221,-136.287,-151.602,42.94,0.345,62.93,-1060.638,-4.347946,0,1.6285,-151.59573219230776,62.930000000000106,352.9014553816906,62.930000000000106,352.9014553816906,2554.2393764968747,-70.02854461830952
1.5272999999999999,-136.287,-151.053,111.276,1.341,62.93,-1060.638,-4.347946,0,1.6337,-151.10103750000005,62.930000000000106,366.2689118638487,62.930000000000106,6.2689118638487,2576.022668795162,-56.661088136151406
1.5321,-136.287,-151.053,111.276,1.341,56.25,-1067.999,-4.347946,0,1.6385,-151.0350450000002,56.2500000000001,378.6753058224714,56.2500000000001,18.675305822471387,2588.681090960106,-37.57469417752873
1.5371,-136.287,-150.108,160.218,1.117,48.52,-1201.759,-6.125636,1,1.6435,-149.94978441176468,48.52000000000011,391.73168987664536,48.52000000000011,31.731689876645362,2626.759079141259,-16.788310123354734
1.5422,-122.513,-147.514,218.396,0.428,40.43,-1272.345,-6.125636,0,1.6486,-147.60555294117603,40.4300000000001,405.3632116345352,40.4300000000001,45.36321163453522,2691.017796810645,4.933211634535127
1.5471,-122.513,-147.514,218.396,0.428,32.7,-1282.745,-6.125636,0,1.6535,-147.34867,32.7000000000001,418.6369273484298,32.7000000000001,58.63692734842982,2712.322132613202,25.93692734842972
1.5521,-122.513,-145.844,276.573,1.225,23.91,-1361.936,-6.125636,0,1.6585,-145.79261431372603,23.910000000000103,432.23951073820405,23.910000000000103,72.23951073820405,2727.574515159745,48.329510738203936
1.5572,-122.513,-141.382,357.836,0.345,23.91,-1361.936,-6.34483,1,1.6636,-141.57488853439693,23.910000000000103,446.23366703473494,23.910000000000103,86.23366703473494,2745.5929490867948,62.323667034734825
1.5631,-114.738,-138.591,361.53,-0.071,15.12,-1376.25,-6.34483,0,1.6695,-138.57706616949156,15.120000000000102,462.2711816402138,15.120000000000102,102.2711816402138,2696.7139198843292,87.15118164021368
1.5681,-114.738,-136.085,379.076,0.494,6.33,-1430.063,-6.34483,0,1.6745,-136.08374600000002,6.330000000000101,475.4719646944302,6.330000000000101,115.4719646944302,2610.1718939804073,109.1419646944301
1.5731,-114.738,-133.513,390.157,0.386,358.59,-1517.751,-6.34483,0,1.6795,-133.7676280000001,-1.4099999999999122,488.13325518150276,358.5900000000001,128.13325518150276,2503.531340779188,129.54325518150267
1.5781,-114.738,-133.513,390.157,0.386,349.45,-1529.777,-5.616255,1,1.6845,-133.46415100000053,-10.549999999999903,500.3450950059688,349.4500000000001,140.3450950059688,2414.178706154011,150.8950950059687
1.5831,-112.325,-130.942,383.693,0.054,339.96,-1560.91,-5.616255,0,1.6895,-130.71132999999995,-20.039999999999925,511.95910361388826,339.9600000000001,151.95910361388826,2271.419747490368,171.99910361388817
1.5880999999999998,-112.325,-126.041,349.525,-0.286,331.17,-1513.44,-5.616255,0,1.6945,-126.09152099999936,-28.829999999999888,522.4787763799025,331.17000000000013,162.47877637990246,2023.6551138178118,-168.69122362009767
1.5931,-112.325,-123.799,321.822,-0.17,322.38,-1490.801,-5.616255,0,1.6995,-123.81860200000001,-37.6199999999999,531.7830269671117,322.3800000000001,171.7830269671117,1805.9358374511537,-150.5969730328884
1.5980999999999999,-112.325,-121.755,291.348,-0.552,322.38,-1490.801,-4.325725,1,1.7045,-121.79383599999953,-37.6199999999999,540.3468847952504,322.3800000000001,180.3468847952504,1678.2565070667313,-142.03311520474972
1.6031,-103.912,-121.755,291.348,-0.552,313.59,-1435.922,-4.325725,0,1.7095,-121.40899499999992,-46.40999999999991,548.4523648963986,313.5900000000001,188.45236489639865,1594.7137259728977,-125.13763510360144
1.6080999999999999,-103.912,-118.26,246.099,0.12,305.51,-1433.687,-4.325725,0,1.7145,-118.29423799999957,-54.48999999999992,556.0214959282039,305.5100000000001,196.02149592820388,1472.172875654335,-109.48850407179623
1.6131,-103.912,-116.567,253.487,0.295,297.77,-1362.638,-4.325725,0,1.7195,-116.56927699999999,-62.2299999999999,562.8941823510897,297.7700000000001,202.89418235108974,1341.9217580938844,-94.87581764891036
1.6180999999999999,-103.912,-114.897,251.64,-0.004,289.69,-1355.273,-3.014271,1,1.7245,-114.89783599999998,-70.3099999999999,569.3013864121899,289.6900000000001,209.3013864121899,1255.5896784325457,-80.3886135878102
1.6231,-89.499,-113.271,240.558,0.021,282.3,-1291.841,-3.014271,0,1.7295,-113.43197400000004,-77.6999999999999,575.3492328767095,282.30000000000007,215.3492328767095,1196.376715549876,-66.95076712329058
1.6280999999999999,-89.499,-113.271,240.558,0.021,282.3,-1291.841,-3.014271,0,1.7345,-113.19916100000091,-77.6999999999999,581.1993859343197,282.30000000000007,221.1993859343197,1155.0467936045357,-61.10061406568036
1.6331,-89.499,-109.49,324.592,0.726,274.92,-1247.185,-3.014271,0,1.7395,-109.64030723529415,-85.0799999999999,586.7074793460223,274.9200000000001,226.7074793460223,1077.0849905166008,-48.212520653977776
1.6381999999999999,-89.499,-107.182,343.985,0.486,267.89,-1221.151,-2.212665,1,1.7446,-107.26345882352894,-92.10999999999991,591.9271247223196,267.8900000000001,231.9271247223196,1005.2508082755041,-35.962875277680496
1.6431,-69.087,-107.182,343.985,0.486,261.21,-1168.974,-2.212665,0,1.7495,-106.7359224999999,-98.7899999999999,596.7677405163845,261.2100000000001,236.7677405163845,979.3132939774447,-24.4422594836156
1.6491,-69.087,-101.775,441.87,1.482,254.88,-1110.381,-2.212665,0,1.7555,-101.90556450000003,-105.11999999999986,602.4151833714702,254.88000000000014,242.41518337147022,918.3287117316272,-12.464816628529917
1.6541,-69.087,-98.588,494.507,0.801,248.91,-1049.251,-2.212665,0,1.7605,-98.58342100000006,-111.08999999999992,606.8012696105097,248.91000000000008,246.80126961050973,860.0566658818648,-2.108730389490347
1.6591,-69.087,-95.16,517.593,0.27,243.28,-999.367,-2.710244,1,1.7655,-95.49937200000006,-116.71999999999991,610.9824661076683,243.2800000000001,250.9824661076683,830.808574464713,7.702466107668215
1.6641,-54.205,-95.16,517.593,0.27,243.28,-999.367,-2.710244,0,1.7705,-95.02733529411934,-116.71999999999991,615.1053029219376,243.2800000000001,255.10530292193755,820.9590784345309,11.825302921937464
1.6692,-54.205,-88.038,560.995,0.934,238.36,-902.552,-2.710244,0,1.7756,-88.32724465786328,-121.63999999999986,619.2281164641711,238.36000000000013,259.2281164641711,803.0488192985592,20.868116464170953
1.6741,-54.205,-84.148,590.545,0.552,233.44,-869.078,-2.710244,0,1.7805,-84.14825436734694,-126.5599999999999,623.1282090531881,233.4400000000001,263.12820905318813,794.8516098561123,29.688209053188018
1.6791,-54.205,-80.192,598.856,0.203,229.57,-755.89,-2.713475,1,1.7855,-80.20598811764705,-130.42999999999986,627.1431565720403,229.57000000000014,267.1431565720403,807.7383799885247,37.573156572040176
1.6842,-45.323,-76.301,573.923,-0.345,225.7,-700.12,-2.713475,0,1.7906,-76.29785594237698,-134.29999999999993,631.3555437735004,225.70000000000007,271.35554377350036,835.95822431827,45.655543773500284
1.6891,-45.323,-72.477,570.229,-0.062,222.19,-641.533,-2.713475,0,1.7955,-72.51872704081633,-137.8099999999999,635.5947550929583,222.1900000000001,275.5947550929583,878.05508440091,53.40475509295817
1.6945,-45.323,-68.718,560.071,-0.262,219.38,-553.694,-2.713475,0,1.8009,-68.68344384057978,-140.61999999999992,640.5602912636059,219.38000000000008,280.5602912636059,940.8491303750952,61.180291263605824
1.6991,-45.323,-65.092,535.138,-0.536,219.38,-553.694,-1.861665,1,1.8055,-65.15364501278773,-140.61999999999992,645.1103412626958,219.38000000000008,285.1103412626958,1008.897630709245,65.7303412626957
1.7042,-37.233,-61.707,493.583,-0.743,216.56,-511.731,-1.861665,0,1.8106,-61.710205282112824,-143.43999999999988,650.562587641567,216.56000000000012,290.562587641567,1098.1801743486699,74.00258764156689
1.7090999999999998,-37.233,-58.542,466.803,-0.27,214.1,-463.384,-1.861665,0,1.8155,-58.86172959183684,-145.89999999999992,656.2594009244934,214.10000000000008,296.25940092449343,1186.4328702696494,82.15940092449335
1.7141,-37.233,-58.542,466.803,-0.27,211.29,-465.93,-1.861665,0,1.8205,-58.42967200000143,-148.70999999999992,662.4868165718921,211.29000000000008,302.48681657189206,1275.8928436098424,91.19681657189199
1.7190999999999999,-37.233,-52.63,413.243,-0.594,208.83,-438.056,-1.276729,1,1.8255,-52.95497623529424,-151.1699999999999,669.3371967692414,208.8300000000001,309.33719676924136,1412.775162723961,100.50719676924126
1.7242,-25.535,-49.948,382.769,-0.585,208.83,-438.056,-1.276729,0,1.8306,-49.947369027611046,-151.1699999999999,677.1293332087697,208.8300000000001,317.1293332087697,1579.3503398220832,108.29933320876961
1.7290999999999999,-25.535,-47.354,380.922,0.469,206.37,-419.488,-1.276729,0,1.8355,-47.35933993877553,-153.62999999999988,685.3588300460971,206.37000000000012,325.35883004609707,1719.7656737997108,118.98883004609695
1.7341,-25.535,-44.761,388.31,0.253,203.91,-418.445,-1.276729,0,1.8405,-44.76371699999997,-156.08999999999992,694.4751138788629,203.91000000000008,334.4751138788629,1871.8164347728477,130.5651138788628
1.7402,-25.535,-41.772,383.693,-0.021,201.45,-415.141,-0.553813,1,1.8466,-41.76998400000001,-158.54999999999993,706.675614147581,201.45000000000007,346.675614147581,2065.2018307144263,145.22561414758093
1.7451999999999999,-11.076,-39.266,365.224,-0.353,199.69,-354.189,-0.553813,0,1.8516,-39.50657600000015,-160.3099999999999,717.5137284131379,199.6900000000001,357.51372841313787,2201.7188188415894,157.82372841313776
1.7501,-11.076,-39.266,365.224,-0.353,197.58,-352.829,-0.553813,0,1.8565,-39.16577500000127,-162.41999999999987,728.6551040759362,197.58000000000013,8.655104075936151,2311.7675004063517,171.075104075936
1.7550999999999999,-11.076,-33.991,416.937,0.677,195.47,-351.884,-0.553813,0,1.8615,-34.23256000000009,-164.5299999999999,740.8812947647747,195.4700000000001,20.88129476477468,2506.939555995162,-174.58870523522543
1.7601,-11.076,-31.156,429.865,0.27,195.47,-351.884,0.245787,1,1.8665,-31.155563000000004,-164.5299999999999,754.181033147181,195.4700000000001,34.18103314718098,2723.161703357726,-161.28896685281913
1.7651,4.916,-28.298,421.554,-0.046,194.06,-286.135,0.245787,0,1.8715,-28.28938700000001,-165.93999999999988,768.2999796313521,194.06000000000012,48.29997963135213,2860.365438535809,-145.760020368648
1.7701,4.916,-25.353,459.416,0.959,193.01,-236.757,0.245787,0,1.8765,-25.34714800000007,-166.9899999999999,782.9659665438713,193.0100000000001,62.96596654387133,2962.964341069038,-130.04403345612877
1.7751,4.916,-22.1,497.277,0.477,191.6,-236.507,0.245787,0,1.8815,-22.086932000000015,-168.39999999999992,797.9985111677126,191.60000000000008,77.99851116771265,3018.4735946763126,-113.60148883228743
1.7801,4.916,-18.715,504.665,0.095,191.25,-147.339,0.336366,1,1.8865,-18.71543699999999,-168.74999999999986,813.1035354359235,191.25000000000014,93.1035354359235,3015.4118614464387,-98.14646456407664
1.7851,14.908,-15.353,498.2,-0.212,190.55,-131.975,0.336366,0,1.8915,-15.350723000000015,-169.44999999999987,827.9455069630292,190.55000000000013,107.94550696302917,2943.2774164247653,-82.60449303697095
1.7901,14.908,-11.968,510.205,0.286,190.55,-131.975,0.336366,0,1.8965,-11.967582000000004,-169.44999999999987,842.232957544449,190.55000000000013,122.23295754444905,2812.1329025320338,-68.31704245555107
1.7951,14.908,-8.561,515.746,0.054,190.2,-94.795,0.336366,0,1.9015,-8.898293000000107,-169.7999999999999,855.7293425727528,190.2000000000001,135.72934257275278,2659.1426562053052,-54.47065742724732
1.8001,14.908,-8.561,515.746,0.054,189.84,-77.86,0.543802,1,1.9065,-8.496685000000818,-170.1599999999999,868.6187057357571,189.8400000000001,148.6187057357571,2540.8912203751615,-41.221294264243
1.8051,18.9,-5.176,500.971,-0.195,189.49,-67.993,0.543802,0,1.9115,-5.191246000000019,-170.50999999999988,880.8035074785153,189.49000000000012,160.80350747851526,2385.139174195948,-28.686492521484865
1.8101,18.9,-1.945,483.425,-0.494,189.14,-63.136,0.543802,0,1.9165,-1.8950340980398475,-170.8599999999999,891.8892191409733,189.1400000000001,171.8892191409733,2130.4393927446313,-17.250780859026804
1.8152,18.9,4.033,412.32,-0.594,189.14,-31.568,0.543802,0,1.9216,3.7278367058821473,-170.8599999999999,901.6240267172216,189.1400000000001,181.62402671722157,1821.5978542466005,-7.515973282778532
1.8202,18.9,6.715,373.535,-0.718,189.14,-31.568,0.313041,1,1.9266,6.618448000000583,-170.8599999999999,909.9216582196821,189.1400000000001,189.92165821968206,1602.5201382783612,0.7816582196819581
1.8262,16.892,6.715,373.535,-0.718,188.44,-70.632,0.313041,0,1.9326,6.881139999999004,-171.5599999999999,919.0250057114174,188.4400000000001,199.0250057114174,1469.1147135661067,10.585005711417296
1.8312,16.892,11.33,272.879,-0.868,187.73,-96.31,0.313041,0,1.9376,11.036815999999808,-172.2699999999999,925.8537250823547,187.7300000000001,205.85372508235469,1322.0645368381522,18.123725082354582
1.8362,16.892,12.891,211.008,-0.743,186.68,-139.666,0.313041,0,1.9426,12.83480400000034,-173.31999999999985,932.0343697002721,186.68000000000015,212.03436970027212,1207.9109879343262,25.354369700271974
1.8411,16.892,12.891,211.008,-0.743,185.27,-186.699,1.385947,1,1.9475,13.106470588235362,-174.7299999999999,937.8476282242965,185.2700000000001,217.8476282242965,1177.8195824129502,32.577628224296404
1.8461999999999998,20.884,15.111,131.591,-0.403,183.16,-269.101,1.385947,0,1.9526,15.061704201681017,-176.8399999999999,943.7236968974066,183.1600000000001,223.72369689740663,1139.2301982104937,40.563696897406516
1.8511,20.884,15.902,110.352,0.071,181.41,-280.422,1.385947,0,1.9575,15.890325210084033,-178.5899999999999,949.1834073891648,181.4100000000001,229.1834073891648,1107.831648534236,47.7734073891647
1.8561999999999999,20.884,16.605,107.582,-0.095,181.41,-280.422,1.385947,0,1.9626,16.604433133253305,-178.5899999999999,954.8089624316299,181.4100000000001,234.80896243162988,1102.2405529763232,53.39896243162977
1.8611,20.884,17.265,92.807,-0.12,179.65,-285.533,2.561405,1,1.9675,17.25588241296519,-180.34999999999988,960.2201789307887,179.65000000000012,240.22017893078873,1105.837782844498,60.570178930788614
1.8661999999999999,30.876,17.858,85.419,-0.054,177.19,-350.628,2.561405,0,1.9726,17.862123649459754,-182.80999999999992,965.8928691214402,177.19000000000008,245.89286912144019,1115.8193418542028,68.7028691214401
1.8711,30.876,18.54,118.663,0.909,175.08,-351.026,2.561405,0,1.9775,18.56030308163266,-184.91999999999987,971.4070973446962,175.08000000000013,251.40709734469624,1129.2827326444522,76.32709734469609
1.8760999999999999,30.876,19.441,144.52,0.71,172.97,-351.307,2.561405,0,1.9825,19.44434399999995,-187.0299999999999,977.1070697639044,172.9700000000001,257.1070697639044,1145.2331228370151,84.13706976390426
1.8811,30.876,20.518,171.3,0.228,171.21,-322.053,4.452618,1,1.9875,20.52872111764707,-188.7899999999999,982.90347768617,171.2100000000001,262.90347768617005,1165.4019044252627,91.69347768616996
1.8861999999999999,46.868,21.727,183.305,0.328,171.21,-322.053,4.452618,0,1.9926,21.684329411765006,-188.7899999999999,988.9408380650151,171.2100000000001,268.9408380650151,1193.217059050275,97.730838065015
1.8911,46.868,21.727,183.305,0.328,169.45,-305.875,4.452618,0,1.9975,22.059717647058914,-190.54999999999993,994.9043356621835,169.45000000000007,274.9043356621835,1227.1186521102475,105.45433566218344
1.8962,46.868,25.155,315.358,1.084,167.7,-300.674,4.452618,0,2.0026,25.117987274910195,-192.29999999999987,1001.324934349433,167.70000000000013,281.32493434943297,1275.698078013107,113.6249343494328
1.9010999999999998,46.868,27.441,346.755,0.394,166.64,-238.599,5.369156,1,2.0075,27.44048499399758,-193.35999999999993,1007.8037329037093,166.64000000000007,287.80373290370926,1341.6152607744675,121.16373290370916
1.9062,68.86,29.815,355.989,0.212,165.59,-207.214,5.369156,0,2.0126,29.834546458583297,-194.40999999999988,1014.9232272854489,165.59000000000012,294.9232272854489,1422.9541556542201,129.33322728544874
1.9111,68.86,32.628,464.956,2.055,164.53,-190.768,5.369156,0,2.0175,32.34382959183666,-195.46999999999989,1022.2097506060763,164.53000000000011,302.20975060607634,1511.3833844233557,137.67975060607625
1.9170999999999998,68.86,32.628,464.956,2.055,164.18,-124.875,5.369156,0,2.0235,33.38742900000021,-195.81999999999988,1031.786893806131,164.18000000000012,311.78689380613105,1649.6324533602517,147.60689380613093
1.9221000000000001,68.86,40.299,568.383,0.311,164.18,-124.875,6.293568,1,2.0285,40.223681392157836,-195.81999999999988,1040.6949094374704,164.18000000000012,320.6949094374704,1850.6591238396172,156.5149094374703
1.9271999999999998,96.852,44.08,568.383,-0.037,164.18,-62.437,6.293568,0,2.0336,44.133218727491,-195.81999999999988,1051.0680194667432,164.18000000000012,331.0680194667432,2105.762750534043,166.88801946674306
1.9321,96.852,48.256,667.192,2.312,164.18,-31.219,6.293568,0,2.0385,48.17503673469508,-195.81999999999988,1062.0779185543,164.18000000000012,342.0779185542999,2303.8297099345327,177.8979185542998
1.9370999999999998,96.852,48.256,667.192,2.312,163.83,-44.761,6.293568,0,2.0435,49.22872352941208,-196.1699999999999,1074.2394925852398,163.8300000000001,354.23949258523976,2499.356754731897,-169.59050741476034
1.9422,96.852,58.278,785.393,0.544,164.18,6.749,7.000873,1,2.0486,58.113390352942346,-195.81999999999988,1088.0686741614438,164.18000000000012,8.068674161443823,2794.8601321370365,-156.1113258385563
1.9471999999999998,126.852,63.531,786.316,-0.112,164.53,32.402,7.000873,0,2.0536,63.56930791836735,-195.46999999999989,1097.9906434656823,164.53000000000011,17.990643465682297,1875.1222118892874,-146.53935653431782
1.9521,126.852,69.07,864.809,2.213,164.53,32.402,7.000873,0,2.0585,69.07953722448966,-195.46999999999989,1108.4124643885111,164.53000000000011,28.412464388511125,2239.5459373955273,-136.117535611489
1.9570999999999998,126.852,75.224,944.226,1.308,164.88,45.265,7.000873,0,2.0635,75.25449200000001,-195.11999999999992,1120.9372107444906,164.88000000000008,40.937210744490585,2609.0509767437547,-123.9427892555095
1.9620999999999997,126.852,81.686,972.853,0.453,165.23,52.168,7.837128,1,2.0685,81.6840023921569,-194.7699999999999,1135.1466585853952,165.2300000000001,55.146658585395244,2942.711861837636,-110.08334141460486
1.9671999999999998,156.743,88.17,965.465,-0.22,166.29,114.322,7.837128,0,2.0736,88.20999423769511,-193.70999999999992,1151.0756253396478,166.29000000000008,71.07562533964779,3184.613743413427,-95.21437466035229
1.9721,156.743,94.808,1021.796,1.598,166.64,86.265,7.837128,0,2.0785,94.67930408163457,-193.35999999999993,1167.025294441049,166.64000000000007,87.02529444104903,3268.5630476541605,-79.61470555895104
1.9770999999999999,156.743,94.808,1021.796,1.598,166.99,72.28,7.837128,0,2.0835,96.22231400000051,-193.00999999999988,1183.195179232181,166.99000000000012,103.19517923218109,3207.8381507424074,-63.79482076781903
1.9820999999999998,156.743,109.094,1084.59,0.179,166.99,72.28,7.716193,1,2.0885,108.95768952941407,-193.00999999999988,1198.412786339836,166.99000000000012,118.41278633983598,2936.345175570507,-48.57721366016415
1.9871999999999999,180.633,116.348,1063.351,-0.536,167.34,63.538,7.716193,0,2.0936,116.35522258823532,-192.6599999999999,1211.5071908357445,167.3400000000001,131.5071908357445,2424.3910620232928,-35.83280916425559
1.9921999999999997,180.633,123.535,1077.203,0.511,167.34,31.769,7.716193,0,2.0986,123.53816799999996,-192.6599999999999,1222.0814857737148,167.3400000000001,142.0814857737148,1971.902573082831,-25.258514226285286
1.9972,180.633,130.81,1084.59,0.154,167.34,15.885,7.716193,0,2.1036,130.78152000000003,-192.6599999999999,1230.2040429644414,167.3400000000001,150.20404296444144,1481.7985985383136,-17.135957035558647
2.0032,180.633,139.184,1059.657,-0.345,166.99,-21.195,7.370665,1,2.1096,139.172448,-193.00999999999988,1236.6998083122007,166.99000000000012,156.69980831220073,883.7775141806154,-10.290191687799393
2.0082,198.524,146.042,1007.944,-1.017,165.94,-96.463,7.370665,0,2.1146,145.7951120000005,-194.0599999999999,1239.6451540477283,165.9400000000001,159.64515404772828,477.1065646561704,-6.294845952271828
2.0131,198.524,146.042,1007.944,-1.017,164.53,-167.855,7.370665,0,2.1195,147.2963882352939,-195.46999999999989,1240.9946351964868,164.53000000000011,160.9946351964868,178.99195183590956,-3.5353648035133176
2.0182,198.524,158.966,939.609,-0.311,164.53,-167.855,7.370665,0,2.1246,158.72981882352855,-195.46999999999989,1240.1778091226959,164.53000000000011,160.17780912269586,-341.70110816219307,-4.352190877304253
2.0232,198.524,165.076,899.901,-0.619,162.07,-285.745,6.633945,1,2.1296,165.03798400000002,-197.92999999999992,1236.2739360320668,162.07000000000008,156.27393603206679,-933.8873387212108,-5.796063967933293
2.0282,210.415,170.79,829.718,-1.208,159.61,-351.334,6.633945,0,2.1346,170.77498799999987,-200.38999999999987,1230.161181748963,159.61000000000013,150.16118174896292,-1345.7357999768712,-9.44881825103721
2.0332000000000003,210.415,176.087,778.929,-0.552,156.09,-469.361,6.633945,0,2.1396,175.57848800000065,-203.90999999999988,1222.2723923947042,156.09000000000012,142.27239239470418,-1651.2295500665327,-13.817607605295933
2.0381,210.415,176.087,778.929,-0.552,151.88,-585.422,6.633945,0,2.1445,176.268375490201,-208.1199999999999,1213.5040227192474,151.8800000000001,133.50402271924736,-1857.4484248277533,-18.37597728075275
2.0432,210.415,185.824,685.66,-0.926,146.95,-705.17,5.402933,1,2.1496,184.90757647058973,-213.0499999999999,1203.0572624609151,146.9500000000001,123.05726246091513,-2122.7465710625434,-23.892737539084976
2.0483000000000002,216.305,185.824,685.66,-0.926,146.95,-705.17,5.402933,0,2.1547,186.2529724489845,-213.0499999999999,1191.4581799974003,146.9500000000001,111.4581799974003,-2335.6816583811888,-35.49182000259981
2.0532000000000004,216.305,194.067,568.383,-0.602,141.33,-803.404,5.402933,0,2.1596,193.25952244898136,-218.66999999999987,1179.5304185262419,141.33000000000013,99.53041852624187,-2467.2940113996524,-41.79958147375825
2.0581,216.305,194.067,568.383,-0.602,135.0,-949.272,5.402933,0,2.1645,194.1947284313787,-224.9999999999999,1167.1996512258966,135.0000000000001,87.19965122589656,-2531.7361935157714,-47.800348774103554
2.0632,216.305,200.924,464.956,-0.793,127.97,-1061.859,3.574834,1,2.1696,200.5571312941186,-232.02999999999986,1154.2814950529446,127.97000000000014,74.28149505294459,-2524.811720496644,-53.68850494705555
2.0682,216.196,203.825,409.549,-0.893,120.59,-1142.702,3.574834,0,2.1746,203.81157199999961,-239.4099999999999,1141.901370963607,120.59000000000009,61.90137096360695,-2451.777673223039,-58.68862903639314
2.0732000000000004,216.196,206.353,355.066,-1.025,112.5,-1246.508,3.574834,0,2.1796,206.31920800000015,-247.49999999999986,1129.9003772980093,112.50000000000014,49.90037729800929,-2377.6010009231013,-62.59962270199085
2.0782000000000003,216.196,208.529,303.353,-0.793,112.5,-1246.508,3.574834,0,2.1846,208.5163279999996,-247.49999999999986,1118.3104454421625,112.50000000000014,38.31044544216252,-2290.0847732578054,-74.18955455783762
2.0832,216.196,210.353,255.333,-0.801,104.06,-1318.141,1.507646,1,2.1896,210.3214160000001,-255.9399999999999,1107.1836523772258,104.06000000000009,27.183652377225826,-2199.357171266027,-76.87634762277426
2.0882,210.087,211.848,199.927,-0.602,95.27,-1398.404,1.507646,0,2.1946,211.794179999998,-264.7299999999999,1096.4561673895905,95.2700000000001,16.45616738959052,-2124.684527542924,-78.81383261040958
2.0941,210.087,211.848,199.927,-0.602,86.48,-1432.434,1.507646,0,2.2005,211.87138900000204,-273.51999999999987,1084.1320576956693,86.48000000000013,4.132057695669346,-2071.2850114296643,-82.34794230433079
2.0991,210.087,213.079,120.51,-1.656,76.99,-1509.382,1.507646,0,2.2055,213.00828100000015,-283.0099999999999,1073.9500042184384,76.99000000000012,353.9500042184384,-2020.673080257019,-83.03999578156174
2.1042,210.087,213.606,-12.467,-0.81,67.5,-1538.084,-1.40032,1,2.2106,213.58027199999884,-292.49999999999994,1063.8304107331385,67.50000000000006,343.8304107331385,-1970.6714263780195,-83.66958926686158
2.1092,197.978,213.408,-32.782,-0.56,58.01,-1566.972,-1.40032,0,2.2156,213.37641600000015,-301.9899999999999,1054.0344299057754,58.010000000000105,334.03442990577537,-1957.3940637980625,-83.97557009422474
2.1142000000000003,197.978,212.881,-106.658,-1.632,58.01,-1566.972,-1.40032,0,2.2206,212.89997200000096,-301.9899999999999,1044.245664624675,58.010000000000105,324.2456646246751,-1957.2812731929182,-93.764335375325
2.1191,197.978,212.881,-106.658,-1.632,48.52,-1562.264,-1.40032,0,2.2255,212.66775400000054,-311.4799999999999,1034.652506958121,48.520000000000095,314.65250695812097,-1961.0397189466034,-93.86749304187913
2.1241000000000003,197.978,210.727,-194.386,-0.552,39.02,-1591.478,-4.573063,1,2.2305,210.74253678431558,-320.9799999999999,1024.751571632509,39.020000000000095,304.751571632509,-1991.0169352729833,-94.26842836749108
2.1292,179.868,209.364,-208.238,-0.519,29.53,-1585.606,-4.573063,0,2.2356,209.49228235294052,-330.46999999999986,1014.4996916907427,29.530000000000143,294.4996916907427,-2012.068364242625,-95.03030830925746
2.1341,179.868,209.364,-208.238,-0.519,20.39,-1555.45,-4.573063,0,2.2405,209.3301799999957,-339.6099999999999,1004.6840162763879,20.3900000000001,284.68401627638787,-1998.0611046928184,-95.70598372361223
2.1391,179.868,207.584,-302.429,-1.615,11.6,-1505.864,-4.573063,0,2.2455,207.2759935294127,-348.39999999999986,994.7497495828966,11.600000000000136,274.7497495828966,-1983.7198004395564,-96.85025041710355
2.1442,179.868,202.595,-405.856,-0.735,11.6,-1505.864,-6.386198,1,2.2506,202.67057035294607,-348.39999999999986,984.7221026931381,11.600000000000136,264.72210269313814,-1953.7342585625263,-106.877897306862
2.1492,155.759,199.803,-417.86,-0.353,3.16,-1407.061,-6.386198,0,2.2556,199.76296800000028,-356.8399999999999,975.2064691975579,3.160000000000082,255.2064691975579,-1879.1931775312555,-107.95353080244217
2.1542000000000003,155.759,196.594,-536.062,-2.196,354.73,-1464.307,-6.386198,0,2.2606,196.565817877549,-365.27000000000004,966.1687109817475,354.72999999999996,246.1687109817475,-1770.5349131638125,-108.56128901825247
2.1591,155.759,192.682,-612.708,-1.274,346.99,-1378.767,-6.386198,0,2.2655,192.66760360144065,-373.01,958.0306621880134,346.99,238.03066218801337,-1612.5333127827503,-108.95933781198664
2.1642,155.759,188.462,-642.258,-0.552,339.61,-1299.866,-3.725604,1,2.2706,188.45347717646996,-380.39000000000004,950.533628469822,339.60999999999996,230.53362846982202,-1399.7597153100003,-109.07637153017794
2.1692,125.759,184.088,-653.34,0.012,332.93,-1206.632,-3.725604,0,2.2756,184.04787200000035,-387.07,944.4071107162271,332.93,224.40711071622707,-1150.663519997929,-108.52288928377294
2.1742000000000004,125.759,179.296,-758.613,-2.495,332.93,-1206.632,-3.725604,0,2.2806,179.26914399999782,-387.07,939.641996198552,332.93,219.64199619855196,-858.3354400627136,-113.28800380144804
2.1792000000000002,125.759,173.758,-846.341,-1.133,325.9,-1182.066,-3.725604,0,2.2856,174.28964799999582,-394.1,936.4082341971233,325.9,216.4082341971233,-573.4421438322735,-109.49176580287667
2.1852,125.759,173.758,-846.341,-1.133,319.57,-1124.453,-0.988658,1,2.2916,173.0991265306176,-400.43,934.0064344664686,319.57,214.0064344664686,-310.11472531490625,-105.5635655335314
2.1901,95.759,167.032,-883.278,-0.336,313.59,-1055.48,-0.988658,0,2.2965,166.94090302119145,-406.41,933.6019904956013,313.59,213.60199049560129,52.88517147612382,-99.98800950439869
2.1952000000000003,95.759,155.141,-942.379,-1.748,306.91,-1092.398,-0.988658,0,2.3016,155.6313529411722,-413.09,936.2614762498348,306.91,216.2614762498348,711.5027455339521,-90.64852375016523
2.2002,95.759,148.591,-1001.48,-1.017,300.59,-1069.844,-0.988658,0,2.3066,148.5823239999992,-419.41,941.8241059607309,300.59,221.8241059607309,1276.362092301702,-78.76589403926909
2.2052,95.759,141.8,-1019.949,-0.27,293.91,-1092.486,0.241819,1,2.3116,142.45193599999416,-426.09,949.5221414480518,293.91,229.5221414480518,1621.8617028791987,-64.38785855194823
2.2102000000000004,65.759,141.8,-1019.949,-0.27,293.91,-1092.486,0.241819,0,2.3166,141.30784399995147,-426.09,958.4528195424239,293.91,238.45281954242387,1869.4815108698804,-55.45718045757616
2.2152000000000003,65.759,128.129,-1054.116,-1.233,287.23,-1088.741,0.241819,0,2.3216,128.75136799999405,-432.7699999999999,969.0535264654737,287.2300000000001,249.05352646547374,2230.2154617409306,-38.17647353452634
2.2202,65.759,120.941,-1099.365,-0.652,280.55,-1116.15,0.241819,0,2.3266,120.93469999999935,-439.45,981.3133511668517,280.55,261.3133511668517,2529.0053606383126,-19.23664883314831
2.2252,65.759,113.578,-1107.676,-0.154,273.87,-1116.492,0.262512,1,2.3316,113.58433599999994,-446.13,994.31558783918,273.87,274.31558783918,2614.3298694589976,0.445587839180007
2.2302,35.759,106.281,-1076.279,0.403,267.54,-1085.101,0.262512,0,2.3366,106.27862399999977,-452.46,1007.2300120844263,267.54,287.23001208442633,2553.8057991345872,19.690012084426314
2.2352000000000003,35.759,98.918,-1109.523,-1.059,261.56,-1041.24,0.262512,0,2.3416,99.62484799999255,-458.44,1019.4488294778553,261.56,299.44882947785527,2401.721724694549,37.88882947785527
2.2402,35.759,98.918,-1109.523,-1.059,261.56,-1041.24,0.262512,0,2.3466,98.37519199993899,-458.44,1030.8481188415221,261.56,310.84811884152214,2204.2659542691813,49.288118841522135
2.2452,35.759,83.84,-1148.308,0.029,255.94,-980.679,0.45113,1,2.3516,84.54473599999237,-464.05999999999995,1040.1911473722807,255.94000000000005,320.19114737228074,1696.1573955725025,64.25114737228068
2.2502,9.023,76.103,-1106.753,0.643,250.66,-932.451,0.45113,0,2.3566,76.12569200000264,-469.34000000000003,1046.3459322288063,250.65999999999997,326.3459322288063,1037.4544438949579,75.68593222880634
2.2562,9.023,67.575,-1112.294,-0.519,246.45,-821.794,0.45113,0,2.3626,67.83084000003078,-473.55,1050.6025293674052,246.45,330.60252936740517,585.5496780844786,84.15252936740518
2.2611000000000003,9.023,67.575,-1112.294,-0.519,242.93,-703.889,0.45113,0,2.3675,66.13717058824342,-477.07,1052.6048302338504,242.93,332.6048302338504,314.5570608850993,89.6748302338504
2.2662,9.023,52.761,-1100.289,0.203,240.12,-585.82,-1.990613,1,2.3726,53.0274910588567,-479.87999999999994,1052.338989865529,240.12000000000006,332.3389898655289,-252.8790477667252,92.21898986552884
2.2712000000000003,-20.977,45.64,-1047.652,0.992,238.01,-468.574,-1.990613,0,2.3776,45.654783999999765,-481.98999999999995,1048.615106204077,238.01000000000005,328.61510620407694,-914.7989393734745,90.60510620407689
2.2762000000000002,-20.977,38.673,-1048.576,-0.627,238.01,-468.574,-1.990613,0,2.3826,38.923812000032655,-481.98999999999995,1042.6669556128927,238.01000000000005,322.6669556128927,-1285.6241929943694,84.65695561289266
2.2811000000000003,-20.977,38.673,-1048.576,-0.627,236.95,-321.151,-1.990613,0,2.3875,37.29699705883193,-483.05,1035.5796646449967,236.95,315.5796646449967,-1526.1302182936834,78.6296646449967
2.2862,-20.977,24.496,-1063.351,0.029,236.6,-190.222,-5.896728,1,2.3926,24.74555270591587,-483.40000000000003,1026.3423158496219,236.59999999999997,306.34231584962185,-1962.5294480970679,69.74231584962189
2.2912000000000003,-50.977,17.529,-1031.954,0.61,236.95,-65.894,-5.896728,0,2.3976,17.533127999999888,-483.05,1014.8797085676217,236.95,294.8797085676217,-2394.342215655138,57.92970856762173
2.2962000000000002,-50.977,10.605,-1053.193,-1.117,238.01,55.445,-5.896728,0,2.4026,10.85426400003491,-481.98999999999995,1002.2967886319657,238.01000000000005,282.2967886319657,-2548.654750627767,44.286788631965635
2.3011000000000004,-50.977,10.605,-1053.193,-1.117,240.12,203.486,-5.896728,0,2.4075,9.197064705891572,-479.87999999999994,989.7512449946797,240.12000000000006,269.7512449946797,-2560.797774743434,29.631244994679662
2.3062,-50.977,-3.901,-1097.518,-0.162,240.12,203.486,-7.417751,1,2.4126,-3.646999529375143,-479.87999999999994,976.9713709255808,240.12000000000006,256.9713709255808,-2460.2316982108155,16.85137092558074
2.3112000000000004,-80.977,-11.067,-1067.045,0.635,242.58,294.089,-7.417751,0,2.4176,-10.37906400000967,-477.41999999999996,965.5661294784027,242.58000000000004,245.56612947840267,-2216.111272362328,2.9861294784026313
2.3162000000000003,-80.977,-11.067,-1067.045,0.635,245.74,429.166,-7.417751,0,2.4226,-11.330204081672099,-474.25999999999993,955.0692569042574,245.74000000000007,235.06925690425737,-2046.2099670770826,-10.670743095742694
2.3211000000000004,-80.977,-18.232,-1092.901,-0.876,249.96,566.12,-7.417751,0,2.4275,-18.969506422563935,-470.03999999999996,946.0742915848571,249.96000000000004,226.07429158485706,-1707.5451095278656,-23.88570841514297
2.3262,-80.977,-33.288,-1121.528,-0.145,254.53,664.509,-6.235661,1,2.4326,-33.024847764665346,-465.47,939.8795529271003,254.52999999999997,219.87955292710035,-969.6259212983343,-34.650447072899624
2.3312000000000004,-110.977,-40.739,-1097.518,0.677,259.8,764.268,-6.235661,0,2.4376,-40.02370400001071,-460.19999999999993,937.3379886605915,259.80000000000007,217.33798866059146,-375.1372100986505,-42.462011339408605
2.3361,-110.977,-40.739,-1097.518,0.677,259.8,764.268,-6.235661,0,2.4425,-40.8540122951209,-460.19999999999993,936.3271332211465,259.80000000000007,216.32713322114648,-143.17935951687608,-43.472866778853586
2.3422,-110.977,-48.124,-1105.83,-0.76,265.43,845.535,-6.235661,0,2.4486,-48.49316996727284,-454.56999999999994,937.0503603075027,265.43000000000006,217.05036030750273,334.7697663865806,-48.379639692497335
2.3472,-110.977,-64.432,-1133.533,0.253,271.76,953.301,-4.450202,1,2.4536,-63.58172800001308,-448.23999999999995,941.7114324583757,271.76000000000005,221.71143245837573,1176.8418112284808,-50.04856754162432
2.3522000000000003,-134.977,-71.883,-1092.901,0.818,278.09,986.492,-4.450202,0,2.4586,-71.61476399995504,-441.91,949.8916781977911,278.09,229.89167819779107,1787.6390284503723,-48.19832180220891
2.3572,-134.977,-71.883,-1092.901,0.818,284.41,1051.643,-4.450202,0,2.4636,-73.25877599997798,-435.59000000000003,959.7200469210702,284.40999999999997,239.7200469210702,2048.49962968437,-44.68995307892976
2.3622,-134.977,-86.214,-1083.667,-0.112,290.39,1021.871,-4.450202,0,2.4686,-85.95681599995586,-429.60999999999996,971.1763319867,290.39000000000004,251.1763319867,2408.248436612977,-39.21366801330004
2.3672,-134.977,-93.401,-1052.27,0.394,296.37,1010.735,-1.45383,1,2.4736,-93.34615388235382,-423.63000000000005,984.2885833006338,296.36999999999995,264.28858330063383,2679.2837818948115,-32.081416699366116
2.3723,-152.977,-100.149,-997.786,1.034,296.37,1010.735,-1.45383,0,2.4787,-100.15132244897984,-423.63000000000005,998.1943328731818,296.36999999999995,278.1943328731818,2731.984027602327,-18.175667126818155
2.3772,-152.977,-106.677,-971.006,0.137,301.64,934.237,-1.45383,0,2.4836,-106.03752244899046,-418.35999999999996,1011.3833647544138,301.64000000000004,291.38336475441383,2671.5812653533535,-10.25663524558621
2.3821000000000003,-152.977,-106.677,-971.006,0.137,306.56,886.807,-1.45383,0,2.4885,-106.79768800004696,-413.44,1024.221966582726,306.56,304.22196658272605,2593.8279372308634,-2.338033417273948
2.3871,-152.977,-113.029,-946.073,0.27,311.13,822.819,1.903355,1,2.4935,-113.55000788234847,-408.87,1036.5000051640118,311.13,316.5000051640118,2362.0986242401596,5.370005164011786
2.3922000000000003,-164.977,-124.876,-837.106,1.241,315.35,764.102,1.903355,0,2.4986,-124.65252258819343,-404.6499999999999,1046.700510404085,315.3500000000001,326.700510404085,1821.1043118161047,11.3505104040849
2.3972,-164.977,-130.283,-790.934,0.519,318.87,676.302,1.903355,0,2.5036,-130.2492080000006,-401.13,1054.0004889614984,318.87,334.0004889614984,1335.4665371016167,15.130488961498372
2.4022,-164.977,-135.338,-752.149,0.552,318.87,676.302,1.903355,0,2.5086,-135.32849599999818,-401.13,1059.4983022112417,318.87,339.4983022112417,997.4515955134123,20.628302211241703
2.4072,-164.977,-140.129,-695.818,0.959,321.68,570.022,4.39807,1,2.5136,-140.09108000000066,-398.32000000000005,1063.3587353760631,321.67999999999995,343.3587353760631,682.7677138486836,21.678735376063173
2.4122000000000003,-170.977,-144.525,-629.33,1.175,324.49,521.182,4.39807,0,2.5186,-144.5115359999974,-395.50999999999993,1065.7526365170456,324.49000000000007,345.75263651704563,388.6998570244437,21.262636517045564
2.4172000000000002,-170.977,-148.547,-583.158,0.527,326.95,465.692,4.39807,0,2.5236,-148.16088800000725,-393.04999999999995,1066.8370031127165,326.95000000000005,346.8370031127165,161.8672536881795,19.887003112716457
2.4222,-170.977,-148.547,-583.158,0.527,328.36,350.527,4.39807,0,2.5286,-148.8010160000511,-391.64,1067.1002329295504,328.36,347.10023292955043,-2.8634161209450895,18.740232929550416
2.4272,-170.977,-155.603,-471.42,0.643,330.12,319.31,5.649724,1,2.5336,-154.925624000013,-389.87999999999994,1066.259618741174,330.12000000000006,346.2596187411741,-237.62001224407666,16.139618741174047
2.4332000000000003,-170.977,-155.603,-471.42,0.643,331.17,248.314,5.649724,0,2.5396,-156.15999199998913,-388.83,1063.698741021723,331.17,343.698741021723,-515.9065088176415,12.528741021722965
2.4382,-170.977,-161.405,-350.449,0.868,331.17,248.314,5.649724,0,2.5446,-161.19612799995633,-388.83,1060.4409398790947,331.17,340.4409398790947,-710.5085735669709,9.27093987909467
2.4432,-170.977,-161.405,-350.449,0.868,332.23,210.741,5.649724,0,2.5496,-161.7806479999925,-387.7699999999999,1056.3110116279554,332.2300000000001,336.3110116279554,-866.0215882262821,4.08101162795532
2.4482000000000004,-170.977,-165.318,-246.099,0.477,332.58,135.181,4.782683,1,2.5546,-165.17713199996976,-387.42,1051.5984863994474,332.58,331.59848639944744,-975.4667520317294,-0.981513600552546
2.4532000000000003,-164.977,-165.318,-246.099,0.477,332.93,96.755,4.782683,0,2.5596,-165.4578857142829,-387.07,1046.4252269740907,332.93,326.4252269740907,-1050.7968560979618,-6.504773025909287
2.4581,-164.977,-166.746,-197.156,0.726,332.93,48.378,4.782683,0,2.5645,-166.74862114846061,-387.07,1041.159303231759,332.93,321.15930323175894,-1087.2902671606912,-11.770696768241066
2.4632,-164.977,-168.373,-51.251,1.1,332.93,24.189,4.782683,0,2.5696,-168.2283185882383,-387.07,1035.4327219417892,332.93,315.43272194178917,-1132.8958622281807,-17.49727805821084
2.4682000000000004,-164.977,-168.461,9.696,0.585,332.93,24.189,3.756229,1,2.5746,-168.4507039999977,-387.07,1029.7475218586362,332.93,309.7475218586362,-1134.3324262743329,-23.182478141363788
2.4732000000000003,-152.977,-168.263,39.247,0.353,332.58,-15.388,3.756229,0,2.5796,-168.23132000000066,-387.42,1024.1914502408745,332.58,304.1914502408745,-1100.3199042203444,-28.38854975912551
2.4782,-152.977,-167.735,105.735,1.366,331.88,-69.777,3.756229,0,2.5846,-167.75400800000438,-388.12,1018.8331503192544,331.88,298.8331503192544,-1058.7577072513843,-33.046849680745595
2.4831000000000003,-152.977,-167.735,105.735,1.366,330.82,-123.564,3.756229,0,2.5895,-167.52380000000227,-389.18,1013.7995785521445,330.82,293.79957855214445,-1012.9449705303655,-37.02042144785554
2.4882,-152.977,-165.559,184.228,0.511,329.41,-179.591,2.98164,1,2.5946,-165.5867680000065,-390.59,1008.8505039230001,329.41,288.85050392300013,-949.6227787605735,-40.55949607699989
2.4932000000000003,-134.977,-164.197,213.778,0.411,328.36,-177.023,2.98164,0,2.5996,-164.32775199999708,-391.64,1004.323340137315,328.36,284.323340137315,-889.7949018367158,-44.03665986268504
2.4981,-134.977,-164.197,213.778,0.411,328.36,-177.023,2.98164,0,2.6045,-164.16357899998306,-391.64,1000.1158645544997,328.36,280.1158645544997,-844.9230151860817,-48.24413544550032
2.5031000000000003,-134.977,-162.438,302.429,1.673,326.95,-204.482,2.98164,0,2.6095,-162.13004982353277,-393.04999999999995,996.0628553264236,326.95000000000005,276.0628553264236,-795.7164280280575,-50.88714467357647
2.5082,-134.977,-157.471,404.932,0.668,325.2,-250.327,2.521029,1,2.6146,-157.54582988237112,-394.8,992.1883710672925,325.2,272.18837106729245,-743.9873497202778,-53.01162893270754
2.5132000000000003,-110.977,-154.68,416.937,0.17,323.09,-300.404,2.521029,0,2.6196,-154.6419360000009,-396.90999999999997,988.6114431190894,323.09000000000003,268.61144311908936,-705.0860034503916,-54.47855688091067
2.5192,-110.977,-150.855,536.062,1.98,320.98,-325.233,2.521029,0,2.6256,-150.78544800000162,-399.0199999999999,984.5147233711928,320.9800000000001,264.51472337119276,-673.5191787010381,-56.46527662880732
2.5242,-110.977,-146.943,612.708,1.092,318.52,-365.852,2.521029,0,2.6306,-147.0838320000353,-401.48,981.2036155656564,318.52,261.2036155656564,-657.4332061937089,-57.316384434343604
2.5292000000000003,-110.977,-146.943,612.708,1.092,315.35,-450.344,1.929541,1,2.6356,-146.14450588237207,-404.6499999999999,977.953720829189,315.3500000000001,257.953720829189,-649.4842799033551,-57.396279170811056
2.5343,-80.977,-138.459,637.641,-0.095,315.35,-450.344,1.929541,0,2.6407,-138.6429795918658,-404.6499999999999,974.5779498788429,315.3500000000001,254.5779498788429,-670.946823597174,-60.77205012115718
2.5392,-80.977,-133.843,739.22,2.453,312.19,-484.06,1.929541,0,2.6456,-133.78033159183823,-407.81,971.1356483545966,312.19,251.13564835459658,-715.9430161134807,-61.054351645403415
2.5442,-80.977,-128.48,825.101,1.191,309.02,-510.36,1.929541,0,2.6506,-128.67306800005028,-410.9800000000001,967.4007594681337,309.0199999999999,247.40075946813374,-759.592566201009,-61.61924053186618
2.5492000000000004,-80.977,-128.48,825.101,1.191,305.16,-577.762,1.365132,1,2.6556,-127.38070400002735,-414.8399999999999,963.4467887718208,305.1600000000001,243.44678877182082,-809.6335101426232,-61.71321122817926
2.5542000000000002,-50.977,-117.029,862.963,0.079,300.59,-669.986,1.365132,0,2.6606,-117.22523600005225,-419.41,959.0331143830253,300.59,239.03311438302535,-922.1753437327513,-61.556885616974625
2.5592,-50.977,-111.029,934.992,2.03,296.37,-687.77,1.365132,0,2.6656,-110.98645882353051,-423.63000000000005,953.8678396176556,296.36999999999995,233.8678396176556,-1078.3982171223727,-62.50216038234436
2.5643000000000002,-50.977,-104.457,1007.021,1.15,296.37,-687.77,1.365132,0,2.6707,-104.78560000005504,-423.63000000000005,947.8543673254936,296.36999999999995,227.85436732549363,-1220.5524299167284,-68.51563267450632
2.5692000000000004,-50.977,-104.457,1007.021,1.15,291.45,-746.846,0.78798,1,2.6756,-103.14669600003381,-428.55,941.4195397354564,291.45,221.4195397354564,-1362.2321775646826,-70.03046026454359
2.5742000000000003,-20.977,-90.808,1016.255,-0.203,286.17,-814.52,0.78798,0,2.6806,-91.05010000006688,-433.83,933.7027866635118,286.17,213.7027866635118,-1639.8709241248732,-72.46721333648821
2.5792,-20.977,-83.884,1067.968,1.474,280.9,-850.061,0.78798,0,2.6856,-83.85030400000089,-439.09999999999997,924.1580080508285,280.90000000000003,204.15800805082847,-2016.6943895672393,-76.74199194917156
2.5842,-20.977,-76.609,1106.753,0.834,275.62,-865.585,0.78798,0,2.6906,-76.6010799999978,-444.38,912.7925051002496,275.62,192.79250510024963,-2394.5464029761665,-82.82749489975038
2.5892000000000004,-20.977,-69.114,1113.217,-0.029,270.35,-872.155,0.029687,1,2.6956,-69.13431999999936,-449.65,899.2487830850623,270.35,179.2487830850623,-2842.2686182687276,-91.10121691493771
2.5943,3.023,-61.685,1089.207,-0.552,270.35,-872.155,0.029687,0,2.7007,-61.6755632653045,-449.65,882.9743483561288,270.35,162.97434835612876,-3354.1487232660756,-107.37565164387127
2.5992,3.023,-54.366,1092.901,0.527,265.78,-810.509,0.029687,0,2.7056,-54.3803392653057,-454.2200000000001,864.7496096793619,265.7799999999999,144.74960967936192,-3865.055389897646,-121.03039032063799
2.6042,3.023,-47.047,1094.748,0.195,261.21,-792.884,0.029687,0,2.7106,-47.31048400007642,-458.79,843.963955402288,261.21,123.96395540228798,-4262.257929569926,-137.246044597712
2.6102000000000003,3.023,-47.047,1094.748,0.195,256.99,-748.457,-0.739932,1,2.7166,-46.49231199983693,-463.01,817.388032523796,256.99,97.38803252379603,-4511.059736481065,-159.60196747620398
2.6152,21.023,-31.639,1019.025,-1.108,253.12,-697.662,-0.739932,0,2.7216,-32.485143999976444,-466.87999999999994,794.6302226451362,253.12000000000006,74.6302226451362,-4532.540252365123,-178.48977735486386
2.6202,21.023,-25.045,982.087,-0.303,250.66,-552.362,-0.739932,0,2.7266,-25.050580000001663,-469.34000000000003,772.9057216333473,250.65999999999997,52.9057216333473,-4244.039011401821,162.24572163334733
2.6252,21.023,-18.606,949.767,-0.544,247.85,-511.576,-0.739932,0,2.7316,-19.224143999982562,-472.15000000000003,752.6917180075732,247.84999999999997,32.69171800757317,-3972.3739418213763,144.8417180075732
2.6301,21.023,-18.606,949.767,-0.544,247.85,-511.576,-0.328911,1,2.7365,-18.49134803914166,-472.15000000000003,733.8622660103562,247.84999999999997,13.862266010356166,-3785.3433691506134,126.0122660103562
2.6352,33.023,-12.451,910.982,-0.967,245.74,-421.689,-0.328911,0,2.7416,-12.48175011764615,-474.25999999999993,715.4439554473414,245.74000000000007,355.4439554473414,-3520.3260330306366,109.70395544734134
2.6402,33.023,-6.737,832.489,-1.316,244.34,-334.855,-0.328911,0,2.7466,-6.569995999948595,-475.66,699.20520091422,244.33999999999997,339.20520091422,-3115.4926295033974,94.86520091422
2.6452,33.023,3.616,737.374,-0.76,242.93,-284.748,-0.328911,0,2.7516,3.077824000015641,-477.07,685.1186303572024,242.93,325.1186303572024,-2706.0914552203176,82.18863035720238
2.6502000000000003,33.023,8.363,692.125,-0.826,241.88,-229.838,-0.932334,1,2.7566,8.347195999995055,-478.12,672.6598331798731,241.88,312.6598331798731,-2408.7501036076437,70.7798331798731
2.6552000000000002,39.023,12.671,626.56,-0.951,241.17,-173.974,-0.932334,0,2.7616,12.635096000001065,-478.83000000000004,661.2872387324113,241.16999999999996,301.2872387324113,-2225.697020302053,60.11723873241135
2.6602,39.023,16.605,577.617,-0.702,241.17,-173.974,-0.932334,0,2.7666,16.46337599995501,-478.83000000000004,650.6127942975618,241.16999999999996,290.6127942975618,-2100.8268065383236,49.44279429756182
2.6652,39.023,16.605,577.617,-0.702,240.47,-144.578,-0.932334,0,2.7716,17.269703999979956,-479.5299999999999,640.3849592888739,240.47000000000008,280.3849592888739,-2023.6958742794423,39.91495928887383
2.6702000000000004,39.023,23.529,476.038,-1.0,240.12,-101.771,-2.223609,1,2.7766,23.38496399995341,-479.87999999999994,630.48943745449,240.12000000000006,270.48943745449003,-1961.561976403216,30.36943745448997
2.6752000000000002,39.023,26.452,415.09,-0.934,240.12,-50.886,-2.223609,0,2.7816,26.418304000001037,-479.87999999999994,620.7924918147656,240.12000000000006,260.79249181476564,-1933.753111216709,20.67249181476558
2.6802,39.023,29.024,360.607,-0.66,240.12,-25.443,-2.223609,0,2.7866,28.931407999969675,-479.87999999999994,611.1553112086312,240.12000000000006,251.15531120863125,-1925.3533266587845,11.035311208631185
2.6851000000000003,39.023,29.024,360.607,-0.66,240.12,-12.721,-2.223609,0,2.7915,29.20057704917766,-479.87999999999994,601.7479624262062,240.12000000000006,241.7479624262062,-1917.8328095164472,1.6279624262061247
2.6912000000000003,39.023,31.2,301.506,-0.834,240.47,23.044,-3.410873,1,2.7976,31.225291417549826,-479.5299999999999,590.0214906355454,240.47000000000008,230.02149063554543,-1931.1024888336458,-10.448509364454651
2.6963000000000004,33.023,33.288,243.329,-0.843,240.47,23.044,-3.410873,0,2.8027,33.31396224490335,-479.5299999999999,579.9803591502049,240.47000000000008,219.9803591502049,-1990.0021846738987,-20.489640849795194
2.7012,33.023,35.793,124.204,-1.233,240.47,11.522,-3.410873,0,2.8076,35.59830024490412,-479.5299999999999,569.9550647012055,240.47000000000008,209.95506470120552,-2067.3714000786754,-30.51493529879457
2.7062000000000004,33.023,36.321,46.634,-1.324,240.82,35.808,-3.410873,0,2.8126,36.30199199999351,-479.18000000000006,559.4325123241392,240.81999999999994,199.43251232413922,-2115.937406181959,-41.38748767586071
2.7112000000000003,33.023,36.321,46.634,-1.324,241.17,47.045,-3.754833,1,2.8176,36.306216000000475,-478.83000000000004,548.8482291283127,241.16999999999996,188.8482291283127,-2115.327072765727,-52.32177087168725
2.7162,21.023,36.167,-31.859,-0.428,241.88,82.793,-3.754833,0,2.8226,36.17254400000192,-478.12,538.3063327620704,241.88,178.30633276207038,-2105.451324812838,-63.57366723792961
2.7212,21.023,36.167,-31.859,-0.428,242.58,99.707,-3.754833,0,2.8276,36.02981600000448,-477.41999999999996,527.831809507973,242.58000000000004,167.83180950797305,-2087.301618897813,-74.74819049202699
2.7262,21.023,34.738,-162.065,-0.917,242.58,99.707,-3.754833,0,2.8326,34.745920000002776,-477.41999999999996,517.5549597923548,242.58000000000004,157.5549597923548,-2037.9989054762234,-85.02504020764525
2.7312000000000003,21.023,33.529,-194.386,-0.751,242.93,78.726,-3.583772,1,2.8376,33.51431200000048,-477.07,507.5936868447345,242.93,147.59368684473452,-1974.9960290664274,-95.33631315526549
2.7362,3.023,32.167,-206.391,-0.187,243.63,97.509,-3.583772,0,2.8426,32.153499999995205,-476.36999999999995,497.9046291282627,243.63000000000005,137.90462912826268,-1921.3125841531541,-105.72537087173737
2.7412,3.023,30.43,-293.195,-1.955,244.34,108.509,-3.583772,0,2.8476,30.37739200000177,-475.66,488.4831501580156,244.33999999999997,128.48315015801558,-1869.2152552195528,-115.8568498419844
2.7462,3.023,28.145,-365.224,-0.992,245.39,141.662,-3.583772,0,2.8526,28.133083999995726,-474.61,479.3095065093156,245.39,119.30950650931561,-1819.7626872836386,-126.08049349068438
2.7512000000000003,3.023,25.529,-401.238,-0.477,246.45,159.238,-4.498636,1,2.8576,25.78013599999141,-473.55,470.32457881490103,246.45,110.32457881490103,-1792.2973930751252,-136.12542118509896
2.7563,-20.977,25.529,-401.238,-0.477,246.45,159.238,-4.498636,0,2.8627,25.38489897955945,-473.55,461.17389336674285,246.45,101.17389336674285,-1796.9002848156563,-145.27610663325714
2.7612,-20.977,22.76,-416.014,-0.303,247.85,193.376,-4.498636,0,2.8676,22.725296979593026,-472.15000000000003,452.3160927462349,247.84999999999997,92.31609274623492,-1812.8077587302112,-155.53390725376505
2.7662,-20.977,19.573,-529.598,-2.254,248.91,187.319,-4.498636,0,2.8726,19.395735999934615,-471.09000000000003,443.14187828975264,248.90999999999997,83.14187828975264,-1848.0682465327154,-165.76812171024733
2.7712000000000003,-20.977,11.462,-638.565,-0.403,250.66,239.709,-5.483079,1,2.8776,11.824975999987204,-469.34000000000003,433.6370198468691,250.65999999999997,73.63701984686912,-1927.1224908246297,-177.02298015313085
2.7762000000000002,-50.977,7.132,-642.258,-0.195,252.77,296.029,-5.483079,0,2.8826,7.287880000058442,-467.22999999999996,423.622729171117,252.77000000000004,63.62272917111699,-2037.421611508493,170.85272917111695
2.7822,-50.977,7.132,-642.258,-0.195,254.53,291.789,-5.483079,0,2.8886,6.734811999850337,-465.47,410.82002034290707,254.52999999999997,50.82002034290707,-2196.986384939452,156.2900203429071
2.7872000000000003,-50.977,-3.901,-843.57,-1.25,256.99,354.641,-5.483079,0,2.8936,-3.3989200000180695,-463.01,398.9754286571992,256.99,38.97542865719919,-2450.0246284202,141.98542865719918
2.7922000000000002,-50.977,-9.704,-878.661,-0.453,256.99,354.641,-5.903579,1,2.8986,-9.703963999999987,-463.01,385.58803703037904,256.99,25.58803703037904,-2782.152352154843,128.59803703037903
2.7972,-80.977,-15.506,-868.503,0.154,259.8,395.113,-5.903579,0,2.9036,-15.529327999999158,-460.19999999999993,370.50406673221414,259.80000000000007,10.504066732214142,-3116.437528695302,110.70406673221407
2.8022,-80.977,-21.551,-931.298,-1.723,262.62,452.118,-5.903579,0,2.9086,-21.33337999991583,-457.38000000000005,353.7911512312316,262.61999999999995,353.7911512312316,-3432.5781975324735,91.17115123123165
2.8072000000000004,-80.977,-21.551,-931.298,-1.723,266.48,547.386,-5.903579,0,2.9136,-22.83173599995296,-453.52,335.7172371111211,266.48,335.7172371111211,-3710.3436324466966,69.23723711112109
2.8122000000000003,-80.977,-34.892,-1021.796,-0.145,270.0,566.915,-5.340465,1,2.9186,-34.65623599990742,-450.0,315.528000142541,270.0,315.528000142541,-4206.7677714689025,45.528000142540975
2.8172,-106.809,-41.684,-1010.714,0.403,273.87,605.183,-5.340465,0,2.9236,-41.031968000024186,-446.13,292.8480625999996,273.87,292.8480625999996,-4611.820621699619,18.97806259999959
2.8222,-106.809,-41.684,-1010.714,0.403,273.87,605.183,-5.340465,0,2.9286,-42.183284000197986,-446.13,269.5251523150822,273.87,269.5251523150822,-4676.346264051656,-4.344847684917795
2.8272000000000004,-106.809,-55.553,-1062.427,-0.453,278.09,646.462,-5.340465,0,2.9336,-54.90308000002459,-441.91,246.55995105988603,278.09,246.55995105988603,-4523.962101219277,-31.530048940113943
2.8322000000000003,-106.809,-62.652,-1058.734,-0.012,281.95,654.064,-3.835976,1,2.9386,-62.64569999999746,-438.05,225.42908963582477,281.95,225.42908963582477,-4079.9940434500586,-56.52091036417522
2.8372,-126.641,-69.576,-1024.566,0.552,286.17,678.526,-3.835976,0,2.9436,-69.56112000000056,-433.83,206.6418666555715,286.17,206.6418666555715,-3621.7042521401354,-79.52813334442851
2.8422,-126.641,-76.345,-1009.791,-0.228,290.39,689.599,-3.835976,0,2.9486,-76.34345199999936,-429.60999999999996,190.20129294307245,290.39000000000004,190.20129294307245,-3136.7795539741082,-100.1887070569276
2.8472,-126.641,-83.071,-1005.174,0.021,294.26,668.17,-3.835976,0,2.9536,-83.05621600000052,-425.74,176.17709820726805,294.26,176.17709820726805,-2674.7044340468124,-118.08290179273195
2.8522000000000003,-126.641,-89.643,-971.006,0.436,294.26,668.17,-1.476433,1,2.9586,-89.63270399999577,-425.74,164.24071451896617,294.26,164.24071451896617,-2263.0172204859873,-130.01928548103382
2.8572,-140.473,-95.929,-909.135,1.067,297.77,610.013,-1.476433,0,2.9636,-95.8930960000014,-422.23,154.18299084513816,297.77,154.18299084513816,-1916.4148641349318,-143.58700915486182
2.8622,-140.473,-101.841,-870.35,0.469,300.94,585.796,-1.476433,0,2.9686,-101.62816799991138,-419.06,145.5049471526795,300.94,145.5049471526795,-1669.1367821755648,-155.4350528473205
2.8672,-140.473,-101.841,-870.35,0.469,303.75,526.496,-1.476433,0,2.9736,-102.78699999996275,-416.25,137.6687074699894,303.75,137.6687074699894,-1523.369004365812,-166.0812925300106
2.8732,-140.473,-113.666,-761.383,1.117,305.86,439.068,1.711418,1,2.9796,-113.17792000001943,-414.14000000000004,129.36325462059716,305.85999999999996,129.36325462059716,-1310.5226884851434,-176.4967453794028
2.8782,-148.305,-118.436,-690.278,1.258,307.97,395.167,1.711418,0,2.9846,-118.26427999992715,-412.03,123.3542269448866,307.97,123.3542269448866,-1163.727118802156,175.38422694488656
2.8832,-148.305,-118.436,-690.278,1.258,309.38,315.208,1.711418,0,2.9896,-118.85379199998322,-410.62,117.71071916640197,309.38,117.71071916640197,-1117.2829953030337,168.330719166402
2.8882000000000003,-148.305,-122.788,-635.794,0.453,309.38,315.208,1.711418,0,2.9946,-122.90982400005242,-410.62,112.29062917414407,309.38,112.29062917414407,-1064.5430746809693,162.9106291741441
2.8932,-148.305,-130.524,-536.985,0.942,310.78,272.409,4.169727,1,2.9996,-130.0957440000174,-409.22,107.22053036104124,310.78,107.22053036104124,-996.47690599382,156.44053036104128
2.8982,-150.137,-133.799,-469.574,1.05,311.84,226.091,4.169727,0,3.0046,-133.78632799999454,-408.16,102.37031631832623,311.84,102.37031631832623,-962.2222611640262,150.53031631832624
2.9032,-150.137,-136.722,-417.86,0.834,312.54,171.401,4.169727,0,3.0096,-136.69041600000128,-407.46,97.56406940261236,312.54,97.56406940261236,-962.733710610311,145.02406940261233
2.9082000000000003,-150.137,-139.316,-370.765,0.569,313.24,143.683,4.169727,0,3.0146,-139.30411999999478,-406.76,92.69823231820688,313.24,92.69823231820688,-979.398703447344,139.45823231820685
2.9132000000000002,-150.137,-141.58,-313.511,0.743,313.59,100.976,5.156575,1,3.0196,-141.54053835294283,-406.41,87.69675871708111,313.59,87.69675871708111,-1009.9622293727522,134.1067587170811
2.9183000000000003,-145.969,-143.47,-267.338,0.776,313.59,100.976,5.156575,0,3.0247,-143.44962288135034,-406.41,82.40273711898733,313.59,82.40273711898733,-1051.7404781328185,128.81273711898734
2.9242000000000004,-145.969,-145.185,-195.309,0.859,313.95,80.246,5.156575,0,3.0306,-145.16986596609493,-406.04999999999995,75.97556635695217,313.95000000000005,75.97556635695217,-1108.8053573236189,122.02556635695214
2.9292000000000002,-145.969,-146.218,-129.745,0.818,314.3,69.32,5.156575,0,3.0356,-146.1820960000015,-405.69999999999993,70.25056213435624,314.30000000000007,70.25056213435624,-1159.594520072927,115.95056213435618
2.9342,-145.969,-146.877,-79.878,1.009,314.3,34.66,4.506,1,3.0406,-146.86436399999434,-405.69999999999993,64.28524396143517,314.30000000000007,64.28524396143517,-1207.7566990420164,109.98524396143512
2.9392,-135.801,-147.185,-33.706,0.685,314.3,17.33,4.506,0,3.0456,-147.15543200000127,-405.69999999999993,58.09782171504324,314.30000000000007,58.09782171504324,-1248.578731070407,103.79782171504314
2.9442000000000004,-135.801,-147.185,-33.706,0.685,314.3,8.665,4.506,0,3.0506,-147.15648799998695,-405.69999999999993,51.75609452337778,314.30000000000007,51.75609452337778,-1275.1634585572478,97.45609452337771
2.9492000000000003,-135.801,-146.393,110.352,0.876,314.3,4.332,4.506,0,3.0556,-146.38676000000027,-405.69999999999993,45.36601633733087,314.30000000000007,45.36601633733087,-1276.6705277913416,91.06601633733078
2.9542,-135.801,-145.536,142.673,0.336,314.3,4.332,3.990191,1,3.0606,-145.53045599999746,-405.69999999999993,39.044533077982614,314.30000000000007,39.044533077982614,-1257.1567330153632,84.74453307798257
2.9592,-119.633,-144.525,160.218,0.394,313.95,-25.094,3.990191,0,3.0656,-144.4933200000014,-406.04999999999995,32.878972086520186,313.95000000000005,32.878972086520186,-1221.3426706205644,78.92897208652016
2.9642000000000004,-119.633,-143.184,234.094,1.698,313.59,-44.928,3.990191,0,3.0706,-143.23227600002258,-406.41,26.9214583920693,313.59,26.9214583920693,-1179.5558567952098,73.33145839206935
2.9692000000000003,-119.633,-143.184,234.094,1.698,312.89,-80.656,3.990191,0,3.0756,-142.79788800001702,-407.11,21.192309658021586,312.89,21.192309658021586,-1123.814876200013,68.30230965802161
2.9742,-119.633,-139.162,331.98,0.536,312.54,-69.579,3.692303,1,3.0806,-139.22291200002874,-407.46,16.030430951511487,312.54,16.030430951511487,-982.2475466542602,63.490430951511485
2.9792,-97.465,-136.832,355.066,0.428,311.84,-92.882,3.692303,0,3.0856,-137.05567999999005,-408.16,11.724703803515144,311.84,11.724703803515144,-824.1843579998654,59.88470380351515
2.9842,-97.465,-136.832,355.066,0.428,311.84,-92.882,3.692303,0,3.0906,-136.73310799995298,-408.16,7.886043935328915,311.84,7.886043935328915,-743.0172429495103,56.04604393532895
2.9892000000000003,-97.465,-134.085,457.569,2.121,311.13,-104.784,3.692303,0,3.0956,-133.6650960000189,-408.87,4.6806840168549,311.13,4.6806840168549,-576.8317347941197,53.550684016854916
2.9942,-97.465,-126.964,567.459,0.66,309.73,-170.926,3.347728,1,3.1006,-127.080280000056,-410.27,2.9171106097166057,309.73,2.9171106097166057,-243.7219706513165,53.18711060971657
2.9992,-69.296,-123.073,573.0,0.212,308.67,-173.825,3.347728,0,3.1056,-123.0350800000017,-411.3299999999999,2.925576214030087,308.6700000000001,2.925576214030087,92.06890041223795,54.255576214029986
3.0042,-69.296,-118.787,683.814,2.204,307.27,-203.236,3.347728,0,3.1106,-118.76485999998927,-412.73,3.3715105223073594,307.27,3.3715105223073594,60.54103249845502,56.101510522307365
3.0092000000000003,-69.296,-113.886,761.383,1.349,305.51,-246.399,3.347728,0,3.1156,-113.86593600000087,-414.49000000000007,3.4008205363534514,305.50999999999993,3.4008205363534514,-13.140983812446875,57.890820536353544
3.0152,-69.296,-107.754,800.168,0.461,303.4,-301.383,2.936731,1,3.1216,-107.74187764705941,-416.6,3.1814512610954657,303.4,3.1814512610954657,-36.121507744122916,59.78145126109547
3.0203,-39.296,-102.413,793.704,-0.154,303.4,-301.383,2.936731,0,3.1267,-102.68005000008151,-416.6,3.0959224995868975,303.4,3.0959224995868975,-9.310072365893285,59.69592249958691
3.0252000000000003,-39.296,-102.413,793.704,-0.154,300.94,-351.331,2.936731,0,3.1316,-101.87492000002513,-419.06,3.112359184309225,300.94,3.112359184309225,7.415015693029336,62.172359184309244
3.0302000000000002,-39.296,-96.808,874.044,2.013,298.12,-416.121,2.936731,0,3.1366,-96.78744399998975,-421.88,3.1668696493543163,298.12,3.1668696493543163,10.390008461798029,65.04686964935433
3.0352,-39.296,-90.632,939.609,1.266,294.96,-472.08,2.505365,1,3.1416,-89.9863040000304,-425.04,3.1698988881345818,294.96,3.1698988881345818,-4.961289127950895,68.2098988881346
3.0402,-9.296,-77.73,958.078,-0.187,291.8,-498.084,2.505365,0,3.1466,-77.95550400011349,-428.2,3.0684504094479914,291.8,3.0684504094479914,-25.28809688552246,71.26845040944801
3.0452000000000004,-9.296,-71.092,1018.102,1.548,288.28,-543.761,2.505365,0,3.1516,-71.06731858823638,-431.72,4.015440274124952,288.28,4.015440274124952,347.02191511453833,75.73544027412498
3.0503,-9.296,-64.059,1069.815,0.926,288.28,-543.761,2.505365,0,3.1567,-64.41065000011037,-431.72,7.070190433875113,288.28,7.070190433875113,699.155099797193,78.79019043387513
3.0552,-9.296,-64.059,1069.815,0.926,284.41,-590.763,1.714474,1,3.1616,-62.68322400006606,-435.59000000000003,11.486894814572944,284.40999999999997,11.486894814572944,1003.8371717922413,87.076894814573
3.0602,20.704,-49.728,1059.657,-0.428,280.55,-620.403,1.714474,0,3.1666,-50.24391600026471,-439.45,18.12527640998653,280.55,18.12527640998653,1479.8101474678429,97.57527640998654
3.0652000000000004,20.704,-49.728,1059.657,-0.428,277.03,-603.109,1.714474,0,3.1716,-49.04016000003341,-442.97,27.031875477005936,277.03,27.031875477005936,1876.774318192478,110.00187547700597
3.0702000000000003,20.704,-42.563,1086.437,1.067,273.16,-624.324,1.714474,0,3.1766,-42.27654799985133,-446.84,37.63128808037712,273.16,37.63128808037712,2269.59881420995,124.47128808037712
3.0752,20.704,-27.441,1127.992,0.079,269.65,-603.768,0.694214,1,3.1816,-28.232356444405713,-450.35,51.54985939663886,269.65,51.54985939663886,2984.4474440868125,141.89985939663887
3.0806,44.704,-20.012,1103.983,-0.544,266.48,-562.985,0.694214,0,3.187,-20.589811111175823,-453.52,69.48088951456975,266.48,69.48088951456975,3412.0160103323446,163.00088951456974
3.0852000000000004,44.704,-20.012,1103.983,-0.544,266.48,-562.985,0.694214,0,3.1916,-19.309376000034774,-453.52,85.32889028981778,266.48,85.32889028981778,3449.383063950719,178.84889028981775
3.0902000000000003,44.704,-12.693,1098.442,0.369,263.32,-548.815,0.694214,0,3.1966,-12.423179999857298,-456.68,102.42846862653994,263.32,102.42846862653994,3389.978274393955,-160.89153137346005
3.0952,44.704,2.121,1079.05,-0.403,260.86,-479.613,0.293024,1,3.2016,1.3441360000387472,-459.14000000000004,118.18153124684912,260.85999999999996,118.18153124684912,3023.702676760132,-142.67846875315084
3.1012,62.704,10.187,1016.255,-1.092,259.1,-386.496,0.293024,0,3.2076,10.174744000000546,-460.8999999999999,133.84797325227223,259.1000000000001,133.84797325227223,2415.2059261424643,-125.25202674772785
3.1062000000000003,62.704,16.781,980.241,-0.361,257.34,-337.737,0.293024,0,3.2126,16.773871999996196,-462.66,144.46278786596656,257.34,144.46278786596656,1990.5537043357706,-112.87721213403341
3.1112,62.704,23.177,948.843,-0.544,255.94,-286.997,0.293024,0,3.2176,23.15165600000128,-464.05999999999995,152.85608606204585,255.94000000000005,152.85608606204585,1551.9948725789818,-103.08391393795421
3.1162,62.704,29.309,896.207,-0.768,255.94,-286.997,0.46879,1,3.2226,29.088247999880636,-464.05999999999995,159.29816543034661,255.94000000000005,159.29816543034661,1187.742892091789,-96.64183456965344
3.1212,74.704,29.309,896.207,-0.768,255.23,-199.509,0.46879,0,3.2276,30.364039999946126,-464.77000000000004,164.31940177765418,255.22999999999996,164.31940177765418,915.0740250135085,-90.91059822234578
3.1262000000000003,74.704,40.299,775.235,-0.643,254.88,-130.725,0.46879,0,3.2326,40.08454799988281,-465.12,167.44580874958066,254.88,167.44580874958066,475.65047920841687,-87.43419125041933
3.1312,74.704,45.332,741.991,-0.569,254.18,-123.637,0.46879,0,3.2376,45.300416000001626,-465.82000000000005,168.00173111155485,254.17999999999995,168.00173111155485,-15.163857594443215,-86.1782688884451
3.1362,74.704,50.036,688.431,-0.984,254.18,-61.818,-0.709815,1,3.2426,49.86665599990677,-465.82000000000005,166.86678013951544,254.17999999999995,166.86678013951544,-304.55783662368907,-87.31321986048451
3.1412,80.704,50.036,688.431,-0.984,254.53,-1.658,-0.709815,0,3.2476,50.45167999997839,-465.47,164.7596056638132,254.52999999999997,164.7596056638132,-466.54525884793435,-89.77039433618677
3.1462000000000003,80.704,54.366,621.943,-1.15,254.53,-1.658,-0.709815,0,3.2526,54.350951999991636,-465.47,161.79257797217937,254.52999999999997,161.79257797217937,-661.8045096565328,-92.7374220278206
3.1512000000000002,80.704,58.278,572.076,-0.585,255.23,56.861,-0.709815,0,3.2576,58.565039999984954,-464.77000000000004,157.39997717835413,255.22999999999996,157.39997717835413,-975.5663865873439,-97.83002282164583
3.1562,80.704,65.18,472.344,-0.818,256.29,117.986,-2.387037,1,3.2626,65.03675599991972,-463.71,151.2774622451409,256.29,151.2774622451409,-1335.4935804261859,-105.01253775485912
3.1612,80.704,68.103,417.86,-0.868,257.34,146.358,-2.387037,0,3.2676,68.06719200000185,-462.66,143.54161769946074,257.34,143.54161769946074,-1617.3300859093335,-113.79838230053923
3.1662000000000003,80.704,70.653,365.224,-0.951,258.75,191.294,-2.387037,0,3.2726,70.64032799999285,-461.2500000000001,134.84718533836903,258.7499999999999,134.84718533836903,-1788.6415571865116,-123.90281466163086
3.1712000000000002,80.704,72.851,308.894,-0.876,260.51,241.732,-2.387037,0,3.2776,72.8172080000018,-459.49,125.42021376402626,260.51,125.42021376402626,-1921.2207831408573,-135.08978623597375
3.1762,80.704,74.697,259.027,-0.743,260.51,241.732,-1.185551,1,3.2826,74.68511999999322,-459.49,115.45461541742851,260.51,115.45461541742851,-2022.6708014591857,-145.0553845825715
3.1812,74.704,76.213,208.238,-0.751,262.62,285.242,-1.185551,0,3.2876,76.06746400000782,-457.38000000000005,105.0848413102266,262.61999999999995,105.0848413102266,-2090.9882210452965,-157.53515868977337
3.1872000000000003,74.704,76.213,208.238,-0.751,264.38,300.36,-1.185551,0,3.2936,76.37975199999097,-455.62,92.32375782598413,264.38,92.32375782598413,-2143.0411777320905,-172.05624217401586
3.1922,74.704,77.95,42.94,-1.142,267.19,384.291,-1.185551,0,3.2986,77.88905199996475,-452.81,81.49638455383284,267.19,81.49638455383284,-2174.4423756862557,174.30638455383286
3.1972,74.704,77.994,-10.62,-0.602,269.65,396.976,-0.219991,1,3.3036,77.98977600000023,-450.35,70.54022604642796,269.65,70.54022604642796,-2198.3263409768056,160.89022604642798
3.2022000000000004,62.704,77.994,-10.62,-0.602,272.46,433.006,-0.219991,0,3.3086,77.98607999999537,-447.54,59.44791672638181,272.46,59.44791672638181,-2227.951655866905,146.98791672638185
3.2072000000000003,62.704,77.774,-41.093,-0.328,275.27,450.787,-0.219991,0,3.3136,77.65855529412401,-444.73,48.17611364984706,275.27,48.17611364984706,-2267.501763402247,132.90611364984704
3.2123000000000004,62.704,76.323,-158.371,-1.042,275.27,450.787,-0.219991,0,3.3187,76.33377755102433,-444.73,36.385078005914714,275.27,36.385078005914714,-2334.9954533054943,121.11507800591471
3.2172,62.704,75.136,-191.616,-0.411,278.79,515.75,-0.437494,1,3.3236,75.12615990396215,-441.21,24.6509244540085,278.79,24.6509244540085,-2419.050754821523,105.86092445400845
3.2223,44.704,73.796,-210.085,-0.428,282.66,581.401,-0.437494,0,3.3287,73.86300000002454,-437.34,12.201718987336063,282.66,12.201718987336063,-2412.3830735837914,89.54171898733603
3.2272000000000003,44.704,73.796,-210.085,-0.428,286.52,613.242,-0.437494,0,3.3336,73.40556800002187,-433.48,4.338217003810777,286.52,4.338217003810777,-1338.7347486803553,77.81821700381079
3.2322,44.704,69.729,-367.071,-1.258,291.45,718.108,-0.437494,0,3.3386,69.78206400003174,-428.55,-0.11638869239351127,291.45,359.8836113076065,-733.9337070047509,68.4336113076065
3.2372,44.704,67.136,-404.009,-0.685,296.02,740.22,-0.401957,1,3.3436,67.38492799998598,-423.97999999999996,-3.3637470045881868,296.02000000000004,356.63625299541184,-662.1353511837465,60.6162529954118
3.2423,20.704,67.136,-404.009,-0.685,296.02,740.22,-0.401957,0,3.3487,66.82828265294665,-423.97999999999996,-7.007133163376309,296.02000000000004,352.9928668366237,-760.5327300786356,56.972866836623666
3.2472000000000003,20.704,61.223,-520.363,-2.063,301.29,797.373,-0.401957,0,3.3536,61.43090465304937,-418.71,-11.514967076446464,301.29,348.48503292355355,-996.3696048189938,47.195032923553526
3.2522,20.704,57.355,-604.397,-1.142,306.56,850.762,-0.401957,0,3.3586,57.34391199999325,-413.44,-17.547407419821468,306.56,342.45259258017853,-1298.1836322388137,35.89259258017853
3.2572,20.704,53.179,-641.335,-0.627,312.54,923.3,-0.139508,1,3.3636,53.16421600000085,-407.46,-24.966472216770608,312.54,335.0335277832294,-1558.9865688010336,22.493527783229354
3.2622,-2.79,48.849,-645.029,-0.012,318.52,961.427,-0.139508,0,3.3686,48.83632799999226,-401.48,-33.66242094950352,318.52,326.33757905049646,-1820.7683540957657,7.817579050496477
3.2672000000000003,-2.79,44.167,-726.292,-1.69,324.49,971.945,-0.139508,0,3.3736,44.134495529413584,-395.50999999999993,-43.679169320091404,324.49000000000007,316.32083067990857,-2076.165220863678,-8.169169320091498
3.2723,-2.79,39.046,-776.158,-0.834,324.49,971.945,-0.139508,0,3.3787,39.30205000009753,-395.50999999999993,-54.99296165558321,324.49000000000007,305.0070383444168,-2268.227178192646,-19.482961655583267
3.2782,-2.79,39.046,-776.158,-0.834,330.82,1010.643,-0.223124,1,3.3846,38.64495294092797,-389.18,-68.87745656578556,330.82,291.12254343421444,-2404.208551584867,-39.69745656578556
3.2833,-20.284,27.683,-781.699,0.295,337.5,1034.537,-0.223124,0,3.3897,28.208979271660027,-382.5,-81.63975199968488,337.5,278.3602480003151,-2537.7208867783124,-59.139751999684904
3.2882000000000002,-20.284,22.43,-795.551,-0.536,343.48,1050.554,-0.223124,0,3.3946,22.430691346939202,-376.52,-94.19582837213632,343.48,265.8041716278637,-2558.5113664537485,-77.67582837213632
3.2932,-20.284,17.089,-803.862,-0.328,349.45,1026.198,-0.223124,0,3.3996,17.601735999969783,-370.55,-106.70730382826015,349.45,253.29269617173986,-2475.456558464448,-96.15730382826013
3.2982,-20.284,17.089,-803.862,-0.328,355.43,1009.001,-0.404972,1,3.4046,16.712367999762932,-364.57,-118.66227896536178,355.43,241.3377210346382,-2342.134282934455,-114.0922789653618
3.3032000000000004,-31.778,6.627,-761.383,0.511,1.05,970.886,-0.404972,0,3.4096,7.15653599996841,-358.95,-129.38166255813132,1.0500000000000114,230.61833744186868,-2043.38654409104,-130.43166255813134
3.3082000000000003,-31.778,1.681,-732.756,0.237,1.05,970.886,-0.404972,0,3.4146,1.8590560001131462,-358.95,-138.3447150389986,1.0500000000000114,221.6552849610014,-1698.8940593364002,-139.39471503899858
3.3132,-31.778,1.681,-732.756,0.237,6.68,953.335,-0.404972,0,3.4196,1.2189520000276564,-353.32,-146.25454101715857,6.680000000000007,213.74545898284143,-1535.7935724532826,-152.9345410171586
3.3182,-31.778,-3.132,-715.211,0.17,12.3,948.154,-0.61047,1,3.4246,-3.273660000090549,-347.7,-153.1268918001358,12.300000000000011,206.8731081998642,-1275.8781248246628,-165.42689180013582
3.3232000000000004,-37.271,-11.88,-604.397,1.034,17.58,914.5,-0.61047,0,3.4296,-11.41574400002812,-342.42,-157.853065580532,17.579999999999984,202.146934419468,-812.2485222468663,-175.433065580532
3.3282000000000003,-37.271,-15.792,-565.612,0.577,22.5,868.648,-0.61047,0,3.4346,-15.778571999991332,-337.49999999999994,-160.5286916549176,22.500000000000057,199.4713083450824,-425.79344353350785,176.97130834508232
3.3332,-37.271,-19.331,-517.593,0.577,27.07,813.757,-0.61047,0,3.4396,-19.299320000001927,-332.93,-161.74261413517362,27.069999999999993,198.25738586482638,-172.13529529562808,171.1873858648264
3.3382,-37.271,-22.54,-469.574,0.66,27.07,813.757,0.007279,1,3.4446,-22.52653599999125,-332.93,-161.8124391272825,27.069999999999993,198.1875608727175,55.30692032748192,171.1175608727175
3.3432000000000004,-36.765,-25.375,-408.626,0.893,31.29,739.492,0.007279,0,3.4496,-25.34130400000209,-328.71,-160.80730953104643,31.29000000000002,199.19269046895357,257.4537889098506,167.90269046895355
3.3482000000000003,-36.765,-27.859,-348.602,0.959,35.16,714.621,0.007279,0,3.4546,-27.84395199999014,-324.84000000000003,-158.90128754243634,35.15999999999997,201.09871245756366,434.70593187248437,165.93871245756372
3.3532,-36.765,-29.925,-289.501,0.71,39.02,678.614,0.007279,0,3.4596,-29.891208000002088,-320.97999999999996,-156.18299711755841,39.02000000000004,203.81700288244159,585.1077141883312,164.79700288244157
3.3582,-36.765,-31.639,-237.788,0.81,42.19,603.878,1.524853,1,3.4646,-31.62873999999324,-317.81,-152.81460701516028,42.19,207.18539298483972,711.6287285086817,164.99539298483973
3.3632,-30.259,-33.068,-193.462,0.486,45.35,559.815,1.524853,0,3.4696,-33.016976000003154,-314.65000000000003,-148.879433768737,45.349999999999966,211.120566231263,815.0764446741662,165.77056623126305
3.3692,-30.259,-34.145,-102.041,1.632,47.46,459.415,1.524853,0,3.4756,-34.09196941176802,-312.53999999999996,-143.61176789656824,47.460000000000036,216.38823210343176,904.8342127795123,168.9282321034317
3.3743000000000003,-30.259,-34.497,-33.706,1.2,47.46,459.415,1.524853,0,3.4807,-34.47939999999274,-312.53999999999996,-138.82461695320595,47.460000000000036,221.17538304679405,951.6525058702939,173.71538304679405
3.3792,-30.259,-34.497,-33.706,1.2,49.22,373.978,3.542029,1,3.4856,-34.463208000002126,-310.78000000000003,-134.06781186146716,49.21999999999997,225.93218813853284,976.925833305652,176.71218813853284
3.3842000000000003,-17.753,-34.145,51.251,0.602,50.62,303.073,3.542029,0,3.4906,-34.15767200000853,-309.38,-129.124683667977,50.620000000000005,230.875316332023,993.9072338075409,-179.74468366797703
3.3892,-17.753,-34.145,51.251,0.602,51.33,211.917,3.542029,0,3.4956,-33.990920000009766,-308.66999999999996,-124.10825045783561,51.33000000000004,235.8917495421644,1005.1216149423301,-175.43825045783564
3.3942,-17.753,-32.54,168.529,0.751,52.03,164.281,3.542029,0,3.5006,-32.597780000039116,-307.96999999999997,-119.0800996028772,52.03000000000003,240.9199003971228,1006.0205350323033,-171.1100996028772
3.3992,-17.753,-32.54,168.529,0.751,52.03,82.14,4.908492,1,3.5056,-32.41802352941954,-307.96999999999997,-114.02788308072522,52.03000000000003,245.97211691927478,1013.2171668529887,-166.05788308072522
3.4043,0.754,-31.244,202.697,0.743,52.03,82.14,4.908492,0,3.5107,-31.23328877550569,-307.96999999999997,-108.82379604521617,52.03000000000003,251.17620395478383,1022.8933509047787,-160.8537960452162
3.4092000000000002,0.754,-29.793,223.936,0.253,52.03,41.07,4.908492,0,3.5156,-29.52368277552751,-307.96999999999997,-103.80940322177243,52.03000000000003,256.1905967782276,1022.3058306711138,-155.83940322177244
3.4142,0.754,-25.507,384.616,0.967,51.68,-9.484,4.908492,0,3.5206,-25.661296000105967,-308.32,-98.70153481350121,51.68000000000001,261.2984651864988,1022.9301777396705,-150.38153481350122
3.4192,0.754,-25.507,384.616,0.967,50.27,-122.34,4.805663,1,3.5256,-24.975329411799112,-309.73,-93.531996293397,50.26999999999998,266.468003706603,1039.3035651132489,-143.801996293397
3.4243,25.26,-19.858,437.253,0.179,48.87,-177.594,4.805663,0,3.5307,-19.966581632699445,-311.13,-88.13737419698539,48.870000000000005,271.8626258030146,1067.6805891432248,-137.00737419698538
3.4292000000000002,25.26,-16.517,548.067,2.113,47.11,-235.614,4.805663,0,3.5356,-16.467811044420976,-312.89,-82.75321973633211,47.110000000000014,277.2467802636679,1113.1167673842397,-129.8632197363321
3.4343000000000004,25.26,-12.517,628.407,0.967,47.11,-235.614,4.805663,0,3.5407,-12.717000000086161,-312.89,-76.86638135666644,47.110000000000014,283.13361864333353,1173.5784620005154,-123.97638135666648
3.4393000000000002,25.26,-12.517,628.407,0.967,45.0,-289.744,4.583148,1,3.5457,-11.698650000085056,-315.0,-70.74995950217212,45.0,289.25004049782785,1248.1984445242522,-115.74995950217215
3.4442000000000004,55.26,-3.704,662.574,0.137,42.54,-347.939,4.583148,0,3.5506,-3.8528548572474217,-317.46,-64.23563534647047,42.54000000000002,295.7643646535295,1370.9369427510762,-106.7756353464705
3.4492000000000003,55.26,1.154,767.847,2.229,40.43,-355.769,4.583148,0,3.5556,0.6876320000308488,-319.57,-56.81691254711283,40.43000000000001,303.18308745288715,1525.9831078800207,-97.24691254711286
3.4552,55.26,1.154,767.847,2.229,37.27,-440.913,4.583148,0,3.5616,2.344015999920958,-322.72999999999996,-46.924573756503676,37.27000000000004,313.07542624349634,1724.7108660103124,-84.1945737565037
3.4602000000000004,55.26,13.55,883.278,0.345,34.1,-481.022,4.320033,1,3.5666,13.103743999682997,-325.9,-37.42478324878812,34.10000000000002,322.5752167512119,1984.0991078900427,-71.52478324878814
3.4652000000000003,85.26,13.55,883.278,0.345,30.94,-505.579,4.320033,0,3.5716,14.706319999922659,-329.06,-26.463556055701826,30.939999999999998,333.5364439442982,2280.2843911432215,-57.40355605570181
3.4702,85.26,25.595,949.767,1.806,28.83,-463.818,4.320033,0,3.5766,25.399555999860375,-331.16999999999996,-13.79261765639686,28.83000000000004,346.2073823436031,2667.0465540706678,-42.622617656396926
3.4752,85.26,32.211,1012.561,1.059,28.83,-463.818,4.320033,0,3.5816,32.23413599999844,-331.16999999999996,1.386557464947645,28.83000000000004,1.386557464947645,3179.136923719311,-27.443442535052384
3.4802,85.26,39.068,1034.724,0.378,26.02,-464.412,4.137077,1,3.5866,39.06645199999887,-333.98,18.863515200528024,26.019999999999982,18.863515200528024,3638.3399655785543,-7.1564847994719685
3.4852000000000003,109.26,45.882,1017.178,-0.253,23.2,-470.519,4.137077,0,3.5916,45.88190400000006,-336.8,38.661845651144944,23.19999999999999,38.661845651144944,4085.1242436879816,15.461845651144955
3.4902,109.26,52.695,1031.03,0.917,20.74,-440.224,4.137077,0,3.5966,52.696437882353976,-339.26000000000005,60.382230678666936,20.739999999999952,60.382230678666936,4448.934452781794,39.64223067866698
3.4953000000000003,109.26,59.685,1050.423,0.369,18.28,-425.673,4.137077,0,3.6017,59.710360924367066,-341.72,83.84169206123288,18.279999999999973,83.84169206123288,4640.139498023702,65.56169206123292
3.5002,109.26,66.674,1043.958,-0.286,16.52,-358.197,3.893809,1,3.6066,66.66177322448087,-343.47999999999996,106.5174661016396,16.52000000000004,106.5174661016396,4598.743493974777,89.99746610163959
3.5052000000000003,127.26,73.466,999.633,-0.951,14.77,-354.008,3.893809,0,3.6116,73.44699200000137,-345.23,128.61746993370951,14.769999999999982,128.61746993370951,4329.145922865188,113.84746993370953
3.5102,127.26,80.06,983.011,-0.079,14.77,-354.008,3.893809,0,3.6166,80.05445599999594,-345.23,148.90342672061288,14.769999999999982,148.90342672061288,3924.464332896876,134.13342672061287
3.5152,127.26,86.5,967.312,-0.361,13.71,-263.962,3.893809,0,3.6216,86.48099200000131,-346.29,166.90989075688796,13.70999999999998,166.90989075688796,3469.843322565784,153.19989075688795
3.5202,127.26,92.742,922.987,-0.718,12.3,-252.487,3.410025,1,3.6266,92.72853599999004,-347.7,182.7481103621073,12.300000000000011,182.7481103621073,3035.1140284310854,170.4481103621073
3.5252000000000003,139.26,98.61,858.345,-1.1,11.95,-155.271,3.410025,0,3.6316,98.57841600000225,-348.05,196.56590936764294,11.949999999999989,196.56590936764294,2660.693286843568,-175.38409063235702
3.5302000000000002,139.26,104.149,807.556,-0.519,11.6,-106.928,3.410025,0,3.6366,104.13870399999234,-348.40000000000003,208.79184670084018,11.599999999999966,208.79184670084018,2354.3014773202704,-162.8081532991598
3.5352,139.26,109.402,761.383,-0.726,11.6,-53.464,3.410025,0,3.6416,109.36830400000237,-348.40000000000003,219.6894325305159,11.599999999999966,219.6894325305159,2115.1049389426225,-151.91056746948408
3.5402,139.26,114.304,705.976,-0.976,11.6,-53.464,2.874742,1,3.6466,114.27863947539088,-348.40000000000003,229.62633500693428,11.599999999999966,229.62633500693428,1935.470226999213,-141.97366499306565
3.5463,145.26,119.425,627.483,-1.225,12.66,56.923,2.874742,0,3.6527,119.41043740982931,-347.34,240.81580701246125,12.660000000000025,240.81580701246125,1791.8883274099555,-131.8441929875388
3.5513000000000003,145.26,123.337,571.153,-0.76,13.36,89.595,2.874742,0,3.6577,122.98100800003994,-346.64000000000004,249.5511833888309,13.359999999999957,249.5511833888309,1735.664045825262,-123.80881661116905
3.5562,145.26,123.337,571.153,-0.76,15.12,217.763,2.874742,0,3.6626,123.57827058841765,-344.88,258.00923691453215,15.120000000000005,258.00923691453215,1722.980479205204,-117.11076308546785
3.5613,145.26,130.173,463.109,-0.917,16.88,261.043,3.098368,1,3.6677,129.8231085686669,-343.12,266.7908247048538,16.879999999999995,266.7908247048538,1723.7038214713314,-110.08917529514622
3.5663,145.26,133.03,404.932,-1.042,19.34,334.747,3.098368,0,3.6727,133.01241748978765,-340.65999999999997,275.49977916828317,19.340000000000032,275.49977916828317,1753.002922182815,-103.84022083171686
3.5712,145.26,135.492,353.219,-0.726,22.5,431.633,3.098368,0,3.6776,135.45549648979855,-337.49999999999994,284.2658438671299,22.500000000000057,284.2658438671299,1805.254445042689,-98.23415613287017
3.5762,145.26,137.624,297.812,-0.81,25.31,450.4,3.098368,0,3.6826,137.54724799994125,-334.69,293.5124284322252,25.310000000000002,293.5124284322252,1869.2048643205746,-91.79757156777481
3.5813,145.26,137.624,297.812,-0.81,25.31,450.4,3.849555,1,3.6877,137.92002299996622,-334.69,303.27674767446496,25.310000000000002,303.27674767446496,1935.6884206510251,-82.03325232553505
3.5863,139.26,140.877,210.085,-0.619,28.83,509.156,3.849555,0,3.6927,140.76602399994718,-331.16999999999996,313.26139207327554,28.83000000000004,313.26139207327554,2027.1455354651296,-75.5686079267245
3.5913000000000004,139.26,141.954,139.902,-1.225,32.7,587.211,3.849555,0,3.6977,141.90697157143398,-327.3,323.75896792031966,32.69999999999999,323.75896792031966,2125.182675313689,-68.94103207968033
3.5962,139.26,142.503,49.404,-1.299,36.21,586.645,3.849555,0,3.7026,142.48520865304744,-323.79,334.36604086245245,36.20999999999998,334.36604086245245,2178.992938056827,-61.84395913754753
3.6012,139.26,142.569,-6.926,-0.735,40.43,643.627,3.965193,1,3.7076,142.5457680000017,-319.57,345.3543570210837,40.43000000000001,345.3543570210837,2202.332590944404,-55.075642978916335
3.6062000000000003,127.26,142.393,-35.553,-0.444,44.65,674.632,3.965193,0,3.7126,142.38115599999074,-315.34999999999997,356.3604651386632,44.650000000000034,356.3604651386632,2198.037014233188,-48.28953486133685
3.6112,127.26,141.888,-100.194,-1.316,48.52,725.17,3.965193,0,3.7176,141.93647999999644,-311.48,367.2700103245306,48.51999999999998,7.270010324530574,2175.1703513041534,-41.24998967546941
3.6162,127.26,141.888,-100.194,-1.316,48.52,725.17,3.965193,0,3.7226,141.85473599997388,-311.48,378.048585321423,48.51999999999998,18.04858532142299,2145.3080607384227,-30.47141467857699
3.6212,127.26,140.964,-160.218,-0.901,52.73,705.813,3.430582,1,3.7276,140.80166400001204,-307.27000000000004,388.55966003775103,52.72999999999996,28.55966003775103,2077.2488192000633,-24.17033996224893
3.6262000000000003,109.26,138.349,-208.238,-0.195,56.95,709.67,3.430582,0,3.7326,138.4431400000745,-303.05,398.57906842049454,56.94999999999999,38.579068420494536,1971.8693475940759,-18.370931579505452
3.6312,109.26,138.349,-208.238,-0.195,61.17,708.723,3.430582,0,3.7376,137.99380000002643,-298.83,408.1114835196262,61.170000000000016,48.11148351962618,1879.250147788417,-13.05851648037384
3.6372,109.26,133.909,-374.458,-1.042,65.39,705.779,3.430582,0,3.7436,134.2641999999735,-294.61,418.93535289365934,65.38999999999999,58.93535289365934,1767.7049154224824,-6.454647106340644
3.6422000000000003,109.26,133.909,-374.458,-1.042,69.61,698.798,2.357278,1,3.7486,133.71513999984506,-290.39,427.46849654987733,69.61000000000001,67.46849654987733,1678.1923073524763,-2.141503450122684
3.6472,85.26,128.524,-409.549,-0.129,73.83,704.072,2.357278,0,3.7536,128.73711999998397,-286.17,435.5240494999987,73.82999999999998,75.52404949999868,1583.8581955202214,1.6940494999986981
3.6522,85.26,125.359,-523.134,-2.146,77.34,702.701,2.357278,0,3.7586,125.47294000009154,-282.65999999999997,443.17009966035295,77.34000000000003,83.17009966035295,1508.5759808681184,5.830099660352914
3.6572,85.26,125.359,-523.134,-2.146,77.34,702.701,2.357278,0,3.7636,124.9918960000278,-282.65999999999997,450.5520536104689,77.34000000000003,90.55205361046887,1464.656715147503,13.212053610468843
3.6622000000000003,85.26,121.535,-598.856,-1.084,81.21,667.485,0.345816,1,3.7686,121.3704079998668,-278.79,457.7764137416943,81.20999999999998,97.77641374169428,1438.8808478341073,16.566413741694305
3.6672000000000002,55.26,113.139,-642.258,-0.262,84.73,628.433,0.345816,0,3.7736,113.4976559999727,-275.27,465.0085162789494,84.73000000000002,105.0085162789494,1453.4274941210203,20.278516278949382
3.6722,55.26,108.479,-744.761,-2.362,88.24,613.805,0.345816,0,3.7786,108.45448399998007,-271.76,472.4342011552674,88.24000000000001,112.43420115526737,1502.2336866728867,24.194201155267365
3.6772,55.26,103.138,-824.178,-1.441,92.11,629.734,0.345816,0,3.7836,103.09998400000295,-267.89,480.2079772442357,92.11000000000001,120.20797724423568,1580.2500457994176,28.097977244235665
3.6822000000000004,55.26,97.401,-868.503,-0.494,94.92,547.743,-2.336604,1,3.7886,97.60753200016913,-265.08,488.4600490229954,94.92000000000002,128.4600490229954,1681.0380436011135,33.54004902299539
3.6872000000000003,25.26,97.401,-868.503,-0.494,94.92,547.743,-2.336604,0,3.7936,96.28401176479201,-265.08,497.2409790727464,94.92000000000002,137.24097907274643,1797.712651406047,42.32097907274641
3.6923000000000004,25.26,85.533,-944.226,-1.922,97.73,505.621,-2.336604,0,3.7987,85.7820979593104,-262.27000000000004,507.2367726258214,97.72999999999996,147.2367726258214,2049.4675152021864,49.50677262582144
3.6972,25.26,78.917,-1016.255,-1.042,100.2,461.827,-2.336604,0,3.8036,78.90672995918456,-259.8,518.5077805154011,100.19999999999999,158.50778051540112,2402.251313328102,58.307780515401134
3.7022000000000004,25.26,72.059,-1034.724,-0.328,101.95,375.974,-2.400892,1,3.8086,72.06387623529811,-258.05,531.7919631262827,101.94999999999999,171.79196312628267,2777.0357676915764,69.84196312628268
3.7073,-4.74,65.202,-1017.178,0.303,103.01,276.368,-2.400892,0,3.8137,65.16059481793232,-256.99,547.5374426354874,103.00999999999999,187.53744263548742,3223.0118079592735,84.52744263548743
3.7122,-4.74,58.168,-1066.121,-1.167,103.71,195.842,-2.400892,0,3.8186,58.426391836949875,-256.28999999999996,564.7357633263562,103.71000000000004,204.73576332635616,3619.790232077156,101.02576332635613
3.7172,-4.74,58.168,-1066.121,-1.167,103.71,195.842,-2.400892,0,3.8236,56.72473600011309,-256.28999999999996,583.9273174834707,103.71000000000004,223.9273174834707,3947.831550292536,120.21731748347065
3.7222,-4.74,43.134,-1114.141,-0.228,104.06,126.974,-1.400029,1,3.8286,43.424227278931404,-255.94000000000003,605.3469813197992,104.05999999999997,245.34698131979917,4446.644104743371,141.28698131979922
3.7283000000000004,-28.74,34.628,-1084.59,0.751,104.06,63.487,-1.400029,0,3.8347,34.98357868870941,-255.94000000000003,634.1340122072513,104.05999999999997,274.1340122072513,4774.509779665563,170.07401220725137
3.7332,-28.74,34.628,-1084.59,0.751,103.01,-56.53,-1.400029,0,3.8396,33.94016000005441,-256.99,657.4932376347091,103.00999999999999,297.4932376347091,4753.944224411658,-165.5167623652909
3.7382,-28.74,27.463,-1079.05,-0.378,100.9,-204.376,-1.400029,0,3.8446,27.461415999998685,-259.09999999999997,680.6998088147636,100.90000000000003,320.6998088147636,4562.039145772355,-140.2001911852364
3.7432000000000003,-28.74,20.254,-1082.743,-0.22,98.79,-277.219,1.416365,1,3.8496,19.63039341181426,-261.21,701.7130223159251,98.79000000000002,341.71302231592506,4023.121392812662,-117.07697768407496
3.7483,-46.74,6.275,-1004.25,0.909,96.33,-343.898,1.416365,0,3.8547,6.638778000190944,-263.66999999999996,719.6444716764885,96.33000000000004,359.6444716764885,3286.746551844571,-96.68552832351156
3.7533000000000003,-46.74,-0.297,-980.241,0.004,96.33,-343.898,1.416365,0,3.8597,0.3010519999241572,-263.66999999999996,734.0915865626604,96.33000000000004,14.091586562660382,2770.832192244913,-82.23841343733966
3.7582,-46.74,-0.297,-980.241,0.004,93.16,-432.564,1.416365,0,3.8646,-0.749592000386716,-266.84,746.770516592317,93.16000000000003,26.770516592316994,2502.182222209872,-66.38948340768303
3.7632000000000003,-46.74,-12.869,-907.288,0.743,90.0,-485.226,3.871853,1,3.8696,-12.204017411818421,-270.0,758.052396228159,90.0,38.052396228158955,2152.3043758355307,-51.947603771841045
3.7683,-58.74,-18.627,-837.106,1.266,86.48,-536.345,3.871853,0,3.8747,-18.619339795914275,-273.52,767.8510404059207,86.48000000000002,47.851040405920685,1828.7195070670527,-38.62895959407933
3.7732,-58.74,-24.012,-793.704,0.536,82.62,-588.3,3.871853,0,3.8796,-23.484489795961093,-277.38,776.1164767043059,82.62,56.11647670430591,1640.2717165739512,-26.503523295694094
3.7782,-58.74,-24.012,-793.704,0.536,78.4,-648.217,3.871853,0,3.8846,-24.36187058853771,-281.6,783.8559180454521,78.39999999999998,63.855918045452086,1505.5347106743957,-14.544081954547892
3.7833,-58.74,-33.925,-693.048,0.976,78.4,-648.217,3.969642,1,3.8897,-33.44064090202319,-281.6,791.0110539387276,78.39999999999998,71.01105393872763,1360.70047541754,-7.38894606127235
3.7883,-64.74,-38.321,-633.024,1.2,74.53,-622.784,3.969642,0,3.8947,-38.304967265297506,-285.47,797.3895598322382,74.52999999999997,77.3895598322382,1242.5244901842057,2.859559832238233
3.7932,-64.74,-42.321,-588.698,0.635,69.96,-724.731,3.969642,0,3.8996,-41.929163265338225,-290.03999999999996,803.2172989633522,69.96000000000004,83.21729896335216,1171.5702596659055,13.257298963352127
3.7982,-64.74,-42.321,-588.698,0.635,65.74,-713.523,3.969642,0,3.9046,-42.57081176492427,-294.26000000000005,808.9041692240625,65.73999999999995,88.90416922406246,1123.0799067188505,23.164169224062505
3.8033,-64.74,-49.399,-479.731,0.619,60.47,-793.599,2.03019,1,3.9097,-49.035526372596394,-299.53,814.5043441135659,60.47000000000003,94.50434411356594,1089.90581759458,34.03434411356591
3.8083,-64.74,-52.344,-416.937,0.818,55.55,-800.209,2.03019,0,3.9147,-52.31918720337636,-304.45,819.9048481155672,55.55000000000001,99.90484811556723,1077.0717963732425,44.35484811556722
3.8142,-64.74,-55.245,-348.602,0.901,49.92,-877.176,2.03019,0,3.9206,-55.15649491517616,-310.08,826.2214877960218,49.920000000000016,106.22148779602185,1067.029670386371,56.30148779602183
3.8192000000000004,-64.74,-55.245,-348.602,0.901,49.92,-877.176,2.03019,0,3.9256,-55.61632799996911,-310.08,831.5254265060089,49.920000000000016,111.5254265060089,1060.3543077629347,61.60542650600888
3.8242000000000003,-64.74,-59.113,-248.869,0.453,44.3,-900.342,0.320298,1,3.9306,-58.97375199987635,-315.70000000000005,836.8653329007645,44.299999999999955,116.86533290076454,1072.8488083170653,72.56533290076459
3.8292,-58.74,-59.113,-248.869,0.453,37.97,-984.718,0.320298,0,3.9356,-59.35568799997973,-322.03000000000003,842.2985104781658,37.96999999999997,122.29851047816578,1091.5508989225511,84.32851047816581
3.8342,-58.74,-61.641,-138.056,1.349,31.29,-1052.885,0.320298,0,3.9406,-61.569791999936484,-328.71,847.8157873605833,31.29000000000002,127.81578736058327,1110.1263229418635,96.52578736058325
3.8392000000000004,-58.74,-62.191,-53.098,1.067,23.91,-1142.562,0.320298,0,3.9456,-62.14444000000393,-336.09000000000003,853.4420977934636,23.909999999999968,133.44209779346363,1127.7196489824537,109.53209779346366
3.8442000000000003,-58.74,-62.256,11.543,0.569,16.17,-1211.843,-1.657247,1,3.9506,-62.25365999999791,-343.83,859.0413238552746,16.170000000000016,139.04132385527464,1114.622670274266,122.87132385527462
3.8493000000000004,-46.74,-62.256,11.543,0.569,16.17,-1211.843,-1.657247,0,3.9557,-62.23566428571701,-343.83,864.641629049118,16.170000000000016,144.64162904911802,1090.6630709383246,128.471629049118
3.8542,-46.74,-62.037,38.323,0.336,8.09,-1253.468,-1.657247,0,3.9606,-61.99305666262544,-351.91,869.8653717115335,8.089999999999975,149.8653717115335,1051.9865700132336,141.77537171153352
3.8593,-46.74,-60.564,157.448,1.084,359.65,-1359.513,-1.657247,0,3.9657,-60.5831504201655,-360.35,874.9619724657374,359.65,154.9619724657374,974.1528023701255,155.31197246573743
3.8642000000000003,-46.74,-59.355,186.075,0.453,350.51,-1442.982,-2.660743,1,3.9706,-59.350344244893726,-369.49,879.415990840726,350.51,159.41599084072595,879.7558027591407,168.90599084072596
3.8692,-40.74,-57.992,211.931,0.419,341.02,-1511.441,-2.660743,0,3.9756,-57.97942400000107,-378.98,883.4676460673604,341.02,163.46764606736042,781.5226099590718,-177.55235393263956
3.8742,-40.74,-56.498,230.4,0.66,331.88,-1507.417,-2.660743,0,3.9806,-56.55178400004903,-388.12,887.0593197528785,331.88,167.05931975287854,693.3443343692326,-164.82068024712146
3.8792,-40.74,-56.498,230.4,0.66,331.88,-1507.417,-2.660743,0,3.9856,-56.17527058826298,-388.12,890.2693199474279,331.88,170.2693199474279,615.8983864462547,-161.6106800525721
3.8843,-40.74,-53.069,263.645,0.129,322.73,-1517.322,-2.201759,1,3.9907,-53.1507920000463,-397.27,892.9521468293924,322.73,172.9521468293924,479.14641652567053,-149.7778531706076
3.8893,-40.74,-51.311,265.491,0.104,313.24,-1555.633,-2.201759,0,3.9957,-51.316914999999206,-406.76,894.7805448077168,313.24,174.78054480771675,323.6958436530934,-138.45945519228326
3.8943000000000003,-40.74,-49.618,243.329,-0.22,304.1,-1538.853,-2.201759,0,4.0007,-49.62478300000386,-415.9,895.9850350992558,304.1,175.9850350992558,205.579292778805,-128.1149649007442
3.8993,-40.74,-48.058,223.936,-0.203,295.66,-1471.876,-2.201759,0,4.0057,-48.07618457626869,-424.34,896.6282335011575,295.66,176.62823350115752,98.0007757178767,-119.0317664988425
3.9052,-40.74,-46.453,190.692,-0.461,286.88,-1453.892,-0.890097,1,4.0116,-46.467512271185214,-433.11999999999995,896.7530701436915,286.88000000000005,176.7530701436915,-14.983097916748033,-110.12692985630855
3.9102000000000006,-34.74,-45.244,170.376,-0.444,278.44,-1443.63,-0.890097,0,4.0166,-45.25235733334111,-441.56,896.3861637102899,278.44,176.3861637102899,-98.69089019093231,-102.05383628971009
3.9156000000000004,-34.74,-44.189,163.912,0.361,270.7,-1360.992,-0.890097,0,4.022,-44.17506634461097,-449.3,895.5491583489771,270.7,175.54915834897713,-180.2434277540418,-95.15084165102286
3.9202000000000004,-34.74,-43.09,162.989,0.137,270.7,-1360.992,-0.890097,0,4.0266,-43.13300434786632,-449.3,894.5140109894162,270.7,174.5140109894162,-240.99852466515574,-96.1859890105838
3.9252000000000002,-34.74,-43.09,162.989,0.137,263.32,-1303.654,-0.789033,1,4.0316,-42.98670400000909,-456.68,893.1516256157485,263.32,173.15162561574846,-284.5534578538174,-90.16837438425154
3.9302,-22.74,-42.014,152.831,0.004,255.94,-1261.249,-0.789033,0,4.0366,-41.97281599996131,-464.05999999999995,891.5287072575969,255.94000000000005,171.52870725759692,-348.8067876059043,-84.41129274240313
3.9352,-22.74,-39.794,194.386,0.942,248.91,-1219.898,-0.789033,0,4.0416,-39.867823999993476,-471.09000000000003,889.3718472939337,248.90999999999997,169.37184729393368,-466.46876279002686,-79.53815270606628
3.9402,-22.74,-38.343,225.783,0.818,242.23,-1168.278,-0.789033,0,4.0466,-38.337071294112064,-477.77000000000004,886.6189659827539,242.22999999999996,166.61896598275393,-587.3382144409211,-75.61103401724603
3.9453000000000005,-22.74,-36.695,254.41,0.453,242.23,-1168.278,-0.072167,1,4.0517,-36.84202745095968,-477.77000000000004,883.2647946212767,242.22999999999996,163.26479462127668,-682.1011131527669,-78.96520537872328
3.9503000000000004,-4.74,-36.695,254.41,0.453,235.9,-1074.667,-0.072167,0,4.0567,-36.504412999888146,-484.09999999999997,879.5751115315595,235.90000000000003,159.57511153155951,-767.860197000634,-76.32488846844052
3.9553000000000003,-4.74,-32.958,335.674,1.49,229.92,-1075.885,-0.072167,0,4.0617,-33.29806699995192,-490.08000000000004,875.2795417700445,229.91999999999996,155.2795417700445,-897.172081566385,-74.64045822995547
3.9602000000000004,-4.74,-32.958,335.674,1.49,224.3,-1005.907,-0.072167,0,4.0666,-32.867783999913826,-495.7,870.4848090994617,224.3,150.4848090994617,-1011.4043199256854,-73.81519090053831
3.9652000000000003,-4.74,-30.452,399.391,1.075,219.38,-912.909,1.177688,1,4.0716,-30.152717176497454,-500.61999999999995,864.9623888033228,219.38000000000005,144.96238880332282,-1158.2468112657577,-74.41761119667723
3.9703,19.26,-24.716,433.559,0.237,214.45,-866.063,1.177688,0,4.0767,-25.002800000169735,-505.55000000000007,858.2306961755199,214.44999999999993,138.23069617551994,-1388.5431905497833,-76.21930382448
3.9753,19.26,-24.716,433.559,0.237,214.45,-866.063,1.177688,0,4.0817,-24.042507142953177,-505.55000000000007,850.6374258478864,214.44999999999993,130.63742584788645,-1575.2298993906957,-83.81257415211348
3.9802,19.26,-17.463,623.789,1.142,210.94,-720.222,1.177688,0,4.0866,-17.57355673480034,-509.06,842.1610240232296,210.94,122.16102402322963,-1805.645706618069,-88.77897597677037
3.9852,19.26,-13.133,642.258,0.461,207.42,-659.838,2.126163,1,4.0916,-13.150830819670524,-512.5799999999999,832.2331035941626,207.42000000000007,112.23310359416257,-2046.0204525990227,-95.1868964058375
3.9913,42.523,-8.077,647.799,0.037,205.31,-505.624,2.126163,0,4.0977,-8.042170868857456,-514.6899999999999,819.0357769212652,205.31000000000006,99.03577692126521,-2212.6388374055227,-106.27422307873485
3.9962999999999997,42.523,-3.55,705.053,1.598,202.85,-458.037,2.126163,0,4.1027,-3.521193326513367,-517.15,807.7160058137465,202.85000000000002,87.7160058137465,-2280.2091104475326,-115.13399418625352
4.0012,42.523,1.44,763.23,0.81,201.45,-342.868,2.126163,0,4.1076,0.9511836735138829,-518.5500000000001,796.5167114506655,201.44999999999993,76.51671145066553,-2283.433427978824,-124.9332885493344
4.0062,42.523,1.44,763.23,0.81,200.39,-261.893,2.367863,1,4.1126,1.8069176474157724,-519.61,785.2338586210819,200.39,65.23385862108194,-2234.714394866711,-135.15614137891805
4.0113,59.787,11.836,776.158,-0.154,200.39,-261.893,2.367863,0,4.1177,11.37852872555673,-519.61,774.5179212829061,200.39,54.51792128290606,-2024.513600405355,-145.87207871709393
4.0163,59.787,17.001,788.163,0.502,199.69,-188.53,2.367863,0,4.1227,16.73758499984059,-520.31,765.3850192199299,199.69000000000005,45.38501921992986,-1755.2750231339203,-154.3049807800702
4.0212,59.787,17.001,788.163,0.502,199.34,-123.847,2.367863,0,4.1276,18.020135999906,-520.66,757.3236717558297,199.34000000000003,37.32367175582965,-1586.3229909069096,-162.01632824417038
4.0262,59.787,27.617,784.469,-0.245,199.34,-61.923,2.714867,1,4.1326,27.416341646861223,-520.66,750.5656534713984,199.34000000000003,30.565653471398377,-1223.4830107943703,-168.77434652860165
4.0313,71.05,32.76,757.689,-0.536,200.04,27.296,2.714867,0,4.1377,32.758392296918956,-519.96,746.0468902258813,200.03999999999996,26.04689022588127,-764.5655711043294,-173.9931097741187
4.0362,71.05,37.684,733.68,-0.228,200.39,42.847,2.714867,0,4.1426,37.503118367168106,-519.61,743.2553230491798,200.39,23.255323049179765,-499.95252590870217,-177.13467695082022
4.0412,71.05,37.684,733.68,-0.228,200.39,42.847,2.714867,0,4.1476,38.56522352932972,-519.61,741.4143349798532,200.39,21.41433497985315,-302.58725228375897,-178.97566502014683
4.0463000000000005,71.05,47.047,669.038,-0.859,201.09,78.799,2.383632,1,4.1527,46.79294799984384,-518.9100000000001,741.0217688771108,201.08999999999992,21.021768877110844,41.524644068259825,179.93176887711093
4.0513,76.314,51.245,608.091,-0.992,201.8,99.087,2.383632,0,4.1577,51.21497000000445,-518.1999999999999,742.6344376649774,201.80000000000007,22.63443766497744,421.3314022558534,-179.16556233502263
4.0563,76.314,55.113,560.995,-0.56,202.5,108.215,2.383632,0,4.1627,54.91573199987821,-517.5,745.5194016143464,202.5,25.519401614346407,630.7916509957274,-176.9805983856536
4.0612,76.314,55.113,560.995,-0.56,203.2,112.716,2.383632,0,4.1676,55.74810588229321,-516.8000000000001,749.046116793477,203.19999999999993,29.04611679347704,761.5509830400542,-174.1538832065229
4.0663,76.314,61.861,453.875,-0.768,203.55,85.229,1.746455,1,4.1727,61.66818499988049,-516.45,753.6546419365562,203.54999999999995,33.65464193655623,977.2575739990771,-169.89535806344372
4.0713,75.577,64.696,391.08,-0.851,203.55,85.229,1.746455,0,4.1777,64.4380150000385,-516.45,759.3046269340988,203.54999999999995,39.30462693409879,1172.4492682541786,-164.24537306590116
4.0762,75.577,64.696,391.08,-0.851,203.91,72.175,1.746455,0,4.1826,64.8341573771885,-516.09,765.2656023117603,203.90999999999997,45.26560231176029,1233.4165013533059,-158.64439768823968
4.0823,75.577,69.378,272.879,-0.818,203.91,36.087,1.746455,0,4.1887,69.18227704905806,-516.09,773.0638910599697,203.90999999999997,53.063891059969706,1299.0928596789126,-150.84610894003026
4.0872,75.577,69.378,272.879,-0.818,203.91,18.044,1.414671,1,4.1936,69.53198399998534,-516.09,779.5405539031401,203.90999999999997,59.54055390314011,1326.360514532177,-144.36944609685986
4.0922,68.84,70.982,221.166,-0.743,203.91,9.022,1.414671,0,4.1986,71.00259200002093,-516.09,786.1934641360693,203.90999999999997,66.19346413606934,1334.0169085888601,-137.71653586393063
4.0972,68.84,73.158,102.041,-1.706,203.55,-25.563,1.414671,0,4.2036,72.97444800001755,-516.45,792.9128176223511,203.54999999999995,72.9128176223511,1344.8548166930702,-130.63718237764886
4.1022,68.84,73.422,18.007,-1.15,202.85,-71.025,1.414671,0,4.2086,73.40706070586711,-517.15,799.5850880253863,202.85000000000002,79.58508802538631,1326.9279108111693,-123.26491197461371
4.1073,68.84,73.268,-36.476,-0.735,202.85,-71.025,0.880438,1,4.2137,73.25170921568875,-517.15,806.2239420806691,202.85000000000002,86.22394208066908,1290.8876127863764,-116.62605791933095
4.1123,56.104,72.938,-58.639,-0.519,201.45,-146.407,0.880438,0,4.2187,72.95483000001067,-518.5500000000001,812.552946021274,201.44999999999993,92.55294602127401,1254.7676353910863,-108.89705397872592
4.1172,56.104,72.938,-58.639,-0.519,200.04,-197.467,0.880438,0,4.2236,72.87473600000612,-519.96,818.582851359933,200.03999999999996,98.58285135993299,1221.1412121195378,-101.45714864006698
4.1222,56.104,72.279,-125.127,-1.299,198.28,-245.296,0.880438,0,4.2286,72.21815929405484,-521.72,824.5921736666248,198.27999999999997,104.59217366662483,1194.756606617406,-93.68782633337514
4.1273,56.104,69.883,-212.855,-0.71,196.52,-269.167,1.930735,1,4.2337,70.09676078428095,-523.48,830.6460298923384,196.51999999999998,110.64602989233845,1184.4053251013358,-85.87397010766153
4.1323,38.615,69.883,-212.855,-0.71,194.77,-280.718,1.930735,0,4.2387,69.71036499988963,-525.2299999999999,836.5590599254157,194.7700000000001,116.55905992541568,1183.602943679388,-78.21094007458441
4.1373,38.615,66.498,-323.669,-1.889,194.77,-280.718,1.930735,0,4.2437,66.80603499995257,-525.2299999999999,842.5350264553485,194.7700000000001,122.53502645534854,1201.1961502903648,-72.23497354465155
4.1422,38.615,66.498,-323.669,-1.889,193.01,-283.814,1.930735,0,4.2486,66.31570588216337,-526.9899999999999,848.5333939824563,193.0100000000001,128.53339398245635,1237.5554394896533,-64.47660601754376
4.1473,38.615,61.333,-416.014,-0.444,190.2,-380.94,2.247644,1,4.2537,61.535814019576314,-529.8000000000001,855.1358368215921,190.19999999999993,135.13583682159208,1325.1843264789377,-55.06416317840785
4.1523,27.126,58.498,-429.865,-0.087,187.38,-425.101,2.247644,0,4.2587,58.48902399999419,-532.6199999999999,862.200233307405,187.3800000000001,142.20023330740503,1451.8482971575584,-45.17976669259508
4.1573,27.126,55.487,-468.65,-0.76,184.92,-417.764,2.247644,0,4.2637,55.46297600000375,-535.08,869.9006603685369,184.91999999999996,149.90066036853693,1579.0649842789246,-35.019339631463026
4.1623,27.126,52.212,-492.66,-0.361,181.76,-470.075,2.247644,0,4.2687,52.21370000000112,-538.24,878.322840443628,181.76,158.32284044362802,1734.0734884390383,-23.437159556371967
4.1683,27.126,48.322,-495.43,0.095,178.59,-501.498,3.489587,1,4.2747,48.32142199999962,-541.41,889.5890711287999,178.59000000000003,169.5890711287999,1952.7517217865018,-9.00092887120013
4.1733,21.636,45.069,-480.655,0.419,178.59,-501.498,3.489587,0,4.2797,45.08101199999812,-541.41,900.0611539549467,178.59000000000003,180.0611539549467,2154.1674550557345,1.471153954946658
4.1783,21.636,41.948,-467.727,0.228,175.43,-509.985,3.489587,0,4.2847,41.95355900000364,-544.5699999999999,911.5568141932866,175.43000000000006,191.55681419328664,2363.960865089274,16.126814193286577
4.1833,21.636,38.936,-443.717,0.336,172.62,-492.841,3.489587,0,4.2897,38.95210699999746,-547.38,924.1129427698968,172.62,204.1129427698968,2571.065238388757,31.492942769896786
4.1883,21.636,36.101,-416.014,0.461,169.8,-481.529,4.37698,1,4.2947,36.2455850000949,-550.2,937.567647000028,169.79999999999995,217.56764700002805,2735.267395669496,47.76764700002809
4.1932,22.147,36.101,-416.014,0.461,166.99,-474.249,4.37698,0,4.2996,35.849960000025106,-553.01,951.2946770431586,166.99,231.29467704315857,2825.9599519739527,64.30467704315856
4.1982,22.147,33.486,-374.458,0.403,164.53,-442.256,4.37698,0,4.3046,33.428092941114656,-555.47,965.7643359701384,164.52999999999997,245.7643359701384,2929.85022154426,81.23433597013843
4.2033000000000005,22.147,29.178,-280.267,0.776,164.53,-442.256,4.37698,0,4.3097,29.408278176433875,-555.47,981.1409695255132,164.52999999999997,261.14096952551324,3043.4893135243565,96.61096952551327
4.2083,22.147,27.485,-235.941,0.585,162.07,-422.449,5.32617,1,4.3147,27.501830000011168,-557.93,996.5437484712228,162.07000000000005,276.5437484712228,3091.4916763384326,114.47374847122273
4.2133,28.658,26.122,-195.309,0.61,159.61,-417.406,5.32617,0,4.3197,26.24603299998018,-560.39,1012.0577807804523,159.61,292.0577807804523,3106.2246684242964,132.44778078045226
4.2182,28.658,26.122,-195.309,0.61,157.85,-357.654,5.32617,0,4.3246,26.07082352935652,-562.15,1027.3037547918193,157.85000000000002,307.3037547918193,3112.53246983434,149.45375479181928
4.2233,28.658,24.672,-40.17,1.283,155.74,-354.386,5.32617,0,4.3297,24.801362745077295,-564.26,1043.1493769149338,155.74,323.1493769149338,3103.0193892959383,167.40937691493377
4.2282,28.658,24.672,-40.17,1.283,154.69,-264.592,5.635274,1,4.3346,24.68131764706892,-565.31,1058.3173315758213,154.69000000000005,338.3173315758213,3094.769074719212,-176.37266842417876
4.2333,41.169,24.936,38.323,0.502,154.69,-264.592,5.635274,0,4.3397,24.91244705882732,-565.31,1074.1555879966486,154.69000000000005,354.1555879966486,3109.4405638664666,-160.53441200335146
4.2382,41.169,24.936,38.323,0.502,153.63,-219.608,5.635274,0,4.3446,24.991058823589277,-566.37,1089.4497309260312,153.63,9.44973092603118,3128.923960392383,-144.18026907396882
4.2433000000000005,41.169,26.496,164.836,0.901,152.58,-198.571,5.635274,0,4.3497,26.35682352943435,-567.42,1105.5446712042326,152.58000000000004,25.5446712042326,3165.9942579525828,-127.03532879576744
4.2482,41.169,26.496,164.836,0.901,151.88,-157.235,5.892972,1,4.3546,26.59372941187135,-568.12,1121.1679718200783,151.88,41.167971820078264,3199.5695405776705,-110.71202817992173
4.2533,59.68,29.265,215.625,0.444,151.52,-108.702,5.892972,0,4.3597,29.184643431385645,-568.48,1137.6628363845557,151.51999999999998,57.6628363845557,3250.6129465997374,-93.85716361544428
4.2593000000000005,59.68,31.463,332.903,1.698,150.82,-111.78,5.892972,0,4.3657,31.52436433332332,-569.1800000000001,1157.3676640819117,150.81999999999994,77.3676640819117,3293.9434746182023,-73.45233591808824
4.2643,59.68,33.969,391.08,0.751,150.82,-55.89,5.892972,0,4.3707,33.841193999912996,-569.1800000000001,1173.795090993383,150.81999999999994,93.79509099338293,3276.9732988641704,-57.02490900661701
4.2693,59.68,33.969,391.08,0.751,150.82,-55.89,6.296439,1,4.3757,34.48305899991574,-569.1800000000001,1189.9876846737868,150.81999999999994,109.98768467378682,3217.407111821637,-40.83231532621312
4.2743,84.191,39.618,434.483,0.228,150.47,-55.364,6.296439,0,4.3807,39.49692599991728,-569.5300000000001,1205.6229423290922,150.4699999999999,125.62294232909221,3075.5765065107958,-24.847057670907702
4.2793,84.191,42.893,538.832,2.213,150.47,-27.682,6.296439,0,4.3857,42.594975000049025,-569.5300000000001,1220.2780635732756,150.4699999999999,140.27806357327563,2880.6569916897047,-10.191936426724283
4.2842,84.191,42.893,538.832,2.213,150.47,-13.841,6.296439,0,4.3906,43.18389411797029,-569.5300000000001,1233.8745638462715,150.4699999999999,153.87456384627149,2717.593924296602,3.4045638462715715
4.2893,84.191,51.135,651.493,0.453,150.47,-6.92,7.089327,1,4.3957,50.7997203137808,-569.5300000000001,1246.5976699325277,150.4699999999999,166.59766993252765,2384.5974345885297,16.127669932527738
4.2943,114.191,55.531,657.034,0.237,150.82,25.613,7.089327,0,4.4007,55.54890100001227,-569.1800000000001,1257.1399846179042,150.81999999999994,177.13998461790425,1993.8362704156514,26.31998461790431
4.299300000000001,114.191,60.278,750.302,2.287,150.82,25.613,7.089327,0,4.4057,60.34206399998942,-569.1800000000001,1265.9852230728911,150.81999999999994,185.98522307289113,1675.8262176813435,35.165223072891195
4.3043000000000005,114.191,65.729,840.8,1.374,150.82,12.806,7.089327,0,4.4107,65.74807400001322,-569.1800000000001,1273.2327888369202,150.81999999999994,193.23278883692024,1347.819531000738,42.4127888369203
4.3093,114.191,71.554,885.125,0.56,151.17,36.092,7.779202,1,4.4157,71.56191699999869,-568.83,1278.8000705316845,151.16999999999996,198.80007053168447,1017.7477340106748,47.63007053168451
4.3143,144.191,77.466,882.355,-0.104,151.52,47.247,7.779202,0,4.4207,77.4772200000078,-568.48,1282.7786893152336,151.51999999999998,202.77868931523358,698.0112463633546,51.258689315233596
4.3193,144.191,83.598,948.843,1.814,151.52,23.623,7.779202,0,4.4257,83.64604799999195,-568.48,1285.1587026349353,151.51999999999998,205.15870263493525,384.147294217312,53.63870263493527
4.3243,144.191,90.258,1014.408,0.909,151.17,-17.514,7.779202,0,4.4307,90.26454000000452,-568.83,1285.9767293857617,151.16999999999996,205.9767293857617,64.6532394864435,54.80672938576174
4.329400000000001,144.191,97.182,1040.265,0.237,151.17,-17.514,7.69827,1,4.4358,97.2108453781444,-568.83,1285.1038812367551,151.16999999999996,205.10388123675511,-272.41991939536626,53.933881236755155
4.3343,168.191,104.171,1025.49,-0.286,150.82,-36.245,7.69827,0,4.4407,104.16596973469025,-569.1800000000001,1282.6160386030679,150.81999999999994,202.61603860306786,-611.5959622110923,51.79603860306793
4.339300000000001,168.191,111.204,1043.958,0.801,149.41,-142.641,7.69827,0,4.4457,110.56399700010839,-570.5899999999999,1278.412661170596,149.41000000000008,198.41266117059604,-920.6926005366763,49.00266117059596
4.3442,168.191,111.204,1043.958,0.801,147.66,-217.904,7.69827,0,4.4506,111.65671475461387,-572.34,1273.1139129223716,147.65999999999997,193.11391292237158,-1160.2911718611601,45.453912922371615
4.3503,168.191,126.546,1054.116,-0.303,145.2,-313.309,7.138269,1,4.4567,126.25104609815261,-574.8,1264.1148116917618,145.20000000000005,184.11481169176182,-1667.6873282942972,38.91481169176177
4.355300000000001,186.191,133.338,995.016,-1.133,142.03,-416.986,7.138269,0,4.4617,133.3099720000049,-577.97,1253.800024306067,142.02999999999997,173.80002430606692,-2215.689223341349,31.770024306066944
4.3603000000000005,186.191,139.822,979.317,-0.203,137.81,-564.469,7.138269,0,4.4667,139.82082699999916,-582.1899999999999,1241.1134746758753,137.81000000000006,161.1134746758753,-2678.327963159939,23.303474675875236
4.3653,186.191,146.283,951.614,-0.369,137.81,-564.469,7.138269,0,4.4717,146.25515400000475,-582.1899999999999,1226.124406121917,137.81000000000006,146.124406121917,-3127.049415247104,8.314406121916932
4.3703,186.191,152.438,903.594,-0.668,132.89,-684.062,5.661033,1,4.4767,152.41775299998557,-587.11,1209.0851043057999,132.89,129.08510430579986,-3524.776956794958,-3.804895694200127
4.3753,198.191,158.196,836.183,-1.25,126.91,-840.072,5.661033,0,4.4817,157.67202200008987,-593.09,1190.500608621284,126.90999999999997,110.50060862128407,-3772.25306870547,-16.409391378715895
4.3802,198.191,158.196,836.183,-1.25,120.23,-987.387,5.661033,0,4.4866,158.57342400043723,-599.77,1171.660375411647,120.23000000000002,91.66037541164701,-3871.4014965339093,-28.569624588353008
4.3852,198.191,168.68,754.919,-0.494,112.85,-1109.868,5.661033,0,4.4916,168.12454776476642,-607.15,1152.2924791433895,112.85000000000002,72.29247914338953,-3854.9675596474212,-40.557520856610495
4.3903,198.191,173.472,695.818,-1.009,105.12,-1199.217,3.231328,1,4.4967,173.45435199998735,-614.88,1133.2691493721288,105.12,53.26914937212882,-3665.611588275856,-51.85085062787118
4.3953,204.191,177.824,626.56,-1.125,105.12,-1199.217,3.231328,0,4.5017,177.4279680000684,-614.88,1115.5566312335404,105.12,35.55663123354043,-3498.836254852548,-69.56336876645958
4.4002,204.191,177.824,626.56,-1.125,96.68,-1293.302,3.231328,0,4.5066,178.09396470619723,-623.32,1098.8873202915815,96.67999999999995,18.887320291581545,-3350.2671178009255,-77.7926797084184
4.4053,204.191,185.473,531.445,-0.76,87.89,-1388.733,3.231328,0,4.5117,184.79058921580503,-632.11,1082.6743657379554,87.88999999999999,2.6743657379554406,-3105.476042212444,-85.21563426204455
4.4103,204.191,185.473,531.445,-0.76,78.75,-1456.187,0.074793,1,4.5167,185.79246400023152,-641.25,1067.9740840284405,78.75,347.97408402844053,-2869.807446999751,-90.77591597155947
4.4153,204.191,191.737,419.707,-0.834,69.61,-1487.269,0.074793,0,4.5217,191.40293900005827,-650.39,1054.4111047437714,69.61000000000001,334.4111047437714,-2642.915866109711,-95.19889525622864
4.4203,204.191,194.33,357.836,-0.893,60.47,-1501.906,0.074793,0,4.5267,194.19775699990387,-659.53,1041.9311819676757,60.47000000000003,321.9311819676757,-2444.1743384334986,-98.53881803232434
4.4253,204.191,194.33,357.836,-0.893,60.47,-1501.906,0.074793,0,4.5317,194.5300142856793,-659.53,1030.02933849653,60.47000000000003,310.02933849653004,-2356.743822092678,-110.44066150346998
4.4302,204.191,196.484,307.047,-0.951,51.33,-1507.167,-2.89748,1,4.5366,196.50865379728577,-668.6700000000001,1018.7625348665947,51.32999999999993,298.7625348665947,-2271.350206517221,-112.56746513340522
4.4363,198.191,200.001,199.003,-0.735,42.19,-1522.621,-2.89748,0,4.5427,199.90778286878424,-677.8100000000001,1005.371155067837,42.18999999999994,285.371155067837,-2162.273598287732,-116.81884493216296
4.4413,198.191,201.056,131.591,-1.167,33.4,-1503.75,-2.89748,0,4.5477,200.95999500001693,-686.6,994.7673440499707,33.39999999999998,274.7673440499707,-2106.6645508920637,-118.63265595002929
4.4462,198.191,201.056,131.591,-1.167,24.96,-1455.459,-2.89748,0,4.5526,201.0753764706113,-695.0400000000001,984.5734354075701,24.959999999999923,264.57343540757006,-2069.423078715645,-120.38656459242986
4.4513,198.191,201.605,-8.773,-0.652,16.52,-1431.625,-6.554196,1,4.5577,201.53609158824747,-703.48,974.1444638131345,16.519999999999982,254.1444638131345,-2034.989311772754,-122.37553618686547
4.456300000000001,186.191,201.386,-42.94,-0.328,8.44,-1388.96,-6.554196,0,4.5627,201.36966899998794,-711.5600000000001,964.0889898887978,8.43999999999994,244.08898988879776,-1999.6270646407838,-124.35101011120219
4.4614,186.191,200.836,-110.352,-1.2,8.44,-1388.96,-6.554196,0,4.5678,200.88129411763543,-711.5600000000001,954.0478253915363,8.43999999999994,234.04782539153632,-1955.9991065778324,-134.39217460846362
4.466200000000001,186.191,200.836,-110.352,-1.2,0.7,-1324.495,-6.554196,0,4.5726,200.80187058819428,-719.3,944.7949490871932,0.7000000000000455,224.79494908719323,-1914.9042070653588,-135.90505091280681
4.4713,186.191,199.869,-167.606,-0.976,353.32,-1287.647,-4.637078,1,4.5777,199.84325056863204,-726.6800000000001,935.2335489458886,353.31999999999994,215.23354894588863,-1854.8115168676518,-138.0864510541113
4.4763,168.191,198.638,-194.386,-0.652,346.29,-1233.637,-4.637078,0,4.5827,198.54160999992826,-733.7099999999999,926.2962186721726,346.2900000000001,206.29621867217259,-1751.2378625620236,-139.9937813278275
4.4813,168.191,195.517,-303.353,-1.806,339.26,-1199.107,-4.637078,0,4.5877,195.59098299998675,-740.74,918.1043332871827,339.26,198.10433328718273,-1587.6595987029552,-141.15566671281726
4.4863,168.191,193.209,-365.224,-1.117,333.28,-1099.26,-4.637078,0,4.5927,193.1959579999903,-746.72,910.8016707132006,333.28,190.80167071320056,-1404.9966304597963,-142.4783292867994
4.4914000000000005,168.191,190.594,-403.085,-0.511,333.28,-1099.26,-1.940994,1,4.5978,190.5719243697536,-746.72,904.2724296589116,333.28,184.27242965891162,-1226.2014055444101,-149.00757034108835
4.4963,144.191,187.824,-422.478,-0.054,327.66,-994.677,-1.940994,0,4.6027,187.9681530613325,-752.3399999999999,898.8046516626044,327.6600000000001,178.80465166260444,-1074.9873265151496,-148.85534833739564
4.5012,144.191,187.824,-422.478,-0.054,322.03,-990.117,-1.940994,0,4.6076,187.1620705883109,-757.97,893.9689954400251,322.03,173.96899544002508,-941.210182917653,-148.0610045599749
4.5063,144.191,180.791,-606.244,-0.992,317.11,-905.009,-1.940994,0,4.6127,180.92743000010282,-762.89,890.030490050803,317.11,170.030490050803,-682.6368608072731,-147.07950994919702
4.5113,144.191,176.571,-641.335,-0.56,312.54,-835.304,0.320816,1,4.6177,176.56299200000146,-767.46,887.7364144298108,312.53999999999996,167.7364144298108,-373.28756692671675,-144.80358557018917
4.5163,114.191,172.263,-641.335,-0.162,307.97,-793.906,0.320816,0,4.6227,172.24425799998582,-772.03,886.7810882712237,307.97,166.78108827122367,-110.44173998294902,-141.18891172877636
4.5214,114.191,167.494,-753.072,-2.287,307.97,-793.906,0.320816,0,4.6278,167.88674117636742,-772.03,887.0926528703768,307.97,167.0926528703768,122.60985696388366,-140.87734712962322
4.5273,114.191,167.494,-753.072,-2.287,303.75,-742.293,0.320816,0,4.6337,166.91787900010524,-776.25,888.6080765457848,303.75,168.6080765457848,327.59618174945797,-135.1419234542152
4.5323,114.191,161.163,-850.034,-1.05,299.88,-691.508,1.912073,1,4.6387,160.8951479997961,-780.12,891.2407427229659,299.88,171.24074272296593,643.3260766029871,-128.63925727703406
4.5373,84.191,149.58,-867.58,0.021,296.02,-673.486,1.912073,0,4.6437,150.08404899990765,-783.98,896.3523709198035,296.02,176.35237091980355,1183.3599879995027,-119.66762908019643
4.5423,84.191,143.536,-938.685,-1.814,291.8,-693.747,1.912073,0,4.6487,143.5101939999803,-788.2,904.1020427964496,291.79999999999995,184.1020427964496,1702.627524101829,-107.69795720355035
4.5473,84.191,136.986,-1000.556,-1.108,287.93,-668.806,1.912073,0,4.6537,136.96607100000367,-792.0699999999999,914.175981610177,287.93000000000006,194.17598161017702,2146.3202445678867,-93.75401838982305
4.5523,84.191,130.217,-1020.872,-0.286,284.06,-656.022,2.276804,1,4.6587,130.2158269999992,-795.94,926.5331243057406,284.05999999999995,206.53312430574056,2617.6387431281582,-77.52687569425939
4.557300000000001,54.191,123.425,-1007.021,0.336,284.06,-656.022,2.276804,0,4.6637,123.418994000001,-795.94,941.2800894812851,284.05999999999995,221.28008948128513,3083.1760838150535,-62.779910518714814
4.5623000000000005,54.191,116.567,-1048.576,-1.474,280.2,-647.385,2.276804,0,4.6687,116.54909899998619,-799.8000000000001,958.1507022077305,280.19999999999993,238.15070220773055,3495.9983828112313,-42.049297792269385
4.5673,54.191,109.358,-1093.825,-0.851,276.68,-619.472,2.276804,0,4.6737,109.34198400000298,-803.32,976.7390745639332,276.67999999999995,256.7390745639332,3793.778936508451,-19.940925436066777
4.5723,54.191,101.973,-1114.141,-0.037,273.16,-603.297,0.305531,1,4.6787,102.3496350002913,-806.8399999999999,996.1575270736238,273.1600000000001,276.1575270736238,3902.9930881991604,2.9975270736237007
4.5773,24.191,101.973,-1114.141,-0.037,269.65,-594.545,0.305531,0,4.6837,100.6489500002465,-810.35,1015.5167808507764,269.65,295.5167808507764,3838.5804299348897,25.866780850776422
4.5823,24.191,87.423,-1103.059,-0.984,266.48,-560.82,0.305531,0,4.6887,87.78168300027829,-813.52,1033.573048830467,266.48,313.5730488304671,3470.0787290705975,47.09304883046707
4.5873,24.191,79.906,-1130.763,-0.594,266.48,-560.82,0.305531,0,4.6937,80.59004699987226,-813.52,1048.9431843265456,266.48,328.94318432654563,2949.4826006278254,62.463184326545615
4.5923,24.191,79.906,-1130.763,-0.594,263.67,-512.878,-2.124908,1,4.6987,79.51926699969908,-816.3299999999999,1062.8228275429524,263.6700000000001,342.8228275429524,2703.73277904288,79.15282754295231
4.597300000000001,-5.809,72.323,-1137.227,-0.062,261.56,-432.657,-2.124908,0,4.7037,71.65096500012616,-818.4399999999999,1075.0178631934216,261.56000000000006,355.0178631934216,2279.090717482032,93.45786319342153
4.6023000000000005,-5.809,57.355,-1118.758,-0.81,259.45,-393.512,-2.124908,0,4.7087,58.11836800059784,-820.5500000000001,1083.108177246389,259.44999999999993,3.1081772463890047,1335.539407460716,103.65817724638907
4.6073,-5.809,57.355,-1118.758,-0.81,258.05,-313.318,-2.124908,0,4.7137,55.95496500026392,-821.9499999999998,1087.5970689430387,258.0500000000002,7.597068943038721,749.9620409346234,109.54706894303854
4.6123,-5.809,41.97,-1141.844,0.087,256.99,-244.176,-4.245488,1,4.7187,42.38845500032876,-823.01,1090.1119479747224,256.99,10.111947974722398,399.73800087418994,113.12194797472239
4.6183000000000005,-35.809,33.354,-1091.054,0.851,256.64,-151.58,-4.245488,0,4.7247,33.35638000000184,-823.3599999999999,1089.5125014208434,256.6400000000001,9.512501420843364,-321.46036043426716,112.87250142084326
4.6234,-35.809,26.078,-1102.136,-0.851,256.64,-151.58,-4.245488,0,4.7298,26.677199999836006,-823.3599999999999,1086.4049885999216,256.6400000000001,6.40498859992158,-708.9833433653816,109.76498859992148
4.6283,-35.809,26.078,-1102.136,-0.851,256.29,-104.384,-4.245488,0,4.7347,25.697998999699617,-823.71,1082.1164751606639,256.28999999999996,2.1164751606638674,-945.2885463372439,105.8264751606639
4.6333,-35.809,18.627,-1123.375,-0.353,256.99,7.197,-5.342556,1,4.7397,17.960971000126726,-823.01,1076.1176117873363,256.99,356.1176117873363,-1351.4309520344718,99.12761178733626
4.6383,-65.809,3.857,-1080.896,0.643,258.05,91.887,-5.342556,0,4.7447,4.610270000597279,-821.9499999999998,1067.0413933580373,258.0500000000002,347.04139335803734,-2010.428295717655,88.99139335803716
4.6433,-65.809,3.857,-1080.896,0.643,259.8,192.149,-5.342556,0,4.7497,3.1989790001255844,-820.1999999999999,1055.4092127283725,259.80000000000007,335.4092127283725,-2427.618566261137,75.60921272837243
4.6483,-65.809,-3.374,-1092.901,-1.0,261.91,271.902,-5.342556,0,4.7547,-3.7652210003111586,-818.09,1042.0304318317203,261.90999999999997,322.0304318317203,-2824.733050269561,60.12043183172034
4.6533,-65.809,-18.276,-1121.528,0.079,261.91,271.902,-5.902638,1,4.7597,-17.5879490001316,-818.09,1025.4198659112349,261.90999999999997,305.41986591123487,-3518.908180342552,43.5098659112349
4.6583000000000006,-95.809,-25.617,-1086.437,0.619,264.73,356.626,-5.902638,0,4.7647,-25.61475599999827,-815.2699999999999,1006.1699318752161,264.73000000000013,286.1699318752161,-3954.9709302472243,21.43993187521596
4.6633000000000004,-95.809,-32.914,-1112.294,-0.992,267.54,428.85,-5.902638,0,4.7697,-32.93001599999692,-812.46,986.0352417057775,267.53999999999996,266.0352417057775,-4032.646241321612,-1.5047582942224835
4.6683,-95.809,-40.387,-1134.456,-0.577,270.7,476.988,-5.902638,0,4.7747,-40.391488000003605,-809.3000000000001,966.3153038509945,270.69999999999993,246.3153038509945,-3882.190033581855,-24.384696149005435
4.6733,-95.809,-47.948,-1130.763,0.112,274.22,532.233,-5.124513,1,4.7797,-47.93398600000271,-805.78,948.0955200095135,274.22,228.0955200095135,-3529.1806121197337,-46.12447999048652
4.6783,-119.809,-55.355,-1101.212,0.71,277.73,558.383,-5.124513,0,4.7847,-55.34099299998874,-802.27,932.0515694653684,277.73,212.0515694653684,-3058.837228315313,-65.67843053463162
4.6834,-119.809,-62.63,-1096.595,-0.428,277.73,558.383,-5.124513,0,4.7898,-62.66388235293165,-802.27,918.3273880042055,277.73,198.32738800420555,-2532.4000162869343,-79.40261199579447
4.6883,-119.809,-70.015,-1097.518,-0.145,281.6,596.572,-5.124513,0,4.7947,-69.63067857111824,-798.4,907.4623027513002,281.6,187.46230275130017,-2101.9339172028926,-94.13769724869985
4.6933,-119.809,-70.015,-1097.518,-0.145,284.77,566.746,-3.112319,1,4.7997,-71.3231249997455,-795.23,898.0899232652054,284.77,178.08992326520536,-1762.9487446259657,-106.68007673479462
4.698300000000001,-137.809,-84.39,-1022.719,1.142,288.63,605.989,-3.112319,0,4.8047,-83.9847199996709,-791.37,891.0253563569388,288.63,171.0253563569388,-1239.3144421444188,-117.6046436430612
4.7043,-137.809,-92.104,-986.705,0.187,291.45,536.925,-3.112319,0,4.8107,-91.77615499973362,-788.5500000000001,886.0965917283869,291.44999999999993,166.0965917283869,-669.4944544568373,-125.35340827161303
4.7092,-137.809,-92.104,-986.705,0.187,294.61,528.473,-3.112319,0,4.8156,-93.29355294102918,-785.3899999999999,883.5883958604986,294.6100000000001,163.58839586049862,-436.17327843655863,-131.0216041395015
4.714300000000001,-137.809,-104.743,-907.288,1.05,297.07,472.472,-0.248921,1,4.8207,-104.40246399972176,-782.93,882.6868657542863,297.07000000000005,162.68686575428626,-43.85081003915285,-134.3831342457138
4.7193000000000005,-149.809,-110.457,-825.101,1.399,297.07,472.472,-0.248921,0,4.8257,-110.42105500000707,-782.93,884.0296267237753,297.07000000000005,164.02962672377532,383.14124182220746,-133.04037327622473
4.7243,-149.809,-115.776,-782.623,0.361,299.18,408.028,-0.248921,0,4.8307,-115.76141399998804,-780.82,887.0593105192706,299.17999999999995,167.05931051927064,701.5072697716981,-132.1206894807293
4.7293,-149.809,-120.809,-738.297,0.76,300.94,353.87,-0.248921,0,4.8357,-120.35099700009037,-779.0600000000001,891.5316403352922,300.93999999999994,171.5316403352922,960.3118371557076,-129.40835966470775
4.7343,-149.809,-120.809,-738.297,0.76,302.7,324.127,2.568948,1,4.8407,-121.26749000037697,-777.3,897.0151504427511,302.70000000000005,177.01515044275106,1165.888838769621,-125.68484955724898
4.7393,-155.809,-129.799,-616.402,1.059,304.1,278.53,2.568948,0,4.8457,-128.98091000016188,-775.9000000000001,903.8706667572009,304.0999999999999,183.87066675720087,1458.005730572408,-120.22933324279904
4.7443,-155.809,-129.799,-616.402,1.059,304.8,197.637,2.568948,0,4.8507,-130.00258367363728,-775.2,912.0683176738928,304.79999999999995,192.0683176738928,1707.0520428576651,-112.73168232610715
4.7492,-155.809,-133.711,-572.076,0.71,304.8,197.637,2.568948,0,4.8556,-133.97324249696592,-775.2,921.1108285523899,304.79999999999995,201.11082855238988,1920.1787725908423,-103.68917144761008
4.7543,-155.809,-140.569,-469.574,0.926,305.86,185.924,4.419156,1,4.8607,-140.22609999971635,-774.14,932.0483427041316,305.86,212.04834270413164,2237.7957819167927,-93.81165729586837
4.7593000000000005,-155.809,-140.569,-469.574,0.926,306.56,150.909,4.419156,0,4.8657,-141.06103699990177,-773.4399999999999,943.9813476642267,306.56000000000006,223.98134766422675,2441.466953741424,-82.57865233577331
4.7643,-155.809,-145.976,-356.913,0.685,307.27,135.913,4.419156,0,4.8707,-145.80897499986108,-772.73,956.7872526078928,307.27,236.7872526078928,2615.779172362932,-70.48274739210717
4.7693,-155.809,-148.108,-303.353,0.843,307.62,97.06,4.419156,0,4.8757,-148.0819740000052,-772.38,970.417958179201,307.62,250.41795817920104,2761.0034628694666,-57.20204182079897
4.7743,-155.809,-149.954,-255.333,0.801,307.97,77.261,4.81605,1,4.8807,-149.93497699998412,-772.03,984.4764677003222,307.97,264.47646770032225,2829.912132169908,-43.49353229967778
4.7793,-149.809,-151.427,-207.314,0.668,307.97,77.261,4.81605,0,4.8857,-151.29295700002692,-772.03,998.7586560008587,307.97,278.75865600085865,2864.8793605855726,-29.211343999141377
4.7843,-149.809,-151.427,-207.314,0.668,308.32,67.595,4.81605,0,4.8907,-151.48533775515085,-771.68,1013.1564260985756,308.32000000000005,293.1564260985756,2885.077829581348,-15.163573901424456
4.7892,-149.809,-152.548,-138.979,1.2,308.32,33.797,4.81605,0,4.8956,-152.48831234527358,-771.68,1027.3217789842606,308.32000000000005,307.3217789842606,2891.054866545847,-0.998221015739432
4.7953,-149.809,-153.185,9.696,0.718,308.32,16.899,4.303752,1,4.9017,-153.119468065587,-771.68,1044.928810154823,308.32000000000005,324.92881015482294,2885.824178322257,16.60881015482289
4.8003,-137.809,-152.987,38.323,0.386,308.32,8.449,4.303752,0,4.9067,-152.9970980000085,-771.68,1059.39258576975,308.32000000000005,339.39258576975,2896.6640787661077,31.072585769749935
4.8053,-137.809,-152.987,38.323,0.386,308.32,4.225,4.303752,0,4.9117,-152.85505000002672,-771.68,1073.9581560896659,308.32000000000005,353.95815608966586,2923.0206610870027,45.63815608966581
4.8103,-137.809,-151.537,153.754,0.768,308.32,2.112,4.303752,0,4.9167,-151.5505000000114,-771.68,1088.7626929566723,308.32000000000005,8.762692956672254,2980.879232004252,60.442692956672204
4.8154,-137.809,-150.328,186.075,0.718,308.32,2.112,3.968345,1,4.9218,-150.4275647058531,-771.68,1104.1995479293198,308.32000000000005,24.199547929319806,3040.641208547125,75.87954792931976
4.8203000000000005,-119.809,-150.328,186.075,0.718,308.32,1.056,3.968345,0,4.9267,-150.16995099986585,-771.68,1119.2057171207766,308.32000000000005,39.205717120776626,3074.4497021340276,90.88571712077658
4.8253,-119.809,-147.229,297.812,1.781,308.32,0.528,3.968345,0,4.9317,-147.3029829999849,-771.68,1134.8066621507517,308.32000000000005,54.80666215075166,3142.125215071836,106.48666215075161
4.8303,-119.809,-144.943,363.377,0.976,308.32,0.264,3.968345,0,4.9367,-144.92504799998474,-771.68,1150.750861940708,308.32000000000005,70.75086194070809,3204.955200159341,122.43086194070804
4.8353,-119.809,-142.305,404.932,0.477,308.32,0.132,3.849337,1,4.9417,-142.5450579999508,-771.68,1166.809683719573,308.32000000000005,86.80968371957306,3208.1381213070094,138.489683719573
4.8403,-95.809,-142.305,404.932,0.477,307.62,-57.995,3.849337,0,4.9467,-142.16265899987846,-772.38,1182.722977648768,307.62,102.72297764876794,3168.5535865266356,155.10297764876793
4.8453,-95.809,-139.514,411.396,0.27,307.62,-57.995,3.849337,0,4.9517,-139.47596200000783,-772.38,1198.3059425962404,307.62,118.30594259624036,3088.2216235398723,170.68594259624035
4.8503,-95.809,-136.305,528.674,2.221,307.27,-57.763,3.849337,0,4.9567,-136.30333399999859,-772.73,1213.2371677386848,307.27,133.23716773868478,2934.836259417214,-174.0328322613152
4.8563,-95.809,-132.415,600.703,1.067,306.56,-89.178,3.629284,1,4.9627,-132.11398099974147,-773.4399999999999,1229.6510207268639,306.56000000000006,149.65102072686386,2604.2700839987024,-156.9089792731362
4.8613,-65.809,-123.271,639.488,0.129,305.51,-125.601,3.629284,0,4.9677,-124.10310399982804,-774.49,1241.2112577377927,305.51,161.21125773779272,2201.248195072053,-144.29874226220727
4.8663,-65.809,-123.271,639.488,0.129,304.45,-158.839,3.629284,0,4.9727,-123.03446199979629,-775.55,1251.219121969816,304.45000000000005,171.2191219698159,1928.0229889903221,-133.23087803018416
4.8713,-65.809,-118.633,740.144,2.229,303.05,-196.176,3.629284,0,4.9777,-118.05305700012038,-776.9499999999999,1259.9647009668772,303.05000000000007,179.96470096687722,1642.8087872309025,-123.08529903312285
4.8763000000000005,-65.809,-107.622,862.963,0.594,300.94,-273.334,3.049981,1,4.9827,-108.18356100048625,-779.0600000000001,1266.5941959640263,300.93999999999994,186.5941959640263,1193.7739619041067,-114.34580403597363
4.8813,-35.809,-107.622,862.963,0.594,300.94,-273.334,3.049981,0,4.9877,-107.09793100010923,-779.0600000000001,1271.4598851343749,300.93999999999994,191.45988513437487,899.6376657066003,-109.48011486562507
4.8863,-35.809,-101.863,857.422,-0.145,298.83,-309.732,3.049981,0,4.9927,-101.51553699969824,-781.17,1275.0156450334377,298.83000000000004,195.01564503343775,601.4408959367619,-103.81435496656229
4.8913,-35.809,-89.291,1000.556,1.108,296.37,-363.803,3.049981,0,4.9977,-89.81497799989049,-783.63,1276.243307094324,296.37,196.2433070943241,95.19587123393504,-100.1266929056759
4.8963,-35.809,-82.477,1030.107,0.303,293.55,-416.676,2.658427,1,5.0027,-82.47592899999907,-786.45,1275.0257191758988,293.54999999999995,195.02571917589876,-383.61851889181935,-98.5242808241012
4.9013,-5.809,-75.642,1019.949,-0.378,290.39,-471.241,2.658427,0,5.0077,-76.26398499986963,-789.61,1271.8634428316896,290.39,191.86344283168955,-717.3623240801588,-98.52655716831043
4.9063,-5.809,-75.642,1019.949,-0.378,287.23,-498.783,2.658427,0,5.0127,-74.91672899936657,-792.77,1267.3314049604592,287.23,187.33140496045917,-1006.580554543653,-99.89859503954085
4.9113,-5.809,-61.421,1105.83,0.76,287.23,-498.783,2.658427,0,5.0177,-62.039071999870224,-792.77,1260.5499366009897,287.23,180.54993660098967,-1526.8205600208516,-106.68006339901035
4.916300000000001,-5.809,-53.992,1120.605,0.187,283.36,-569.649,1.576234,1,5.0227,-54.37087900033268,-796.64,1250.8788261746868,283.36,170.87882617468676,-2083.377631316584,-112.48117382531325
4.9213000000000005,24.191,-53.992,1120.605,0.187,279.84,-578.673,1.576234,0,5.0277,-52.65393600028279,-800.16,1239.2940776541277,279.84000000000003,159.2940776541277,-2433.9869436910394,-120.54592234587233
4.9263,24.191,-39.288,1113.217,0.926,276.68,-554.389,1.576234,0,5.0327,-39.64780500031687,-803.32,1225.1096102583758,276.67999999999995,145.10961025837582,-3045.261574285128,-131.57038974162413
4.9313,24.191,-31.639,1143.691,0.477,273.16,-571.028,1.576234,0,5.0377,-31.62507700000295,-806.8399999999999,1207.3463233700618,273.1600000000001,127.34632337006178,-3727.957546053451,-145.8136766299383
4.9363,24.191,-23.837,1140.921,0.046,269.65,-574.909,0.77666,1,5.0427,-23.864047000023906,-810.35,1187.3066537719765,269.65,107.30665377197647,-4110.895272694688,-162.3433462280235
4.9423,48.191,-15.111,1101.212,-0.826,266.84,-523.603,0.77666,0,5.0487,-15.116440000004795,-813.1600000000001,1161.847360859065,266.8399999999999,81.84736085906502,-4270.354441472055,175.0073608590651
4.9473,48.191,-7.946,1087.361,0.286,266.84,-523.603,0.77666,0,5.0537,-7.937901000001725,-813.1600000000001,1140.8802009159385,266.8399999999999,60.88020091593853,-4138.850162472893,154.0402009159386
4.9523,48.191,-0.692,1084.59,0.062,264.02,-493.527,0.77666,0,5.0587,-0.6987830000060233,-815.98,1121.253174576845,264.02,41.25317457684491,-3814.3674286535165,137.23317457684493
4.9573,48.191,6.429,1055.963,-0.386,261.91,-425.595,0.195645,1,5.0637,6.405067000005114,-818.09,1103.7204348333987,261.90999999999997,23.720434833398713,-3373.0933199944043,121.81043483339874
4.9623,66.191,13.287,996.863,-1.009,259.8,-388.998,0.195645,0,5.0687,12.937241999688563,-820.1999999999999,1088.2742320891005,259.80000000000007,8.274232089100451,-2982.772840421394,108.47423208910038
4.9673,66.191,13.287,996.863,-1.009,258.4,-310.66,0.195645,0,5.0737,14.468998999746518,-821.6,1074.3655065239986,258.4,354.36550652399865,-2682.0447169172626,95.96550652399867
4.972300000000001,66.191,26.276,943.303,-0.336,257.34,-243.698,0.195645,0,5.0787,25.91801099967962,-822.66,1062.4920096236729,257.34000000000003,342.49200962367286,-2225.2501881760154,85.15200962367283
4.9774,66.191,32.365,902.671,-0.66,257.34,-243.698,0.386673,1,5.0838,32.35332436975149,-822.66,1052.875642435925,257.34000000000003,332.8756424359251,-1761.976245587233,75.53564243592507
4.9823,78.191,38.079,831.565,-1.316,256.64,-176.795,0.386673,0,5.0887,38.0540297754878,-823.3599999999999,1045.3054447075854,256.6400000000001,325.30544470758537,-1456.8325951500685,68.66544470758527
4.9873,78.191,43.42,784.469,-0.577,256.29,-119.418,0.386673,0,5.0937,42.933969000105,-823.71,1038.896294309769,256.28999999999996,318.896294309769,-1222.2826658966094,62.606294309769055
4.9923,78.191,43.42,784.469,-0.577,256.29,-59.709,0.386673,0,5.0987,43.67892700023309,-823.71,1033.2999382710207,256.28999999999996,313.29993827102066,-1076.7574759248323,57.0099382710207
4.9973,78.191,48.497,744.761,-0.577,256.29,-29.855,-0.834008,1,5.1037,48.871100999918966,-823.71,1028.4923598055675,256.28999999999996,308.4923598055675,-902.5844790167658,52.20235980556754
5.0023,84.191,57.685,631.177,-1.142,256.64,14.258,-0.834008,0,5.1087,57.41201199975357,-823.3599999999999,1024.7694802624524,256.6400000000001,304.76948026245236,-675.663584819881,48.12948026245226
5.0074000000000005,84.191,61.597,576.694,-0.643,256.64,14.258,-0.834008,0,5.1138,61.59137815126236,-823.3599999999999,1022.0362206469517,256.6400000000001,302.03622064695173,-483.41567684506464,45.39622064695163
5.0123,84.191,65.29,531.445,-0.635,257.34,64.501,-0.834008,0,5.1187,65.09781326513216,-822.66,1020.1108965382645,257.34000000000003,300.11089653826446,-358.8821564782695,42.770896538264424
5.0173000000000005,84.191,65.29,531.445,-0.635,258.75,151.965,-2.411791,1,5.1237,65.86402799987465,-821.2500000000001,1018.6599411888778,258.7499999999999,298.65994118887784,-259.5912093055154,39.90994118887795
5.0223,84.191,71.598,415.09,-0.868,259.8,163.371,-2.411791,0,5.1287,71.27629199970727,-820.1999999999999,1017.7646076688931,259.80000000000007,297.76460766889306,-142.4983477268497,37.964607668892995
5.0283,84.191,71.598,415.09,-0.868,261.56,228.058,-2.411791,0,5.1347,71.74819500013665,-818.4399999999999,1017.4382343040485,261.56000000000006,297.4382343040485,-15.728867280416628,35.87823430404842
5.0333000000000006,84.191,74.543,351.372,-0.859,263.32,258.883,-2.411791,0,5.1397,74.62899499998119,-816.68,1017.6711605579345,263.32000000000005,297.6711605579345,76.08476657072781,34.35116055793446
5.0383000000000004,84.191,78.433,251.64,-0.544,265.43,307.087,-0.570902,1,5.1447,78.30861099988623,-814.5699999999999,1018.4455746089351,265.43000000000006,298.4455746089351,189.37911328152308,33.015574608935026
5.0433,78.191,79.884,205.467,-0.735,265.43,307.087,-0.570902,0,5.1497,79.75195900002909,-814.5699999999999,1019.7239375154999,265.43000000000006,299.72393751549987,278.28838941679726,34.293937515499806
5.0483,78.191,79.884,205.467,-0.735,267.89,355.129,-0.570902,0,5.1547,79.96580400007505,-812.11,1021.3113453206265,267.89,301.3113453206265,334.24987668802174,33.42134532062653
5.0533,78.191,81.488,54.945,-1.059,270.7,417.282,-0.570902,0,5.1597,81.3480420000309,-809.3000000000001,1023.1819059451885,270.69999999999993,303.18190594518853,390.7538251334511,32.4819059451886
5.0583,78.191,81.554,-10.62,-0.585,273.52,442.522,0.23889,1,5.1647,81.5506339999969,-806.48,1025.3122903407686,273.52,305.31229034076864,439.5205825323927,31.79229034076866
5.0633,66.191,81.554,-10.62,-0.585,276.68,484.782,0.23889,0,5.1697,81.53407100000442,-803.32,1027.6102604353614,276.67999999999995,307.6102604353614,466.9922427746471,30.930260435361447
5.0683,66.191,81.335,-42.017,-0.32,280.2,536.104,0.23889,0,5.1747,81.27104599994104,-799.8000000000001,1029.995682588264,280.19999999999993,309.9956825882639,478.7273262769616,29.795682588263958
5.073300000000001,66.191,79.862,-151.907,-1.05,280.2,536.104,0.23889,0,5.1797,79.88602399999463,-799.8000000000001,1032.3307564290337,280.19999999999993,312.3307564290337,459.46074567142705,32.130756429033795
5.0783000000000005,66.191,78.653,-194.386,-0.419,284.06,587.389,-0.167588,1,5.1847,78.64514599999272,-795.94,1034.5011770156348,284.05999999999995,314.50117701563477,422.2941988409321,30.44117701563482
5.0833,48.191,77.29,-211.008,-0.411,287.93,614.378,-0.167588,0,5.1897,77.25605700000757,-792.0699999999999,1036.462630217519,287.93000000000006,316.46263021751906,378.369944061313,28.532630217519
5.0883,48.191,75.554,-297.812,-1.598,292.5,692.068,-0.167588,0,5.1947,75.64253600008229,-787.5,1038.194900555548,292.5,318.194900555548,334.7319961418757,25.694900555547974
5.0933,48.191,75.554,-297.812,-1.598,297.42,756.793,-0.167588,0,5.1997,75.10400500010064,-782.58,1039.7143344916624,297.41999999999996,319.7143344916624,283.1263405664086,22.294334491662426
5.0983,48.191,70.609,-408.626,-0.66,302.7,818.377,-0.019739,1,5.2047,70.86119500023503,-777.3,1040.7542343382056,302.70000000000005,320.7542343382056,172.79131236522397,18.05423433820556
5.1033,24.191,70.609,-408.626,-0.66,302.7,818.377,-0.019739,0,5.2097,70.35492800005696,-777.3,1041.2620083872298,302.70000000000005,321.2620083872298,77.8760514749877,18.562008387229753
5.1083,24.191,67.817,-418.784,-0.137,307.97,838.479,-0.019739,0,5.2147,67.59734299979476,-772.03,1041.2757116489886,307.97,321.2757116489886,-47.39100184153524,13.305711648988563
5.1133,24.191,60.718,-601.627,-1.117,313.95,927.451,-0.019739,0,5.2197,60.98199099994072,-766.05,1040.059338304128,313.95000000000005,320.059338304128,-330.11076231799666,6.109338304127959
5.1183000000000005,24.191,56.52,-636.718,-0.643,320.27,992.173,0.242084,1,5.2247,56.734098000201044,-759.73,1037.519299968033,320.27,317.519299968033,-569.2062411346442,-2.7507000319669714
5.1243,4.842,56.52,-636.718,-0.643,326.95,1051.639,0.242084,0,5.2307,56.03687699954625,-753.0500000000001,1033.4335245140755,326.94999999999993,313.43352451407554,-754.3335402192657,-13.516475485924389
5.1293,4.842,47.047,-697.665,-1.216,333.28,1047.039,0.242084,0,5.2357,47.472970999903815,-746.72,1028.6956678976353,333.28,308.6956678976353,-1037.5102954306442,-24.58433210236467
5.1343000000000005,4.842,42.255,-728.139,-0.544,339.61,1057.948,0.242084,0,5.2407,42.2565420000014,-740.39,1022.4747998571769,339.61,302.4747998571769,-1322.6327634250247,-37.13520014282312
5.1394,4.842,37.398,-734.603,-0.12,339.61,1057.948,-0.083801,1,5.2458,37.797988235163004,-740.39,1015.20578366044,339.61,295.20578366044003,-1453.7680211827517,-44.40421633955998
5.1443,-8.508,37.398,-734.603,-0.12,346.29,1048.122,-0.083801,0,5.2507,36.908144999536354,-733.7099999999999,1007.8862891301072,346.2900000000001,287.88628913010723,-1513.5083398662057,-58.40371086989285
5.1493,-8.508,27.793,-717.058,-0.237,352.97,1122.968,-0.083801,0,5.2557,28.667054999800936,-727.03,1000.0653897822755,352.97,280.0653897822755,-1580.6251786544403,-72.90461021772455
5.1543,-8.508,27.793,-717.058,-0.237,359.3,1090.518,-0.083801,0,5.2607,27.545241999764887,-720.6999999999999,992.1052707311352,359.30000000000007,272.1052707311352,-1590.3749214113056,-87.19472926886488
5.1593,-8.508,22.935,-718.905,-0.129,5.62,1071.271,-0.284085,1,5.2657,22.545065000089032,-714.38,984.2869322950248,5.6200000000000045,264.2869322950248,-1547.7393297269496,-101.33306770497518
5.1643,-15.857,13.792,-654.263,0.594,11.95,1062.077,-0.284085,0,5.2707,14.25829300044363,-708.05,976.8980430744031,11.950000000000045,256.89804307440306,-1442.3385376809335,-115.05195692559698
5.1693,-15.857,13.792,-654.263,0.594,11.95,1062.077,-0.284085,0,5.2757,13.049986000169993,-708.05,970.1303911273648,11.950000000000045,250.13039112736476,-1314.5040355246188,-121.81960887263529
5.174300000000001,-15.857,5.638,-578.54,0.668,17.58,995.181,-0.284085,0,5.2807,5.867755000219633,-702.42,964.1305159466285,17.58000000000004,244.13051594662852,-1140.4165510956611,-133.44948405337152
5.1793000000000005,-15.857,1.989,-524.98,0.859,23.55,1004.794,-0.485526,1,5.2857,2.02103199999263,-696.4499999999999,959.2281248165522,23.550000000000068,239.22812481655217,-920.8166800959708,-144.3218751834479
5.1843,-17.206,-1.308,-472.344,1.0,29.18,972.242,-0.485526,0,5.2907,-1.1398529998387958,-690.8199999999999,955.1556326130002,29.180000000000064,235.1556326130002,-774.3066352549594,-154.02436738699987
5.1893,-17.206,-1.308,-472.344,1.0,34.1,895.158,-0.485526,0,5.2957,-1.8060429998851146,-685.9,951.6754141706198,34.10000000000002,231.67541417061977,-659.2777353258871,-162.42458582938025
5.1943,-17.206,-6.781,-369.841,0.677,38.67,829.605,-0.485526,0,5.3007,-6.611776999837357,-681.3299999999999,948.947881483736,38.67000000000007,228.94788148373596,-488.61641864134305,-169.72211851626412
5.1994,-17.206,-8.979,-316.281,0.71,38.67,829.605,-0.114989,1,5.3058,-8.797988235354529,-681.3299999999999,947.1210240195556,38.67000000000007,227.12102401955565,-315.7785547605355,-171.54897598044442
5.2053,-12.556,-8.979,-316.281,0.71,42.89,747.171,-0.114989,0,5.3117,-9.175013999954555,-677.11,945.6588430929967,42.889999999999986,225.65884309299668,-216.41988949070227,-177.2311569070033
5.2103,-12.556,-11.133,-252.563,0.801,46.76,704.801,-0.114989,0,5.3167,-11.095973999964231,-673.2399999999999,944.8852290924967,46.760000000000105,224.88522909249673,-124.56903477364645,178.12522909249662
5.2153,-12.556,-12.561,-187.922,0.868,50.62,684.552,-0.114989,0,5.3217,-12.521051000009287,-669.38,944.6370918828525,50.620000000000005,224.63709188285247,-21.243542105584687,174.01709188285247
5.2203,-12.556,-13.55,-128.821,1.009,53.44,576.987,1.301489,1,5.3267,-13.539952999990271,-666.56,944.8125252623686,53.440000000000055,224.81252526236858,58.33375348297312,171.37252526236853
5.2253,-1.905,-14.342,-21.701,0.71,56.25,522.504,1.301489,0,5.3317,-14.247906000021928,-663.75,945.3199293601588,56.25,225.31992936015877,116.32921398156338,169.06992936015877
5.230300000000001,-1.905,-14.1,78.031,1.474,58.36,436.223,1.301489,0,5.3367,-14.076437999977063,-661.6399999999999,946.0068177559288,58.36000000000013,226.00681775592875,143.3546191798635,167.64681775592862
5.2353000000000005,-1.905,-13.396,120.51,0.859,58.36,436.223,1.301489,0,5.3417,-13.460063999984998,-661.6399999999999,946.7422339124697,58.36000000000013,226.74223391246971,148.89647351580976,168.3822339124696
5.2403,-1.905,-13.396,120.51,0.859,60.12,363.367,3.655015,1,5.3467,-13.290633999897187,-659.8799999999999,947.4916130598867,60.12000000000012,227.49161305988673,148.03938899637635,167.3716130598866
5.2453,14.746,-11.33,171.3,0.453,61.52,299.525,3.655015,0,5.3517,-11.51800599995586,-658.48,948.1663656552104,61.51999999999998,228.16636565521037,129.40755185897132,166.6463656552104
5.2503,14.746,-11.33,171.3,0.453,62.23,209.161,3.655015,0,5.3567,-11.159699999833403,-657.7700000000001,948.7284991525786,62.229999999999905,228.7284991525786,102.91746981911479,166.4984991525787
5.2554,14.746,-7.924,315.358,1.158,62.93,162.922,3.655015,0,5.3618,-8.008551260475501,-657.07,949.0650654693736,62.92999999999995,229.06506546937362,46.079868341592146,166.13506546937367
5.2603,14.746,-5.638,356.913,0.511,63.28,110.453,5.170589,1,5.3667,-5.631403306115975,-656.7199999999999,949.0292329953103,63.280000000000086,229.02923299531028,-29.875262665000328,165.7492329953102
5.2653,37.396,-3.176,367.994,0.245,63.28,110.453,5.170589,0,5.3717,-3.136051000009426,-656.7199999999999,948.6258040109687,63.280000000000086,228.62580401096875,-102.52297735691198,165.34580401096866
5.2703,37.396,-0.275,478.808,2.146,63.28,55.226,5.170589,0,5.3767,-0.24133999996694128,-656.7199999999999,947.8214612188841,63.280000000000086,227.8214612188841,-188.75426938559727,164.54146121888402
5.2753000000000005,37.396,3.286,543.449,1.142,62.93,-2.215,5.170589,0,5.3817,3.3139369999934334,-657.07,946.5060318379053,62.92999999999995,226.5060318379053,-295.7949450959172,163.57603183790536
5.2803,37.396,7.154,585.005,0.419,62.23,-59.382,5.555809,1,5.3867,7.152911999998943,-657.7700000000001,944.6018256288729,62.229999999999905,224.60182562887292,-419.95740670006677,162.371825628873
5.2863,66.047,11.77,586.851,0.112,61.52,-89.694,5.555809,0,5.3927,11.573819999806163,-658.48,941.5253486985945,61.51999999999998,221.52534869859448,-550.5100663087759,160.0053486985945
5.2914,66.047,11.77,586.851,0.112,60.12,-152.501,5.555809,0,5.3978,12.56877142829666,-659.8799999999999,938.3766730667745,60.12000000000012,218.37667306677452,-658.0991344022449,158.2566730667744
5.2963000000000005,66.047,21.089,766.0,1.175,58.36,-233.563,5.555809,0,5.4027,20.864867209353655,-661.6399999999999,934.4438135213709,58.36000000000013,214.44381352137088,-875.7132612967607,156.08381352137076
5.3015,66.047,26.408,807.556,0.552,58.36,-233.563,5.464504,1,5.4079,26.43653783443436,-661.6399999999999,928.8136217188264,58.36000000000013,208.81362171882643,-1169.3476327085864,150.4536217188263
5.3084,96.047,33.991,809.403,-0.27,55.2,-247.834,5.464504,0,5.4148,33.99663663768493,-664.8000000000001,919.1217116185591,55.19999999999993,199.12171161855906,-1541.669957899756,143.92171161855913
5.313400000000001,96.047,39.574,870.35,1.814,55.2,-247.834,5.464504,0,5.4198,39.10502800016257,-664.8000000000001,910.4560083777732,55.19999999999993,190.45600837777317,-1802.385162508269,135.25600837777324
5.3183,96.047,39.574,870.35,1.814,53.79,-238.459,5.464504,0,5.4247,40.209562000633994,-666.2100000000002,900.8515421738842,53.78999999999985,180.85154217388424,-2044.9366747985778,127.06154217388439
5.323300000000001,96.047,52.036,955.307,0.411,51.68,-301.417,5.117134,1,5.4297,51.48199200013351,-668.3199999999999,889.0099801181145,51.680000000000064,169.00998011811453,-2527.9225866997276,117.32998011811446
5.3283000000000005,120.047,58.41,946.073,-0.129,50.27,-269.771,5.117134,0,5.4347,58.41112200000112,-669.73,874.2792471077638,50.26999999999998,154.2792471077638,-3118.936355455806,104.00924710776383
5.3333,120.047,64.806,977.47,1.0,48.87,-250.177,5.117134,0,5.4397,64.83002399999421,-671.1300000000001,857.1032537585243,48.86999999999989,137.10325375852426,-3560.8237008211995,88.23325375852437
5.3383,120.047,71.466,1006.097,0.477,48.16,-184.342,5.117134,0,5.4447,71.46258999999658,-671.8400000000001,837.9624805058595,48.159999999999854,117.9624805058595,-3937.5442552153386,69.80248050585965
5.3434,120.047,78.191,1007.021,-0.004,48.16,-184.342,4.467643,1,5.4498,78.20426218486926,-671.8400000000001,816.9519567566258,48.159999999999854,96.9519567566258,-4177.970535346069,48.79195675662595
5.3483,138.047,84.807,968.236,-0.693,47.11,-178.048,4.467643,0,5.4547,84.79113795916771,-672.8900000000001,796.2780828749815,47.1099999999999,76.27808287498146,-4217.248479095742,29.168082874981565
5.3533,138.047,91.247,951.614,0.071,46.76,-118.727,4.467643,0,5.4597,91.24099400000146,-673.2399999999999,775.7033310512478,46.760000000000105,55.7033310512478,-4054.357894569057,8.943331051247696
5.3583,138.047,97.621,940.532,-0.203,46.41,-88.512,4.467643,0,5.4647,97.6004384999792,-673.59,756.4597955374359,46.40999999999997,36.459795537435866,-3746.0624441462405,-9.950204462564102
5.3643,138.047,104.786,903.594,-0.643,46.76,-14.67,3.42416,1,5.4707,104.77295249998681,-673.2399999999999,735.8106367481545,46.760000000000105,15.81063674815448,-3284.5668866606893,-30.949363251845625
5.3693,150.047,110.501,826.948,-1.341,47.81,78.109,3.42416,0,5.4757,110.46496400000878,-672.1899999999999,721.3824916009715,47.81000000000006,1.382491600971548,-2589.7143536755148,-46.42750839902851
5.3743,150.047,115.82,786.316,-0.386,49.22,156.824,3.42416,0,5.4807,115.80877999998862,-670.78,712.7021747743688,49.22000000000003,352.7021747743688,-1428.310995664819,-56.51782522563121
5.3793,150.047,120.919,746.608,-0.685,49.22,156.824,3.42416,0,5.4857,120.45499100011328,-670.78,707.7879034946641,49.22000000000003,347.7879034946641,-832.5639691701751,-61.43209650533595
5.3843000000000005,150.047,120.919,746.608,-0.685,50.98,225.397,2.28396,1,5.4907,121.38085600047094,-669.02,704.9030619344312,50.98000000000002,344.9030619344312,-481.32301634386283,-66.07693806556881
5.3893,156.047,129.975,621.943,-1.316,52.73,258.704,2.28396,0,5.4957,129.15090400020216,-667.27,703.430603939207,52.73000000000002,343.430603939207,-212.65124784260126,-69.29939606079301
5.3943,156.047,129.975,621.943,-1.316,55.55,365.427,2.28396,0,5.5007,130.35836700039184,-664.45,703.2963911112438,55.549999999999955,343.2963911112438,52.21985697729951,-72.25360888875616
5.3993,156.047,137.492,526.827,-0.76,58.01,390.873,2.28396,0,5.5057,137.10798000009441,-661.99,704.474029412204,58.00999999999999,344.474029412204,319.43891318980565,-73.53597058779599
5.4043,156.047,140.789,474.191,-0.884,60.82,424.734,1.455763,1,5.5107,140.76768199997815,-659.1800000000001,707.0864815492212,60.819999999999936,347.08648154922116,603.8877990667963,-73.73351845077877
5.4093,156.047,143.668,414.167,-0.959,60.82,424.734,1.455763,0,5.5157,143.40601100006458,-659.1800000000001,710.7445430967907,60.819999999999936,350.7445430967907,773.8191715915647,-70.07545690320921
5.4143,156.047,143.668,414.167,-0.959,63.63,442.939,1.455763,0,5.5207,143.90566000024407,-656.37,715.0202818822662,63.629999999999995,355.0202818822662,894.2931830833104,-68.60971811773379
5.4193,156.047,148.328,295.965,-0.693,66.45,461.938,1.455763,0,5.5257,148.06792200006424,-653.55,720.0819097666155,66.45000000000005,0.08190976661546756,1066.9058902964666,-66.36809023338458
5.424300000000001,156.047,150.13,246.099,-0.851,69.26,467.411,0.859952,1,5.5307,150.11316999998266,-650.7400000000001,726.0520329277354,69.25999999999988,6.052032927735354,1242.61391515109,-63.20796707226452
5.4293000000000005,150.047,151.602,197.156,-0.436,72.07,465.053,0.859952,0,5.5357,151.56805700000845,-647.9300000000001,732.6220779417924,72.06999999999994,12.62207794179244,1339.8919164698443,-59.447922058207496
5.4343,150.047,152.701,133.438,-1.399,74.53,437.464,0.859952,0,5.5407,152.67524499997336,-645.47,739.5594064700074,74.52999999999997,19.55940647000739,1405.2927104043165,-54.970593529992584
5.4393,150.047,153.295,61.409,-1.407,74.53,437.464,0.859952,0,5.5457,153.25095600001094,-645.47,746.703612862044,74.52999999999997,26.703612862043997,1434.8230995182025,-47.826387137955976
5.4443,150.047,153.405,-6.926,-0.909,76.99,423.44,0.325826,1,5.5507,153.3919099999864,-643.0099999999999,753.87737104885,76.99000000000012,33.87737104885002,1431.9986481144842,-43.1126289511501
5.4503,138.047,153.229,-35.553,-0.61,79.45,417.244,0.325826,0,5.5567,153.21179599998214,-640.5500000000001,762.3464875162872,79.44999999999993,42.3464875162872,1398.4445587293694,-37.103512483712734
5.4553,138.047,152.745,-99.271,-1.515,81.56,384.262,0.325826,0,5.5617,152.70505100001,-638.4399999999999,769.1802513538457,81.56000000000006,49.18025135384573,1351.9659697615186,-32.379748646154326
5.4603,138.047,151.822,-153.754,-0.801,83.32,339.175,0.325826,0,5.5667,151.808535999986,-636.68,775.7342778459309,83.32000000000005,55.73427784593093,1291.3474175825604,-27.585722154069117
5.4653,138.047,150.635,-191.616,-0.627,85.08,315.888,-0.3513,1,5.5717,150.62150523529752,-634.92,781.9507859573838,85.08000000000004,61.9507859573838,1223.2643884023437,-23.12921404261624
5.470400000000001,120.047,149.273,-210.085,-0.469,86.48,274.875,-0.3513,0,5.5768,149.24729082351104,-633.52,787.941255151973,86.48000000000002,67.941255151973,1152.7999313152698,-18.538744848027022
5.4754000000000005,120.047,147.536,-298.736,-1.731,86.48,274.875,-0.3513,0,5.5818,147.4840794285903,-633.52,793.4617278850983,86.48000000000002,73.4617278850983,1083.5321886173679,-13.01827211490172
5.480300000000001,120.047,145.228,-374.458,-1.009,87.89,253.352,-0.3513,0,5.5867,145.34811020420761,-632.11,798.5570603169004,87.88999999999999,78.55706031690045,1022.564890481717,-9.33293968309954
5.4853000000000005,120.047,145.228,-374.458,-1.009,88.59,185.795,-0.838147,1,5.5917,144.73805600012363,-631.41,803.4870366891232,88.59000000000003,83.48703668912322,970.5402651258207,-5.102963310876817
5.4903,96.047,139.844,-422.478,-0.511,89.65,181.183,-0.838147,0,5.5967,139.95492500011662,-630.35,808.1629246217315,89.64999999999998,88.16292462173146,920.1910547281605,-1.4870753782685142
5.4953,96.047,136.635,-527.751,-2.321,90.0,119.797,-0.838147,0,5.6017,136.5769420000147,-630.0,812.62633751844,90.0,92.62633751843998,883.0331288210195,2.626337518439982
5.5003,96.047,132.788,-599.78,-1.341,90.35,89.069,-0.838147,0,5.6067,132.77941238460636,-629.65,816.9612861296436,90.35000000000002,96.96128612964355,861.4402422844803,6.611286129643531
5.5055000000000005,96.047,128.612,-633.947,-0.469,90.35,44.534,-0.915357,1,5.6119,128.9131538459993,-629.65,821.4048213878265,90.35000000000002,101.40482138782647,851.7596348717556,11.05482138782645
5.5103,66.047,128.612,-633.947,-0.469,90.35,44.534,-0.915357,0,5.6167,128.15356099951578,-629.65,825.4852351917697,90.35000000000002,105.48523519176968,852.234340474638,15.135235191769652
5.5153,66.047,119.623,-750.302,-2.678,90.35,22.267,-0.915357,0,5.6217,120.44099899979214,-629.65,829.8544624790823,90.35000000000002,109.85446247908226,884.886896881305,19.504462479082235
5.5203,66.047,119.623,-750.302,-2.678,90.0,-18.093,-0.915357,0,5.6267,119.34612099970691,-630.0,834.4288842264024,90.0,114.42888422640237,927.6612137115866,24.428884226402374
5.5253000000000005,66.047,114.194,-841.723,-1.25,89.3,-67.201,-0.850803,1,5.6317,114.1579640000091,-630.6999999999999,839.2474981859528,89.30000000000007,119.24749818595285,985.23446246291,29.94749818595278
5.5303,36.047,108.369,-872.197,-0.419,88.24,-119.476,-0.850803,0,5.6367,108.06272499967424,-631.76,844.5936320197625,88.24000000000001,124.59363201976248,1114.0746372723354,36.35363201976247
5.5354,36.047,96.302,-951.614,-2.03,88.24,-119.476,-0.850803,0,5.6418,97.2957529408095,-631.76,850.9395748796252,88.24000000000001,130.93957487962518,1300.6358139915217,42.699574879625175
5.541300000000001,36.047,96.302,-951.614,-2.03,86.84,-178.511,-0.850803,0,5.6477,95.59201800018208,-633.16,859.4508547888148,86.84000000000003,139.4508547888148,1510.069569149701,52.61085478881478
5.5463000000000005,36.047,88.5,-1023.643,-0.868,85.78,-176.237,-0.527369,1,5.6527,88.21105199969126,-634.2199999999999,867.7742511317489,85.78000000000009,147.77425113174888,1753.5084879421584,61.9942511317488
5.5514,6.047,74.763,-1017.178,0.519,84.02,-238.394,-0.527369,0,5.6578,75.89428235252151,-635.98,878.1459755993172,84.01999999999998,158.14597559931724,2149.9262701449657,74.12597559931726
5.5563,6.047,74.763,-1017.178,0.519,82.27,-265.371,-0.527369,0,5.6627,74.41099799962306,-637.7299999999999,889.7491148202773,82.2700000000001,169.74911482027733,2451.3474882998016,87.47911482027723
5.5613,6.047,67.861,-1060.581,-1.117,80.51,-279.583,-0.527369,0,5.6677,67.1650320001793,-639.49,903.1669909557738,80.50999999999999,183.16699095577383,2824.290664302915,102.65699095577384
5.5663,6.047,53.311,-1090.131,-0.162,78.75,-285.274,0.220921,1,5.6727,53.6882000004049,-641.25,919.78713613312,78.75,199.78713613312004,3563.379163459658,121.03713613312004
5.571400000000001,-17.953,46.014,-1071.662,0.394,78.75,-285.274,0.220921,0,5.6778,46.004472268910966,-641.25,940.6395289717613,78.75,220.63952897176125,4279.446620721121,141.88952897176125
5.5763,-17.953,38.892,-1069.815,-0.511,77.34,-259.509,0.220921,0,5.6827,39.262634694276315,-642.6600000000001,962.9473984263608,77.33999999999992,242.9473984263608,4639.389498154518,165.60739842636087
5.581300000000001,-17.953,38.892,-1069.815,-0.511,75.23,-308.047,0.220921,0,5.6877,38.22997500017171,-644.77,986.629335860336,75.23000000000002,266.629335860336,4764.641738736227,-168.600664139664
5.5863000000000005,-17.953,31.617,-1084.59,-0.004,73.48,-299.422,0.967342,1,5.6927,31.340707499701377,-646.52,1010.4594021930358,73.48000000000002,290.45940219303577,4742.622951149857,-143.02059780696425
5.5923,-35.953,16.386,-1001.48,0.901,71.72,-298.528,0.967342,0,5.6987,17.033317500699557,-648.28,1037.4208898145794,71.72000000000003,317.42088981457937,4354.39083463366,-114.29911018542066
5.597300000000001,-35.953,16.386,-1001.48,0.901,70.31,-263.937,0.967342,0,5.7037,15.232976470888591,-649.6899999999999,1057.963024873827,70.31000000000006,337.96302487382695,3997.29871789417,-92.3469751261731
5.6024,-35.953,3.462,-946.996,0.245,68.91,-251.899,0.967342,0,5.7088,4.272917647659739,-651.0899999999999,1076.8415819232866,68.91000000000008,356.84158192328664,3567.650000935353,-72.06841807671344
5.6073,-35.953,3.462,-946.996,0.245,68.91,-251.899,1.847103,1,5.7137,2.905899000145212,-651.0899999999999,1093.0771185690178,68.91000000000008,13.077118569017784,3229.327472958109,-55.8328814309823
5.6123,-47.953,-2.649,-893.436,0.785,67.5,-238.828,1.847103,0,5.7187,-2.8977780002706535,-652.5,1108.2594290841184,67.5,28.259429084118437,2933.3086717191477,-39.24057091588156
5.6173,-47.953,-13.638,-781.699,0.428,65.74,-272.025,1.847103,0,5.7237,-13.098006000141321,-654.26,1121.5449402567715,65.74000000000001,41.5449402567715,2551.878280725674,-24.195059743228512
5.6223,-47.953,-18.693,-742.914,0.693,63.63,-309.552,1.847103,0,5.7287,-18.676220999981705,-656.37,1133.3068026637834,63.629999999999995,53.3068026637834,2276.315990152701,-10.323197336216595
5.6273,-47.953,-23.419,-683.814,0.71,62.23,-271.332,3.830623,1,5.7337,-23.3869680000084,-657.7700000000001,1144.0593470788947,62.229999999999905,64.05934707889469,2104.1419826512015,1.8293470788947843
5.6323,-53.953,-27.793,-627.483,1.2,59.77,-343.593,3.830623,0,5.7387,-27.76332599996755,-660.23,1154.1323927207188,59.76999999999998,74.13239272071883,1979.1656495823017,14.362392720718844
5.6374,-53.953,-31.661,-571.153,0.71,59.77,-343.593,3.830623,0,5.7438,-31.65523025210306,-660.23,1163.9089376779414,59.76999999999998,83.90893767794137,1894.610374737654,24.138937677941385
5.6423000000000005,-53.953,-35.31,-528.674,0.801,58.01,-313.765,3.830623,0,5.7487,-35.12010306101605,-661.99,1173.0218526506164,58.00999999999999,93.02185265061644,1847.6709862407147,35.01185265061645
5.6473,-53.953,-35.31,-528.674,0.801,55.2,-399.342,3.463843,1,5.7537,-35.87401799985107,-664.8000000000001,1182.1743967256684,55.19999999999993,102.17439672566843,1826.2292228175545,46.9743967256685
5.6523,-53.953,-41.508,-415.09,0.934,52.38,-431.289,3.463843,0,5.7587,-41.32195199979533,-667.62,1191.3413030186896,52.379999999999995,111.34130301868959,1841.0440730110436,58.96130301868959
5.6573,-53.953,-44.058,-353.219,0.992,49.22,-477.499,3.463843,0,5.7637,-44.023966000009004,-670.78,1200.7181697667334,49.22000000000003,120.71816976673335,1889.669014048275,71.49816976673333
5.6623,-53.953,-46.234,-309.817,0.594,45.7,-532.282,3.463843,0,5.7687,-46.12302399987764,-674.3000000000001,1210.2969386912005,45.69999999999993,130.29693869120047,1925.3148179180453,84.59693869120053
5.6673,-53.953,-46.234,-309.817,0.594,45.7,-532.282,2.492553,1,5.7737,-46.39998399995598,-674.3000000000001,1219.9911424247446,45.69999999999993,139.99114242474457,1944.5700960705171,94.29114242474463
5.6723,-47.953,-48.058,-247.022,0.793,41.48,-609.984,2.492553,0,5.7787,-48.08172350002621,-678.5200000000001,1229.8443870101523,41.479999999999905,149.84438701015233,1988.0018308301057,108.36438701015243
5.6783,-47.953,-50.805,-126.974,1.465,37.27,-670.695,2.492553,0,5.7847,-50.714058499899295,-682.73,1242.1811384345344,37.26999999999998,162.18113843453443,2088.400828675342,124.91113843453445
5.6833,-47.953,-51.311,-45.711,1.299,32.34,-740.543,2.492553,0,5.7897,-51.27296200001013,-687.66,1252.8262213425635,32.34000000000003,172.82622134256349,2140.5303766234715,140.48622134256345
5.6883,-47.953,-51.399,7.849,0.71,27.07,-814.69,1.163379,1,5.7947,-51.38329199998257,-692.93,1263.5714798028762,27.07000000000005,183.57147980287618,2150.4001328664194,156.50147980287613
5.6933,-35.953,-51.179,38.323,0.511,21.09,-899.519,1.163379,0,5.7997,-51.15697800000589,-698.9100000000001,1274.2995812523595,21.089999999999918,194.29958125235953,2142.398624964602,173.2095812523596
5.698300000000001,-35.953,-50.717,98.347,1.582,15.12,-944.866,1.163379,0,5.8047,-50.740562000026266,-704.88,1284.9704286793472,15.120000000000005,204.97042867934715,2131.5111137233785,-170.14957132065285
5.7033000000000005,-35.953,-50.717,98.347,1.582,15.12,-944.866,1.163379,0,5.8097,-50.631005000023066,-704.88,1295.6145073405628,15.120000000000005,215.6145073405628,2127.2216172750996,-159.5054926594372
5.7083,-35.953,-49.772,161.142,0.81,8.44,-1019.545,0.084943,1,5.8147,-49.7596579999862,-711.5600000000001,1306.2080101349698,8.43999999999994,226.20801013496975,2113.3023597723645,-142.2319898650302
5.7133,-17.953,-48.585,192.539,0.519,1.41,-1053.376,0.084943,0,5.8197,-48.56907500000428,-718.5900000000001,1316.6935783140284,1.4099999999998545,236.6935783140284,2090.943911560638,-124.71642168597145
5.7183,-17.953,-47.223,208.238,0.511,354.38,-1177.504,0.084943,0,5.8247,-47.087288999848056,-725.6199999999999,1327.0673041258578,354.3800000000001,247.06730412585785,2066.1680471783843,-107.31269587414226
5.7233,-17.953,-43.2,360.607,1.034,346.64,-1234.491,0.084943,0,5.8297,-43.32612599996603,-733.36,1337.3033616387893,346.64,257.3033616387893,2041.318514804547,-89.3366383612107
5.7283,-17.953,-40.563,401.238,0.76,338.2,-1316.999,-0.83892,1,5.8347,-40.556216999992394,-741.8000000000001,1347.5055172399225,338.19999999999993,267.5055172399225,2043.4553775248055,-70.69448276007745
5.7333,-5.953,-37.793,421.554,0.361,338.2,-1316.999,-0.83892,0,5.8397,-37.77907700000376,-741.8000000000001,1357.8339267017436,338.19999999999993,277.8339267017436,2077.7273980976897,-60.36607329825631
5.7383,-5.953,-34.87,459.416,1.034,329.77,-1349.914,-0.83892,0,5.8447,-34.85541399998363,-750.23,1368.4307153054824,329.77,288.4307153054824,2140.9167133115648,-41.33928469451757
5.7433000000000005,-5.953,-31.661,486.196,0.527,321.33,-1384.847,-0.83892,0,5.8497,-31.65099000000266,-758.67,1379.4622793499634,321.33000000000004,299.4622793499634,2236.6513325214064,-21.86772065003663
5.7483,-5.953,-28.342,497.277,0.203,312.89,-1402.23,-0.463746,1,5.8547,-28.34312200000127,-767.1100000000001,1391.0778467415732,312.8899999999999,311.07784674157324,2364.70658497573,-1.8121532584266333
5.7533,0.047,-25.045,481.578,-0.095,304.45,-1401.882,-0.463746,0,5.8597,-25.345026999918495,-775.55,1403.397800018914,304.45000000000005,323.39780001891404,2501.361174328855,18.947800018913995
5.7583,0.047,-25.045,481.578,-0.095,296.02,-1398.512,-0.463746,0,5.8647,-24.88134099981477,-783.98,1416.2733995893975,296.02,336.2733995893975,2607.2979355978905,40.25339958939753
5.7633,0.047,-21.836,475.114,0.021,296.02,-1398.512,-0.463746,0,5.8697,-21.63624604923472,-783.98,1429.8146366629892,296.02,349.8146366629892,2764.555351167137,53.794636662989205
5.7694,0.047,-15.243,435.406,-0.436,287.93,-1351.281,0.947467,1,5.8758,-15.467960262206475,-792.0699999999999,1447.9559601601266,287.93000000000006,7.955960160126551,3082.819852346972,80.02596016012649
5.7744,12.047,-12.517,391.08,-0.702,279.84,-1327.776,0.947467,0,5.8808,-12.526920000007697,-800.16,1464.181677221159,279.84000000000003,24.181677221158907,3307.1319202578643,104.34167722115887
5.7794,12.047,-9.946,388.31,0.27,272.11,-1358.266,0.947467,0,5.8858,-9.944068000000762,-807.89,1481.235506706105,272.11,41.23550670610507,3449.854831552997,129.12550670610506
5.7844,12.047,-7.352,388.31,0.345,265.08,-1264.483,0.947467,0,5.8908,-7.518016000129098,-814.9200000000001,1498.7922040040385,265.0799999999999,58.79220400403847,3528.7814230179592,153.71220400403854
5.7893,12.047,-7.352,388.31,0.345,257.7,-1248.511,1.506188,1,5.8957,-7.114035000065205,-822.3000000000001,1516.1157725664655,257.69999999999993,76.11577256646547,3534.8045456954483,178.41577256646553
5.7943,30.047,-4.737,383.693,0.129,250.66,-1209.938,1.506188,0,5.9007,-4.743965000007967,-829.34,1533.7253633246728,250.65999999999997,93.7253633246728,3513.4824122496284,-156.93463667532717
5.7994,30.047,-2.209,372.611,-0.303,250.66,-1209.938,1.506188,0,5.9058,-1.9348739496887193,-829.34,1551.3930423986312,250.65999999999997,111.39304239863122,3433.855671061792,-139.26695760136874
5.8043000000000005,30.047,3.418,456.645,0.685,244.34,-1122.894,1.506188,0,5.9107,3.2865813263799613,-835.6600000000001,1567.6494638652916,244.33999999999992,127.64946386529164,3258.10127165201,-116.69053613470828
5.8093,30.047,6.583,474.191,0.328,238.36,-1069.217,2.531826,1,5.9157,6.587003999998896,-841.6399999999999,1583.1089069898776,238.36000000000013,143.1089069898776,3025.115680112426,-95.25109301012253
5.8143,50.637,9.792,482.502,0.037,233.09,-973.09,2.531826,0,5.9207,9.80322000001289,-846.91,1597.481072703744,233.09000000000003,157.48107270374408,2806.08042160426,-75.60892729625596
5.8193,50.637,13.221,544.373,1.482,227.81,-926.14,2.531826,0,5.9257,13.264952999987853,-852.19,1610.6703703585913,227.80999999999995,170.6703703585913,2565.963961336587,-57.139629641408646
5.8243,50.637,17.133,598.856,0.643,223.24,-842.91,2.531826,0,5.9307,17.1345880000018,-856.76,1622.6149883967985,223.24,182.61498839679848,2309.4210018049484,-40.62501160320153
5.829400000000001,50.637,21.155,611.785,0.22,223.24,-842.91,3.524252,1,5.9358,21.167168470583405,-856.76,1633.4619342242872,223.24,193.46193422428723,2051.1237820778224,-29.778065775712776
5.8344000000000005,70.485,25.243,609.938,0.062,219.73,-698.297,3.524252,0,5.9408,25.25708000001111,-860.27,1642.8892502023166,219.73000000000002,202.8892502023166,1814.754803856331,-16.84074979768343
5.8394,70.485,29.551,656.11,1.258,215.86,-691.578,3.524252,0,5.9458,29.586670857128514,-864.14,1651.1826756513888,215.86,211.18267565138876,1594.4658260786173,-4.677324348611251
5.8443000000000005,70.485,34.189,701.359,0.461,213.4,-551.417,3.524252,0,5.9507,34.188609693877105,-866.6,1658.3051355225723,213.39999999999998,218.3051355225723,1394.2069360988023,4.905135522572323
5.8493,70.485,38.914,702.283,0.295,210.59,-509.976,4.334832,1,5.9557,38.89739250000461,-869.41,1664.6265460386237,210.59000000000003,224.6265460386237,1213.6872313192239,14.03654603862367
5.855300000000001,86.697,44.365,689.354,-0.436,208.83,-399.487,4.334832,0,5.9617,43.95163250011547,-871.1700000000001,1671.269342399285,208.82999999999993,231.26934239928505,1067.1516889326824,22.439342399285124
5.8603000000000005,86.697,44.365,689.354,-0.436,207.07,-348.537,4.334832,0,5.9667,44.83919800055174,-872.9300000000001,1676.3479964962492,207.06999999999994,236.34799649624915,989.0739657859991,29.277996496249216
5.8653,86.697,53.663,711.517,0.037,207.07,-348.537,4.334832,0,5.9717,53.24085100011814,-872.9300000000001,1680.887820636751,207.06999999999994,240.88782063675103,872.2223497048009,33.817820636751094
5.8703,86.697,58.322,697.665,-0.104,206.02,-260.958,4.785503,1,5.9767,58.31079099998695,-873.98,1684.8572630318008,206.01999999999998,244.8572630318008,763.5182398535164,38.83726303180083
5.8754,96.908,62.85,671.809,-0.56,204.96,-219.717,4.785503,0,5.9818,62.84082588235663,-875.0399999999998,1688.5005162358602,204.96000000000015,248.50051623586023,695.7870328304508,43.54051623586008
5.8804,96.908,67.18,641.335,-0.253,204.26,-168.095,4.785503,0,5.9868,67.17847183673346,-875.7399999999999,1691.803400116248,204.2600000000001,251.80340011624799,646.6605315002278,47.54340011624788
5.8853,96.908,71.4,621.019,-0.27,203.55,-143.154,4.785503,0,5.9917,71.008142857253,-876.4499999999999,1694.8687767399103,203.55000000000007,254.86877673991034,620.4749514626017,51.31877673991028
5.8903,96.908,71.4,621.019,-0.27,202.85,-129.862,5.059227,1,5.9967,71.78905000045546,-877.15,1697.9507355397866,202.85000000000002,257.9507355397866,614.3528091084264,55.10073553978657
5.8954,101.185,79.181,543.449,-0.726,202.85,-129.862,5.059227,0,6.0018,78.54021176496701,-877.15,1701.0594171466928,202.85000000000002,261.0594171466928,608.6015370061699,58.20941714669277
5.9003000000000005,101.185,79.181,543.449,-0.726,202.85,-64.931,5.059227,0,6.0067,79.35470600020422,-877.15,1704.0649079511898,202.85000000000002,264.06490795118975,617.3611384344931,61.21490795118973
5.9053,101.185,82.587,496.354,-0.502,202.15,-91.601,5.059227,0,6.0117,82.81513699993549,-877.85,1707.226910776578,202.14999999999998,267.22691077657805,638.4201491885739,65.07691077657807
5.9103,101.185,88.5,398.468,-0.602,201.45,-104.184,5.066525,1,6.0167,88.32368699979229,-878.5500000000001,1710.5067404727731,201.44999999999993,270.5067404727731,665.0015885729414,69.05674047277319
5.9154,101.331,91.005,344.908,-0.776,200.74,-111.558,5.066525,0,6.0218,90.9852201680753,-879.26,1714.0360983020876,200.74,274.03609830208757,704.4809030158316,73.29609830208756
5.9203,101.331,93.181,302.429,-0.868,199.69,-142.249,5.066525,0,6.0267,93.16083418364968,-880.31,1717.6377459609623,199.69000000000005,277.6377459609623,748.8627993173213,77.94774596096227
5.9253,101.331,95.006,250.716,-0.544,199.69,-142.249,5.066525,0,6.0317,94.83992500004716,-880.31,1721.5551261090193,199.69000000000005,281.5551261090193,797.5694432954708,81.86512610901923
5.9314,101.331,95.006,250.716,-0.544,198.63,-159.166,5.472403,1,6.0378,95.2496839998999,-881.3699999999999,1726.6640044089079,198.6300000000001,286.6640044089079,859.3919905815,88.03400440890778
5.9364,107.476,97.907,162.065,-0.519,196.88,-218.358,5.472403,0,6.0428,97.78603999990212,-883.12,1731.1791629146683,196.88,291.17916291466827,923.3939345258491,94.29916291466827
5.9414,107.476,98.918,150.06,0.17,195.47,-234.501,5.472403,0,6.0478,98.91984799999923,-884.53,1736.043365682319,195.47000000000003,296.04336568231906,992.5370166777208,100.57336568231904
5.946400000000001,107.476,99.951,150.984,-0.071,194.06,-234.528,5.472403,0,6.0528,99.94818399999771,-885.9399999999999,1741.215747091479,194.06000000000006,301.215747091479,1052.794600057633,107.15574709147893
5.9514000000000005,107.476,100.94,149.137,0.087,192.3,-264.193,6.375269,1,6.0578,100.93815200000076,-887.6999999999999,1746.6988693731182,192.30000000000007,306.6988693731182,1115.2914703609654,114.39886937311815
5.9564,119.622,101.907,135.285,0.154,190.9,-248.581,6.375269,0,6.0628,101.91263200000459,-889.0999999999999,1752.501145274767,190.9000000000001,312.50114527476694,1180.5535105876372,121.60114527476685
5.9614,119.622,102.962,177.764,0.909,190.9,-248.581,6.375269,0,6.0678,102.98787199998928,-889.0999999999999,1758.652384852332,190.9000000000001,318.65238485233203,1252.2180854696867,127.75238485233194
5.9664,119.622,104.325,219.319,0.826,189.49,-239.749,6.375269,0,6.0728,104.33760800001029,-890.51,1765.2011069140233,189.49,325.2011069140233,1336.3023052453857,135.71110691402328
5.9714,119.622,105.885,232.247,0.461,188.44,-209.292,6.743362,1,6.0778,105.89432399999613,-891.56,1772.2238324170178,188.44000000000005,332.2238324170178,1434.4358087058306,143.78383241701772
5.9764,134.867,107.556,250.716,0.203,187.73,-163.677,6.743362,0,6.0828,107.57142400001261,-892.27,1779.7741424243675,187.73000000000002,339.7741424243675,1544.3061558693387,152.04414242436746
5.9814,134.867,109.468,314.434,1.333,187.03,-140.138,6.743362,0,6.0878,109.50899199998295,-892.97,1787.3696825908132,187.02999999999997,347.3696825908132,1389.4801532821446,160.33968259081325
5.9863,134.867,111.82,362.454,0.917,186.68,-99.286,6.743362,0,6.0927,111.82505000000604,-893.3199999999999,1791.9039256903447,186.68000000000006,351.90392569034475,756.9344585536847,165.2239256903447
5.9914000000000005,134.867,114.369,394.774,0.494,186.68,-99.286,6.949852,1,6.0978,114.3843703529348,-893.3199999999999,1794.3410670231535,186.68000000000006,354.3410670231535,381.3979937730264,167.66106702315346
5.9964,144.112,117.051,399.391,-0.021,186.68,-49.643,6.949852,0,6.1028,117.05375200000226,-893.3199999999999,1795.6110576962938,186.68000000000006,355.61105769629376,213.57482455416377,168.9310576962937
6.0014,144.112,119.776,419.707,0.552,187.03,5.888,6.949852,0,6.1078,119.79772857141947,-892.97,1796.4257890119923,187.02999999999997,356.42578901199226,145.19311276173653,169.3957890119923
6.0063,144.112,122.7,440.023,0.295,187.38,32.15,6.949852,0,6.1127,122.5478326528775,-892.6199999999999,1796.9665988655836,187.3800000000001,356.9665988655836,95.7984011603344,169.58659886558348
6.0113,144.112,122.7,440.023,0.295,188.09,75.278,7.023269,1,6.1177,123.16723278674955,-891.9100000000001,1797.2974304747422,188.08999999999992,357.2974304747422,55.60393194304874,169.2074304747423
6.0174,147.357,128.964,412.32,-0.187,188.79,94.484,7.023269,0,6.1238,128.7560641968087,-891.21,1798.007957708331,188.78999999999996,358.0079577083311,194.1716588698788,169.21795770833114
6.0224,147.357,131.623,392.927,-0.12,189.84,136.945,7.023269,0,6.1288,131.61461599999305,-890.1600000000001,1799.7674816170718,189.83999999999992,359.7674816170718,415.5084595792248,169.92748161707186
6.0274,147.357,134.151,366.147,-0.378,189.84,136.945,7.023269,0,6.1338,133.9386480000894,-890.1600000000001,1802.3842786133202,189.83999999999992,2.384278613320248,559.6273443145262,172.54427861332033
6.0323,147.357,134.151,366.147,-0.378,190.2,98.088,6.995536,1,6.1387,134.37080000026702,-889.8,1805.4592063320144,190.20000000000005,5.459206332014446,660.1502586721332,175.2592063320144
6.0374,144.602,138.547,295.965,-0.303,190.55,78.634,6.995536,0,6.1438,138.33566218496307,-889.45,1809.3719322836644,190.54999999999995,9.371932283664364,818.7777295789742,178.8219322836644
6.0423,144.602,140.305,244.252,-0.934,190.9,68.49,6.995536,0,6.1487,140.28526924487394,-889.0999999999999,1813.9505987371833,190.9000000000001,13.950598737183327,977.4427969915506,-176.94940126281676
6.0473,144.602,141.712,193.462,-0.486,191.25,63.32,6.995536,0,6.1537,141.58396300003747,-888.7500000000001,1819.1348844115514,191.2499999999999,19.13488441155141,1054.5686346754258,-172.11511558844848
6.0523,144.602,141.712,193.462,-0.486,191.25,31.66,6.855189,1,6.1587,141.80650000011522,-888.7500000000001,1824.539583533341,191.2499999999999,24.5395835333411,1092.3998255410158,-166.71041646665878
6.0574,137.104,143.602,106.658,-0.652,191.25,31.66,6.855189,0,6.1638,143.47463865551626,-888.7500000000001,1830.2646358238765,191.2499999999999,30.26463582387646,1135.8120156901032,-160.98536417612343
6.0623000000000005,137.104,143.932,6.002,-1.615,190.9,-13.009,6.855189,0,6.1687,143.9027265305764,-889.0999999999999,1835.9277066453683,190.9000000000001,35.92770664536829,1159.2390865787456,-154.9722933546318
6.0674,137.104,143.69,-49.404,-0.843,190.2,-65.542,6.855189,0,6.1738,143.67112141177273,-889.8,1841.7582472388342,190.20000000000005,41.7582472388342,1133.6203871832377,-148.44175276116584
6.0724,137.104,143.228,-79.878,-0.668,188.44,-179.27,6.670091,1,6.1788,143.25756800002478,-891.56,1847.2892894479164,188.44000000000005,47.28928944791642,1094.324711062492,-141.15071055208364
6.0773,133.402,143.228,-79.878,-0.668,187.03,-207.65,6.670091,0,6.1837,143.11206600003422,-892.97,1852.5108137904037,187.02999999999997,52.510813790403745,1052.401455203631,-134.51918620959623
6.0823,133.402,141.954,-113.122,-0.419,185.27,-250.053,6.670091,0,6.1887,142.01897400007988,-894.7299999999999,1857.591503403202,185.2700000000001,57.59150340320207,999.8412247519343,-127.67849659679803
6.0873,133.402,141.954,-113.122,-0.419,185.27,-250.053,6.670091,0,6.1937,141.80099509808448,-894.7299999999999,1862.4016420466378,185.2700000000001,62.40164204663779,946.0482844654442,-122.8683579533623
6.0924000000000005,133.402,140.239,-134.362,-0.336,183.87,-240.752,6.505092,1,6.1988,140.28612784317696,-896.13,1867.0163184898258,183.87,67.01631848982584,885.5843488871808,-116.85368151017417
6.0974,130.102,139.294,-141.749,-0.17,182.11,-267.848,6.505092,0,6.2038,139.29426571428561,-897.89,1871.2282600958217,182.11,71.22826009582172,825.2775389795387,-110.88173990417829
6.1023000000000005,130.102,138.371,-139.902,-0.095,180.35,-280.767,6.505092,0,6.2087,138.3697166734678,-899.6500000000001,1875.0962296093912,180.3499999999999,75.09622960939123,774.1977356712439,-105.25377039060868
6.1073,130.102,137.404,-150.984,-0.162,178.59,-287.298,6.505092,0,6.2137,137.40365116666675,-901.4099999999999,1878.79380899332,178.59000000000015,78.79380899332,725.5358961630761,-99.79619100668015
6.1133,130.102,136.239,-151.907,-0.187,176.48,-317.042,6.42343,1,6.2197,136.24303700980275,-903.52,1882.9287545833859,176.48000000000002,82.92875458338585,671.5279541110827,-93.55124541661417
6.1184,128.469,135.294,-138.056,0.104,175.08,-276.842,6.42343,0,6.2248,135.29563011764844,-904.92,1886.2042610407632,175.08000000000004,86.20426104076319,629.5110098773812,-88.87573895923686
6.1234,128.469,134.393,-129.745,0.004,175.08,-276.842,6.42343,0,6.2298,134.39661199999844,-904.92,1889.2173667780369,175.08000000000004,89.21736677803688,591.6323755134889,-85.86263322196316
6.1284,128.469,133.535,-128.821,-0.137,173.32,-281.824,6.42343,0,6.2348,133.53788000000245,-906.68,1892.0529567615492,173.32000000000005,92.05295676154924,556.684733820287,-81.26704323845081
6.1334,128.469,132.722,-115.893,-0.095,171.56,-290.751,6.285987,1,6.2398,132.7275439999976,-908.44,1894.7217748905068,171.55999999999995,94.72177489050682,524.3727030039204,-76.83822510949312
6.1384,125.72,131.975,-110.352,0.12,169.8,-292.223,6.285987,0,6.2448,132.02280800004067,-910.2,1897.2361949132278,169.79999999999995,97.23619491322779,493.4865384557006,-72.56380508677216
6.1433,125.72,131.975,-110.352,0.12,168.05,-291.76,6.285987,0,6.2497,131.84896500003777,-911.95,1899.5503446348748,168.04999999999995,99.55034463487482,463.9549494996878,-68.49965536512514
6.1483,125.72,130.59,-104.811,-0.129,166.29,-292.725,6.285987,0,6.2547,130.62658500004568,-913.71,1901.7805269475693,166.28999999999996,101.78052694756934,438.6425157769017,-64.50947305243062
6.1534,125.72,129.909,-94.653,-0.212,166.29,-292.725,6.241032,1,6.2598,129.9096423529409,-913.71,1903.9388521920262,166.28999999999996,103.93885219202616,416.4918774804808,-62.3511478079738
6.1584,124.821,129.249,-89.113,-0.054,164.53,-285.124,6.241032,0,6.2648,129.25188000000244,-915.4699999999999,1905.9413305391467,164.5300000000001,105.94133053914675,393.5742963175147,-58.58866946085334
6.1634,124.821,128.634,-88.189,0.029,162.77,-297.611,6.241032,0,6.2698,128.63860285714082,-917.2300000000001,1907.8317439586556,162.76999999999987,107.83174395865558,371.650814030008,-54.93825604134429
6.1683,124.821,128.085,-91.883,0.087,161.02,-295.472,6.241032,0,6.2747,128.11357040819917,-918.98,1909.5771901400963,161.01999999999998,109.57719014009626,349.13374981678794,-51.44280985990372
6.1733,124.821,128.085,-91.883,0.087,159.26,-294.212,6.213732,1,6.2797,128.03789411766132,-920.74,1911.2301095358332,159.26,111.23010953583321,322.9102864078433,-48.02989046416678
6.1784,124.275,127.557,-76.184,0.079,157.15,-322.672,6.213732,0,6.2848,127.53246541174363,-922.85,1912.7933475408101,157.14999999999998,112.79334754081015,300.199998631065,-44.35665245918983
6.1834,124.275,126.656,-54.022,-0.154,157.15,-322.672,6.213732,0,6.2898,126.70211599997987,-922.85,1914.2421461101842,157.14999999999998,114.2421461101842,285.43860213275605,-42.90785388981578
6.188400000000001,124.275,126.304,-50.328,-0.095,155.39,-305.302,6.213732,0,6.2948,126.31015466667198,-924.61,1915.611291773331,155.39,115.611291773331,268.13962522585626,-39.77870822666898
6.1944,124.275,125.997,-37.4,-0.104,153.28,-331.425,6.153477,1,6.3008,126.01337333334745,-926.72,1917.1081599878944,153.27999999999997,117.1081599878944,239.45300379963948,-36.17184001210558
6.1993,123.07,125.997,-37.4,-0.104,151.17,-340.399,6.153477,0,6.3057,125.95774509805113,-928.8299999999999,1918.1916649213701,151.17000000000007,118.19166492137015,213.88579299841038,-32.978335078629925
6.204400000000001,123.07,125.557,-35.553,-0.253,149.06,-347.611,6.153477,0,6.3108,125.5673670268197,-930.94,1919.2005464357437,149.05999999999995,119.20054643574372,191.11343068278487,-29.859453564256228
6.2093,123.07,125.293,-48.481,-0.095,146.6,-379.875,6.153477,0,6.3157,125.29349028571414,-933.4,1920.0702694171644,146.60000000000002,120.07026941716435,171.79643399873672,-26.52973058283567
6.214300000000001,123.07,125.029,-38.323,0.012,144.14,-393.579,6.046158,1,6.3207,125.028213999999,-935.8600000000001,1920.8575737052684,144.13999999999987,120.85757370526835,151.09773882395814,-23.282426294731522
6.2194,120.923,124.744,-36.476,0.12,144.14,-393.579,6.046158,0,6.3258,124.76747058822492,-935.8600000000001,1921.5501183867846,144.13999999999987,121.55011838678456,128.90581759284183,-22.58988161321531
6.2243,120.923,124.744,-36.476,0.12,141.68,-399.394,6.046158,0,6.3307,124.70472999994999,-938.32,1922.1071974086499,141.67999999999995,122.10719740864988,107.7286595004803,-19.57280259135007
6.2293,120.923,123.974,-63.256,-0.17,138.87,-436.381,6.046158,0,6.3357,124.00812499998956,-941.13,1922.594913282587,138.87,122.59491328258696,94.08846367393518,-16.275086717413046
6.2343,120.923,123.579,-60.486,-0.17,135.7,-483.374,5.737442,1,6.3407,123.59914500002569,-944.3000000000001,1923.0234324435537,135.69999999999993,123.0234324435537,81.02728355590094,-12.67656755644623
6.2394,114.749,123.579,-60.486,-0.17,132.54,-504.478,5.737442,0,6.3458,123.54882857144192,-947.46,1923.3587361568273,132.53999999999996,123.35873615682726,59.115852639339565,-9.181263843172701
6.2443,114.749,123.227,-52.175,-0.17,129.38,-515.793,5.737442,0,6.3507,123.22292936734173,-950.62,1923.5812341016929,129.38,123.58123410169287,40.08777457848878,-5.798765898307124
6.2493,114.749,122.788,-73.414,-0.76,129.38,-515.793,5.737442,0,6.3557,122.70831076473038,-950.62,1923.7448528163757,129.38,123.74485281637567,31.3035995904419,-5.635147183624326
6.2544,114.749,121.447,-111.276,-0.187,125.51,-574.122,5.364058,1,6.3608,121.48051717649993,-954.4899999999999,1923.9159776743918,125.5100000000001,123.9159776743918,35.36141774896298,-1.5940223256083073
6.2594,107.281,120.656,-124.204,-0.253,121.64,-613.635,5.364058,0,6.3658,120.64667600000416,-958.3600000000001,1924.1170790073927,121.63999999999987,124.1170790073927,41.71868999322578,2.477079007392831
6.2644,107.281,119.754,-152.831,-0.868,117.42,-659.407,5.364058,0,6.3708,119.81172800005065,-962.58,1924.322049400175,117.41999999999996,124.32204940017505,39.43199685628507,6.902049400175088
6.2693,107.281,119.754,-152.831,-0.868,112.85,-711.081,5.364058,0,6.3757,119.54229117653603,-967.1500000000001,1924.4967019292453,112.84999999999991,124.49670192924532,36.10432815829209,11.64670192924541
6.2744,107.281,117.381,-191.616,-0.353,107.93,-764.473,4.640769,1,6.3808,117.446886117705,-972.0699999999998,1924.741648707113,107.93000000000018,124.74164870711297,55.691676652462164,16.811648707112795
6.2794,93.813,116.084,-198.08,-0.253,107.93,-764.473,4.640769,0,6.3858,116.19294799995127,-972.0699999999998,1925.108473642914,107.93000000000018,125.10847364291408,77.51721096188032,17.1784736429139
6.2843,93.813,116.084,-198.08,-0.253,103.01,-786.037,4.640769,0,6.3907,116.02046249991801,-976.99,1925.4788700062963,103.00999999999999,125.47887000629635,73.94884185871562,22.468870006296356
6.2903,93.813,114.589,-244.252,-1.117,97.73,-841.482,4.640769,0,6.3967,114.44153749980936,-982.2699999999999,1925.9826333359156,97.73000000000013,125.98263333591558,98.64424030656738,28.252633335915448
6.2954,93.813,110.369,-317.205,-0.428,91.76,-920.829,3.597028,1,6.4018,110.71652941160875,-988.24,1926.7126694823717,91.75999999999999,126.71266948237167,160.31936429774223,34.952669482371675
6.3003,74.346,110.369,-317.205,-0.428,85.78,-957.442,3.597028,0,6.4067,110.26026799985918,-994.22,1927.6310323246169,85.77999999999997,127.63103232461685,196.30163191459062,41.85103232461688
6.3053,74.346,108.237,-319.051,0.029,79.45,-1007.385,3.597028,0,6.4117,107.96174950008577,-1000.5500000000001,1928.740923562377,79.44999999999993,128.74092356237702,240.66770242329426,49.29092356237709
6.3105,74.346,102.874,-465.88,-1.175,73.48,-1001.691,3.597028,0,6.4169,103.26075480793625,-1006.5199999999999,1930.328685616936,73.48000000000013,130.3286856169359,333.2021349387501,56.84868561693577
6.3155,74.346,102.874,-465.88,-1.175,73.48,-1001.691,2.488138,1,6.4219,102.62672959199293,-1006.5199999999999,1932.2273196492533,73.48000000000013,132.22731964925333,396.8388159967866,58.7473196492532
6.3204,49.763,99.643,-495.43,-0.66,66.8,-1010.924,2.488138,0,6.4268,99.64299608163263,-1013.2000000000002,1934.3782238012996,66.79999999999984,134.37822380129955,461.84764309860896,67.57822380129971
6.3254,49.763,96.346,-495.43,-0.286,60.47,-1084.629,2.488138,0,6.4318,96.3083765714456,-1019.5299999999999,1937.0789212628226,60.47000000000014,137.07892126282263,575.263916346313,76.60892126282249
6.3303,49.763,92.676,-591.469,-2.088,54.14,-1072.409,2.488138,0,6.4367,92.42518979559105,-1025.86,1940.403343991472,54.1400000000001,140.40334399147196,731.8528245732633,86.26334399147186
6.3354,49.763,83.84,-699.512,-0.469,48.16,-1034.78,1.105177,1,6.4418,84.18001058808127,-1031.84,1944.9980312681885,48.16000000000008,144.99803126818847,977.1906418001765,96.83803126818839
6.3404,22.104,79.225,-696.742,-0.095,42.54,-985.502,1.105177,0,6.4468,79.21599076922274,-1037.4599999999998,1950.781718946255,42.54000000000019,150.78171894625507,1232.0673629909973,108.24171894625488
6.3456,22.104,74.279,-784.469,-1.814,36.91,-955.092,1.105177,0,6.452,74.20774369891802,-1043.0900000000001,1958.0779462876317,36.909999999999854,158.07794628763168,1484.1415168088818,121.16794628763182
6.3503,22.104,68.762,-849.111,-1.017,36.91,-955.092,1.105177,0,6.4567,68.76902659575394,-1043.0900000000001,1965.967280548927,36.909999999999854,165.96728054892696,1762.8354479255463,129.0572805489271
6.3554,22.104,62.916,-871.274,-0.486,31.99,-893.216,0.34842,1,6.4618,62.90628729412201,-1048.01,1976.2117779929254,31.99000000000001,176.21177799292536,2116.803616805765,144.22177799292535
6.3604,0.444,57.069,-875.891,0.087,27.07,-856.574,0.34842,0,6.4668,57.06061599999248,-1052.9299999999998,1988.1139704428529,27.070000000000164,188.11397044285286,2499.123019908157,161.0439704428527
6.3654,0.444,51.091,-902.671,-0.834,23.55,-721.819,0.34842,0,6.4718,51.07436800000759,-1056.45,2002.0571516568177,23.549999999999955,202.05715165681772,2912.821283008118,178.50715165681777
6.3704,0.444,44.915,-926.681,-0.295,19.34,-707.212,0.34842,0,6.4768,45.310264000355424,-1060.66,2017.914957407435,19.339999999999918,217.91495740743494,3266.734405731451,-161.42504259256498
6.3764,0.444,44.915,-926.681,-0.295,15.82,-648.47,1.162799,1,6.4828,44.07659999924472,-1064.18,2038.7706310750561,15.819999999999936,238.77063107505614,3597.3456775271757,-137.0493689249438
6.3814,-15.215,31.815,-877.738,0.909,15.82,-648.47,1.162799,0,6.4878,32.91539999949587,-1064.18,2057.806515570386,15.819999999999936,257.8065155703862,3877.9396291608023,-118.01348442961375
6.3863,-15.215,31.815,-877.738,0.909,12.66,-584.102,1.162799,0,6.4927,31.241349999241613,-1067.34,2077.1844194384526,12.660000000000082,277.18441943845255,3970.2587747454327,-95.47558056154753
6.3914,-15.215,20.342,-842.647,0.12,9.14,-592.092,1.162799,0,6.4978,20.827103293895036,-1070.8600000000001,2097.1342115974076,9.139999999999873,297.13421159740756,3860.115164409203,-72.00578840259232
6.3964,-15.215,14.869,-809.403,0.751,5.62,-589.276,1.877692,1,6.5028,14.890120000019095,-1074.38,2115.3884648203802,5.619999999999891,315.38846482038025,3556.200314961589,-50.23153517961964
6.4014,-24.874,9.726,-743.838,0.951,2.11,-586.611,1.877692,0,6.5078,9.755483999986515,-1077.89,2132.1476823933012,2.1099999999999,332.14768239330124,3263.1802428045626,-29.96231760669866
6.4064000000000005,-24.874,4.934,-710.594,0.536,358.24,-613.58,1.877692,0,6.5128,4.945047183683401,-1081.7599999999998,2147.3746064154598,358.24000000000024,347.37460641545977,2949.3326699533704,-10.86539358454047
6.4113,-24.874,0.407,-669.962,0.453,358.24,-613.58,1.877692,0,6.5177,0.4508740896219592,-1081.7599999999998,2160.767277906072,358.24000000000024,0.767277906072195,2646.650831468948,2.5272779060719586
6.4164,-24.874,-3.813,-614.555,0.801,353.67,-684.902,3.027784,1,6.5228,-3.5482156860338065,-1086.33,2173.349013981538,353.6700000000001,13.349013981538064,2400.3772850744263,19.67901398153799
6.4214,-28.533,-3.813,-614.555,0.801,348.75,-753.309,3.027784,0,6.5278,-4.416791999720828,-1091.25,2184.7694534603843,348.75,24.769453460384284,2229.216190155432,36.019453460384284
6.4264,-28.533,-11.001,-487.119,0.81,343.48,-818.573,3.027784,0,6.5328,-10.737895999760353,-1096.52,2195.127449977478,343.48,35.127449977478136,1997.892145504966,51.64744997747812
6.4314,-28.533,-14.078,-442.794,0.859,337.85,-878.576,3.027784,0,6.5378,-14.050280000012838,-1102.15,2204.302851381594,337.8499999999999,44.30285138159388,1776.5490375035884,66.45285138159397
6.4364,-28.533,-16.825,-389.234,0.735,331.88,-936.436,2.964425,1,6.5428,-16.80112799997822,-1108.1200000000001,2212.671082837253,331.8799999999999,52.671082837252925,1632.6248216321835,80.79108283725304
6.4414,-26.193,-19.199,-340.291,0.627,331.88,-936.436,2.964425,0,6.5478,-19.16758400001455,-1108.1200000000001,2220.424693713482,331.8799999999999,60.42469371348216,1518.942105145772,88.54469371348227
6.446400000000001,-26.193,-21.199,-269.185,1.092,325.9,-961.663,2.964425,0,6.5528,-21.175127999978162,-1114.1,2227.699215294606,325.9000000000001,67.69921529460589,1429.090031947117,101.7992152946058
6.4514000000000005,-26.193,-22.826,-214.702,0.594,319.22,-1042.02,2.964425,0,6.5578,-22.794500000014672,-1120.78,2234.592694742997,319.22,74.59269474299708,1359.323514385849,115.37269474299706
6.4564,-26.193,-24.078,-172.223,0.826,312.89,-1049.72,2.478316,1,6.5628,-24.05531199997918,-1127.1100000000001,2241.195655968243,312.8899999999999,81.19565596824305,1304.9764369519423,128.30565596824317
6.462400000000001,-17.852,-25.155,-123.28,0.643,305.86,-1109.532,2.478316,0,6.5688,-25.118679999966616,-1134.1399999999999,2248.817285794471,305.8600000000001,88.81728579447099,1254.3297106779598,142.95728579447086
6.4674000000000005,-17.852,-25.485,-6.926,1.623,299.18,-1101.455,2.478316,0,6.5738,-25.43695200002246,-1140.82,2254.9625152978942,299.18000000000006,94.96251529789424,1218.679418840912,155.78251529789418
6.4724,-17.852,-25.243,53.098,0.884,292.5,-1119.087,2.478316,0,6.5788,-25.258488000014264,-1147.5,2260.9328427242413,292.5,100.93284272424125,1183.2079236789305,168.43284272424125
6.4774,-17.852,-25.243,53.098,0.884,292.5,-1119.087,1.653826,1,6.5838,-25.14698800004496,-1147.5,2266.714296659268,292.5,106.7142966592678,1144.218394779936,174.2142966592678
6.4824,-3.511,-24.1,103.888,0.511,285.47,-1104.856,1.653826,0,6.5888,-24.114080000012994,-1154.53,2272.267836805372,285.47,112.2678368053721,1094.7425826349076,-173.20216319462793
6.4874,-3.511,-23.177,169.453,1.457,279.14,-1122.528,1.653826,0,6.5938,-23.25453199996363,-1160.86,2277.5424690571563,279.1400000000001,117.54246905715627,1039.2084482085472,-161.59753094284383
6.4923,-3.511,-23.177,169.453,1.457,272.81,-1087.539,1.653826,0,6.5987,-23.022049999790237,-1167.19,2282.447876241037,272.80999999999995,122.44787624103719,981.714727996396,-150.36212375896275
6.4974,-3.511,-20.078,268.262,0.652,266.48,-1071.37,0.657834,1,6.6038,-20.33321176458595,-1173.52,2287.1388420946423,266.48,127.13884209464231,892.5773230613667,-139.3411579053577
6.5024,13.157,-20.078,268.262,0.652,260.86,-1004.631,0.657834,0,6.6088,-19.958447999889334,-1179.14,2291.3006819845514,260.8599999999999,131.30068198455137,807.8633071031445,-129.55931801544853
6.5074000000000005,13.157,-18.21,287.654,0.428,260.86,-1004.631,0.657834,0,6.6138,-18.18228000001305,-1179.14,2295.0467900997755,260.8599999999999,135.04679009977554,719.6559084211998,-125.81320990022436
6.5124,13.157,-16.012,366.147,1.449,255.59,-932.94,0.657834,0,6.6188,-15.791135999794783,-1184.41,2298.1181323894834,255.58999999999992,138.11813238948343,557.9773571508099,-117.47186761051648
6.5174,13.157,-10.363,451.105,0.544,250.31,-913.149,0.954726,1,6.6238,-10.580895999897042,-1189.6899999999998,2300.044398221503,250.31000000000017,140.0443982215029,308.36898825477857,-110.26560177849728
6.5224,23.824,-7.308,452.028,0.27,245.39,-867.904,0.954726,0,6.6288,-7.302367999994758,-1194.6100000000001,2300.704979024524,245.38999999999987,140.70497902452416,61.157551907005306,-104.68502097547571
6.5274,23.824,-4.165,483.425,0.801,241.52,-756.705,0.954726,0,6.6338,-4.429011999875027,-1198.48,2300.387787636208,241.51999999999998,140.38778763620803,-106.58469598419128,-101.13221236379195
6.5323,23.824,-4.165,483.425,0.801,237.3,-730.221,0.954726,0,6.6387,-3.997949999771823,-1202.7,2299.4964660463443,237.29999999999995,139.49646604634427,-213.49347136074778,-97.80353395365569
6.5374,23.824,-0.824,502.818,0.461,237.3,-730.221,1.121767,1,6.6438,-0.5323931766088827,-1202.7,2297.846211428376,237.29999999999995,137.84621142837614,-389.4787421140687,-99.45378857162382
6.5424,28.492,5.923,487.119,-0.12,233.79,-650.544,1.121767,0,6.6488,5.685805333111743,-1206.21,2294.8579816282827,233.78999999999996,134.8579816282827,-690.9931136260042,-98.93201837171728
6.5484,28.492,9.572,461.263,-0.129,230.98,-565.359,1.121767,0,6.6548,9.567274666662254,-1209.02,2289.4293085655945,230.98000000000002,129.4293085655945,-994.4068932489805,-101.55069143440551
6.5534,28.492,12.539,433.559,-0.237,228.16,-517.241,1.121767,0,6.6598,12.522452000007876,-1211.84,2283.87525246516,228.16000000000008,123.87525246515997,-1156.808974956966,-104.28474753484011
6.5584,28.492,15.309,397.545,-0.527,225.7,-464.018,1.13662,1,6.6648,15.289223999981433,-1214.3,2277.6032789590945,225.70000000000005,117.6032789590945,-1294.4457927977637,-108.09672104090555
6.563400000000001,27.16,17.77,353.219,-0.751,223.24,-436.919,1.13662,0,6.6698,17.742364000013236,-1216.76,2270.7339226497324,223.24,110.73392264973245,-1404.3498606776295,-112.50607735026756
6.5684000000000005,27.16,19.902,300.582,-0.959,220.43,-451.935,1.13662,0,6.6748,19.88094399998019,-1219.57,2263.415525478591,220.43000000000006,103.41552547859101,-1487.042837966011,-117.01447452140906
6.5734,27.16,21.705,252.563,-0.76,220.43,-451.935,1.13662,0,6.6798,21.6771960000133,-1219.57,2255.766409816417,220.43000000000006,95.76640981641685,-1545.603163567271,-124.66359018358321
6.5784,27.16,23.177,203.62,-0.793,217.97,-427.125,0.954824,1,6.6848,23.082791999911212,-1222.03,2247.8957668445164,217.97000000000003,87.8957668445164,-1584.9937652570902,-130.07423315548363
6.5834,19.828,23.177,203.62,-0.793,215.16,-452.294,0.954824,0,6.6898,23.274859999953097,-1224.84,2239.866270923768,215.16000000000008,79.86627092376784,-1614.0762999827411,-135.29372907623224
6.5884,19.828,24.342,155.601,-0.635,212.34,-461.064,0.954824,0,6.6948,24.32087999998006,-1227.66,2231.718860255338,212.33999999999992,71.71886025533786,-1634.90825652915,-140.62113974466206
6.5934,19.828,25.177,-14.313,-0.893,209.18,-495.045,0.954824,0,6.6998,25.081072000046056,-1230.82,2223.501539661641,209.18000000000006,63.50153966164089,-1647.7703448130942,-145.67846033835917
6.5984,19.828,24.87,-52.175,-0.511,206.02,-510.178,1.504674,1,6.7048,24.860079999990624,-1233.98,2215.176458389789,206.01999999999998,55.17645838978888,-1674.3648112191765,-150.8435416102111
6.603400000000001,18.495,24.408,-74.338,-0.353,206.02,-510.178,1.504674,0,6.7098,24.400692000003517,-1233.98,2206.658300220806,206.01999999999998,46.65830022080581,-1716.640045413942,-159.36169977919417
6.6084000000000005,18.495,23.859,-85.419,-0.469,202.15,-571.524,1.504674,0,6.7148,23.89413600003335,-1237.85,2197.9244429372975,202.1500000000001,37.9244429372975,-1759.0331816695525,-164.2255570627026
6.6133,18.495,23.859,-85.419,-0.469,198.63,-584.713,1.504674,0,6.7197,23.755063725524895,-1241.37,2189.1770593698247,198.6300000000001,29.177059369824747,-1796.8839712127472,-169.45294063017536
6.6184,18.495,22.694,-90.96,-0.112,195.12,-584.63,2.768209,1,6.7248,22.729082039249036,-1244.8799999999999,2179.831079830768,195.12000000000012,19.831079830767976,-1850.0974759130247,-175.28892016923214
6.6234,23.163,22.1,-81.725,-0.012,191.6,-586.027,2.768209,0,6.7298,22.1111719999946,-1248.4,2170.3788964936653,191.5999999999999,10.378896493665252,-1905.3933173117875,178.77889649366534
6.6284,23.163,21.639,-54.945,0.785,188.44,-553.195,2.768209,0,6.7348,21.6685040000281,-1251.56,2160.73265546372,188.44000000000005,0.7326554637202207,-1937.23407392245,172.29265546372017
6.6333,23.163,21.639,-54.945,0.785,188.44,-553.195,2.768209,0,6.7397,21.625872131151944,-1251.56,2151.2028465676112,188.44000000000005,351.20284656761123,-1946.2159284187953,162.76284656761118
6.6394,23.163,21.463,-6.002,0.56,185.27,-538.977,4.055555,1,6.7458,21.48805403277473,-1254.73,2139.3576541314865,185.26999999999998,339.35765413148647,-1937.7546501247803,154.0876541314865
6.6444,33.831,21.617,24.471,0.286,182.81,-473.873,4.055555,0,6.7508,21.60714399999058,-1257.1899999999998,2129.728183623391,182.81000000000017,329.72818362339103,-1919.8502449407283,146.91818362339086
6.6494,33.831,21.617,24.471,0.286,180.35,-445.902,4.055555,0,6.7558,21.645199999986293,-1259.65,2120.2197454606685,180.3499999999999,320.2197454606685,-1893.1191110019984,139.86974546066858
6.6543,33.831,21.946,75.261,1.308,177.89,-427.945,4.055555,0,6.7607,22.013528571523285,-1262.1100000000001,2111.085157307559,177.88999999999987,311.0851573075588,-1848.4097887933658,133.19515730755893
6.6594,33.831,23.639,155.601,0.369,175.78,-390.348,4.87922,1,6.7658,23.59004447061205,-1264.22,2101.916477890024,175.77999999999997,301.916477890024,-1775.2945111586728,126.13647789002403
6.6644000000000005,50.498,24.716,171.3,0.403,174.02,-341.349,4.87922,0,6.7708,24.738464000021597,-1265.9799999999998,2093.2945491375062,174.0200000000002,293.29454913750624,-1703.089647080284,119.27454913750603
6.6694,50.498,26.144,245.176,1.673,174.02,-341.349,4.87922,0,6.7758,26.024048000058606,-1265.9799999999998,2084.991071935528,174.0200000000002,284.991071935528,-1644.7065449947704,110.97107193552779
6.6744,50.498,26.144,245.176,1.673,172.62,-285.951,4.87922,0,6.7808,26.269248000120545,-1267.38,2076.9310967389333,172.6199999999999,276.9310967389333,-1598.1656549626266,104.31109673893343
6.6794,50.498,28.101,312.587,1.125,171.56,-232.538,5.324459,1,6.7858,28.12670399998742,-1268.4399999999998,2069.0892211310957,171.56000000000017,269.08922113109566,-1556.5189177592874,97.52922113109548
6.6844,73.166,30.364,349.525,0.477,170.51,-203.886,5.324459,0,6.7908,30.55542400018456,-1269.49,2061.4071321901515,170.51,261.4071321901515,-1530.0484679249716,90.89713219015152
6.6894,73.166,35.618,467.727,2.163,169.8,-161.122,5.324459,0,6.7958,35.47016000007248,-1270.2,2053.752313975238,169.79999999999995,253.75231397523794,-1534.8345740847558,83.95231397523798
6.6944,73.166,39.112,548.99,1.216,169.8,-80.561,5.324459,0,6.8008,39.13177600001911,-1270.2,2045.9630358293043,169.79999999999995,245.96303582930432,-1570.1814853189537,76.16303582930436
6.6994,73.166,42.915,581.311,0.552,169.8,-80.561,5.938013,1,6.8058,42.92415599999545,-1270.2,2037.9136802300332,169.79999999999995,237.91368023003315,-1629.7630763455254,68.1136802300332
6.704400000000001,101.834,46.827,591.469,0.054,169.8,-40.281,5.938013,0,6.8108,46.857976000030064,-1270.2,2029.4491690403636,169.79999999999995,229.44916904036359,-1724.268207041425,59.64916904036363
6.7094000000000005,101.834,51.223,700.436,2.387,169.8,-20.14,5.938013,0,6.8158,51.282051999970896,-1270.2,2020.3556846940926,169.79999999999995,220.3556846940926,-1863.836840612228,50.55568469409263
6.7144,101.834,56.322,786.316,1.241,170.16,19.923,5.938013,0,6.8208,56.345936000023244,-1269.84,2010.371864376314,170.16000000000008,210.37186437631408,-2060.8744208232993,40.211864376314
6.7194,101.834,61.795,815.867,0.544,171.56,126.301,6.420432,1,6.8258,61.78298800000591,-1268.4399999999998,1999.1793416107982,171.56000000000017,199.17934161079825,-2318.693562560819,27.619341610798074
6.7254000000000005,128.409,68.191,814.02,-0.087,172.62,150.422,6.420432,0,6.8318,68.21964399998586,-1267.38,1983.7882177549038,172.6199999999999,183.78821775490383,-2696.4240035003777,11.168217754903935
6.7304,128.409,73.862,874.967,1.515,174.02,193.733,6.420432,0,6.8368,73.49905599964644,-1265.9799999999998,1969.2117578032178,174.0200000000002,169.21175780321778,-2998.7029648250223,-4.80824219678243
6.7354,128.409,73.862,874.967,1.515,174.02,193.733,6.420432,0,6.8418,74.9032639994842,-1265.9799999999998,1953.3170890038198,174.0200000000002,153.31708900381977,-3274.5159279178365,-20.702910996180435
6.7404,128.409,86.258,945.149,0.17,175.08,183.779,7.226599,1,6.8468,85.46465599922585,-1264.9199999999998,1935.5211820656705,175.08000000000015,135.52118206567047,-3683.2277761623104,-39.55881793432968
6.7454,148.984,86.258,945.149,0.17,176.84,239.824,7.226599,0,6.8518,87.30480799948057,-1263.16,1915.856207741142,176.83999999999992,115.85620774114204,-4027.143984191897,-60.983792258857875
6.7504,148.984,98.72,940.532,0.718,178.59,265.531,7.226599,0,6.8568,98.3275519996164,-1261.41,1894.8684749256984,178.58999999999992,94.86847492569837,-4260.818302222316,-83.72152507430155
6.7554,148.984,105.05,947.92,0.311,180.0,251.518,7.226599,0,6.8618,105.04630400000184,-1260.0,1873.4015361309391,180.0,73.40153613093912,-4278.907738680019,-106.59846386906088
6.7604,148.984,111.336,934.992,-0.27,181.76,271.832,7.371138,1,6.8668,111.32339199998759,-1258.24,1852.572452424463,181.76,52.57245242446311,-4100.4386465243315,-129.18754757553688
6.7654000000000005,163.558,117.425,897.13,-0.934,181.76,271.832,7.371138,0,6.8718,116.91352400025518,-1258.24,1832.9816216162037,181.76,32.98162161620371,-3849.569653639854,-148.77837838379628
6.7704,163.558,117.425,897.13,-0.934,183.16,251.049,7.371138,0,6.8768,118.16208800072415,-1256.84,1814.5343331638737,183.16000000000008,14.534333163873725,-3603.041516087971,-168.62566683612636
6.7754,163.558,128.942,841.723,-0.27,184.22,215.226,7.371138,0,6.8818,128.4287600002564,-1255.78,1798.0239368715213,184.22000000000003,358.0239368715213,-3156.7546587261068,173.80393687152127
6.7804,163.558,134.349,799.245,-0.843,185.62,223.647,7.479589,1,6.8868,134.00295199965944,-1254.38,1785.0741315973974,185.6199999999999,345.07413159739735,-2196.264376806962,159.45413159739746
6.7854,172.133,134.349,799.245,-0.843,186.68,200.662,7.479589,0,6.8918,134.78228571406888,-1253.3200000000002,1776.3200731256616,186.67999999999984,336.32007312566157,-1700.040862757571,149.64007312566173
6.7903,172.133,139.404,729.986,-1.2,187.73,187.83,7.479589,0,6.8967,139.59258367374173,-1252.27,1768.7129158943458,187.73000000000002,328.71291589434577,-1473.1655617263057,140.98291589434575
6.7954,172.133,148.437,633.947,-0.594,187.73,187.83,7.479589,0,6.9018,148.03103788255643,-1252.27,1762.394187840778,187.73000000000002,322.39418784077793,-1143.6055408766422,134.6641878407779
6.8004,172.133,152.46,581.311,-0.851,188.44,151.563,7.194429,1,6.9068,152.43599999997627,-1251.56,1757.6127880154215,188.44000000000005,317.61278801542153,-883.910933101828,129.17278801542147
6.805400000000001,174.708,156.108,513.899,-1.142,188.44,75.781,7.194429,0,6.9118,156.0711240000186,-1251.56,1753.8463591139275,188.44000000000005,313.8463591139275,-701.7485600286593,125.40635911392746
6.8104000000000005,174.708,159.317,458.492,-0.901,188.79,67.369,7.194429,0,6.9168,159.29312799997638,-1251.21,1750.8922294810152,188.78999999999996,310.8922294810152,-544.4695990517678,122.10222948101523
6.8154,174.708,162.153,404.932,-0.735,188.44,4.537,7.194429,0,6.9218,162.1270440000131,-1251.56,1748.6612017691623,188.44000000000005,308.6612017691623,-406.5948422239329,120.22120176916223
6.8204,174.708,164.68,346.755,-0.702,188.09,-26.455,6.867753,1,6.9268,164.6472319999675,-1251.91,1747.0581860874854,188.08999999999992,307.0581860874854,-284.58823911597955,118.96818608748549
6.8264000000000005,171.283,167.098,290.425,-0.801,187.03,-102.789,6.867753,0,6.9328,166.96903999987182,-1252.97,1745.8288588132903,187.02999999999997,305.82885881329025,-171.15025755175952,118.79885881329028
6.8314,171.283,167.098,290.425,-0.801,187.03,-102.789,6.867753,0,6.9378,167.2382799999291,-1252.97,1745.1956922934912,187.02999999999997,305.1956922934912,-108.66208442031997,118.16569229349125
6.8364,171.283,168.768,228.553,-0.926,185.62,-166.004,6.867753,0,6.9428,168.80038400003227,-1254.38,1744.8911443049744,185.6199999999999,304.89114430497443,-37.03915824951249,119.27114430497454
6.8414,171.283,170.944,121.433,-0.643,183.87,-232.789,6.433893,1,6.9478,170.8092640000682,-1256.1299999999999,1745.0229228271253,183.87000000000012,305.0229228271253,51.75193457689253,121.15292282712517
6.8464,161.858,171.516,68.797,-0.536,182.11,-263.618,6.433893,0,6.9528,171.47939199996347,-1257.8899999999999,1745.5227681546548,182.11000000000013,305.52276815465484,117.60834397334874,123.41276815465471
6.8514,161.858,171.516,-39.247,-1.274,179.65,-335.619,6.433893,0,6.9578,171.47349600002156,-1260.35,1746.2356943544362,179.6500000000001,306.2356943544362,150.68837191682113,126.5856943544361
6.8564,161.858,171.01,-97.424,-0.693,176.48,-432.185,6.433893,0,6.9628,171.04238400003237,-1263.52,1747.0529079857163,176.48000000000002,307.0529079857163,168.64453168665267,130.57290798571626
6.861400000000001,161.858,171.01,-97.424,-0.693,176.48,-432.185,5.992577,1,6.9678,170.8734160000695,-1263.52,1747.935568958379,176.48000000000002,307.935568958379,177.64935414284375,131.455568958379
6.8664000000000005,146.433,169.384,-134.362,-0.411,172.97,-491.229,5.992577,0,6.9728,169.41068800002674,-1267.03,1748.778557028797,172.97000000000003,308.77855702879697,161.96184494314548,135.80855702879694
6.8714,146.433,168.175,-209.161,-1.441,169.45,-558.409,5.992577,0,6.9778,168.13619200001978,-1270.55,1749.4651904502928,169.45000000000005,309.46519045029277,126.45462554626367,140.01519045029272
6.8764,146.433,166.504,-279.343,-1.158,165.59,-600.682,5.992577,0,6.9828,166.48435199998028,-1274.4099999999999,1749.950361616646,165.59000000000015,309.950361616646,82.56706334413356,144.36036161664583
6.8814,146.433,164.526,-308.894,-0.419,161.02,-682.61,5.457572,1,6.9878,164.51121600000755,-1278.98,1750.155425649671,161.01999999999998,310.1554256496711,22.215004486662473,149.1354256496711
6.8864,125.008,162.372,-323.669,-0.386,156.45,-721.088,5.457572,0,6.9928,162.34991874507585,-1283.5500000000002,1750.0176382882132,156.44999999999982,310.0176382882132,-50.5178369207137,153.5676382882134
6.8915,125.008,159.823,-428.942,-2.146,156.45,-721.088,5.457572,0,6.9979,159.76483973593602,-1283.5500000000002,1749.442176654943,156.44999999999982,309.44217665494307,-142.50341544228465,152.99217665494325
6.8964,125.008,156.614,-495.43,-1.175,151.17,-793.97,5.457572,0,7.0028,156.82356734714992,-1288.83,1748.434660004759,151.17000000000007,308.43466000475905,-227.5773000664207,157.26466000475898
6.9014,125.008,156.614,-495.43,-1.175,145.2,-902.785,4.470201,1,7.0078,156.0739500002767,-1294.8000000000002,1747.0813772419529,145.19999999999982,307.08137724195285,-293.3170503432288,161.88137724195303
6.9074,97.583,148.899,-537.909,-0.195,138.87,-981.289,4.470201,0,7.0138,149.4390499997229,-1301.1299999999999,1744.8494466289292,138.87000000000012,304.8494466289292,-411.4420750507471,165.97944662892905
6.9124,97.583,148.899,-537.909,-0.195,132.19,-1045.509,4.470201,0,7.0188,148.34194399943698,-1307.81,1742.4095361676348,132.19000000000005,302.40953616763477,-526.1775082962635,170.21953616763471
6.9174,97.583,140.195,-725.369,-1.258,124.45,-1153.913,4.470201,0,7.0238,140.50521199984064,-1315.55,1739.1587908637848,124.45000000000005,299.1587908637848,-712.4596129868119,174.70879086378477
6.9224000000000006,97.583,135.184,-765.077,-0.544,116.37,-1261.697,3.771464,1,7.0288,135.17977599999568,-1323.63,1734.826480776597,116.36999999999989,294.826480776597,-925.2500109408276,178.45648077659712
6.9274000000000004,75.429,130.107,-757.689,-0.12,116.37,-1261.697,3.771464,0,7.0338,130.09221600000762,-1323.63,1729.7184073545122,116.36999999999989,289.71840735451224,-1058.3469793591191,173.34840735451235
6.9324,75.429,124.854,-813.096,-1.349,107.23,-1381.932,3.771464,0,7.0388,125.19019200034151,-1332.7700000000002,1724.1334130777639,107.22999999999979,284.13341307776386,-1133.5499682884827,176.90341307776407
6.9374,75.429,124.854,-813.096,-1.349,97.73,-1497.259,3.771464,0,7.0438,124.3794840002451,-1342.27,1718.4233238963473,97.73000000000002,278.42332389634726,-1143.2565932215427,-179.30667610365276
6.9424,75.429,119.205,-857.422,-0.893,88.24,-1537.072,2.124038,1,7.0488,118.83367199962221,-1351.76,1712.6919371390445,88.24000000000001,272.6919371390445,-1148.999611525117,-175.5480628609555
6.9474,47.276,107.754,-845.417,0.428,78.05,-1622.758,2.124038,0,7.0538,108.71588399950238,-1361.9499999999998,1707.0000157744103,78.05000000000018,267.00001577441026,-1126.7945410570942,-171.04998422558992
6.9524,47.276,107.754,-845.417,0.428,67.85,-1657.981,2.124038,0,7.0588,106.98734399921871,-1372.1500000000003,1701.6132975679855,67.84999999999968,261.61329756798546,-1051.0918121858883,-166.23670243201423
6.9574,47.276,95.775,-941.456,-0.909,67.85,-1657.981,2.124038,0,7.0638,96.78123599947858,-1372.1500000000003,1696.7745183173088,67.84999999999968,256.7745183173088,-928.3043150657297,-171.0754816826909
6.962400000000001,47.276,95.775,-941.456,-0.909,58.36,-1604.523,0.640656,1,7.0688,94.96757599917447,-1381.6399999999999,1692.6912678199571,58.36000000000013,252.69126781995715,-763.6407620038327,-165.66873218004298
6.9674000000000005,17.276,83.159,-934.992,0.253,48.52,-1635.497,0.640656,0,7.0738,83.68517599972645,-1391.4799999999998,1689.673240309228,48.52000000000021,249.67324030922805,-522.4689976879444,-158.84675969077216
6.9724,17.276,76.807,-978.394,-1.465,39.38,-1587.424,0.640656,0,7.0788,76.78024799997262,-1400.62,1688.1544175328095,39.38000000000011,248.15441753280948,-214.39099162913163,-151.22558246719063
6.9774,17.276,70.037,-1031.954,-0.884,30.23,-1557.123,0.640656,0,7.0838,70.01675600001055,-1409.7699999999998,1687.9643678395892,30.230000000000246,247.96436783958916,36.47045381637839,-142.2656321604111
6.9824,17.276,63.026,-1040.265,-0.303,22.5,-1415.343,-0.714393,1,7.0888,63.025935999999945,-1417.5,1689.0378566661386,22.5,249.03785666613862,292.3897418016042,-133.46214333386138
6.9874,-12.724,56.014,-1021.796,0.428,22.5,-1415.343,-0.714393,0,7.0938,56.015931999999,-1417.5,1691.3705474247483,22.5,251.37054742474834,537.7072188746273,-131.12945257525166
6.9924,-12.724,49.025,-1056.887,-1.225,14.77,-1344.405,-0.714393,0,7.0988,49.472296000459565,-1425.23,1694.7486729833038,14.769999999999982,254.74867298330378,725.134277626149,-120.0213270166962
6.9984,-12.724,49.025,-1056.887,-1.225,7.03,-1333.883,-0.714393,0,7.1048,48.019239998964984,-1432.97,1699.7427399175415,7.029999999999973,259.7427399175415,893.8580508902303,-107.28726008245849
7.0034,-12.724,33.31,-1094.748,-0.004,0.0,-1252.875,0.407271,1,7.1098,34.020807999628055,-1440.0,1704.8148752815791,0.0,264.81487528157913,1063.2277775583639,-95.18512471842087
7.0084,-36.724,26.057,-1068.892,0.585,353.32,-1181.216,0.407271,0,7.1148,26.071016000014446,-1446.68,1710.5113090315815,353.31999999999994,270.5113090315815,1160.9548845128495,-82.80869096841843
7.0134,-36.724,19.023,-1056.887,-0.477,345.59,-1234.714,0.407271,0,7.1198,19.021236000000922,-1454.4099999999999,1716.3671753919034,345.59000000000015,276.3671753919034,1168.8660725704076,-69.22282460809674
7.0184,-36.724,11.968,-1056.887,-0.071,337.85,-1262.918,0.407271,0,7.1248,11.979551372561001,-1462.15,1722.0425349917305,337.8499999999999,282.04253499173046,1114.3628315023882,-55.807465008269446
7.0235,-36.724,4.956,-1043.958,0.411,337.85,-1262.918,1.815018,1,7.1299,5.471588234914684,-1462.15,1727.4179919836122,337.8499999999999,287.4179919836122,1031.4616539807762,-50.43200801638773
7.0284,-54.724,4.956,-1043.958,0.411,329.77,-1260.375,1.815018,0,7.1348,4.522783999551298,-1470.2300000000002,1732.292030981329,329.76999999999975,292.29203098132894,978.2129010748316,-37.47796901867082
7.0334,-54.724,-1.813,-999.633,0.959,321.33,-1377.102,1.815018,0,7.1398,-1.7909080000116349,-1478.67,1736.8313693724497,321.3299999999999,296.83136937244967,864.2675450362713,-24.498630627550256
7.0384,-54.724,-8.319,-970.083,0.17,312.19,-1458.04,1.815018,0,7.1448,-8.701592000396907,-1487.81,1740.2401702847992,312.19000000000005,300.2401702847992,583.9545213578803,-11.949829715200849
7.0434,-54.724,-20.803,-905.441,0.776,302.34,-1545.831,0.88494,1,7.1498,-20.239948000297012,-1497.6599999999999,1741.7204673653823,302.34000000000015,301.7204673653823,172.91577106760667,-0.6195326346178263
7.0484,-66.724,-26.584,-845.417,1.025,292.5,-1595.392,0.88494,0,7.1548,-26.214015999615555,-1507.5,1741.4574650181603,292.5,301.4574650181603,-122.29810828236735,8.957465018160292
7.0534,-66.724,-26.584,-845.417,1.025,292.5,-1595.392,0.88494,0,7.1598,-27.466503999533735,-1507.5,1740.4348980437119,292.5,300.4348980437119,-245.45404150877852,7.934898043711883
7.0584,-66.724,-37.09,-754.919,0.668,282.3,-1631.063,0.88494,0,7.1648,-36.72852799962374,-1517.6999999999998,1738.485800802099,282.3000000000002,298.485800802099,-463.427932214276,16.18580080209881
7.063400000000001,-66.724,-41.948,-710.594,1.05,272.46,-1648.733,-0.660585,1,7.1698,-41.539928000216364,-1527.54,1735.381827865464,272.46000000000004,295.38182786546395,-663.8337174078408,22.92182786546391
7.0684000000000005,-72.724,-41.948,-710.594,1.05,262.27,-1677.238,-0.660585,0,7.1748,-42.488160000563965,-1537.73,1731.829909425267,262.27,291.82990942526703,-731.6766618744464,29.55990942526705
7.0734,-72.724,-50.388,-592.392,0.726,253.12,-1595.507,-0.660585,0,7.1798,-49.989168000211734,-1546.8799999999999,1727.8234533652626,253.12000000000012,287.8234533652626,-834.3164253565318,34.703453365262476
7.0784,-72.724,-54.08,-533.291,0.909,244.34,-1523.588,-0.660585,0,7.1848,-53.843711999752905,-1555.6599999999999,1723.3516678149786,244.34000000000015,283.35166781497855,-909.3661822174428,39.01166781497841
7.0834,-72.724,-54.08,-533.291,0.909,244.34,-1523.588,-1.244832,1,7.1898,-54.31232999987645,-1555.6599999999999,1718.8225143500024,244.34000000000015,278.8225143500024,-901.6567179919787,34.48251435000225
7.0894,-72.724,-57.399,-485.272,0.984,236.25,-1400.705,-1.244832,0,7.1958,-57.45100999997232,-1563.7499999999998,1713.503633990761,236.25000000000023,273.50363399076105,-879.0492000918075,37.25363399076082
7.0944,-72.724,-60.784,-412.32,1.025,228.52,-1365.841,-1.244832,0,7.2008,-60.862784000082655,-1571.48,1709.193255822567,228.51999999999998,269.1932558225669,-853.096854412253,40.673255822566944
7.0994,-72.724,-65.4,-296.889,0.76,221.13,-1322.572,-1.244832,0,7.2058,-65.01225600020683,-1578.8700000000001,1705.0773626716536,221.12999999999988,265.07736267165365,-809.1410571924697,43.947362671653764
7.1044,-72.724,-65.4,-296.889,0.76,214.45,-1214.231,-0.922805,1,7.2108,-65.6053760002158,-1585.55,1701.2082527199136,214.45000000000005,261.2082527199136,-758.0568998578599,46.75825271991357
7.1094,-66.724,-68.609,-201.773,0.643,208.12,-1137.207,-0.922805,0,7.2158,-68.42982800009572,-1591.8799999999999,1697.6144052054171,208.12000000000012,257.61440520541714,-700.8957794589784,49.494405205417024
7.1144,-66.724,-69.685,-140.826,1.291,202.15,-1065.508,-0.922805,0,7.2208,-69.61613599992754,-1597.8500000000001,1694.3249106048274,202.14999999999986,254.32491060482744,-640.7707179761419,52.17491060482757
7.1194,-66.724,-69.685,-140.826,1.291,202.15,-1065.508,-0.922805,0,7.2258,-69.72750399997726,-1597.8500000000001,1691.2749776526357,202.14999999999986,251.2749776526357,-597.7765893353649,49.124977652635835
7.1244000000000005,-66.724,-70.191,-41.093,1.167,196.88,-965.979,-0.451813,1,7.2308,-70.14735199995394,-1603.1200000000001,1688.4203746690878,196.87999999999988,248.42037466908778,-559.4383891406311,51.540374669087896
7.1294,-54.724,-70.015,35.553,0.419,192.3,-867.748,-0.451813,0,7.2358,-69.98551600001582,-1607.7,1685.7410945428355,192.29999999999995,245.74109454283553,-527.2563463883624,53.44109454283557
7.1344,-54.724,-69.488,109.429,1.2,187.73,-816.37,-0.451813,0,7.2408,-69.4612479999717,-1612.27,1683.1745752798179,187.73000000000002,243.17457527981787,-508.45674155567815,55.444575279817855
7.1394,-54.724,-68.543,161.142,0.785,183.87,-730.03,-0.451813,0,7.2458,-68.52082400001193,-1616.1299999999999,1680.6579693045496,183.87000000000012,240.65796930454962,-502.4517520100275,56.787969304549506
7.1444,-54.724,-67.334,188.845,0.702,180.35,-658.144,0.365702,1,7.2508,-67.32132799998658,-1619.65,1678.1286610224804,180.3499999999999,238.1286610224804,-508.42014417760817,57.77866102248049
7.1494,-36.724,-65.927,210.085,0.203,180.35,-658.144,0.365702,0,7.2558,-65.90121200001389,-1619.65,1675.5298749407655,180.3499999999999,235.52987494076547,-525.7585155108898,55.17987494076556
7.1544,-36.724,-64.213,299.659,1.798,176.84,-616.467,0.365702,0,7.2608,-64.17498399995968,-1623.16,1672.795780606959,176.83999999999992,232.79578060695894,-557.8704024991594,55.955780606959024
7.1594,-36.724,-61.905,360.607,0.951,174.02,-547.692,0.365702,0,7.2658,-62.09887199989544,-1625.98,1669.866655348502,174.01999999999998,229.86665534850204,-595.5306575737425,55.846655348502054
7.1644000000000005,-36.724,-61.905,360.607,0.951,171.56,-479.035,1.089202,1,7.2708,-61.55613599962879,-1628.44,1666.757245993627,171.55999999999995,226.75724599362707,-638.411843571674,55.19724599362712
7.1694,-12.724,-56.454,416.014,0.22,169.1,-444.099,1.089202,0,7.2758,-56.642327999898114,-1630.9,1663.2149841753778,169.0999999999999,223.21498417537782,-744.7874479507199,54.11498417537791
7.1744,-12.724,-53.245,524.057,2.163,166.64,-423.793,1.089202,0,7.2808,-53.450376000218874,-1633.36,1659.0372031470638,166.6400000000001,219.0372031470638,-869.0691024914757,52.39720314706369
7.180400000000001,-12.724,-53.245,524.057,2.163,165.23,-331.472,1.089202,0,7.2868,-52.69472548960869,-1634.77,1653.3357497596448,165.23000000000002,213.33574975964484,-1006.7872137830695,48.10574975964482
7.1855,-12.724,-44.475,636.718,0.519,165.23,-331.472,2.182024,1,7.2919,-45.11985294068675,-1634.77,1647.4715316128493,165.23000000000002,207.47153161284928,-1213.2376619791498,42.24153161284926
7.1904,17.276,-44.475,636.718,0.519,163.83,-275.295,2.182024,0,7.2968,-43.91374509743918,-1636.17,1640.8100358815223,163.82999999999993,200.81003588152225,-1423.7063883774729,36.980035881522326
7.1955,17.276,-35.53,739.22,2.221,162.07,-294.033,2.182024,0,7.3019,-36.18772058773502,-1637.93,1632.6888482843287,162.06999999999994,192.68884828432874,-1667.821081533708,30.618848284328806
7.2004,17.276,-35.53,739.22,2.221,160.66,-263.616,2.182024,0,7.3068,-34.823823999243885,-1639.34,1623.5830113931474,160.66000000000008,183.58301139314744,-1947.176235338273,22.923011393147362
7.2054,17.276,-24.496,862.039,0.56,159.96,-190.058,3.708358,1,7.3118,-25.422855999495404,-1640.0399999999997,1612.6010782453054,159.96000000000026,172.60107824530542,-2304.825283603755,12.641078245305152
7.2104,47.276,-24.496,862.039,0.56,158.55,-212.85,3.708358,0,7.3168,-23.797866665917994,-1641.45,1599.7736589148515,158.54999999999995,159.77365891485147,-2678.8696287668254,1.2236589148515122
7.2158,47.276,-12.715,935.915,1.914,156.8,-249.917,3.708358,0,7.3222,-12.851395651826945,-1643.2,1583.6184023514743,156.79999999999995,143.6184023514743,-3165.305518965915,-13.181597648525667
7.220400000000001,47.276,-6.165,998.71,0.959,156.8,-249.917,3.708358,0,7.3268,-6.184620173934057,-1643.2,1567.3501291945415,156.79999999999995,127.35012919454152,-3661.5911546475345,-29.44987080545843
7.2254000000000005,47.276,0.648,1029.183,0.203,156.09,-185.051,5.431217,1,7.3318,0.6499319999989432,-1643.9099999999999,1547.7993825026165,156.09000000000015,107.79938250261648,-3997.229610379939,-48.290617497383664
7.2304,77.276,7.484,1018.102,-0.336,154.34,-237.877,5.431217,0,7.3368,7.479499921563798,-1645.6599999999999,1527.2203746907376,154.34000000000015,87.22037469073757,-4147.560453376456,-67.11962530926257
7.2355,77.276,14.385,1055.963,1.266,152.23,-295.966,5.431217,0,7.3419,14.434410264067713,-1647.77,1506.2300515128297,152.23000000000002,66.23005151282973,-4078.1318541121937,-85.99994848717029
7.2404,77.276,21.661,1103.059,0.776,149.77,-352.059,5.431217,0,7.3468,21.651965986384855,-1650.2299999999998,1487.120344382734,149.7700000000002,47.12034438273395,-3806.6093229225608,-102.64965561726626
7.2455,77.276,29.09,1116.911,0.212,149.77,-352.059,7.258588,1,7.3519,28.543750000419372,-1650.2299999999998,1468.9887644387165,149.7700000000002,28.988764438716544,-3461.513753915237,-120.78123556128367
7.2504,107.276,29.09,1116.911,0.212,146.6,-418.426,7.258588,0,7.3568,30.022266667674064,-1653.3999999999999,1453.00016096214,146.60000000000014,13.000160962139944,-3158.2129776269676,-133.5998390378602
7.2555000000000005,107.276,43.948,1106.753,0.926,143.09,-530.181,7.258588,0,7.3619,43.43246428611154,-1656.91,1438.8741077550658,143.08999999999992,358.8741077550658,-2574.7980622880755,-144.21589224493414
7.2604,107.276,51.487,1139.074,0.627,138.52,-646.412,7.258588,0,7.3668,51.47055047617258,-1661.48,1428.4495000476645,138.51999999999998,348.4495000476645,-1957.158017985866,-150.07049995233547
7.2664,107.276,60.41,1137.227,-0.187,133.24,-762.389,7.834553,1,7.3728,60.40956266666621,-1666.7599999999998,1418.9036265458287,133.24000000000024,338.90362654582873,-1417.4025339362809,-154.3363734541715
7.2714,137.276,67.839,1094.748,-0.859,126.91,-896.359,7.834553,0,7.3778,67.21496400034395,-1673.09,1413.1073093581858,126.91000000000008,333.10730935818583,-1068.9768982274181,-153.80269064181425
7.2764,137.276,67.839,1094.748,-0.859,119.88,-1046.137,7.834553,0,7.3828,68.30600800050695,-1680.12,1408.542197820127,119.88000000000011,328.54219782012706,-848.7639420968753,-151.33780217987305
7.2814000000000005,137.276,75.136,1103.059,0.843,119.88,-1046.137,7.834553,0,7.3878,75.78036399964385,-1680.12,1405.2580822033894,119.88000000000011,325.25808220338945,-552.4967568700024,-154.62191779661066
7.2864,137.276,90.104,1118.758,-0.179,111.45,-1211.776,6.458637,1,7.3928,89.60665976416426,-1688.55,1403.9667346117094,111.45000000000005,323.9667346117094,-128.7560798783322,-147.48326538829065
7.2915,161.276,97.445,1090.131,-0.743,103.01,-1280.288,6.458637,0,7.3979,96.90522058865352,-1696.99,1404.6819924851982,103.00999999999999,324.6819924851982,237.18537037988204,-138.3280075148018
7.2964,161.276,97.445,1090.131,-0.743,93.52,-1489.444,6.458637,0,7.4028,97.90784800050483,-1706.48,1406.535029823991,93.51999999999998,326.53502982399095,434.85133764118075,-126.98497017600903
7.3014,161.276,104.677,1085.514,0.394,83.67,-1565.77,6.458637,0,7.4078,105.2787759996663,-1716.33,1409.6488501693025,83.67000000000007,329.6488501693025,727.8026964927026,-114.0211498306976
7.3064,161.276,119.073,1067.968,-0.361,74.18,-1570.482,3.522077,1,7.4128,118.58472266613323,-1725.8200000000002,1414.9021627164427,74.17999999999984,334.9021627164427,1198.3146935368245,-99.27783728355712
7.3115000000000006,179.276,125.975,1012.561,-0.976,74.18,-1570.482,3.522077,0,7.4179,125.97375000000112,-1725.8200000000002,1422.7705211102245,74.17999999999984,342.77052111022454,1682.7994968634098,-91.4094788897753
7.3164,179.276,132.59,979.317,-0.253,64.69,-1554.484,3.522077,0,7.4228,132.1579999995273,-1735.3100000000002,1430.8052319532612,64.68999999999983,350.8052319532612,1412.6967845701345,-73.8847680467386
7.321400000000001,179.276,132.59,979.317,-0.253,55.55,-1567.805,3.522077,0,7.4278,133.6515919994086,-1744.4500000000003,1437.2093639723605,55.54999999999973,357.2093639723605,1376.6901345183567,-58.34063602763922
7.3264000000000005,179.276,145.228,914.676,-0.793,47.11,-1482.791,-0.304822,1,7.4328,144.78327780343355,-1752.89,1445.670482189152,47.1099999999999,5.670482189151926,1850.4635138138465,-41.439517810847974
7.3315,191.276,151.031,842.647,-1.241,38.67,-1446.421,-0.304822,0,7.4379,151.0248445378199,-1761.33,1457.1508354691784,38.67000000000007,17.150835469178446,2403.428669012067,-21.519164530821627
7.3364,191.276,156.526,794.627,-0.693,31.29,-1330.776,-0.304822,0,7.4428,156.49347885710716,-1768.71,1470.1957025975828,31.289999999999964,30.195702597582795,2765.300381143894,-1.094297402417169
7.3414,191.276,161.625,750.302,-0.577,31.29,-1330.776,-0.304822,0,7.4478,161.6065200000103,-1768.71,1485.1202237220527,31.289999999999964,45.12022372205274,3069.540943166823,13.830223722052779
7.3464,191.276,166.504,695.818,-1.059,23.91,-1267.35,-3.722116,1,7.4528,166.45351449174768,-1776.09,1501.2510270131258,23.910000000000082,61.25102701312585,3284.3954567583196,37.34102701312577
7.3525,197.276,171.494,618.249,-1.0,17.23,-1171.887,-3.722116,0,7.4589,171.477337704905,-1782.77,1521.8217977621985,17.230000000000018,81.82179776219846,3398.1417018230304,64.59179776219844
7.3575,197.276,175.362,559.148,-0.519,11.25,-1121.442,-3.722116,0,7.4639,175.33897500001805,-1788.75,1538.774130193158,11.25,98.77413019315804,3377.65567330158,87.52413019315804
7.3625,197.276,178.923,520.363,-0.66,5.27,-1060.006,-3.722116,0,7.4689,178.901511734677,-1794.7299999999998,1555.3279848672269,5.270000000000209,115.32798486722686,3275.3310206318206,110.05798486722665
7.3674,197.276,182.132,461.263,-0.726,0.0,-971.142,-4.216881,1,7.4738,181.85694285729727,-1800.0,1570.911116735491,0.0,130.91111673549108,3142.7060301999945,130.91111673549108
7.3724,197.276,182.132,461.263,-0.726,355.08,-900.096,-4.216881,0,7.4788,182.46712156899795,-1804.9199999999998,1586.1912296133548,355.08000000000015,146.19122961335484,3013.411743708664,151.11122961335468
7.3775,197.276,187.473,352.296,-0.818,355.08,-900.096,-4.216881,0,7.4839,187.0802794120742,-1804.9199999999998,1600.925710805683,355.08000000000015,160.9257108056829,2833.7389135609515,165.84571080568276
7.3824000000000005,197.276,187.473,352.296,-0.818,350.16,-841.962,-4.216881,0,7.4888,187.7219600002761,-1809.84,1614.2364445164408,350.1600000000001,174.23644451644077,2670.3363265419116,-175.9235554835593
7.3874,197.276,191.363,242.405,-0.552,345.94,-782.76,-1.633891,1,7.4938,191.15573411776393,-1814.0600000000002,1627.074921400595,345.9399999999998,187.07492140059503,2521.5674204112042,-158.8650785994048
7.3925,191.276,192.814,199.927,-0.66,342.07,-713.053,-1.633891,0,7.4989,192.78973382351026,-1817.9299999999998,1639.4168525329076,342.07000000000016,199.41685253290757,2383.7810009330497,-142.6531474670926
7.3975,191.276,193.913,139.902,-1.274,338.55,-647.366,-1.633891,0,7.5039,193.8734000000313,-1821.4499999999998,1651.113600888895,338.5500000000002,211.113600888895,2324.9370659580304,-127.43639911110517
7.4025,191.276,194.484,53.098,-0.992,335.39,-588.865,-1.633891,0,7.5089,194.44117499996617,-1824.61,1662.6575550139416,335.3900000000001,222.65755501394165,2305.633931543845,-112.73244498605845
7.4075,191.276,194.484,53.098,-0.992,335.39,-588.865,0.540475,1,7.5139,194.47245000000913,-1824.61,1674.2242629917048,335.3900000000001,234.2242629917048,2319.1652023829674,-101.16573700829531
7.4125000000000005,179.276,194.33,-42.94,-0.27,333.28,-454.714,0.540475,0,7.5189,194.30202499997785,-1826.72,1685.9276195309735,333.28,245.92761953097352,2351.059135792061,-87.35238046902646
7.4175,179.276,193.803,-109.429,-1.308,331.17,-422.887,0.540475,0,7.5239,193.84252499996862,-1828.8300000000002,1697.8137557495936,331.16999999999985,257.8137557495936,2388.2010753171025,-73.35624425040623
7.4224000000000006,179.276,193.803,-109.429,-1.308,329.77,-328.13,0.540475,0,7.5288,193.6650862743557,-1830.2300000000002,1709.6373560033867,329.76999999999975,269.6373560033867,2423.538322366487,-60.13264399661307
7.4275,179.276,191.605,-194.386,-0.453,328.71,-252.097,2.890893,1,7.5339,191.66274264701292,-1831.2900000000002,1722.0985469307934,328.7099999999998,282.0985469307934,2449.4993183258084,-46.61145306920639
7.4325,161.276,190.22,-210.085,-0.394,328.01,-183.143,2.890893,0,7.5389,190.193959745742,-1831.99,1734.3484167654037,328.01,294.3484167654037,2447.886091513226,-33.661583234596264
7.438400000000001,161.276,188.176,-317.205,-1.416,327.66,-121.242,2.890893,0,7.5448,188.28686101707336,-1832.34,1748.720538468273,327.6600000000001,308.72053846827293,2430.193635365015,-18.939461531727147
7.4434000000000005,161.276,188.176,-317.205,-1.416,327.66,-121.242,2.890893,0,7.5498,187.97843200011255,-1832.34,1760.8093680354452,327.6600000000001,320.80936803544523,2409.6905317542323,-6.85063196455485
7.4484,161.276,185.824,-369.841,-1.125,327.66,-60.621,4.556587,1,7.5548,185.63664564684854,-1832.34,1772.5640933182779,327.6600000000001,332.56409331827786,2309.756003974664,4.9040933182777735
7.4535,137.276,180.439,-415.09,-0.195,328.36,25.121,4.556587,0,7.5599,180.599230882225,-1831.6399999999999,1783.4962374378451,328.3600000000001,343.49623743784514,2064.951677717688,15.136237437845011
7.4585,137.276,177.296,-519.44,-2.022,329.06,76.363,4.556587,0,7.5649,177.2449249999592,-1830.9399999999998,1792.9011608103556,329.0600000000002,352.9011608103556,1805.208345349455,23.841160810355404
7.4635,137.276,173.472,-591.469,-1.167,330.47,155.71,4.556587,0,7.5699,173.44257551022764,-1829.53,1801.0777124898352,330.47,1.0777124898352213,1559.7095662036122,30.607712489835194
7.4684,137.276,169.34,-633.947,-0.652,332.23,223.654,5.558125,1,7.5748,169.34506058423943,-1827.7700000000002,1807.81805685972,332.2299999999998,7.818056859719945,1296.484053748343,35.588056859720155
7.4735000000000005,111.163,165.12,-633.947,-0.062,332.23,223.654,5.558125,0,7.5799,165.0857441176745,-1827.7700000000002,1813.436783504921,332.2299999999998,13.436783504921095,1017.0915811528329,41.206783504921304
7.4785,111.163,160.526,-728.139,-1.947,334.34,283.737,5.558125,0,7.5849,160.47526938771443,-1825.66,1817.5344865413294,334.3399999999999,17.534486541329443,732.8288345143562,43.194486541329525
7.4834000000000005,111.163,155.361,-800.168,-1.05,336.09,291.993,5.558125,0,7.5898,155.34952628572086,-1823.9100000000003,1820.1006208752997,336.0899999999997,20.100620875299683,435.1067881420903,44.01062087529999
7.4884,111.163,149.954,-814.943,-0.419,338.55,351.551,5.165139,1,7.5948,149.9580244705928,-1821.4499999999998,1821.187934057422,338.5500000000002,21.1879340574219,122.35611067118714,42.63793405742172
7.4935,91.049,144.503,-813.096,0.237,341.02,381.087,5.165139,0,7.5999,144.47990576232354,-1818.98,1820.6714757497007,341.02,20.671475749700676,-198.57054794311574,39.651475749700694
7.4984,91.049,138.964,-841.723,-1.042,343.48,394.494,5.165139,0,7.6048,138.96306394557712,-1816.52,1818.6111949993976,343.48,18.61119499939764,-515.935566351188,35.13119499939762
7.5035,91.049,133.184,-870.35,-0.461,343.48,394.494,5.165139,0,7.6099,133.16882500001225,-1816.52,1814.756293756192,343.48,14.756293756192008,-861.267353649867,31.27629375619199
7.5085,91.049,127.315,-868.503,0.154,346.29,424.412,4.026153,1,7.6149,127.32002500000414,-1813.7099999999998,1809.2114754218712,346.2900000000002,9.211475421871228,-1216.8166489446985,22.921475421871037
7.5135000000000005,76.936,121.513,-838.029,0.685,348.4,380.824,4.026153,0,7.6199,121.53107499998534,-1811.6000000000001,1801.837431621133,348.39999999999986,1.8374316211329642,-1586.0485141095662,13.4374316211331
7.5185,76.936,115.952,-817.714,-0.162,350.51,380.201,4.026153,0,7.6249,116.36907500033719,-1809.49,1794.197285838355,350.51,354.1972858383549,-1303.8970223861456,3.68728583835491
7.5244,76.936,115.952,-817.714,-0.162,352.27,336.949,4.026153,0,7.6308,115.23488627369431,-1807.73,1789.2606026770225,352.27,349.26060267702246,-660.4471171539087,-3.00939732297752
7.5295000000000005,76.936,104.523,-759.536,0.843,354.38,339.902,2.64713,1,7.6359,105.36336764637767,-1805.62,1786.990767771022,354.3800000000001,346.9907677710221,-367.25276380929523,-7.389232228978017
7.5344,56.822,104.523,-759.536,0.843,355.43,259.849,2.64713,0,7.6408,103.93275686207288,-1804.57,1785.7809973119606,355.43000000000006,345.7809973119606,-204.64133377844414,-9.649002688039445
7.5395,56.822,95.116,-691.201,-0.286,355.43,259.849,2.64713,0,7.6459,95.80769117590913,-1804.57,1784.8552277170286,355.43000000000006,344.8552277170286,-225.85520246557303,-10.57477228297148
7.5444,56.822,95.116,-691.201,-0.286,356.13,186.672,2.64713,0,7.6508,94.82057599966252,-1803.87,1782.8783729150298,356.1300000000001,342.8783729150298,-466.03353068565286,-13.251627084970323
7.5494,56.822,90.5,-695.818,-0.286,357.19,184.197,1.101792,1,7.6558,90.5,-1802.81,1779.907213352033,357.19000000000005,339.90721335203307,-660.7982273994982,-17.282786647966986
7.5544,30.709,85.884,-686.584,-0.012,358.24,179.668,1.101792,0,7.6608,85.61402792125975,-1801.7599999999998,1775.4703158452944,358.24000000000024,335.4703158452944,-1000.8936979944712,-22.76968415470583
7.5595,30.709,76.873,-705.976,-1.524,358.95,148.414,1.101792,0,7.6659,77.15536944754932,-1801.0500000000002,1768.7701629909157,358.9499999999998,328.77016299091565,-1450.623684781759,-30.179837009084167
7.5644,30.709,71.905,-764.154,-0.735,0.0,162.866,1.101792,0,7.6708,71.90674277711287,-1800.0,1760.3092904830821,0.0,320.3092904830821,-1830.3258462984709,-39.69070951691788
7.569500000000001,30.709,66.762,-772.465,-0.394,0.0,162.866,-0.3334,1,7.6759,67.14016176439713,-1800.0,1750.1274199155682,0.0,310.1274199155682,-2047.7608748833256,-49.872580084431775
7.5744,0.709,66.762,-772.465,-0.394,1.41,189.407,-0.3334,0,7.6808,66.10141960708532,-1798.5900000000001,1739.6987009850877,1.4099999999998545,299.6987009850877,-2167.713863106816,-61.71129901491213
7.5795,0.709,56.234,-841.723,-1.972,2.81,222.265,-0.3334,0,7.6859,56.55398499373594,-1797.19,1727.988432967265,2.8099999999999454,287.988432967265,-2356.4184009899814,-74.82156703273495
7.5844000000000005,0.709,50.3,-914.676,-1.2,4.57,258.768,-0.3334,0,7.6908,50.29449123648823,-1795.43,1715.9437455891584,4.569999999999936,275.9437455891584,-2485.7423534174195,-88.62625441084151
7.5895,0.709,44.036,-936.838,-0.361,6.68,305.107,-1.315325,1,7.6959,44.496588234917056,-1793.32,1703.2826581503182,6.680000000000064,263.2826581503182,-2470.069262702767,-103.39734184968188
7.5944,-26.307,44.036,-936.838,-0.361,9.49,381.073,-1.315325,0,7.7008,43.63744313679562,-1790.51,1691.4255159687768,9.490000000000009,251.42551596877684,-2394.3332793261457,-118.06448403122317
7.5995,-26.307,37.684,-930.374,0.295,9.49,381.073,-1.315325,0,7.7059,37.74872831500182,-1790.51,1679.7260955325348,9.490000000000009,239.72609553253483,-2235.68805215662,-129.76390446746518
7.6054,-26.307,31.354,-972.853,-1.183,11.95,392.773,-1.315325,0,7.7118,31.147310169612748,-1788.05,1667.932196782226,11.950000000000045,227.9321967822259,-1865.3736193078453,-144.01780321777414
7.6104,-26.307,23.529,-1023.643,-0.71,15.12,460.013,-1.408892,1,7.7168,23.181674509402495,-1784.8799999999999,1660.2459716686774,15.120000000000118,220.24597166867738,-1365.1195566518732,-154.87402833132273
7.6155,-47.322,10.012,-994.092,0.486,18.98,544.917,-1.408892,0,7.7219,11.005897058006347,-1781.02,1655.6450066889495,18.980000000000018,215.64500668894948,-726.0543767731812,-163.33499331105054
7.6205,-47.322,10.012,-994.092,0.486,22.5,584.162,-1.408892,0,7.7269,9.50904081591279,-1777.5000000000002,1653.4084670962377,22.499999999999773,213.4084670962377,-349.9553653733033,-169.09153290376207
7.6254,-47.322,3.44,-987.628,-0.486,26.37,613.9,-1.408892,0,7.7318,2.9299260507204083,-1773.6299999999999,1652.8463613401132,26.37000000000012,212.84636134011316,20.14396333114354,-173.52363865988696
7.6305000000000005,-47.322,-9.594,-961.772,0.32,30.23,626.971,-1.11554,1,7.7369,-9.100467646651769,-1769.7699999999998,1655.3549602121143,30.230000000000246,215.3549602121143,704.9607930163634,-174.87503978788595
7.6355,-62.337,-15.792,-910.058,0.976,30.23,626.971,-1.11554,0,7.7419,-15.32715000038387,-1769.7699999999998,1660.7905492090645,30.230000000000246,220.79054920906447,1205.2932824703823,-169.43945079093578
7.6404000000000005,-62.337,-15.792,-910.058,0.976,34.45,663.209,-1.11554,0,7.7468,-16.537536000866545,-1765.5500000000002,1667.5220598216972,34.44999999999982,227.5220598216972,1451.957011949089,-166.9279401783026
7.6454,-62.337,-27.441,-847.264,0.444,39.02,718.032,-1.11554,0,7.7518,-26.462484000578243,-1760.98,1675.916038876226,39.01999999999998,235.9160388762259,1772.1521614701576,-163.10396112377407
7.6504,-62.337,-27.441,-847.264,0.444,43.24,709.951,-1.02563,1,7.7568,-28.102960785084264,-1756.76,1685.7293295460356,43.24000000000001,245.72932954603561,2037.3377682447324,-157.5106704539644
7.6555,-71.352,-37.991,-739.22,1.266,47.81,735.966,-1.02563,0,7.7619,-37.56806470623258,-1752.19,1696.8680591093184,47.809999999999945,256.86805910931844,2246.391431829344,-150.9419408906815
7.6605,-71.352,-42.695,-694.895,0.378,51.68,688.459,-1.02563,0,7.7669,-42.67354999998223,-1748.32,1708.6047173318175,51.680000000000064,268.6047173318175,2376.4866075545133,-143.07528266818258
7.6655,-71.352,-47.113,-638.565,0.685,51.68,688.459,-1.02563,0,7.7719,-47.086600000021846,-1748.32,1720.5814831583432,51.680000000000064,280.5814831583432,2395.654520737422,-131.09851684165687
7.6705000000000005,-71.352,-51.179,-586.851,1.0,55.9,693.922,-0.734619,1,7.7769,-50.87404999974667,-1744.1,1732.4511326554766,55.90000000000009,292.4511326554766,2363.365027955667,-123.44886734452348
7.6755,-74.368,-51.179,-586.851,1.0,59.77,641.638,-0.734619,0,7.7819,-51.70482499956267,-1740.23,1744.0981404502736,59.76999999999998,304.0981404502736,2307.198772548836,-115.67185954972638
7.6805,-74.368,-58.19,-466.803,0.801,63.28,647.425,-0.734619,0,7.7869,-57.88963418342351,-1736.72,1755.1160489631816,63.27999999999997,315.1160489631816,2147.0605515516518,-108.16395103681839
7.6854000000000005,-74.368,-61.136,-417.86,0.917,66.45,588.769,-0.734619,0,7.7918,-61.08625620611861,-1733.55,1764.8865577163813,66.45000000000005,324.8865577163813,1937.7052225044883,-101.56344228361877
7.6915000000000004,-74.368,-64.081,-356.913,0.868,69.61,557.976,0.327452,1,7.7979,-64.0648049180463,-1730.39,1775.9878424851174,69.6099999999999,335.9878424851174,1762.9454442456454,-93.62215751488247
7.6965,-71.383,-66.279,-306.123,0.585,72.07,483.779,0.327452,0,7.8029,-66.24251538458496,-1727.9299999999998,1784.3444021136024,72.07000000000016,344.3444021136024,1633.1706249154913,-87.72559788639774
7.7017,-71.383,-68.059,-248.869,1.067,74.53,448.434,0.327452,0,7.8081,-68.04685515550366,-1725.4699999999998,1790.93700378726,74.5300000000002,350.93700378726,1028.7611117049603,-83.59299621274022
7.7064,-71.383,-69.444,-190.692,0.668,74.53,448.434,0.327452,0,7.8128,-69.41451781389945,-1725.4699999999998,1794.1568292886507,74.5300000000002,354.15682928865067,570.78389139939,-80.37317071134953
7.7115,-71.383,-70.477,-139.902,0.76,76.29,369.496,1.969274,1,7.8179,-70.4554191176651,-1723.71,1796.0003935725729,76.28999999999996,356.0003935725729,288.14418792111593,-80.28960642742709
7.7165,-62.398,-71.202,-96.5,0.834,78.05,331.242,1.969274,0,7.8229,-71.15917499996416,-1721.9499999999998,1796.8860835661922,78.05000000000018,356.88608356619216,138.3475643427726,-81.16391643380803
7.7215,-62.398,-71.356,21.701,1.515,79.45,282.355,1.969274,0,7.8279,-71.31475000003456,-1720.55,1797.273683017558,79.45000000000005,357.2736830175579,56.929000797109055,-82.17631698244213
7.726500000000001,-62.398,-70.96,73.414,0.959,80.16,200.616,1.969274,0,7.8329,-70.94522499998759,-1719.84,1797.4516137649127,80.16000000000008,357.45161376491274,29.83565483608201,-82.70838623508735
7.7315000000000005,-62.398,-70.367,95.577,0.652,80.16,200.616,2.663599,1,7.8379,-70.41147499996265,-1719.84,1797.613163552092,80.16000000000008,357.6131635520919,33.074204918020484,-82.54683644790816
7.7365,-47.413,-70.367,95.577,0.652,80.86,156.588,2.663599,0,7.8429,-70.30814795913422,-1719.14,1797.7835178292237,80.8599999999999,357.7835178292237,34.385694151097255,-83.07648217077622
7.7414000000000005,-47.413,-69.598,114.969,0.286,81.21,108.468,2.663599,0,7.8478,-69.44485546227692,-1718.79,1797.9650970076973,81.21000000000004,357.9650970076973,39.751311686962396,-83.24490299230274
7.7465,-47.413,-66.938,252.563,1.183,81.21,54.234,2.663599,0,7.8529,-66.99348823534082,-1718.79,1798.2141904210644,81.21000000000004,358.21419042106436,54.49689676721437,-82.99580957893568
7.7515,-47.413,-65.07,293.195,0.619,81.21,27.117,3.018072,1,7.8579,-65.05680000001112,-1718.79,1798.5501760066134,81.21000000000004,358.55017600661336,76.03981317336353,-82.65982399338668
7.7565,-26.429,-63.026,307.047,0.253,80.51,-44.752,3.018072,0,7.8629,-63.00016538459363,-1719.49,1798.923808100143,80.50999999999999,358.9238081001431,70.8923652998968,-81.58619189985689
7.7617,-26.429,-60.542,413.243,2.063,79.8,-81.981,3.018072,0,7.8681,-60.49917716353594,-1720.2,1799.2144048805294,79.79999999999995,359.2144048805294,48.072306010726436,-80.58559511947055
7.7665,-26.429,-57.443,481.578,1.258,79.8,-81.981,3.018072,0,7.8729,-57.427934374987345,-1720.2,1799.725393645977,79.79999999999995,359.72539364597696,158.6452949633574,-80.07460635402299
7.7715000000000005,-26.429,-54.014,528.674,0.668,78.4,-157.045,3.334637,1,7.8779,-54.2711749997824,-1721.6,1801.2037827304346,78.40000000000009,1.2037827304345683,346.1341623542978,-77.19621726956552
7.7775,0.556,-54.014,528.674,0.668,76.99,-195.517,3.334637,0,7.8839,-53.41070000051035,-1723.0099999999998,1804.0935185781505,76.99000000000024,4.0935185781504515,568.1308733312562,-72.89648142184978
7.7825,0.556,-45.97,633.024,2.08,75.23,-244.42,3.334637,0,7.8889,-46.22875000021905,-1724.77,1808.0479106782984,75.23000000000002,8.047910678298422,899.4764633225335,-67.1820893217016
7.7875000000000005,0.556,-41.376,709.67,1.316,73.12,-293.336,3.334637,0,7.8939,-41.35297500001947,-1726.88,1813.9247291152144,73.11999999999989,13.924729115214404,1285.2652659332289,-59.19527088478549
7.7925,0.556,-36.475,750.302,0.511,70.66,-359.967,3.626922,1,7.8989,-36.84257500031197,-1729.3400000000001,1821.3167580475322,70.65999999999985,21.316758047532176,1545.2216857510318,-49.34324195246768
7.7974000000000006,30.556,-36.475,750.302,0.511,70.66,-359.967,3.626922,0,7.9038,-35.62421176522228,-1729.3400000000001,1829.5262933182257,70.65999999999985,29.526293318225726,1741.380005400842,-41.13370668177413
7.8025,30.556,-26.144,838.953,2.072,68.2,-376.329,3.626922,0,7.9089,-26.455282353205764,-1731.8,1839.6443951328106,68.20000000000005,39.64439513281059,2109.6215751359696,-28.55560486718946
7.8075,30.556,-20.166,919.293,1.291,65.74,-405.351,3.626922,0,7.9139,-20.144550000018246,-1734.26,1851.7033513267058,65.74000000000001,51.70335132670584,2524.562665783676,-14.036648673294167
7.8125,30.556,-13.902,952.537,0.56,62.93,-433.034,4.278439,1,7.9189,-13.898699999997191,-1737.07,1865.2700592561966,62.930000000000064,65.27005925619665,2784.2731501899857,2.3400592561965823
7.8175,60.556,-7.594,948.843,-0.046,60.12,-449.289,4.278439,0,7.9239,-7.579150000012651,-1739.88,1879.7686252843469,60.11999999999989,79.76862528434685,2936.692177446489,19.648625284346963
7.8225,60.556,-1.088,1000.556,1.656,57.66,-429.075,4.278439,0,7.9289,-1.0550749999720317,-1742.3400000000001,1894.5675435844187,57.659999999999854,94.56754358441867,2955.7678133155378,36.90754358441882
7.827500000000001,60.556,5.857,1064.274,1.05,57.66,-429.075,4.278439,0,7.9339,5.873574999985935,-1742.3400000000001,1908.9445728770263,57.659999999999854,108.9445728770263,2825.171209262991,51.28457287702645
7.8325000000000005,60.556,13.023,1075.356,0.311,55.2,-419.157,4.900469,1,7.9389,12.485549999540677,-1744.8,1922.287243337652,55.200000000000045,122.28724333765194,2603.214860240443,67.0872433376519
7.8375,90.556,13.023,1075.356,0.311,53.09,-377.377,4.900469,0,7.9439,14.097749999080653,-1746.9099999999999,1934.4656231655215,53.090000000000146,134.4656231655215,2342.7278548109202,81.37562316552135
7.8425,90.556,27.353,1086.437,1.084,50.98,-374.011,4.900469,0,7.9489,26.838724999559872,-1749.02,1944.382802339059,50.98000000000002,144.38280233905903,1796.4952333756053,93.40280233905901
7.8475,90.556,34.826,1130.763,0.627,49.57,-304.809,4.900469,0,7.9539,34.84249999998587,-1750.43,1950.8608270676723,49.569999999999936,150.8608270676723,1099.371744648425,101.29082706767235
7.8525,90.556,42.519,1130.763,0.046,48.16,-267.425,5.106077,1,7.9589,42.48739999997289,-1751.84,1954.4411795471071,48.16000000000008,154.44117954710714,555.0992492625895,106.28117954710706
7.8585,114.556,51.245,1089.207,-0.776,47.81,-164.166,5.106077,0,7.9649,51.23534999999175,-1752.19,1955.228645627314,47.809999999999945,155.2286456273141,-77.87353206473186,107.41864562731416
7.8635,114.556,58.388,1083.667,0.394,47.81,-164.166,5.106077,0,7.9699,58.39294999999575,-1752.19,1953.047368031847,47.809999999999945,153.0473680318471,-589.1731574684577,105.23736803184715
7.8685,114.556,65.597,1075.356,0.095,47.46,-109.697,5.106077,0,7.9749,65.5904749999944,-1752.5400000000002,1948.3335466366764,47.45999999999981,148.33354663667637,-1093.4276344619773,100.87354663667656
7.8735,114.556,72.719,1057.81,-0.32,47.46,-54.848,4.803747,1,7.9799,72.69912500001709,-1752.5400000000002,1941.1551537779662,47.45999999999981,141.15515377796623,-1579.046170307147,93.69515377796642
7.8785,132.556,79.576,1011.638,-0.868,48.52,60.686,4.803747,0,7.9849,79.55132499997876,-1751.4799999999998,1931.7003329620952,48.52000000000021,131.70033296209522,-2018.6682488137012,83.18033296209501
7.8835,132.556,86.104,973.776,-0.112,49.92,149.199,4.803747,0,7.9899,86.0974000000056,-1750.08,1920.292915554628,49.92000000000007,120.29291555462805,-2385.602848991966,70.37291555462798
7.8885000000000005,132.556,92.544,945.149,-0.311,52.38,276.659,4.803747,0,7.9949,92.50864705879313,-1747.62,1907.3815293670912,52.38000000000011,107.38152936709116,-2655.8175888204414,55.00152936709105
7.8936,132.556,98.632,900.824,-0.685,52.38,276.659,4.237136,1,8.0,98.62466906763599,-1747.62,1893.24671054402,52.38000000000011,93.24671054402006,-2808.9225594018794,40.86671054401995
7.898499999999999,144.556,104.369,838.029,-1.175,54.49,306.788,4.237136,0,8.0049,103.9299438771721,-1745.5100000000002,1879.347167471759,54.48999999999978,79.3471674717589,-2839.5454569387457,24.857167471759112
7.9035,144.556,104.369,838.029,-1.175,57.66,429.008,4.237136,0,8.0099,105.15529999931981,-1742.3400000000001,1865.2808423466768,57.659999999999854,65.28084234667676,-2790.4765359897474,7.620842346676909
7.908500000000001,144.556,114.853,746.608,-0.552,60.47,448.126,4.237136,0,8.0149,114.42279999962743,-1739.53,1852.009804568165,60.47000000000003,52.00980456816501,-2575.1194041643876,-8.460195431835018
7.9135,144.556,119.601,692.125,-0.967,64.34,546.172,3.424464,1,8.0199,119.57617500002138,-1735.66,1840.319548465071,64.33999999999992,40.319548465070966,-2244.362672029345,-24.020451534928952
7.918500000000001,150.556,124.018,629.33,-1.15,67.5,542.111,3.424464,0,8.0249,123.97929852937831,-1732.5,1829.9847205050105,67.5,29.9847205050105,-1992.451067644633,-37.5152794949895
7.9235999999999995,150.556,127.997,578.54,-0.602,67.5,542.111,3.424464,0,8.03,127.98557398960965,-1732.5,1820.7159835265513,67.5,20.715983526551327,-1740.7254845578946,-46.78401647344867
7.9285000000000005,150.556,131.645,531.445,-0.71,71.37,577.52,3.424464,0,8.0349,131.6180413265073,-1728.6299999999999,1812.9997950078982,71.37000000000012,12.999795007898229,-1506.5723118027724,-58.37020499210189
7.9334999999999996,150.556,135.008,475.114,-0.751,75.23,622.512,2.509322,1,8.0399,134.9783000000257,-1724.77,1806.261912048068,75.23000000000002,6.261912048068098,-1281.5363608509606,-68.96808795193192
7.9385,150.556,137.975,420.631,-0.868,78.75,603.275,2.509322,0,8.0449,137.75247499980642,-1721.25,1800.5032969083468,78.75,0.5032969083467833,-1105.0161123641449,-78.24670309165322
7.944400000000001,150.556,137.975,420.631,-0.868,81.91,569.257,2.509322,0,8.0508,138.2936196082337,-1718.09,1794.5862320279055,81.91000000000008,354.58623202790545,-945.2030857875823,-87.32376797209463
7.9495,150.556,143.053,296.889,-0.959,85.08,541.341,2.509322,0,8.0559,142.81146764726907,-1714.9199999999998,1790.4424969091442,85.08000000000015,350.4424969091442,-750.5250156519763,-94.63750309085594
7.9545,150.556,144.811,253.487,-0.552,88.24,535.431,1.820074,1,8.0609,144.679149999885,-1711.76,1787.3197270738988,88.24000000000001,347.3197270738988,-583.0935841636104,-100.92027292610123
7.959499999999999,144.556,144.811,253.487,-0.552,88.24,535.431,1.820074,0,8.0659,145.00052499983474,-1711.76,1784.675443978985,88.24000000000001,344.67544397898496,-505.38577138401115,-103.56455602101505
7.9645,144.556,147.338,131.591,-1.391,91.05,497.085,1.820074,0,8.0709,147.1897249998705,-1708.9499999999998,1782.4723333583372,91.05000000000018,342.4723333583372,-411.13895687385485,-108.57766664166297
7.969500000000001,144.556,147.888,49.404,-1.05,93.87,491.45,1.820074,0,8.0759,147.85170000003183,-1706.13,1780.72296140937,93.86999999999989,340.7229614093701,-330.121510990908,-113.14703859062979
7.9745,144.556,147.954,-11.543,-0.577,95.98,421.15,1.288626,1,8.0809,147.93254999998123,-1704.02,1779.172968080731,95.98000000000002,339.1729680807309,-304.3402869275634,-116.8070319192691
7.979500000000001,132.556,147.734,-39.247,-0.336,97.73,359.108,1.288626,0,8.0859,147.75049999998555,-1702.27,1777.680630480364,97.73000000000002,337.680630480364,-296.35711697015876,-120.049369519636
7.9844,132.556,147.734,-39.247,-0.336,99.49,322.479,1.288626,0,8.0908,147.69745599995497,-1700.51,1776.2423810084172,99.49000000000001,336.24238100841717,-293.1430839388991,-123.24761899158284
7.989400000000001,132.556,147.163,-114.969,-1.358,99.49,322.479,1.288626,0,8.0958,147.13343200001853,-1700.51,1774.7426300433308,99.49000000000001,334.7426300433308,-305.4244609760099,-124.74736995666922
7.9944,132.556,146.24,-164.836,-1.067,100.55,248.028,0.967968,1,8.1008,146.13769160771696,-1699.45,1773.0625520758233,100.54999999999995,333.0625520758233,-354.6469261225646,-127.48744792417665
7.9995,114.556,143.668,-209.161,-0.436,101.6,208.642,0.967968,0,8.1059,143.668,-1698.3999999999999,1770.6580738261187,101.60000000000014,330.65807382611865,-473.14905089840204,-130.94192617388148
