time_s,target_angle_deg,motor_angle_deg,motor_vel_deg_s,motor_torque_nm,pole_angle_deg,pole_vel_deg_s,policy_action,policy_updated,source_time_s,replay_motor_angle_deg,real_pole_angle_unwrapped_deg,sim_pole_angle_unwrapped_deg,real_pole_angle_wrapped_deg,sim_pole_angle_wrapped_deg,sim_pole_vel_deg_s,pole_angle_error_deg
0.0,0.0,-57.201,-2.309,-0.004,0.0,0.0,3.174034,1,0.1065,-57.201,0.0,0.0,0.0,0.0,0.0,0.0
0.0050000000000000044,-51.201,-57.289,-4.156,-0.029,0.0,0.0,3.174034,0,0.1115,-57.0077,0.0,0.05400114421348124,0.0,0.05400114421348124,24.204435498076414,0.054001144213486896
0.010000000000000009,-51.201,-54.564,246.099,-0.818,358.95,-87.077,3.174034,0,0.1165,-54.56400000000001,-1.0499999999999856,0.49463493850781837,358.95,0.49463493850781837,124.18774262965988,1.5446349385078406
0.015,-51.201,-53.135,198.08,-1.042,358.95,-87.077,3.174034,0,0.1215,-53.1702,-1.0499999999999856,1.5669132023391454,358.95,1.5669132023391454,244.16147601920972,2.6169132023391626
0.020000000000000004,-51.201,-52.058,142.673,-0.826,357.19,-187.549,3.747036,1,0.1265,-52.058,-2.809999999999978,3.06000483216088,357.19,3.06000483216088,321.2069343145309,5.870004832160873
0.02500000000000001,-39.201,-51.311,88.189,-0.718,356.13,-183.752,3.747036,0,0.1315,-51.3197,-3.870000000000014,4.86561144321134,356.13,4.86561144321134,375.1777889596764,8.735611443211326
0.030000000000000013,-39.201,-50.651,109.429,0.851,355.43,-150.541,3.747036,0,0.1365,-50.651,-4.56999999999997,6.895114324951983,355.43,6.895114324951983,420.2694220454152,11.46511432495197
0.03499999999999999,-39.201,-49.794,141.749,0.585,355.08,-104.354,3.747036,0,0.1415,-49.7786,-4.919999999999999,9.17016470950097,355.08,9.17016470950097,469.5032004442618,14.090164709500982
0.039999999999999994,-39.201,-48.783,153.754,0.237,354.73,-81.22,3.843246,1,0.1465,-48.78300000000001,-5.269999999999977,11.711092939094252,354.73,11.711092939094252,527.0931086128704,16.981092939094253
0.045,-21.201,-47.684,162.065,0.336,354.73,-81.22,3.843246,0,0.1515,-47.6489,-5.269999999999977,14.579763677490746,354.73,14.579763677490746,593.0627324864694,19.849763677490728
0.05,-21.201,-46.234,252.563,1.623,353.67,-127.532,3.843246,0,0.1565,-46.233999999999995,-6.329999999999963,17.815754382076367,353.67,17.815754382076367,675.1058643061397,24.145754382076348
0.05500000000000001,-21.201,-44.255,314.434,1.117,352.62,-152.872,3.843246,0,0.1615,-44.220000000000006,-7.379999999999999,21.57156497901658,352.62,21.57156497901658,783.1770923641589,28.951564979016553
0.06000000000000001,-21.201,-41.926,355.989,0.519,350.86,-222.65,3.891577,1,0.1665,-41.92600000000001,-9.139999999999992,25.913683311540087,350.86,25.913683311540087,909.698232425918,35.053683311540055
0.06599999999999999,2.799,-39.024,374.458,0.062,348.75,-287.172,3.891577,0,0.1725,-39.023999999999994,-11.250000000000012,32.02017734778776,348.75,32.02017734778776,1073.1322871110622,43.27017734778775
0.071,2.799,-36.123,482.502,2.072,346.99,-288.227,3.891577,0,0.1775,-36.048199999999994,-13.010000000000007,37.91752002599004,346.99,37.91752002599004,1223.2576632872137,50.92752002599002
0.076,2.799,-32.474,561.918,1.009,344.18,-382.299,3.891577,0,0.1825,-32.474,-15.819999999999983,44.601657610654144,344.18,44.601657610654144,1391.4205384200652,60.421657610654165
0.08109999999999999,2.799,-28.584,598.856,0.461,344.18,-382.299,3.870747,1,0.1876,-28.550809843937575,-15.819999999999983,52.3312695943876,344.18,52.3312695943876,1563.6822311579822,68.1512695943876
0.08600000000000001,32.799,-24.518,607.167,0.237,340.66,-467.932,3.870747,0,0.1925,-24.517999999999997,-19.339999999999968,60.50014445170779,340.66,60.50014445170779,1713.0236966100836,79.84014445170777
0.09100000000000001,32.799,-20.034,720.752,2.603,337.5,-513.691,3.870747,0,0.1975,-19.9571,-22.499999999999975,69.53048870255688,337.5,69.53048870255688,1839.5447954524102,92.03048870255691
0.09600000000000002,32.799,-14.781,816.79,1.416,333.63,-578.669,3.870747,0,0.2025,-14.78100000000006,-26.36999999999999,78.99286181828147,333.63,78.99286181828147,1907.008819896738,105.36286181828149
0.10099999999999999,32.799,-14.781,816.79,1.416,329.06,-671.478,3.4982,1,0.2075,-14.218300000000001,-30.94000000000001,88.50893935677216,329.06,88.50893935677216,1898.6313354983556,119.44893935677214
0.106,62.799,-9.154,852.805,0.411,323.79,-774.26,3.4982,0,0.2125,-9.153999999999902,-36.20999999999999,97.85638054556236,323.79,97.85638054556236,1848.3490082069247,134.0663805455623
0.11109999999999999,62.799,2.517,934.068,2.179,323.79,-774.26,3.4982,0,0.2176,2.045809123649448,-36.20999999999999,106.6320057788577,323.79,106.6320057788577,1656.207291573244,142.8420057788577
0.116,62.799,9.066,1002.403,1.316,318.16,-847.81,3.4982,0,0.2225,9.065999999999889,-41.839999999999996,113.9480976070205,318.16,113.9480976070205,1425.6831139971773,155.78809760702046
0.12100000000000001,62.799,9.066,1002.403,1.316,311.84,-961.811,2.94331,1,0.2275,10.433200000000005,-48.16000000000001,120.44483913947946,311.84,120.44483913947946,1232.9055119473255,168.6048391394795
0.126,86.799,22.738,1019.025,-0.145,305.16,-1036.343,2.94331,0,0.2325,22.737999999999886,-54.83999999999995,125.34801506361062,305.1600000000001,125.34801506361062,836.6354280306739,-179.81198493638948
0.131,86.799,29.595,1040.265,1.017,297.77,-1136.311,2.94331,0,0.2375,29.6193,-62.23,127.58379133639802,297.77,127.58379133639802,314.95953605731415,-170.18620866360197
0.136,86.799,36.695,1060.581,0.361,290.39,-1182.688,2.94331,0,0.2425,36.69499999999999,-69.60999999999999,127.79975671822906,290.39,127.79975671822906,-81.3121276682933,-162.59024328177094
0.1411,86.799,43.728,1054.116,-0.278,290.39,-1182.688,2.761017,1,0.2476,43.74474957983193,-69.60999999999999,125.94807704485895,290.39,125.94807704485895,-474.1348511292207,-164.44192295514102
0.14600000000000002,104.799,50.651,1008.867,-0.843,282.66,-1202.139,2.761017,0,0.2525,50.650999999999996,-77.33999999999997,122.4126417082506,282.66,122.4126417082506,-833.3339816969489,-160.24735829174944
0.15100000000000002,104.799,57.355,990.398,-0.087,275.27,-1249.064,2.761017,0,0.2575,56.684599999999996,-84.73000000000002,117.171044146675,275.27,117.171044146675,-1112.8835836817607,-158.09895585332498
0.15700000000000003,104.799,57.355,990.398,-0.087,267.89,-1242.837,2.761017,0,0.2635,58.7419,-92.11000000000003,109.54980139825688,267.89,109.54980139825688,-1358.3485118564238,-158.3401986017431
0.16200000000000003,104.799,71.224,916.523,-0.859,260.51,-1233.003,4.31043,1,0.2685,71.22399999999988,-99.49000000000002,101.89581678721095,260.51,101.89581678721095,-1611.9087010736032,-158.61418321278904
0.16700000000000004,116.799,77.049,844.494,-1.349,253.83,-1167.651,4.31043,0,0.2735,77.0115,-106.16999999999996,93.17027480299011,253.83000000000004,93.17027480299011,-1777.9084072052601,-160.65972519700995
0.17200000000000004,116.799,82.499,799.245,-0.486,247.15,-1146.003,4.31043,0,0.2785,82.499,-112.85000000000001,84.11714915553902,247.14999999999998,84.11714915553902,-1817.6848013259066,-163.03285084446094
0.177,116.799,87.621,753.996,-0.859,247.15,-1146.003,4.31043,0,0.2835,87.10879999999999,-112.85000000000001,75.09046155652722,247.14999999999998,75.09046155652722,-1799.0323324472233,-172.05953844347277
0.182,116.799,87.621,753.996,-0.859,241.17,-1065.159,5.324224,1,0.2885,87.62100000000025,-118.82999999999998,66.22589054495155,241.17000000000002,66.22589054495155,-1753.4309460979935,-174.94410945504848
0.187,122.799,96.698,622.866,-1.316,235.9,-976.589,5.324224,0,0.2935,96.18589999999999,-124.09999999999998,57.986976650652615,235.90000000000003,57.986976650652615,-1592.9163837214862,-177.9130233493474
0.192,122.799,100.654,570.229,-0.76,229.92,-988.689,5.324224,0,0.2985,100.65399999999998,-130.07999999999998,50.80684583078695,229.92000000000002,50.80684583078695,-1367.8327796638355,-179.11315416921306
0.197,122.799,104.259,520.363,-0.793,224.65,-933.072,5.324224,0,0.3035,103.8985,-135.35,44.46006926277607,224.65,44.46006926277607,-1239.4662933477962,179.8100692627761
0.202,122.799,104.259,520.363,-0.793,219.02,-934.368,6.291191,1,0.3085,104.25900000000017,-140.98,38.57305241047632,219.02,38.57305241047632,-1143.3105050898755,179.5530524104763
0.2071,125.824,110.391,409.549,-0.942,219.02,-934.368,6.291191,0,0.3136,110.05343733493397,-140.98,33.37248277913154,219.02,33.37248277913154,-960.664767766049,174.3524827791315
0.21200000000000002,125.824,112.941,368.918,-0.693,214.1,-869.844,6.291191,0,0.3185,112.94099999999993,-145.9,29.309681341229584,214.1,29.309681341229584,-781.4575403011175,175.2096813412296
0.21700000000000003,125.824,112.941,368.918,-0.693,208.48,-913.782,6.291191,0,0.3235,113.37400000000001,-151.52,25.673870530742022,208.48,25.673870530742022,-700.3546200901375,177.19387053074206
0.22200000000000003,125.824,117.271,290.425,-0.677,203.55,-868.286,6.452777,1,0.3285,117.27099999999993,-156.45,22.621931820549438,203.55,22.621931820549438,-561.657244743535,179.07193182054942
0.22700000000000004,129.056,119.007,247.946,-0.527,197.93,-900.428,6.452777,0,0.3335,118.8334,-162.07,20.36141625921077,197.93,20.36141625921077,-423.3049206622717,-177.56858374078922
0.23200000000000004,129.056,119.007,247.946,-0.527,192.3,-921.021,6.452777,0,0.3385,119.00700000000008,-167.7,18.45290115000534,192.3,18.45290115000534,-361.25560187349754,-173.84709884999467
0.23700000000000004,129.056,121.952,203.62,-0.046,192.3,-921.021,6.452777,0,0.3435,121.6575,-167.7,16.958983605458084,192.3,16.958983605458084,-273.4797256038144,-175.34101639454192
0.243,129.056,121.952,203.62,-0.046,186.68,-924.315,6.589051,1,0.3495,122.09490000000001,-173.31999999999996,15.702859085409129,186.68000000000004,15.702859085409129,-183.30215856856688,-170.9771409145909
0.248,131.781,123.381,172.223,-0.469,181.05,-906.195,6.589051,0,0.3545,123.38099999999999,-178.94999999999996,14.961554348483437,181.05000000000004,14.961554348483437,-129.9307802846675,-166.0884456515166
0.253,131.781,124.458,151.907,-0.203,174.73,-1017.551,6.589051,0,0.3595,124.447,-185.27,14.563158915455032,174.73,14.563158915455032,-61.59257847249266,-160.16684108454496
0.258,131.781,125.425,142.673,0.104,168.75,-1006.02,6.589051,0,0.3645,125.42500000000003,-191.25,14.473991813474939,168.75,14.473991813474939,4.381024655661744,-154.27600818652508
0.263,131.781,127.183,122.357,-0.137,162.77,-1002.703,6.525895,1,0.3695,127.0072,-197.23,14.760455365008083,162.77,14.760455365008083,74.7255987728907,-148.00954463499193
0.268,130.518,127.183,122.357,-0.137,156.45,-1025.889,6.525895,0,0.3745,127.18300000000006,-203.55,15.293357419049139,156.45,15.293357419049139,119.68911228996419,-141.15664258095086
0.27330000000000004,130.518,128.612,90.036,-0.112,150.12,-1036.354,6.525895,0,0.3798,128.5404365917302,-209.88,16.0755228392849,150.12,16.0755228392849,161.14561126088464,-134.0444771607151
0.278,130.518,129.14,63.256,-0.394,150.12,-1036.354,6.525895,0,0.3845,129.13999999999996,-209.88,16.96297386878754,150.12,16.96297386878754,198.9943488082779,-133.15702613121246
0.28300000000000003,130.518,129.469,45.711,-0.336,143.44,-1081.332,5.836376,1,0.3895,129.43609999999998,-216.55999999999997,18.010615552950345,143.44000000000003,18.010615552950345,211.76864219154393,-125.42938444704969
0.28800000000000003,123.255,129.469,45.711,-0.336,136.41,-1125.683,5.836376,0,0.3945,129.469,-223.59,19.069829858450387,136.41,19.069829858450387,211.22146451812293,-117.3401701415496
0.29300000000000004,123.255,129.711,30.936,-0.253,129.02,-1176.944,5.836376,0,0.3995,129.64797647058825,-230.98,20.102397416683445,129.02,20.102397416683445,203.42383269488207,-108.91760258331657
0.29810000000000003,123.255,129.315,-68.797,-0.735,121.29,-1233.484,5.836376,0,0.4046,129.31236347058825,-238.70999999999998,21.06259485786198,121.29000000000002,21.06259485786198,178.7513254085332,-100.22740514213804
0.30310000000000004,123.255,128.788,-83.572,-0.295,121.29,-1233.484,4.879063,1,0.4096,128.78238932653062,-238.70999999999998,21.805086640911515,121.29000000000002,21.805086640911515,135.84066645536873,-99.48491335908851
0.308,109.992,128.216,-86.342,-0.112,113.2,-1257.225,4.879063,0,0.4145,128.216,-246.8,22.309878209525586,113.19999999999999,22.309878209525586,86.95828124345621,-90.89012179047441
0.313,109.992,127.381,-150.984,-1.391,105.12,-1338.253,4.879063,0,0.4195,127.4645,-254.88000000000002,22.555493408928978,105.11999999999998,22.555493408928978,36.104300572973656,-82.564506591071
0.318,109.992,127.381,-150.984,-1.391,96.33,-1402.196,4.879063,0,0.4245,127.38099999999987,-263.66999999999996,22.553195112111617,96.33000000000004,22.553195112111617,-22.250177487163434,-73.77680488788843
0.323,109.992,124.59,-241.482,-0.453,87.54,-1434.054,2.861202,1,0.4295,124.702,-272.46000000000004,22.055682052736408,87.53999999999996,22.055682052736408,-134.22322258996877,-65.48431794726355
0.328,90.729,122.919,-254.41,-0.469,78.4,-1467.796,2.861202,0,0.4345,122.91899999999997,-281.6,20.92083041223881,78.39999999999998,20.92083041223881,-269.64210378566486,-57.47916958776116
0.334,90.729,120.48,-369.841,-1.773,69.26,-1507.253,2.861202,0,0.4405,120.47999999999998,-290.74,18.681655795308934,69.25999999999999,18.681655795308934,-429.316549766407,-50.578344204691064
0.339,90.729,117.798,-423.401,-0.901,69.26,-1507.253,2.861202,0,0.4455,117.7651,-290.74,15.954662403836616,69.25999999999999,15.954662403836616,-593.2985377669852,-53.30533759616338
0.34400000000000003,90.729,114.787,-456.645,-0.336,59.77,-1527.517,0.489837,1,0.4505,114.787,-300.23,12.359923040133125,59.76999999999998,12.359923040133125,-779.7477776937261,-47.41007695986684
0.34900000000000003,65.465,111.732,-462.186,-0.054,50.98,-1507.431,0.489837,0,0.4555,111.6836,-309.02000000000004,7.73787581534574,50.97999999999996,7.73787581534574,-982.492017714607,-43.242124184654216
0.35400000000000004,65.465,108.193,-567.459,-1.955,41.48,-1555.977,0.489837,0,0.4605,108.19300000000017,-318.52,2.7696889704455336,41.48000000000002,2.7696889704455336,-868.164066329781,-38.710311029554475
0.35900000000000004,65.465,108.193,-567.459,-1.955,32.34,-1541.351,0.489837,0,0.4655,107.33579999999999,-327.66,0.044711062194824236,32.339999999999975,0.044711062194824236,-438.6933244097058,-32.29528893780514
0.364,65.465,99.621,-680.12,-0.643,24.26,-1438.399,-1.703591,1,0.4705,99.62100000000021,-335.74,-1.2906214802234124,24.25999999999999,358.7093785197766,-212.94407415678512,-25.550621480223413
0.369,35.465,95.05,-681.043,0.079,24.26,-1438.399,-1.703591,0,0.4755,95.0103,-335.74,-1.9848994099628505,24.25999999999999,358.01510059003715,-115.40524905710171,-26.24489940996284
0.374,35.465,90.082,-789.087,-2.395,16.17,-1381.682,-1.703591,0,0.4805,90.08200000000026,-343.83,-2.3599045542839163,16.170000000000016,357.6400954457161,-59.4194528049222,-18.529904554283917
0.379,35.465,90.082,-789.087,-2.395,8.79,-1322.518,-1.703591,0,0.4855,89.5128,-351.21,-2.5408409248011403,8.79000000000002,357.45915907519884,-28.77256755667255,-11.330840924801123
0.384,35.465,84.39,-865.733,-1.025,1.76,-1246.135,-1.272883,1,0.4905,84.38999999999966,-358.24,-2.599529552029495,1.759999999999991,357.4004704479705,-3.0861363223906046,-4.359529552029471
0.389,5.465,72.411,-897.13,0.046,355.43,-1149.835,-1.272883,0,0.4955,72.98469999999999,-364.57,-2.872348249970863,355.43,357.12765175002914,-144.81584052051517,1.697651750029138
0.39399999999999996,5.465,66.169,-971.93,-1.922,348.4,-1157.475,-1.272883,0,0.5005,66.16900000000041,-371.59999999999997,-5.478533240614557,348.40000000000003,354.5214667593854,-654.1216122018482,6.121466759385385
0.39899999999999997,5.465,66.169,-971.93,-1.922,348.4,-1157.475,-1.272883,0,0.5055,64.7975,-371.59999999999997,-9.692990217064759,348.40000000000003,350.30700978293527,-941.5184559918578,1.9070097829352335
0.40399999999999997,5.465,52.454,-1049.499,-0.303,342.42,-1066.745,0.840348,1,0.5105,52.45400000000092,-377.58,-15.934237604504752,342.42,344.06576239549526,-1397.8058106039243,1.6457623954952396
0.409,-18.535,52.454,-1049.499,-0.303,336.45,-1038.172,0.840348,0,0.5155,51.0495,-383.54999999999995,-24.607172664594206,336.45000000000005,335.3928273354058,-1865.9435353822546,-1.0571726645942476
0.414,-18.535,38.409,-1052.27,-0.668,329.77,-1078.897,0.840348,0,0.5205,38.40900000000046,-390.22999999999996,-35.73423671588318,329.77000000000004,324.2657632841168,-2416.1654155417355,-5.5042367158832235
0.419,-18.535,31.288,-1067.968,-0.187,323.09,-1095.706,0.840348,0,0.5255,32.0001,-396.90999999999997,-49.92084108435855,323.09000000000003,310.0791589156415,-2942.8560473359958,-13.01084108435856
0.425,-18.535,31.288,-1067.968,-0.187,315.7,-1158.338,1.30183,1,0.5315,29.7802,-404.3,-68.62319527528231,315.7,291.37680472471766,-3207.0487847744967,-24.32319527528233
0.43,-36.535,16.21,-995.016,0.818,308.32,-1199.429,1.30183,0,0.5365,16.21000000000058,-411.67999999999995,-85.36971250051519,308.32000000000005,274.6302874994848,-3403.048337778705,-33.68971250051527
0.4351,-36.535,9.682,-976.547,-0.004,308.32,-1199.429,1.30183,0,0.5416,9.667251020408166,-411.67999999999995,-102.67726074363493,308.32000000000005,257.3227392563651,-3363.488013933678,-50.99726074363497
0.44,-36.535,3.264,-957.154,0.154,299.88,-1293.075,1.30183,0,0.5465,3.264000000000436,-420.11999999999995,-118.6202040190107,299.88000000000005,241.3797959809893,-3199.850178938431,-58.500204019010766
0.445,-36.535,3.264,-957.154,0.154,291.09,-1391.254,1.363919,1,0.5515,2.0705,-428.91,-133.91745587049888,291.09,226.08254412950112,-2985.8218774243674,-65.00745587049886
0.45,-48.535,-8.671,-838.029,1.316,282.66,-1396.711,1.363919,0,0.5565,-8.670999999999562,-437.34,-147.47046905342845,282.66,212.52953094657155,-2555.151846833246,-70.13046905342847
0.455,-48.535,-14.034,-798.321,0.577,273.87,-1429.796,1.363919,0,0.5615,-13.4977,-446.13,-158.38449720418384,273.87,201.61550279581616,-2080.487156912949,-72.25449720418385
0.46,-48.535,-14.034,-798.321,0.577,265.08,-1447.174,1.363919,0,0.5665,-14.034000000000649,-454.91999999999996,-167.9475150541361,265.08000000000004,192.0524849458639,-1828.5704156485003,-73.02751505413613
0.4651,-48.535,-23.968,-697.665,1.034,265.08,-1447.174,-0.052366,1,0.5716,-23.003817647058757,-454.91999999999996,-176.02935497702532,265.08000000000004,183.97064502297468,-1488.6983743545657,-81.10935497702536
0.47000000000000003,-54.535,-23.968,-697.665,1.034,256.99,-1359.62,-0.052366,0,0.5765,-23.968000000000544,-463.01,-182.30454269598218,256.99,177.69545730401782,-1189.6024489472434,-79.29454269598219
0.4751,-54.535,-32.299,-581.311,0.76,249.61,-1333.01,-0.052366,0,0.5816,-31.490402941176413,-470.39,-187.40239429657726,249.61,172.59760570342274,-924.8968408764417,-77.01239429657727
0.48000000000000004,-54.535,-32.299,-581.311,0.76,242.23,-1284.309,-0.052366,0,0.5865,-32.29900000000046,-477.77000000000004,-191.13621455924485,242.22999999999996,168.86378544075515,-690.2292638571834,-73.36621455924481
0.48500000000000004,-54.535,-39.244,-480.655,0.693,235.55,-1197.016,-0.425596,1,0.5915,-38.549499999999995,-484.45000000000005,-193.8334823798116,235.54999999999995,166.1665176201884,-481.2106963194425,-69.38348237981157
0.49000000000000005,-54.535,-39.244,-480.655,0.693,229.57,-1095.774,-0.425596,0,0.5965,-39.24400000000036,-490.43,-195.57751656740314,229.57,164.42248343259686,-290.8650268550899,-65.14751656740313
0.49510000000000004,-54.535,-44.761,-364.3,0.942,229.57,-1095.774,-0.425596,0,0.6016,-44.440901980792304,-490.43,-196.42963328077812,229.57,163.57036671922188,-111.59118514057394,-65.99963328077811
0.5,-54.535,-46.893,-302.429,0.834,224.65,-949.682,-0.425596,0,0.6065,-46.89299999999986,-495.34999999999997,-196.39477920168437,224.65000000000003,163.60522079831563,50.5743016186328,-61.044779201684406
0.505,-54.535,-46.893,-302.429,0.834,219.38,-924.943,-0.629771,1,0.6115,-47.04683333333333,-500.61999999999995,-195.9476272994901,219.38000000000005,164.0523727005099,102.15868005853032,-55.32762729949016
0.511,-48.535,-48.739,-250.716,0.685,214.8,-843.294,-0.629771,0,0.6175,-48.859966666666665,-505.19999999999993,-195.04263337635535,214.80000000000007,164.95736662364465,185.5307604574538,-49.84263337635542
0.516,-48.535,-51.487,-134.362,1.349,210.94,-744.211,-0.629771,0,0.6225,-51.48699999999986,-509.06,-193.72173146952719,210.94,166.27826853047281,299.8857337943101,-44.66173146952718
0.5209999999999999,-48.535,-52.014,-52.175,1.158,207.42,-665.533,-0.629771,0,0.6275,-51.9613,-512.5799999999999,-191.9468818117883,207.42000000000007,168.0531181882117,368.121983242668,-39.366881811788375
0.5259999999999999,-48.535,-52.014,-52.175,1.158,204.26,-595.392,-0.713026,1,0.6325,-52.013999999999996,-515.74,-190.0720469395602,204.26,169.9279530604398,374.7311932417126,-34.3320469395602
0.5309999999999999,-36.535,-51.86,43.864,0.411,204.26,-595.392,-0.713026,0,0.6375,-51.8754,-515.74,-188.23911206061064,204.26,171.76088793938936,363.52504637715475,-32.49911206061063
0.5359999999999999,-36.535,-51.86,43.864,0.411,201.45,-527.222,-0.713026,0,0.6425,-51.859999999999864,-518.5500000000001,-186.4918475129709,201.44999999999993,173.5081524870291,339.2154769541515,-27.94184751297084
0.5409999999999999,-36.535,-50.388,159.295,1.009,199.69,-413.734,-0.713026,0,0.6475,-50.4143,-520.31,-185.01916448168524,199.69000000000005,174.98083551831476,273.32110277159717,-24.709164481685292
0.5459999999999999,-36.535,-49.179,190.692,0.353,197.93,-353.09,-0.979518,1,0.6525,-49.17899999999999,-522.07,-183.95619822677196,197.92999999999995,176.04380177322804,183.6426279796974,-21.88619822677191
0.5509999999999999,-19.59,-47.816,209.161,0.477,196.52,-294.018,-0.979518,0,0.6575,-47.95230000000001,-523.48,-183.32342543662088,196.51999999999998,176.67657456337912,108.33025067508828,-19.843425436620862
0.5559999999999999,-19.59,-47.816,209.161,0.477,195.12,-263.746,-0.979518,0,0.6625,-47.815999999999846,-524.88,-182.96120149665933,195.12,177.03879850334067,55.3570792244455,-18.081201496659332
0.5609999999999999,-19.59,-46.102,295.965,1.524,195.12,-263.746,-0.979518,0,0.6675,-45.791999999999994,-524.88,-183.02530340803355,195.12,176.97469659196645,-55.00489661236831,-18.145303408033556
0.566,-19.59,-41.288,390.157,0.685,194.77,-160.726,-1.162302,1,0.6725,-41.28800000000043,-525.2299999999999,-183.96946495796115,194.7700000000001,176.03053504203885,-250.02305578670126,-18.739464957961246
0.571,-8.646,-41.288,390.157,0.685,194.77,-80.363,-1.162302,0,0.6775,-41.0199,-525.2299999999999,-185.74935932818696,194.7700000000001,174.25064067181304,-390.2893770737208,-20.51935932818705
0.576,-8.646,-38.607,404.932,0.095,194.77,-40.182,-1.162302,0,0.6825,-38.606999999999715,-525.2299999999999,-188.1849244284386,194.7700000000001,171.8150755715614,-547.9327907970983,-22.954924428438687
0.5811,-8.646,-32.694,462.186,0.295,195.12,8.825,-1.162302,0,0.6876,-32.94595678271312,-524.88,-192.075197828868,195.12,167.924802171132,-850.6074436043364,-27.195197828868004
0.586,-8.646,-29.507,473.267,-0.012,196.17,91.362,-2.503357,1,0.6925,-29.507000000000012,-523.83,-197.19166139439793,196.16999999999996,162.80833860560207,-1126.8342335411814,-33.361661394397885
0.591,-3.702,-26.386,460.339,-0.286,196.17,91.362,-2.503357,0,0.6975,-26.409903278688525,-523.83,-203.60868961050812,196.16999999999996,156.39131038949188,-1342.9822631277154,-39.77868961050808
0.5971,-3.702,-22.87,447.411,-0.179,197.58,162.61,-2.503357,0,0.7036,-23.155314754098388,-522.42,-212.6693934063392,197.58000000000004,147.3306065936608,-1543.072770420807,-50.24939340633924
0.602,-3.702,-22.87,447.411,-0.179,198.28,139.702,-2.503357,0,0.7085,-22.869999999999504,-521.72,-220.6123985831174,198.27999999999997,139.3876014168826,-1662.2717713483532,-58.89239858311737
0.607,-3.702,-17.265,394.774,-0.303,199.69,189.17,-3.976446,1,0.7135,-17.5771,-520.31,-229.59117812859316,199.69000000000005,130.40882187140684,-1853.061858429332,-69.28117812859321
0.612,-4.758,-14.781,358.76,-0.585,200.74,181.918,-3.976446,0,0.7185,-14.781000000000027,-519.26,-239.5147218416717,200.74,120.4852781583283,-2037.5368438260825,-80.25472184167171
0.617,-4.758,-12.605,300.582,-0.884,201.8,179.411,-3.976446,0,0.7235,-12.6402,-518.1999999999999,-250.08379388158633,201.80000000000007,109.91620611841367,-2140.0815792499466,-91.8837938815864
0.622,-4.758,-10.781,261.798,-0.461,202.5,148.332,-3.976446,0,0.7285,-10.78100000000003,-517.5,-261.0363532240753,202.5,98.9636467759247,-2211.055915517482,-103.5363532240753
0.6271,-4.758,-9.264,209.161,-0.785,202.5,148.332,-4.218635,1,0.7336,-9.28688211284514,-517.5,-272.48005837278663,202.5,87.51994162721337,-2254.5657177495727,-114.98005837278663
0.632,-11.814,-8.033,172.223,-0.444,203.2,129.802,-4.218635,0,0.7385,-8.03300000000004,-516.8000000000001,-283.6106829638315,203.19999999999993,76.3893170361685,-2277.8442828847406,-126.81068296383143
0.637,-11.814,-7.22,90.96,-1.648,203.91,126.79,-4.218635,0,0.7435,-7.279299999999999,-516.09,-295.04888650068784,203.90999999999997,64.95111349931216,-2291.242822079712,-138.9588865006878
0.642,-11.814,-7.0,3.232,-1.125,204.26,92.486,-4.218635,0,0.7485,-7.00000000000004,-515.74,-306.5586270447883,204.26,53.441372955211705,-2307.881017225738,-150.8186270447883
0.6469999999999999,-11.814,-7.22,-51.251,-0.635,204.26,46.243,-4.213221,1,0.7535,-7.233199999999999,-515.74,-318.1967493876733,204.26,41.80325061232668,-2336.1809006087096,-162.4567493876733
0.6519999999999999,-24.869,-7.572,-60.486,-0.22,203.91,-5.918,-4.213221,0,0.7585,-7.572000000000035,-516.09,-330.00178545799724,203.90999999999997,29.998214542002756,-2373.6517399649456,-173.9117854579972
0.6570999999999999,-24.869,-8.253,-129.745,-1.316,203.91,-5.918,-4.213221,0,0.7636,-8.297881941176476,-516.09,-342.28830860663913,203.90999999999997,17.711691393360866,-2425.2714319968145,173.8016913933609
0.6620999999999999,-24.869,-9.374,-184.228,-1.142,202.85,-89.634,-4.213221,0,0.7686,-9.37997957142854,-517.15,-354.64798717310913,202.85000000000002,5.352012826890871,-2495.604763072368,162.50201282689085
0.6669999999999999,-24.869,-10.781,-224.86,-0.444,202.15,-104.334,-3.739056,1,0.7735,-10.795628571428573,-517.85,-367.1776372276079,202.14999999999998,352.8223627723921,-2581.7585540357422,150.67236277239215
0.6719999999999999,-43.925,-12.363,-239.635,-0.411,201.45,-110.802,-3.739056,0,0.7785,-12.363000000000046,-518.5500000000001,-380.40993424066147,201.44999999999993,339.59006575933853,-2677.701235280967,138.1400657593386
0.6769999999999999,-43.925,-14.363,-336.597,-1.69,200.04,-172.107,-3.739056,0,0.7835,-14.163,-519.96,-394.1054647908033,200.03999999999996,325.8945352091967,-2756.4574421416555,125.85453520919674
0.6819999999999999,-43.925,-14.363,-336.597,-1.69,198.98,-173.829,-3.739056,0,0.7885,-14.363000000000238,-521.02,-408.0033773364098,198.98000000000002,311.9966226635902,-2787.774268675087,113.01662266359017
0.688,-43.925,-16.935,-404.932,-1.15,197.23,-234.041,-3.275128,1,0.7945,-16.935000000000468,-522.77,-424.9417569184653,197.23000000000002,295.0582430815347,-2856.350716377925,97.82824308153471
0.693,-65.503,-23.309,-459.416,-0.336,197.23,-234.041,-3.275128,0,0.7995,-22.671600000000005,-522.77,-439.5442733485696,197.23000000000002,280.4557266514304,-2934.1354553574656,83.22572665143036
0.698,-65.503,-23.309,-459.416,-0.336,195.47,-261.227,-3.275128,0,0.8045,-23.309000000000374,-524.53,-454.2001675310191,195.47000000000003,265.7998324689809,-2922.688293838651,70.3298324689809
0.703,-65.503,-26.65,-539.756,-1.939,193.71,-280.519,-3.275128,0,0.8095,-26.704900000000002,-526.29,-468.59871629615327,193.71000000000004,251.40128370384673,-2856.4646891186017,57.69128370384669
0.708,-65.503,-30.54,-608.091,-0.934,191.25,-344.594,-3.286637,1,0.8145,-30.540000000000493,-528.75,-482.3565403453417,191.25,237.64345965465827,-2686.2322457623404,46.39345965465827
0.713,-81.08,-38.87,-626.56,-0.029,188.79,-377.576,-3.286637,0,0.8195,-38.037,-531.21,-494.72868208837724,188.78999999999996,225.27131791162276,-2396.3940328962244,36.481317911622796
0.718,-81.08,-38.87,-626.56,-0.029,187.03,-334.755,-3.286637,0,0.8245,-38.87000000000098,-532.9699999999999,-505.8101431302087,187.0300000000001,214.1898568697913,-2129.096688497014,27.159856869791213
0.723,-81.08,-47.706,-684.737,-0.245,187.03,-334.755,-3.286637,0,0.8295,-47.27740000000001,-532.9699999999999,-515.2570609789678,187.0300000000001,204.74293902103216,-1778.5291878716087,17.71293902103207
0.728,-81.08,-52.256,-685.66,-0.012,184.57,-369.201,-3.625992,1,0.8345,-52.255999999999986,-535.4300000000001,-522.7018957053461,184.56999999999994,197.29810429465385,-1362.837865412601,12.728104294653917
0.733,-90.657,-56.696,-661.651,0.32,182.11,-387.802,-3.625992,0,0.8395,-56.685,-537.89,-528.3903885582823,182.11,191.60961144171768,-1051.0498172151713,9.499611441717661
0.738,-90.657,-61.026,-646.876,0.162,180.0,-374.872,-3.625992,0,0.8445,-61.025999999999996,-540.0,-532.6153409882064,180.0,187.3846590117936,-749.171614773906,7.3846590117935875
0.743,-90.657,-65.246,-624.713,0.27,177.89,-363.323,-3.625992,0,0.8495,-65.2284,-542.11,-535.3141769432902,177.89,184.68582305670975,-459.6233584913601,6.795823056709764
0.748,-90.657,-69.29,-600.703,0.361,176.13,-327.922,-3.412631,1,0.8545,-69.28999999999996,-543.87,-536.6701833055417,176.13,183.32981669445826,-184.33923724935008,7.1998166944582636
0.753,-94.234,-73.026,-543.449,0.71,176.13,-327.922,-3.412631,0,0.8595,-72.6524,-543.87,-536.7561572185207,176.13,183.24384278147932,34.46476394392123,7.11384278147932
0.758,-94.234,-73.026,-543.449,0.71,174.73,-279.079,-3.412631,0,0.8645,-73.02600000000072,-545.2700000000001,-536.0508084344393,174.7299999999999,183.94919156556068,196.76051264721116,9.219191565560777
0.763,-94.234,-79.598,-449.258,0.56,173.32,-259.048,-3.412631,0,0.8695,-78.9408,-546.68,-534.2667982780504,173.32000000000005,185.73320172194963,419.1605515434584,12.413201721949576
0.768,-94.234,-79.598,-449.258,0.56,171.91,-246.61,-3.26631,1,0.8745,-79.59800000000051,-548.0899999999999,-531.474649328756,171.91000000000008,188.52535067124404,617.3541050904888,16.61535067124396
0.7739999999999999,-91.812,-85.159,-333.827,0.768,171.21,-181.624,-3.26631,0,0.8805,-85.15899999999965,-548.79,-526.9957632677028,171.21000000000004,193.00423673229716,820.9221474420613,21.794236732297122
0.7789999999999999,-91.812,-87.115,-270.109,1.025,170.51,-148.291,-3.26631,0,0.8855,-87.0755,-549.49,-522.1788022133824,170.51,197.82119778661763,1009.4088218961283,27.31119778661764
0.7839999999999999,-91.812,-88.676,-210.085,0.735,170.16,-103.789,-3.26631,0,0.8905,-88.67599999999995,-549.84,-516.7123037043003,170.15999999999997,203.28769629569967,1128.8846989230456,33.12769629569971
0.7890999999999999,-91.812,-89.885,-162.065,0.726,170.16,-103.789,-3.348986,1,0.8956,-89.85467688235293,-549.84,-510.6058874314088,170.15999999999997,209.3941125685912,1222.382533606253,39.23411256859123
0.7940999999999999,-83.389,-90.764,-121.433,0.668,170.16,-51.894,-3.348986,0,0.9006,-90.75453063265311,-549.84,-504.24637850162344,170.15999999999997,215.75362149837656,1292.4021530060052,45.59362149837659
0.7989999999999999,-83.389,-91.137,-9.696,1.756,170.51,4.959,-3.348986,0,0.9055,-91.0726387755102,-549.49,-497.75079702758126,170.51,222.24920297241874,1335.7140465892323,51.73920297241875
0.8039999999999999,-83.389,-90.874,55.869,0.959,171.21,60.847,-3.348986,0,0.9105,-90.87400000000002,-548.79,-490.9874087846369,171.21000000000004,229.0125912153631,1359.59817133931,57.802591215363066
0.8089999999999999,-83.389,-90.874,55.869,0.959,172.97,177.223,-4.62104,1,0.9155,-90.7641,-547.03,-484.1324611888839,172.97000000000003,235.8675388111161,1374.1594689381002,62.89753881111608
0.814,-80.966,-89.775,101.118,0.328,174.38,206.114,-4.62104,0,0.9205,-89.77500000000005,-545.6199999999999,-477.24116129857555,174.3800000000001,242.75883870142445,1379.5537094885983,68.37883870142434
0.8190999999999999,-80.966,-89.027,118.663,0.203,174.38,206.114,-4.62104,0,0.9256,-89.01302551020409,-545.6199999999999,-470.1875252578723,174.3800000000001,249.81247474212768,1385.5802484522683,75.43247474212757
0.824,-80.966,-88.17,130.668,0.295,176.13,245.068,-4.62104,0,0.9305,-88.17000000000012,-543.87,-463.34664598521704,176.13,256.65335401478296,1402.2200829336923,80.52335401478297
0.829,-80.966,-88.17,130.668,0.295,178.24,303.594,-5.687513,1,0.9355,-87.9942,-541.76,-456.2442574765362,178.24,263.7557425234638,1427.6094203803298,85.51574252346381
0.834,-84.544,-86.412,135.285,-0.012,179.65,268.949,-5.687513,0,0.9405,-86.41200000000013,-540.3499999999999,-449.01132241992906,179.6500000000001,270.98867758007094,1456.161022345003,91.33867758007085
0.839,-84.544,-85.621,110.352,-0.477,181.41,281.086,-5.687513,0,0.9455,-85.63970784313726,-538.59,-441.6012931965374,181.40999999999997,278.3987068034626,1492.6721104575342,96.9887068034626
0.8441,-84.544,-85.005,76.184,-0.594,183.16,286.124,-5.687513,0,0.9506,-85.01647450980384,-536.84,-433.8501483943286,183.15999999999997,286.1498516056714,1532.5279629648926,102.98985160567145
0.8491,-84.544,-85.005,76.184,-0.594,183.16,286.124,-5.837334,1,0.9556,-84.95176224489795,-536.84,-426.0538983922474,183.15999999999997,293.9461016077526,1569.8677364944995,110.78610160775264
0.854,-94.121,-84.478,16.16,-0.062,184.92,280.69,-5.837334,0,0.9605,-84.4780000000001,-535.08,-418.24078464504413,184.91999999999996,301.75921535495587,1605.703943528729,116.83921535495591
0.859,-94.121,-84.653,-55.869,-1.067,185.98,234.928,-5.837334,0,0.9655,-84.696,-534.0200000000001,-410.1076123467961,185.9799999999999,309.8923876532039,1632.4060941631728,123.91238765320401
0.865,-94.121,-85.379,-110.352,-0.743,187.03,204.959,-5.837334,0,0.9715,-85.39760000000001,-532.9699999999999,-400.2941377815399,187.0300000000001,319.7058622184601,1633.7671762336581,132.67586221846
0.87,-94.121,-86.17,-126.051,-0.552,187.73,160.864,-5.874425,1,0.9765,-86.17000000000003,-532.2700000000001,-392.18705346469534,187.7299999999999,327.81294653530466,1613.9405024104265,140.08294653530476
0.8751,-109.698,-87.049,-132.515,-0.137,188.09,110.444,-5.874425,0,0.9816,-87.08137406962787,-531.9100000000001,-384.08751484426057,188.08999999999992,335.91248515573943,1575.800527656029,147.8224851557395
0.88,-109.698,-88.214,-204.544,-1.499,188.44,84.289,-5.874425,0,0.9865,-88.21400000000006,-531.5600000000001,-376.5552714155663,188.43999999999994,343.4447285844337,1516.3138209664853,155.00472858443374
0.885,-109.698,-89.863,-271.032,-1.05,188.44,84.289,-5.874425,0,0.9915,-89.89202156862744,-531.5600000000001,-369.57047533978454,188.43999999999994,350.42952466021546,1287.454890574416,161.98952466021552
0.8901,-109.698,-91.841,-308.894,-0.702,188.44,42.145,-5.655341,1,0.9966,-91.84463653461381,-531.5600000000001,-365.2681200758168,188.43999999999994,354.7318799241832,674.6820785010375,166.29187992418326
0.895,-119.276,-93.929,-316.281,-0.154,188.44,21.072,-5.655341,0,1.0015,-93.94233877551021,-531.5600000000001,-363.067475120777,188.43999999999994,356.932524879223,379.89420306694524,168.49252487922308
0.8999999999999999,-119.276,-96.193,-360.607,-1.017,188.09,-18.943,-5.655341,0,1.0065,-96.19300000000004,-531.9100000000001,-361.76216681822655,188.08999999999992,358.23783318177345,216.03737479338307,170.14783318177354
0.905,-119.276,-98.698,-383.693,-0.569,187.38,-68.732,-5.655341,0,1.0115,-98.7091,-532.6199999999999,-360.9995258784006,187.3800000000001,359.0004741215994,133.22444296438664,171.62047412159927
0.9099999999999999,-119.276,-101.314,-398.468,-0.071,186.33,-121.887,-4.767607,1,1.0165,-101.31399999999998,-533.67,-360.48654212924856,186.33000000000004,359.51345787075144,91.47887316026566,173.1834578707514
0.9151,-122.853,-103.907,-383.693,0.311,186.33,-121.887,-4.767607,0,1.0216,-103.65532647058821,-533.67,-360.1171303568099,186.33000000000004,359.8828696431901,62.47999432729578,173.55286964319004
0.9199999999999999,-122.853,-103.907,-383.693,0.311,185.98,-89.505,-4.767607,0,1.0265,-103.90700000000076,-534.0200000000001,-359.94053331933804,185.9799999999999,0.059466680661955706,27.240123774433812,174.07946668066205
0.925,-122.853,-108.919,-365.224,0.012,185.27,-105.027,-4.767607,0,1.0315,-108.64850000000001,-534.73,-359.9161420612562,185.26999999999998,0.08385793874379033,-8.451949877067543,174.8138579387438
0.9299999999999999,-122.853,-111.226,-343.061,0.444,184.92,-81.657,-4.613727,1,1.0365,-111.22599999999964,-535.08,-360.3276258111477,184.91999999999996,359.6723741888523,-164.06919957099353,174.75237418885234
0.935,-120.43,-111.226,-343.061,0.444,184.22,-99.358,-4.613727,0,1.0415,-111.62830000000001,-535.78,-361.7084196218068,184.22000000000003,358.2915803781932,-311.7848826954911,174.07158037819318
0.94,-120.43,-115.249,-252.563,0.652,184.22,-49.679,-4.613727,0,1.0465,-115.2489999999996,-535.78,-363.41648726744563,184.22000000000003,356.58351273255437,-348.9196241138681,172.36351273255434
0.9451,-120.43,-116.787,-211.008,0.793,184.22,-49.679,-4.613727,0,1.0516,-116.63772352941176,-535.78,-365.7666846482034,184.22000000000003,354.2333153517966,-491.9354559185374,170.01331535179656
0.9511000000000001,-120.43,-116.787,-211.008,0.793,184.22,-24.839,-4.631593,1,1.0576,-117.00678000000003,-535.78,-369.0217172039365,184.22000000000003,350.9782827960635,-568.0314160397381,166.7582827960635
0.9561,-112.008,-119.007,-119.587,0.262,184.92,45.663,-4.631593,0,1.0626,-118.97150800000026,-535.08,-372.11467717602767,184.91999999999996,347.88532282397233,-642.5299204416967,162.96532282397237
0.9611000000000001,-112.008,-119.359,-10.62,1.474,185.62,82.65,-4.631593,0,1.0676,-119.32415199999998,-534.38,-375.54093576065645,185.62,344.45906423934355,-694.9360391554992,158.83906423934354
0.9661,-112.008,-119.359,-10.62,1.474,187.38,187.523,-4.631593,0,1.0726,-119.3443890000001,-532.6199999999999,-379.00421154306997,187.3800000000001,340.99578845693003,-687.0318305000949,153.61578845692992
0.9710999999999999,-112.008,-118.59,87.266,0.353,189.49,269.984,-5.568826,1,1.0776,-118.60296900000002,-530.5099999999999,-382.29390494486825,189.49000000000012,337.70609505513175,-644.3102193218295,148.21609505513163
0.9761,-109.585,-117.952,102.041,0.369,191.95,339.851,-5.568826,0,1.0826,-117.95034700000002,-528.05,-385.32607404449215,191.95000000000005,334.67392595550785,-588.6320684452638,142.7239259555078
0.9810999999999999,-109.585,-117.227,113.122,0.552,191.95,339.851,-5.568826,0,1.0876,-117.21664540816327,-528.05,-388.0640531177602,191.95000000000005,331.9359468822398,-530.7549629574668,139.98594688223977
0.986,-109.585,-116.414,126.051,0.286,194.77,401.756,-5.568826,0,1.0925,-116.414,-525.2299999999999,-390.460210299951,194.7700000000001,329.539789700049,-469.27289147740714,134.76978970004893
0.9909999999999999,-109.585,-115.556,126.974,-0.071,196.88,379.601,-5.799458,1,1.0975,-115.56209411764705,-523.12,-392.57169403416117,196.88,327.42830596583883,-404.1210508263157,130.54830596583884
0.9961,-113.162,-114.743,124.204,0.079,200.04,452.769,-5.799458,0,1.1026,-114.75814411764694,-519.96,-394.4241021949405,200.03999999999996,325.5758978050595,-346.05401275483314,125.53589780505956
1.001,-113.162,-114.743,124.204,0.079,202.85,460.898,-5.799458,0,1.1075,-114.6111,-517.15,-395.9648303037703,202.85000000000002,324.0351696962297,-300.96441595626203,121.18516969622965
1.006,-113.162,-113.424,66.95,-0.527,205.66,463.71,-5.799458,0,1.1125,-113.42400000000013,-514.3399999999999,-397.27893387134606,205.66000000000008,322.72106612865394,-244.00780618640286,117.06106612865386
1.0110999999999999,-113.162,-113.161,32.782,-0.411,205.66,463.71,-5.505955,1,1.1176,-113.18652647058825,-514.3399999999999,-398.31966795583753,205.66000000000008,321.68033204416247,-191.56979480708375,116.02033204416239
1.0161,-110.739,-113.161,32.782,-0.411,208.48,452.543,-5.505955,0,1.1226,-113.15640200000003,-511.52000000000004,-399.1739147450086,208.47999999999996,320.8260852549914,-161.90625943435742,112.34608525499146
1.0211,-110.739,-112.919,24.471,0.303,211.29,476.216,-5.505955,0,1.1276,-112.92517840816326,-508.71000000000004,-399.8782620771418,211.28999999999996,320.1217379228582,-132.05654695081546,108.83173792285822
1.026,-110.739,-112.743,32.782,0.079,214.45,502.11,-5.505955,0,1.1325,-112.74300000000001,-505.55000000000007,-400.417891502305,214.44999999999993,319.582108497695,-99.91933926184846,105.13210849769507
1.031,-110.739,-112.523,34.629,-0.012,217.27,486.77,-5.265268,1,1.1375,-112.52343137254903,-502.72999999999996,-400.79898437294577,217.27000000000004,319.20101562705423,-66.9018350506764,101.9310156270542
1.0361,-105.305,-112.303,30.936,-0.029,220.43,502.501,-5.265268,0,1.1426,-112.30084387254904,-499.57000000000005,-401.01888750146014,220.42999999999995,318.98111249853986,-31.71079386872617,98.55111249853991
1.0421,-105.305,-111.908,67.873,0.486,223.59,518.547,-5.265268,0,1.1486,-111.91425416666664,-496.41,-401.0419730229614,223.58999999999997,318.9580269770386,9.302052884368281,95.36802697703865
1.047,-105.305,-111.908,67.873,0.486,223.59,518.547,-5.265268,0,1.1535,-111.8508,-496.41,-400.8864966834003,223.58999999999997,319.1135033165997,41.0221553029078,95.52350331659972
1.052,-105.305,-111.336,93.73,0.469,227.46,577.043,-4.755404,1,1.1585,-111.33599999999991,-492.54,-400.53259180080886,227.45999999999998,319.46740819919114,87.51342272780248,92.00740819919116
1.0571,-95.108,-110.04,97.424,0.195,230.98,585.833,-4.755404,0,1.1636,-110.16578823529414,-489.02,-399.8470608785962,230.98000000000002,320.1529391214038,151.67721563656562,89.17293912140377
1.062,-95.108,-110.04,97.424,0.195,235.9,704.072,-4.755404,0,1.1685,-110.03999999999989,-484.09999999999997,-398.9345265568465,235.90000000000003,321.0654734431535,201.0928177664359,85.16547344315347
1.067,-95.108,-109.226,136.209,0.818,240.12,703.505,-4.755404,0,1.1735,-109.06790000000001,-479.87999999999994,-397.72933401682553,240.12000000000006,322.27066598317447,262.3499193837719,82.1506659831744
1.072,-95.108,-106.831,197.156,0.602,245.04,755.763,-3.929685,1,1.1785,-106.83100000000015,-474.96,-396.07438170751055,245.04000000000002,323.92561829248945,365.5811164789709,78.88561829248943
1.0771,-78.911,-105.446,214.702,0.021,245.04,755.763,-3.929685,0,1.1836,-105.41717547058823,-474.96,-393.7946977403177,245.04000000000002,326.2053022596823,477.73130977457464,81.16530225968228
1.0821,-78.911,-103.797,276.573,1.706,249.96,785.463,-3.929685,0,1.1886,-103.78742283673476,-470.03999999999996,-391.0485508409884,249.96000000000004,328.9514491590116,583.7513109340845,78.99144915901155
1.087,-78.911,-101.687,339.367,0.884,255.59,870.297,-3.929685,0,1.1935,-101.66280612244898,-464.40999999999997,-387.7561732174873,255.59000000000003,332.2438267825127,708.0800005722839,76.65382678251268
1.0919999999999999,-78.911,-99.292,368.918,0.502,261.56,933.18,-2.67952,1,1.1985,-99.29199999999999,-458.44,-383.72767192276734,261.56,336.27232807723266,853.1866210071018,74.71232807723266
1.097,-56.713,-96.764,375.382,0.345,267.89,994.122,-2.67952,0,1.2035,-96.72449999999999,-452.11,-378.88841886570526,267.89,341.11158113429474,1014.2369691124618,73.22158113429475
1.1019999999999999,-56.713,-93.841,475.114,2.096,274.22,1025.169,-2.67952,0,1.2085,-93.84100000000052,-445.78,-373.28698052753435,274.22,346.71301947246565,1164.445146822474,72.49301947246562
1.107,-56.713,-93.841,475.114,2.096,274.22,1025.169,-2.67952,0,1.2135,-93.49149999999999,-445.78,-368.2568643162145,274.22,351.7431356837855,836.607096538752,77.52313568378548
1.1119999999999999,-56.713,-90.346,547.143,1.274,280.9,1050.716,-1.168488,1,1.2185,-90.34599999999926,-439.09999999999997,-365.6040709426107,280.90000000000003,354.3959290573893,415.27163715332193,73.49592905738928
1.1171,-28.516,-82.499,591.469,0.062,287.58,1095.715,-1.168488,0,1.2236,-82.82987158823532,-432.42,-364.3047675600875,287.58,355.6952324399125,202.71168463687042,68.11523243991252
1.1220999999999999,-28.516,-78.148,689.354,2.221,294.61,1138.788,-1.168488,0,1.2286,-78.2306689999993,-425.39,-363.72810077978346,294.61,356.27189922021654,82.63778553601102,61.661899220216526
1.128,-28.516,-78.148,689.354,2.221,300.94,1096.986,-1.168488,0,1.2345,-78.14799999999805,-419.06,-363.552342092462,300.94,356.447657907538,7.424644228890415,55.507657907537975
1.1331,-28.516,-67.004,805.709,0.569,307.27,1067.517,1.441076,1,1.2396,-67.54815252941182,-412.73,-363.67306452499975,307.27,356.32693547500025,-33.17982073544086,49.05693547500027
1.1381,1.484,-61.575,809.403,-0.12,313.24,1037.897,1.441076,0,1.2446,-61.67815099999912,-406.76,-363.7842591960318,313.24,356.2157408039682,-10.68281323158505,42.975740803968165
1.1431,1.484,-61.575,809.403,-0.12,313.24,1037.897,1.441076,0,1.2496,-60.38487857142836,-406.76,-363.74832456707543,313.24,356.25167543292457,11.845336922623023,43.01167543292456
1.148,1.484,-49.794,951.614,1.034,318.87,980.682,1.441076,0,1.2545,-49.794000000001006,-401.13,-363.27045891948967,318.87,356.72954108051033,219.09168523348805,37.859541080510326
1.1531,1.484,-43.332,971.93,0.428,324.14,939.11,3.09438,1,1.2596,-43.31945611764703,-395.85999999999996,-360.0770023333527,324.14000000000004,359.9229976666473,770.9296143631757,35.78299766664725
1.1581,31.484,-36.87,968.236,-0.087,328.36,820.54,3.09438,0,1.2646,-36.86583900000004,-391.64,-354.7257983897458,328.36,5.274201610254181,1206.9165153325755,36.91420161025417
1.1631,31.484,-30.189,1018.102,1.524,332.23,733.783,3.09438,0,1.2696,-30.85041900000009,-387.7699999999999,-347.29390932601666,332.2300000000001,12.70609067398334,1575.3881118759598,40.476090673983265
1.168,31.484,-30.189,1018.102,1.524,335.74,658.143,3.09438,0,1.2745,-30.188999999997527,-384.25999999999993,-338.6475873372557,335.74000000000007,21.352412662744314,1867.5277069307276,45.61241266274425
1.1731,31.484,-15.99,1085.514,0.071,335.74,658.143,3.933773,1,1.2796,-17.36813823529431,-384.25999999999993,-327.4329742057599,335.74000000000007,32.567025794240124,2329.0597082944983,56.82702579424006
1.1781,61.484,-15.99,1085.514,0.071,338.2,520.634,3.933773,0,1.2846,-15.716476000002336,-381.8,-314.3200372791221,338.2,45.67996272087788,2754.531655482967,67.4799627208779
1.1831,61.484,-1.594,1093.825,1.059,340.66,481.129,3.933773,0,1.2896,-2.2752897142857758,-379.34,-299.0385668101407,340.66,60.96143318985929,3187.484851687164,80.30143318985927
1.188,61.484,5.77,1127.069,0.718,342.77,416.182,3.933773,0,1.2945,5.769999999999982,-377.22999999999996,-282.1634447752004,342.77000000000004,77.83655522479961,3529.6295174617726,95.06655522479957
1.1931,61.484,13.33,1134.456,0.079,344.18,325.406,4.881702,1,1.2996,13.34477429411768,-375.82,-263.9509413045273,344.18,96.0490586954727,3565.9672431683775,111.86905869547269
1.1981,91.484,20.891,1098.442,-0.851,345.59,280.217,4.881702,0,1.3046,20.88723800000002,-374.40999999999997,-246.61686093479022,345.59000000000003,113.38313906520978,3400.923456175394,127.79313906520974
1.2031,91.484,28.254,1115.987,0.909,345.59,280.217,4.881702,0,1.3096,28.297768102040855,-374.40999999999997,-230.79536408703655,345.59000000000003,129.20463591296345,3055.438328337231,143.61463591296342
1.208,91.484,35.903,1140.921,0.594,346.64,226.496,4.881702,0,1.3145,35.90299999999861,-373.36,-217.13557153864463,346.64,142.86442846135537,2673.6341731668977,156.2244284613554
1.214,91.484,35.903,1140.921,0.594,346.99,142.903,5.045122,1,1.3205,35.90300000000284,-373.01,-202.79932730866443,346.99,157.20067269133557,2200.852509950159,170.21067269133556
1.2190999999999999,115.484,52.234,1094.748,-0.776,347.34,100.513,5.045122,0,1.3256,51.36480135294095,-372.66,-194.11599889613836,347.34,165.88400110386164,1480.7773517989651,178.54400110386166
1.2241,115.484,59.465,1081.82,0.345,347.7,80.39,5.045122,0,1.3306,59.46737732653061,-372.3,-189.30251043526576,347.7,170.69748956473424,749.066765935831,-177.00251043526575
1.2289999999999999,115.484,66.674,1079.05,-0.079,348.05,69.408,5.045122,0,1.3355,65.93838775510203,-371.94999999999993,-187.20806493514226,348.05000000000007,172.79193506485774,327.8638521156813,-175.25806493514233
1.234,115.484,66.674,1079.05,-0.079,348.05,34.704,4.89186,1,1.3405,66.67400000000244,-371.94999999999993,-186.6532653090776,348.05000000000007,173.3467346909224,-4.20009351374614,-174.70326530907766
1.2390999999999999,133.484,80.631,1004.25,-1.067,348.05,34.704,4.89186,0,1.3456,79.2763499999997,-371.94999999999993,-188.4094630397606,348.05000000000007,171.5905369602394,-479.6121198611504,-176.45946303976066
1.244,133.484,80.631,1004.25,-1.067,348.4,45.788,4.89186,0,1.3505,80.63100000000229,-371.59999999999997,-192.27089092062047,348.40000000000003,167.72910907937953,-929.2775035246566,179.32910907937946
1.2489999999999999,133.484,93.467,946.073,-0.519,348.75,52.737,4.89186,0,1.3555,92.79439999999995,-371.25000000000006,-198.71305097434802,348.74999999999994,161.28694902565198,-1451.9067933682636,172.536949025652
1.254,133.484,99.577,897.13,-0.768,349.1,55.712,4.363244,1,1.3605,99.57699999999993,-370.90000000000003,-208.0480567045568,349.09999999999997,151.9519432954432,-2042.8585320969617,162.85194329544322
1.2590999999999999,145.484,105.358,833.412,-1.017,349.45,56.967,4.363244,0,1.3656,105.31912794117643,-370.55,-219.93040434802163,349.45,140.06959565197837,-2438.4808902818595,150.6195956519784
1.2641,145.484,110.633,785.393,-0.544,350.51,116.404,4.363244,0,1.3706,110.63163316326532,-369.49,-233.2665133918894,350.51,126.73348660811061,-2766.1169134549596,136.22348660811065
1.269,145.484,115.732,745.685,-0.494,350.51,116.404,4.363244,0,1.3755,115.67934093637452,-369.49,-247.70564192868986,350.51,112.29435807131014,-3007.9564098978585,121.78435807131018
1.2741,145.484,120.502,693.972,-0.934,351.91,174.296,3.911803,1,1.3806,120.4958350588236,-368.0899999999999,-263.6137478105966,351.9100000000001,96.38625218940342,-3159.955551805323,104.47625218940334
1.2791,151.484,124.854,629.33,-0.984,352.97,175.585,3.911803,0,1.3856,124.42315199999992,-367.03,-279.5987284477664,352.97,80.4012715522336,-3203.312856853119,87.43127155223357
1.284,151.484,124.854,629.33,-0.984,355.08,264.251,3.911803,0,1.3905,124.85400000000072,-364.92,-295.2844237621491,355.08,64.71557623785088,-3196.5895508763565,69.6355762378509
1.289,151.484,128.832,576.694,-0.444,357.19,308.151,3.911803,0,1.3955,129.12586666666664,-362.80999999999995,-310.99321493948884,357.19000000000005,49.00678506051116,-3100.2381977538535,51.81678506051111
1.2941,151.484,135.887,475.114,-0.843,359.65,356.957,4.580226,1,1.4006,135.812374333334,-360.35,-325.9039798328492,359.65,34.09602016715081,-2832.298356145449,34.446020167150834
1.2991,151.484,138.876,419.707,-0.751,359.65,356.957,4.580226,0,1.4056,138.58008899999993,-360.35,-339.1825487257757,359.65,20.81745127422431,-2604.3227441151325,21.167451274224334
1.3051,151.484,138.876,419.707,-0.751,2.46,409.914,4.580226,0,1.4116,139.37654400000008,-357.54,-354.19315655849215,2.4599999999999795,5.806843441507851,-2443.921620912774,3.346843441507872
1.3101,151.484,143.932,296.889,-0.843,5.62,469.942,4.580226,0,1.4166,143.86933800000054,-354.38,-365.7608735982887,5.6200000000000045,354.2391264017113,-2248.2236886816254,-11.380873598288645
1.3151,151.484,145.69,245.176,-0.71,9.49,564.551,5.223535,1,1.4216,145.51595799999996,-350.51,-376.32408071222534,9.490000000000009,343.67591928777466,-2074.2820154281276,-25.814080712225405
1.32,145.484,145.69,245.176,-0.71,13.01,575.268,5.223535,0,1.4265,145.69000000000042,-346.98999999999995,-386.2209289178602,13.010000000000048,333.7790710821398,-1995.5809573587005,-39.23092891786024
1.3251,145.484,148.218,128.821,-1.1,17.93,697.311,5.223535,0,1.4316,148.02587304921963,-342.07,-396.06110665700095,17.930000000000007,323.93889334299905,-1901.8978537200921,-53.991106657000955
1.33,145.484,148.745,53.098,-1.175,22.85,760.698,5.223535,0,1.4365,148.74499999999992,-337.15000000000003,-405.1044574389757,22.849999999999966,314.8955425610243,-1824.1968882528963,-67.95445743897568
1.3351,145.484,148.811,-10.62,-0.693,22.85,760.698,5.45252,1,1.4416,148.80459411764707,-337.15000000000003,-414.2648632849874,22.849999999999966,305.7351367150126,-1786.0304352528074,-77.1148632849874
1.3399999999999999,133.484,148.811,-10.62,-0.693,27.77,764.216,5.45252,0,1.4465,148.81099999999998,-332.23,-422.91454325230336,27.769999999999982,297.08545674769664,-1755.9172593798594,-90.68454325230334
1.345,133.484,148.613,-40.17,-0.32,33.05,854.854,5.45252,0,1.4515,148.5823,-326.95000000000005,-431.5911142921942,33.049999999999955,288.4088857078058,-1727.619009907838,-104.64111429219417
1.3499999999999999,133.484,148.108,-102.965,-1.191,38.32,866.067,5.45252,0,1.4565,148.10799999999963,-321.67999999999995,-440.1475848546289,38.32000000000005,279.8524151453711,-1704.4930694682284,-118.46758485462897
1.3551,133.484,145.91,-194.386,-0.726,43.95,902.266,5.046038,1,1.4616,145.98839829411764,-316.04999999999995,-448.75766724739145,43.950000000000045,271.24233275260855,-1680.530282127799,-132.7076672473915
1.3600999999999999,115.484,144.547,-209.161,-0.112,49.22,890.796,5.046038,0,1.4666,144.57289699999973,-310.78000000000003,-457.0375474895962,49.21999999999997,262.9624525104038,-1643.3384189074407,-146.25754748959616
1.3651,115.484,144.547,-209.161,-0.112,49.22,890.796,5.046038,0,1.4716,144.37385102040813,-310.78000000000003,-465.09846131682076,49.21999999999997,254.90153868317924,-1598.9906568473627,-154.31846131682073
1.3699999999999999,115.484,142.833,-297.812,-1.964,55.2,932.501,5.046038,0,1.4765,142.83299999999988,-304.8,-472.7436966922205,55.19999999999999,247.2563033077795,-1539.2461842258938,-167.9436966922205
1.375,115.484,140.525,-367.994,-1.125,60.82,945.604,3.860658,1,1.4815,140.2257019607843,-299.18,-480.0525976299087,60.81999999999999,239.9474023700913,-1423.6490572637729,179.12740237009132
1.3800999999999999,91.484,135.118,-418.784,-0.162,66.8,970.706,3.860658,0,1.4866,135.15816562745056,-293.2,-486.6662178852557,66.80000000000001,233.33378211474428,-1231.227953912248,166.53378211474427
1.3851,91.484,131.931,-528.674,-2.13,72.07,924.963,3.860658,0,1.4916,131.861403,-287.93,-492.0356682466921,72.07,227.96433175330787,-1013.1300590145785,155.89433175330788
1.3901,91.484,128.041,-596.086,-0.992,77.7,926.078,3.860658,0,1.4966,128.0379916666667,-282.3,-496.3690924450239,77.69999999999999,223.6309075549761,-796.4468634290745,145.9309075549761
1.3961,91.484,123.183,-638.565,-0.61,82.97,903.808,1.769502,1,1.5026,123.17848433333339,-277.03000000000003,-499.97055258473745,82.96999999999997,220.02944741526255,-498.9718280027145,137.05944741526258
1.4011,61.484,118.897,-642.258,-0.104,82.97,903.808,1.769502,0,1.5076,118.86007299999999,-277.03000000000003,-501.5065139324758,82.96999999999997,218.4934860675242,-228.83804569845225,135.52348606752423
1.4061,61.484,114.238,-744.761,-2.238,88.59,909.908,1.769502,0,1.5126,114.32652099999906,-271.40999999999997,-501.7926460980676,88.59000000000003,218.20735390193238,10.985253895800218,129.61735390193235
1.411,61.484,114.238,-744.761,-2.238,93.52,878.69,1.769502,0,1.5175,113.15839215686272,-266.48,-501.07087448014903,93.51999999999998,218.92912551985097,216.8203307644684,125.40912551985099
1.4161,61.484,103.226,-859.269,-0.61,98.44,848.789,-1.991004,1,1.5226,103.32128649019508,-261.56,-498.6337277819845,98.44,221.36627221801552,621.9543783507517,122.92627221801553
1.4211,31.484,97.445,-867.58,0.104,102.66,775.679,-1.991004,0,1.5276,97.42114099999996,-257.34,-493.7455530080774,102.66000000000003,226.25444699192258,1100.515020042228,123.59444699192255
1.4261,31.484,91.423,-939.609,-1.739,106.52,707.786,-1.991004,0,1.5326,91.5374179999988,-253.48,-487.1754074525194,106.52000000000001,232.82459254748062,1392.5702152369156,126.30459254748064
1.431,31.484,91.423,-939.609,-1.739,106.52,707.786,-1.991004,0,1.5375,90.10858823529409,-253.48,-479.6790912622438,106.52000000000001,240.3209087377562,1595.8684702979042,133.80090873775623
1.4361,31.484,78.016,-1027.336,-0.12,110.04,643.04,-3.440599,1,1.5426,78.13627223529285,-249.95999999999995,-470.4276097810332,110.04000000000005,249.5723902189668,1926.3142460483696,139.53239021896673
1.4411,1.484,71.202,-1013.485,0.378,112.5,529.652,-3.440599,0,1.5476,71.87658600000012,-247.49999999999997,-459.7769792578846,112.50000000000003,260.2230207421154,2178.743999773412,147.7230207421154
1.446,1.484,71.202,-1013.485,0.378,113.91,381.785,-3.440599,0,1.5525,71.20199999999689,-246.09,-448.8332148238877,113.91,271.1667851761123,2252.8172827181834,157.25678517611232
1.4511,1.484,56.959,-1107.676,-0.768,114.96,278.667,-3.440599,0,1.5576,57.60593782352951,-245.04000000000002,-437.42004084149386,114.95999999999998,282.57995915850614,2212.3139698095792,167.61995915850616
1.4561,1.484,49.53,-1117.834,-0.212,115.31,168.455,-1.877627,1,1.5626,49.530418000000004,-244.69,-427.04358977021576,115.31,292.95641022978424,2002.915109942125,177.64641022978424
1.4611,-28.516,42.123,-1084.59,0.544,115.31,168.455,-1.877627,0,1.5676,42.856293000000136,-244.69,-417.7690103455295,115.31,302.2309896544705,1805.3255910700263,-173.07901034552953
1.466,-28.516,42.123,-1084.59,0.544,115.31,84.228,-1.877627,0,1.5725,42.122999999996686,-244.69,-409.52563592725596,115.31,310.47436407274404,1608.0340553564372,-164.83563592725596
1.4709999999999999,-28.516,27.199,-1139.074,-0.602,113.91,-76.817,-1.877627,0,1.5775,27.937282352941228,-246.09,-403.1251505184313,113.91,316.8748494815687,1119.2743560418937,-157.03515051843135
1.4761,-28.516,19.507,-1143.691,-0.129,111.45,-243.978,0.947962,1,1.5826,19.512469019607785,-248.55,-399.67985343355355,111.44999999999999,320.32014656644645,485.2763782705499,-151.12985343355354
1.4821,-52.516,10.803,-1098.442,0.851,108.63,-356.793,0.947962,0,1.5886,10.803006333333332,-251.37,-398.9090052065819,108.63,321.0909947934181,-48.17899933790885,-147.53900520658192
1.4870999999999999,-52.516,3.55,-1089.207,-0.411,105.12,-465.765,0.947962,0,1.5936,4.268047000000195,-254.88000000000002,-400.4946021730076,105.11999999999998,319.5053978269924,-398.37804805194975,-145.6146021730076
1.492,-52.516,3.55,-1089.207,-0.411,100.9,-590.502,0.947962,0,1.5985,3.5499999999984255,-259.09999999999997,-403.06953786222675,100.90000000000003,316.93046213777325,-578.779029076791,-143.9695378622268
1.4970999999999999,-52.516,-3.682,-1079.973,-0.17,100.9,-590.502,3.659133,1,1.6036,-4.361714588235416,-259.09999999999997,-407.00159774767167,100.90000000000003,312.99840225232833,-893.6180350374273,-147.9015977476717
1.5021,-70.516,-17.638,-1006.097,1.142,96.33,-654.976,3.659133,0,1.6086,-17.497286000001505,-263.66999999999996,-413.46900704310525,96.33000000000004,306.53099295689475,-1480.056552564779,-149.7990070431053
1.5070999999999999,-70.516,-24.188,-976.547,0.203,91.05,-795.67,3.659133,0,1.6136,-24.170575999999965,-268.95000000000005,-422.5271845903333,91.04999999999995,297.4728154096667,-1910.6557522397281,-153.57718459033327
1.5121,-70.516,-30.562,-950.69,0.394,85.78,-839.594,3.659133,0,1.6186,-30.557820000000056,-274.21999999999997,-432.813470084816,85.78000000000003,287.186529915184,-2111.9490811350606,-158.59347008481603
1.5171,-70.516,-36.716,-904.518,0.693,80.51,-859.309,3.624546,1,1.6236,-36.676894999999966,-279.48999999999995,-443.7341503899647,80.51000000000005,276.2658496100353,-2202.356999143865,-164.24415038996477
1.5221,-82.516,-42.475,-834.336,1.158,74.88,-899.22,3.624546,0,1.6286,-42.46747600000009,-285.11999999999995,-454.75032538994634,74.88000000000005,265.24967461005366,-2193.6424170130776,-169.6303253899464
1.5271,-82.516,-47.838,-794.627,0.577,74.88,-899.22,3.624546,0,1.6336,-47.81186399999997,-285.11999999999995,-465.3873945579252,74.88000000000005,254.61260544207482,-2093.382852073693,179.73260544207477
1.5321,-82.516,-52.937,-750.302,0.469,69.26,-908.538,3.624546,0,1.6386,-52.84011900000103,-290.74,-475.3690558061542,69.25999999999999,244.63094419384578,-1952.543772139631,175.3709441938458
1.537,-82.516,-52.937,-750.302,0.469,63.28,-963.116,0.639559,1,1.6435,-53.83347058823527,-296.71999999999997,-484.4640742003379,63.28000000000003,235.5359257996621,-1809.2967359539632,172.25592579966207
1.5421,-88.516,-62.081,-629.33,1.133,57.3,-980.331,0.639559,0,1.6486,-61.986252588236304,-302.7,-492.7952425850518,57.30000000000001,227.20475741494818,-1535.068845448011,169.90475741494816
1.5471,-88.516,-66.059,-581.311,0.411,50.98,-1016.02,0.639559,0,1.6536,-66.02850799999999,-309.02000000000004,-499.2164112786496,50.97999999999996,220.78358872135038,-1197.97780362642,169.80358872135042
1.5521,-88.516,-69.729,-532.368,0.552,44.3,-1065.909,0.639559,0,1.6586,-69.72316700000007,-315.70000000000005,-504.36515752014293,44.299999999999955,215.63484247985707,-955.4998687363434,171.33484247985712
1.5571,-88.516,-73.092,-475.114,0.702,44.3,-1065.909,-1.605973,1,1.6636,-72.75906299999991,-315.70000000000005,-508.4113380177516,44.299999999999955,211.58866198224842,-761.982119115709,167.28866198224847
1.5621,-88.516,-73.092,-475.114,0.702,37.97,-1028.268,-1.605973,0,1.6686,-73.18527416666568,-322.03000000000003,-511.7662124973516,37.96999999999997,208.2337875026484,-627.9742748720471,170.26378750264843
1.5681,-88.516,-78.983,-349.525,0.652,30.59,-1168.999,-1.605973,0,1.6746,-78.9298158333339,-329.41,-514.7105561285126,30.589999999999975,205.28944387148738,-411.8666619703126,174.6994438714874
1.5731,-88.516,-81.093,-296.889,0.893,23.2,-1202.494,-1.605973,0,1.6796,-81.05815199999998,-336.8,-516.0197182972837,23.19999999999999,203.9802817027163,-211.42297141763638,-179.2197182972837
1.5781,-88.516,-82.851,-245.176,0.536,15.12,-1273.472,-3.428555,1,1.6846,-82.84516700000006,-344.88,-516.6101719400953,15.120000000000005,203.38982805990474,-78.49067377761905,-171.73017194009526
1.5831,-82.516,-84.302,-197.156,0.743,6.68,-1340.651,-3.428555,0,1.6896,-84.26497399999998,-353.32,-516.609076158045,6.680000000000007,203.390923841955,29.26177502354371,-163.28907615804502
1.5881,-82.516,-85.379,-131.591,1.175,358.24,-1367.638,-3.428555,0,1.6946,-85.36918087755114,-361.76000000000005,-516.1645915788986,358.23999999999995,203.83540842110142,113.67934621078685,-154.40459157889853
1.593,-82.516,-85.928,-54.945,1.025,358.24,-1367.638,-3.428555,0,1.6995,-85.87629331732693,-361.76000000000005,-515.4080222913766,358.23999999999995,204.5919777086234,167.1781315867155,-153.64802229137655
1.5980999999999999,-82.516,-85.972,14.313,0.602,348.75,-1468.044,-3.929785,1,1.7046,-85.96700039215692,-371.25000000000006,-514.4521081451854,348.74999999999994,205.54789185481457,194.24997495830704,-143.20210814518538
1.6031,-78.596,-85.752,40.17,0.212,338.91,-1554.077,-3.929785,0,1.7096,-85.736853,-381.09,-513.4568985842545,338.91,206.54310141574547,199.7247793270204,-132.36689858425456
1.6080999999999999,-78.596,-85.379,66.95,0.444,329.06,-1606.072,-3.929785,0,1.7146,-85.37521900000006,-390.94,-512.4730175446773,329.06,207.5269824553227,194.40993893751465,-121.5330175446773
1.6131,-78.596,-84.807,96.5,0.502,319.22,-1620.726,-3.929785,0,1.7196,-84.79838699999999,-400.78,-511.5501058148847,319.22,208.44989418511528,179.94780353531692,-110.77010581488474
1.6180999999999999,-78.596,-84.148,99.271,0.411,309.38,-1627.942,-3.349306,1,1.7246,-84.14800000000001,-410.62,-510.7169541607301,309.38,209.2830458392699,160.20543062155994,-100.09695416073009
1.6231,-68.675,-83.489,103.888,0.237,309.38,-1627.942,-3.349306,0,1.7296,-83.473655,-410.62,-509.994563871938,309.38,210.005436128062,137.88923783370274,-99.374563871938
1.6280999999999999,-68.675,-82.675,135.285,0.826,299.53,-1624.218,-3.349306,0,1.7346,-82.6904659999998,-420.46999999999997,-509.37343502360534,299.53000000000003,210.62656497639466,119.43591681720875,-88.90343502360537
1.633,-68.675,-82.675,135.285,0.826,290.39,-1588.556,-3.349306,0,1.7395,-82.44441176470588,-429.60999999999996,-508.83964632977046,290.39000000000004,211.16035367022954,101.2880444019229,-79.2296463297705
1.6381,-68.675,-80.323,190.692,0.627,280.9,-1582.256,-2.581255,1,1.7446,-80.34051576470566,-439.09999999999997,-508.50519087180436,280.90000000000003,211.49480912819564,44.88700931112973,-69.4051908718044
1.6431,-52.755,-78.939,210.085,0.046,271.76,-1554.674,-2.581255,0,1.7496,-78.90840899999998,-448.23999999999995,-508.55774458260976,271.76000000000005,211.44225541739024,-31.09287803787106,-60.317744582609805
1.6481,-52.755,-77.246,280.267,1.673,262.97,-1491.356,-2.581255,0,1.7546,-77.27816699999958,-457.0299999999999,-508.9149968335998,262.9700000000001,211.0850031664002,-87.14822747177483,-51.88499683359987
1.6541,-52.755,-77.246,280.267,1.673,254.53,-1465.686,-2.581255,0,1.7606,-77.15329900000118,-465.47,-509.70304638552926,254.52999999999997,210.29695361447074,-165.2880353043242,-44.233046385529235
1.6591,-52.755,-72.367,371.688,0.262,254.53,-1465.686,-1.902638,1,1.7656,-72.60192700000005,-465.47,-511.01636108881354,254.52999999999997,208.98363891118646,-306.61681583739966,-45.54636108881351
1.6641,-38.053,-69.861,372.611,0.195,246.45,-1366.629,-1.902638,0,1.7706,-69.85725700000005,-473.55,-513.1083764829241,246.45,206.8916235170759,-467.0121123946414,-39.558376482924075
1.6691,-38.053,-67.158,431.712,1.374,239.06,-1337.863,-1.902638,0,1.7756,-67.12532999999999,-480.94,-515.9231106333316,239.06,204.0768893666684,-602.7225081321834,-34.98311063333159
1.6741,-38.053,-64.125,462.186,0.776,231.68,-1287.023,-1.902638,0,1.7806,-64.12165600000004,-488.31999999999994,-519.4590037581158,231.68000000000006,200.54099624188416,-757.5785430960176,-31.139003758115905
1.6791,-38.053,-60.916,477.885,0.403,225.0,-1200.217,-0.404696,1,1.7856,-60.91599999999998,-494.99999999999994,-523.8676012893434,225.00000000000006,196.13239871065662,-932.3915228548243,-28.86760128934344
1.6841,-17.351,-57.707,484.349,0.071,218.67,-1125.908,-0.404696,0,1.7906,-57.70450727450985,-501.33,-529.170295962053,218.67000000000002,190.82970403794695,-1121.1986202739108,-27.840295962053062
1.6892,-17.351,-54.3,542.526,1.532,218.67,-1125.908,-0.404696,0,1.7957,-54.24606290516203,-501.33,-535.6521254264911,218.67000000000002,184.34787457350888,-1335.2014052907218,-34.32212542649114
1.6941,-17.351,-50.476,590.545,0.934,212.7,-1047.954,-0.404696,0,1.8006,-50.473701775510236,-507.29999999999995,-542.9823435028455,212.70000000000005,177.01765649715446,-1572.0506825442078,-35.68234350284558
1.6991,-17.351,-46.453,600.703,0.27,207.42,-976.139,1.272469,1,1.8056,-46.44874299999998,-512.5799999999999,-551.8024608438916,207.42000000000007,168.1975391561084,-1841.6170401449208,-39.22246084389167
1.7041,9.351,-42.387,604.397,-0.253,202.5,-899.562,1.272469,0,1.8106,-42.46425399999902,-517.5,-561.8460084310029,202.5,158.15399156899707,-2074.4567863328007,-44.34600843100293
1.7089999999999999,9.351,-42.387,604.397,-0.253,197.93,-830.647,1.272469,0,1.8155,-41.48200000000001,-522.07,-572.6207319808414,197.92999999999995,147.37926801915864,-2261.079361576065,-50.550731980841306
1.7141,9.351,-33.156,752.149,1.0,194.06,-737.709,1.272469,0,1.8206,-33.32794999999781,-525.9399999999999,-585.1390945557978,194.06000000000006,134.86090544420222,-2546.054812995677,-59.19909455579784
1.7190999999999999,9.351,-33.156,752.149,1.0,194.06,-737.709,2.591626,1,1.8256,-32.64466499999986,-525.9399999999999,-598.6945395497647,194.06000000000006,121.30546045023527,-2762.395923560626,-72.75453954976479
1.7241,39.351,-27.991,786.316,0.403,191.25,-587.1,2.591626,0,1.8306,-27.884505000001347,-528.75,-613.0924506573667,191.25,106.90754934263327,-2943.7860697388746,-84.34245065736673
1.7290999999999999,39.351,-17.221,860.192,2.055,188.09,-577.096,2.591626,0,1.8356,-17.680162000000173,-531.9100000000001,-628.5306204959289,188.08999999999992,91.46937950407107,-3127.3539125989264,-96.62062049592885
1.7341,39.351,-11.089,930.374,1.191,185.62,-494.181,2.591626,0,1.8406,-11.084402000000054,-534.38,-644.2283368905589,185.62,75.77166310944108,-3126.6957232957625,-109.84833689055893
1.7390999999999999,39.351,-4.715,956.231,0.345,183.87,-393.332,4.012131,1,1.8456,-4.738496000000022,-536.13,-659.3905619528717,183.87,60.609438047128265,-2981.947654151671,-123.26056195287174
1.7450999999999999,69.351,2.649,941.456,-0.137,182.11,-340.42,4.012131,0,1.8516,2.678930999999994,-537.89,-676.0416734799571,182.11,43.958326520042874,-2655.6504332657337,-138.15167347995714
1.7501,69.351,9.088,991.322,1.615,181.05,-260.41,4.012131,0,1.8566,9.095542999999909,-538.9499999999999,-688.08880782428,181.05000000000007,31.911192175719975,-2287.4147928574307,-149.1388078242801
1.7550999999999999,69.351,15.924,1043.958,0.884,181.05,-260.41,4.012131,0,1.8616,15.943502999999978,-538.9499999999999,-697.975786994229,181.05000000000007,22.024213005771003,-1849.3048278971028,-159.02578699422907
1.7601,69.351,22.957,1056.887,0.203,180.0,-216.671,5.559885,1,1.8666,22.823373000001705,-540.0,-705.8270182434827,180.0,14.172981756517288,-1460.9293546054173,-165.8270182434827
1.7651,99.351,22.957,1056.887,0.203,178.95,-190.282,5.559885,0,1.8716,23.646832000000188,-541.05,-712.301911076912,178.95000000000005,7.698088923087994,-1229.5851028174945,-171.25191107691205
1.7701,99.351,29.925,1036.571,-0.436,178.24,-159.303,5.559885,0,1.8766,30.06362399999825,-541.76,-717.2560694982254,178.24,2.743930501774571,-839.5141969320674,-175.49606949822544
1.7751,99.351,44.189,1102.136,0.502,177.19,-167.026,5.559885,0,1.8816,43.51233499999976,-542.81,-718.8971354015295,177.19000000000005,1.1028645984705463,-123.70789608933865,-176.0871354015295
1.7801,99.351,51.618,1111.37,0.095,176.84,-112.701,6.817849,1,1.8866,51.4768490000018,-543.16,-717.4337326911955,176.84000000000003,2.5662673088045267,445.45603857736035,-174.2737326911955
1.7851,129.351,51.618,1111.37,0.095,176.84,-112.701,6.817849,0,1.8916,52.34050200000019,-543.16,-714.3112810941021,176.84000000000003,5.688718905897872,693.5836598065766,-171.15128109410216
1.7901,129.351,58.916,1077.203,-0.386,175.78,-142.751,6.817849,0,1.8966,59.0579679999982,-544.22,-711.6044804383495,175.77999999999997,8.39551956165053,427.97055671081034,-167.38448043834944
1.7951,129.351,73.686,1138.15,0.436,175.08,-131.053,6.817849,0,1.9016,72.22376999999955,-544.9200000000001,-710.2255105424103,175.07999999999993,9.774489457589652,231.49234670571118,-165.30551054241027
1.8001,129.351,73.686,1138.15,0.436,174.38,-123.794,7.842699,1,1.9066,73.97289999999636,-545.6199999999999,-709.4479558082838,174.3800000000001,10.552044191716163,126.50943584031808,-163.82795580828395
1.8051,156.854,88.786,1100.289,-0.652,173.32,-150.035,7.842699,0,1.9116,87.29109999999955,-546.68,-709.0214544777441,173.32000000000005,10.9785455222559,75.44270715023157,-162.34145447774415
1.8101,156.854,88.786,1100.289,-0.652,171.91,-192.342,7.842699,0,1.9166,89.06995499999641,-548.0899999999999,-707.302062908155,171.91000000000008,12.697937091845006,509.1922994854212,-159.21206290815508
1.8151,156.854,103.731,1120.605,0.262,171.91,-192.342,7.842699,0,1.9216,102.99562799999974,-548.0899999999999,-702.677529446359,171.91000000000008,17.322470553640983,1118.1832810011324,-154.5875294463591
1.8201,156.854,111.248,1107.676,-0.228,170.51,-211.624,8.231339,1,1.9266,111.23778116666679,-549.49,-694.6279483701973,170.51,25.37205162980274,1815.4999048172017,-145.13794837019725
1.8261,178.357,119.623,1062.427,-1.0,168.75,-254.028,8.231339,0,1.9326,119.62235083333333,-551.2499999999999,-681.4550211590891,168.7500000000001,38.54497884091086,2375.829756248749,-130.20502115908926
1.8311,178.357,126.568,1031.954,0.021,166.64,-303.755,8.231339,0,1.9376,126.55938699999996,-553.36,-668.152527640203,166.64,51.84747235979705,2765.5650008684484,-114.79252764020293
1.8361,178.357,133.426,1010.714,-0.311,163.83,-386.306,8.231339,0,1.9426,133.42263700000004,-556.17,-653.2812151040324,163.83000000000004,66.71878489596759,3058.3009691399475,-97.11121510403245
1.8411,178.357,140.107,987.628,-0.735,160.66,-456.348,7.175653,1,1.9476,140.07442899999998,-559.34,-637.4089675404537,160.65999999999997,82.59103245954634,3204.734349842585,-78.06896754045363
1.8460999999999999,193.86,146.459,919.293,-1.191,156.8,-550.222,7.175653,0,1.9526,146.3383120000018,-563.2,-621.3619159385921,156.79999999999995,98.63808406140788,3197.0685352894466,-58.161915938592074
1.8512,193.86,146.459,919.293,-1.191,156.8,-550.222,7.175653,0,1.9577,147.6152122448987,-563.2,-605.4509920906293,156.79999999999995,114.54900790937074,3072.8438666738666,-42.25099209062921
1.8560999999999999,193.86,158.262,859.269,-0.361,151.88,-675.229,7.175653,0,1.9626,158.13798932653245,-568.12,-591.3718152173194,151.88,128.6281847826806,2758.326843954636,-23.251815217319404
1.8611,193.86,163.779,811.249,-0.893,146.95,-759.773,5.846869,1,1.9676,163.739796,-573.05,-579.2915396533411,146.95000000000005,140.70846034665885,2295.2303987284736,-6.241539653341192
1.8660999999999999,203.362,168.9,741.067,-0.992,140.62,-905.58,5.846869,0,1.9726,168.8929130000001,-579.38,-569.0260578705738,140.62,150.97394212942618,1944.9481243355813,10.353942129426173
1.8711,203.362,173.648,693.972,-0.569,133.95,-1009.269,5.846869,0,1.9776,173.619686,-586.05,-560.5012760447729,133.95000000000005,159.4987239552271,1611.1759709562161,25.548723955227047
1.8760999999999999,203.362,178.11,654.263,-0.56,126.56,-1118.933,5.846869,0,1.9826,178.10219062745108,-593.4399999999999,-553.5317230002715,126.56000000000006,166.46827699972846,1295.9263710360667,39.9082769997284
1.8812,203.362,182.242,593.316,-0.785,126.56,-1118.933,3.781763,1,1.9877,182.22554669867947,-593.4399999999999,-548.0024532846032,126.56000000000006,171.99754671539677,1000.5270810354654,45.43754671539671
1.8860999999999999,206.865,186.044,545.296,-1.15,118.12,-1224.77,3.781763,0,1.9926,186.03460275510218,-601.88,-543.98547953184,118.12,176.01452046815996,740.3972078585954,57.89452046815995
1.8911,206.865,189.429,492.66,-0.909,109.34,-1390.107,3.781763,0,1.9976,189.40286400000002,-610.66,-541.1432073223447,109.34000000000003,178.85679267765533,503.1417072746857,69.5167926776553
1.8961000000000001,206.865,192.55,445.564,-1.034,100.2,-1457.419,3.781763,0,2.0026,192.5428940000001,-619.8,-539.3576392186994,100.20000000000005,180.64236078130057,292.1338412224749,80.44236078130052
1.9011,206.865,195.297,387.387,-0.735,90.7,-1519.246,0.940488,1,2.0076,195.260073,-629.3000000000001,-538.5719836607252,90.69999999999993,181.4280163392748,106.13214817812772,90.72801633927486
1.9061,204.368,197.671,329.209,-0.735,80.86,-1571.426,0.940488,0,2.0126,197.62589400000064,-639.14,-538.5541511865632,80.86000000000001,181.44584881343678,-36.396778783996204,100.58584881343677
1.9121000000000001,204.368,197.671,329.209,-0.735,70.66,-1644.14,0.940488,0,2.0186,197.7420029999991,-649.34,-539.239353253569,70.65999999999997,180.760646746431,-159.2066305990842,110.10064674643104
1.9171,204.368,201.408,203.62,-0.619,70.66,-1644.14,0.940488,0,2.0236,201.15119399999992,-649.34,-540.5378717663716,70.65999999999997,179.4621282336284,-302.3283958034191,108.80212823362842
1.9221,204.368,202.551,149.137,-0.893,60.47,-1653.029,-2.422071,1,2.0286,202.54556600000004,-659.53,-542.5211027306362,60.47000000000003,177.47889726936376,-432.87201417443544,117.00889726936373
1.9270999999999998,195.871,203.408,114.969,-0.726,50.62,-1652.059,-2.422071,0,2.0336,203.35354999999998,-669.38,-544.9104238152189,50.620000000000005,175.0895761847811,-492.885522243848,124.46957618478109
1.9321000000000002,195.871,203.715,1.385,-1.723,40.43,-1697.082,-2.422071,0,2.0386,203.70417000000012,-679.57,-547.4924493924607,40.42999999999995,172.50755060753932,-523.8092550657741,132.07755060753937
1.9371,195.871,203.452,-61.409,-0.934,30.59,-1669.485,-2.422071,0,2.0436,203.425765,-689.4100000000001,-550.1108771057236,30.589999999999918,169.8891228942764,-520.9921719725091,139.29912289427648
1.9421,195.871,202.924,-86.342,-0.718,21.45,-1592.373,-6.009258,1,2.0486,202.92192900000006,-698.55,-552.6417802827254,21.450000000000045,167.35821971727455,-498.02317235472736,145.9082197172745
1.9470999999999998,181.373,202.287,-102.041,-0.469,21.45,-1592.373,-6.009258,0,2.0536,202.25433,-698.55,-555.0121229963904,21.450000000000045,164.98787700360958,-463.38523335546034,143.53787700360954
1.9521000000000002,181.373,201.32,-174.993,-1.374,11.6,-1603.31,-6.009258,0,2.0586,201.3108040000001,-708.4000000000001,-557.1660267586996,11.599999999999909,162.83397324130044,-413.5698930649997,151.23397324130053
1.9571,181.373,199.869,-246.099,-1.059,2.46,-1581.188,-6.009258,0,2.0636,199.838607,-717.54,-558.9814692192996,2.4600000000000364,161.01853078070042,-340.9136515324279,158.55853078070038
1.9621,181.373,198.111,-270.109,-0.428,353.67,-1516.387,-5.187235,1,2.0686,198.10807400000007,-726.3299999999999,-560.3819781671041,353.6700000000001,159.61802183289592,-250.65829788818013,165.94802183289585
1.9670999999999998,160.876,196.199,-291.348,-0.519,345.23,-1466.885,-5.187235,0,2.0736,196.15544000000003,-734.77,-561.2690018655719,345.23,158.7309981344281,-146.82114643874056,173.50099813442807
1.9720999999999997,160.876,193.847,-394.774,-1.881,336.8,-1430.621,-5.187235,0,2.0786,193.83573300000023,-743.1999999999999,-561.5914748578591,336.80000000000007,158.4085251421409,-23.815949153807004,-178.39147485785918
1.9771,160.876,190.902,-467.727,-0.901,336.8,-1430.621,-5.187235,0,2.0836,190.86715199999995,-743.1999999999999,-561.1787977762712,336.80000000000007,158.82120222372885,127.35620957030233,-177.97879777627122
1.9821,160.876,187.605,-503.741,-0.361,329.41,-1324.177,-2.324605,1,2.0886,187.60207400000002,-750.59,-559.9543326540507,329.40999999999997,160.04566734594925,301.0482987199222,-169.3643326540507
1.9870999999999999,134.379,184.154,-511.129,-0.037,322.38,-1249.702,-2.324605,0,2.0936,184.49564900000013,-757.6199999999999,-557.855722536149,322.3800000000001,162.14427746385104,458.23019758086156,-160.23572253614907
1.9920999999999998,134.379,184.154,-511.129,-0.037,315.35,-1215.151,-2.324605,0,2.0986,183.99364000000273,-764.6499999999999,-555.0961404460667,315.35000000000014,164.90385955393333,606.025801867459,-150.4461404460668
1.9971,134.379,175.714,-705.053,-1.299,308.67,-1161.76,-2.324605,0,2.1036,176.08533250000005,-771.3299999999999,-551.0669298829243,308.6700000000001,168.93307011707566,900.3916802152559,-139.73692988292441
2.0031,134.379,170.087,-734.603,-0.444,302.7,-1074.864,-0.040803,1,2.1096,170.05949450000003,-777.3,-543.881789884763,302.70000000000005,176.11821011523705,1338.9405718629828,-126.581789884763
2.0080999999999998,104.379,165.12,-741.067,0.095,296.72,-1041.158,-0.040803,0,2.1146,165.11775241176474,-783.28,-536.0838432678428,296.72,183.91615673215722,1662.3189353280595,-112.80384326784281
2.0132,104.379,159.933,-832.489,-2.204,296.72,-1041.158,-0.040803,0,2.1197,160.42118823529404,-783.28,-526.4935803521943,296.72,193.50641964780573,1952.7293311305914,-103.2135803521943
2.0181,104.379,159.933,-832.489,-2.204,290.39,-1035.746,-0.040803,0,2.1246,159.70539899999858,-789.61,-516.1392118850156,290.39,203.86078811498442,2202.1808054416415,-86.52921188501557
2.0231,104.379,147.954,-933.145,-0.179,284.77,-993.688,1.08773,1,2.1296,149.13992099999962,-795.23,-503.667972193944,284.77,216.33202780605598,2609.3881424092538,-68.437972193944
2.0281,74.379,147.954,-933.145,-0.179,278.79,-999.259,1.08773,0,2.1346,147.8362379999983,-801.2099999999999,-489.4659515306597,278.7900000000001,230.5340484693403,2926.966442403144,-48.255951530659786
2.0331,74.379,141.756,-924.834,0.212,273.16,-969.09,1.08773,0,2.1396,141.05527800000036,-806.8399999999999,-473.9904275045263,273.1600000000001,246.00957249547372,3186.912986286954,-27.150427504526363
2.0381,74.379,128.48,-1043.035,-0.876,267.89,-924.201,1.08773,0,2.1446,128.59819900000323,-812.11,-456.88345215980104,267.89,263.11654784019896,3512.5318345821547,-4.773452159801025
2.0431,74.379,121.425,-1063.351,-0.046,267.89,-924.201,1.337274,1,2.1496,122.12344499999946,-812.11,-438.99050149008866,267.89,281.00949850991134,3580.8449686497856,13.119498509911352
2.0481,44.379,121.425,-1063.351,-0.046,262.62,-874.271,1.337274,0,2.1546,121.1581449999905,-817.38,-421.31488187215456,262.62,298.68511812784544,3496.104448732858,36.06511812784544
2.0531,44.379,107.38,-1085.514,-1.125,258.05,-843.923,1.337274,0,2.1596,108.0371619999992,-821.9499999999998,-405.0770799847063,258.0500000000002,314.9229200152937,3110.4646470077814,56.872920015293516
2.0581,44.379,99.973,-1120.605,-0.718,253.83,-775.335,1.337274,0,2.1646,99.97090999999989,-826.17,-391.5932995344239,253.83000000000004,328.4067004655761,2511.9235323489324,74.57670046557604
2.0631,44.379,92.456,-1122.452,-0.195,250.66,-650.533,-0.058467,1,2.1696,93.2001829999991,-829.34,-380.5800862297549,250.65999999999997,339.4199137702451,2104.5045470623018,88.75991377024513
2.0681,14.379,92.456,-1122.452,-0.195,247.5,-588.739,-0.058467,0,2.1746,92.31720686273724,-832.5,-370.9539692781042,247.5,349.0460307218958,1840.415892943716,101.54603072189582
2.0732,14.379,85.005,-1087.361,0.66,247.5,-588.739,-0.058467,0,2.1797,84.24432773109466,-832.5,-364.8280418621808,247.5,355.1719581378192,991.6786655788803,107.67195813781922
2.0781,14.379,70.081,-1152.002,-0.635,245.39,-466.015,-0.058467,0,2.1846,70.22250385715266,-834.6100000000001,-361.80653606685206,245.38999999999987,358.19346393314794,430.9473656358463,112.80346393314807
2.0831,14.379,62.3,-1140.921,-0.021,243.98,-353.743,-3.566417,1,2.1896,62.32613599999995,-836.02,-362.0033444560368,243.98000000000002,357.9966555439632,-178.405147024549,114.01665554396317
2.0881,-15.621,54.783,-1107.676,0.843,243.28,-234.857,-3.566417,0,2.1946,54.789767166667204,-836.72,-364.6832456686609,243.27999999999997,355.3167543313391,-695.1115060397701,112.03675433133913
2.0941,-15.621,46.19,-1123.375,-0.976,242.93,-146.698,-3.566417,0,2.2006,46.181978833332636,-837.07,-371.249178981549,242.92999999999995,348.750821018451,-1295.245215226157,105.82082101845106
2.0991,-15.621,38.607,-1140.921,-0.32,243.63,-15.916,-3.566417,0,2.2056,38.604822,-836.37,-379.55174098618596,243.63,340.44825901381404,-1806.942148711028,96.81825901381404
2.1041,-15.621,31.002,-1133.533,0.245,245.39,140.951,-6.667959,1,2.2106,31.146495000013665,-834.6100000000001,-390.1130244058134,245.38999999999987,329.8869755941866,-2228.0012847992944,84.49697559418672
2.1090999999999998,-45.621,31.002,-1133.533,0.245,245.39,140.951,-6.667959,0,2.2156,29.54848200000332,-834.6100000000001,-402.2191701118247,245.38999999999987,317.7808298881753,-2517.0418573938323,72.3908298881754
2.1141,-45.621,16.32,-1101.212,-0.868,247.5,243.423,-6.667959,0,2.2206,16.457807000014746,-832.5,-416.3539441420655,247.5,303.6460558579345,-2987.0049709607733,56.14605585793453
2.1191,-45.621,8.891,-1122.452,-0.361,250.66,389.338,-6.667959,0,2.2256,8.888822000000005,-829.34,-432.93221692372447,250.65999999999997,287.06778307627553,-3405.3780069977274,36.407783076275564
2.1241,-45.621,1.44,-1114.141,0.137,254.53,517.299,-5.611138,1,2.2306,1.4425080000002892,-825.47,-450.4063741763428,254.52999999999997,269.5936258236572,-3513.3651814926734,15.063625823657219
2.1290999999999998,-75.621,-5.879,-1081.82,0.602,258.75,610.377,-5.611138,0,2.2356,-5.1544190000019166,-821.2500000000001,-467.7213157905293,258.7499999999999,252.27868420947073,-3431.446935802089,-6.471315790529161
2.1341,-75.621,-5.879,-1081.82,0.602,263.32,683.064,-5.611138,0,2.2406,-6.159231000035933,-816.68,-484.27891391952716,263.32000000000005,235.72108608047284,-3236.1598100942247,-27.598913919527206
2.1391,-75.621,-20.628,-1120.605,-0.536,263.32,683.064,-5.611138,0,2.2456,-19.901142000002118,-816.68,-498.777186247663,263.32000000000005,221.222813752337,-2728.7882969199154,-42.097186247663046
2.1441,-75.621,-28.035,-1118.758,0.145,268.95,805.731,-4.747312,1,2.2506,-27.89426699998077,-811.05,-510.29064133886317,268.95000000000005,209.70935866113683,-2143.0442908568216,-59.24064133886321
2.1491,-99.621,-28.035,-1118.758,0.145,274.22,809.464,-4.747312,0,2.2556,-29.4798059999954,-805.78,-519.8694860989252,274.22,200.13051390107478,-1801.2320038477833,-74.08948609892525
2.1541,-99.621,-42.629,-1084.59,-0.494,279.84,923.403,-4.747312,0,2.2606,-42.489938999979266,-800.16,-526.9101225272293,279.84000000000003,193.0898774727707,-1198.1716935273316,-86.75012252722934
2.1591,-99.621,-49.904,-1095.672,-0.262,285.47,930.535,-4.747312,0,2.2656,-49.904,-794.5299999999999,-530.2900895494572,285.47000000000014,189.7099104505428,-496.5759303368712,-95.76008954945735
2.1641,-99.621,-57.179,-1067.968,0.453,290.74,906.422,-3.696032,1,2.2706,-57.17400299999921,-789.2599999999999,-530.9849957301303,290.7400000000001,189.01500426986968,20.16830524981835,-101.72499573013044
2.1691,-117.621,-64.191,-1019.949,1.183,290.74,906.422,-3.696032,0,2.2756,-64.15823100000006,-789.2599999999999,-529.1149561640206,290.7400000000001,190.88504383597945,512.4775473887843,-99.85495616402068
2.1741,-117.621,-70.872,-984.858,0.286,296.02,884.442,-3.696032,0,2.2806,-70.86992899999966,-783.98,-524.9177866436894,296.02,195.0822133563106,989.2000755918282,-100.93778664368938
2.1791,-117.621,-77.444,-962.695,0.56,300.59,828.701,-3.696032,0,2.2856,-77.38992950000022,-779.41,-518.3126942315091,300.59000000000003,201.6873057684909,1450.5639294727566,-98.90269423150914
2.1851,-117.621,-84.675,-905.441,1.059,304.8,765.675,-0.539604,1,2.2916,-84.64640550000006,-775.2,-507.5204001314381,304.79999999999995,212.47959986856188,1966.7477940092604,-92.32040013143808
2.1901,-129.621,-90.412,-831.565,1.341,308.67,705.194,-0.539604,0,2.2966,-90.40363999999846,-771.3299999999999,-496.36835815810815,308.6700000000001,223.63164184189185,2346.5779726856667,-85.03835815810822
2.1951,-129.621,-95.709,-785.393,0.428,312.19,646.959,-0.539604,0,2.3016,-95.18459700000219,-767.81,-483.60983000569706,312.19000000000005,236.39016999430294,2612.290316660966,-75.79983000569712
2.2001,-129.621,-95.709,-785.393,0.428,315.0,557.393,-0.539604,0,2.3066,-95.802342156881,-765.0000000000001,-470.0918920707795,314.9999999999999,249.90810792922048,2739.123797206203,-65.09189207077941
2.2052,-129.621,-100.72,-735.527,0.81,315.0,557.393,2.485397,1,2.3117,-101.12471932772745,-765.0000000000001,-455.74311307713003,314.9999999999999,264.25688692286997,2847.0184281768625,-50.74311307712992
2.2101,-135.621,-109.666,-610.861,0.926,317.46,472.91,2.485397,0,2.3166,-109.56646714283643,-762.5400000000001,-441.58740522689595,317.4599999999999,278.41259477310405,2894.492494941582,-39.047405226895876
2.2151,-135.621,-113.556,-572.076,0.726,319.92,452.947,2.485397,0,2.3216,-113.52560700000014,-760.08,-427.34473484814464,319.91999999999996,292.65526515185536,2825.1697229622578,-27.2647348481446
2.2201,-135.621,-117.139,-524.98,0.834,321.68,374.336,2.485397,0,2.3266,-117.07092299998527,-758.3200000000002,-413.49133515280926,321.67999999999984,306.50866484719074,2747.742366335419,-15.171335152809093
2.2251,-135.621,-117.139,-524.98,0.834,323.09,303.665,4.89196,1,2.3316,-117.74824599999708,-756.9100000000001,-400.01303580592713,323.0899999999999,319.98696419407287,2665.8387728889093,-3.1030358059270498
2.2300999999999997,-135.621,-123.293,-413.243,0.909,324.49,269.13,4.89196,0,2.3366,-123.22275439214108,-755.51,-387.2733661337725,324.49,332.7266338662275,2481.9299777848555,8.236633866227464
2.2352,-135.621,-125.799,-359.683,0.602,324.49,269.13,4.89196,0,2.3417,-125.7719901560627,-755.51,-375.49479706960017,324.49,344.50520293039983,2250.940536331171,20.015202930399823
2.2401,-135.621,-127.931,-301.506,0.868,325.2,192.993,4.89196,0,2.3466,-127.92390330612076,-754.8000000000001,-364.9589334210485,325.19999999999993,355.0410665789515,2107.6213858391375,29.84106657895154
2.2451,-135.621,-129.733,-246.099,0.751,325.9,155.233,5.163912,1,2.3516,-129.70260700000017,-754.1,-354.8791100353348,325.9,5.120889964665196,1981.3981411487102,39.22088996466522
2.2500999999999998,-129.621,-131.228,-209.161,0.71,326.6,136.132,5.163912,0,2.3566,-131.19959499999302,-753.4,-347.46453327895415,326.6,12.53546672104585,1212.291218763823,45.93546672104583
2.2551,-129.621,-131.228,-209.161,0.71,326.95,97.131,5.163912,0,2.3616,-131.39332999999908,-753.0500000000001,-343.40547693856587,326.94999999999993,16.59452306143413,685.5122963780822,49.6445230614342
2.2601,-129.621,-132.898,-49.404,1.158,326.95,48.566,5.163912,0,2.3666,-132.86749941175682,-753.0500000000001,-340.4822629742949,326.94999999999993,19.517737025705117,564.1447675268735,52.567737025705185
2.2652,-129.621,-132.964,7.849,0.66,326.95,48.566,4.139057,1,2.3717,-132.94018823529439,-753.0500000000001,-337.80351777890183,326.94999999999993,22.196482221098165,514.9628327548277,55.24648222109823
2.2712,-117.621,-132.744,41.093,0.311,326.95,24.283,4.139057,0,2.3777,-132.7615999999998,-753.0500000000001,-334.77618835295095,326.94999999999993,25.223811647049047,500.458759390048,58.273811647049115
2.2761,-117.621,-132.744,41.093,0.311,326.6,-17.814,4.139057,0,2.3826,-132.73398699999723,-753.4,-332.34987206253993,326.6,27.65012793746007,493.53046266735606,61.05012793746005
2.2811,-117.621,-132.217,108.505,1.092,326.25,-38.755,4.139057,0,2.3876,-132.17561800000027,-753.75,-329.86350509853236,326.25,30.136494901467643,501.31741916167954,63.88649490146764
2.2861,-117.621,-131.272,156.525,0.917,325.55,-76.976,3.464339,1,2.3926,-131.2454451639269,-754.45,-327.23597507131495,325.54999999999995,32.764024928685046,541.0827049190308,67.21402492868509
2.2922,-99.621,-128.414,211.931,0.145,324.49,-116.854,3.464339,0,2.3987,-128.49833442624097,-755.51,-323.6196412712161,324.49,36.380358728783904,614.2254828860436,71.8903587287839
2.2972,-99.621,-128.414,211.931,0.145,323.79,-125.911,3.464339,0,2.4037,-128.24609795918587,-756.21,-320.42477511684086,323.78999999999996,39.57522488315914,647.5645407056011,75.78522488315917
2.3021,-99.621,-126.7,295.965,1.889,322.38,-180.622,3.464339,0,2.4086,-126.64273845536495,-757.6199999999999,-317.0722393765551,322.3800000000001,42.9277606234449,710.5426724768522,80.54776062344479
2.3072,-99.621,-121.842,392.004,0.436,322.38,-180.622,3.05289,1,2.4137,-122.03228475389898,-757.6199999999999,-312.8857600763607,322.3800000000001,47.114239923639275,867.9232207030918,84.73423992363917
2.3121,-75.621,-119.117,416.014,0.137,321.33,-171.982,3.05289,0,2.4186,-119.10969663265078,-758.67,-308.1340166597423,321.33000000000004,51.865983340257685,1011.3865814718363,90.53598334025764
2.3171,-75.621,-115.952,521.287,2.096,319.57,-244.002,3.05289,0,2.4236,-115.8802250000005,-760.43,-302.68262473438966,319.57000000000005,57.31737526561034,1122.2146036678598,97.74737526561029
2.3221,-75.621,-112.062,598.856,0.967,318.16,-239.465,3.05289,0,2.4286,-112.05656599999824,-761.84,-296.68221439149914,318.15999999999997,63.317785608500856,1235.8223121471594,105.15778560850089
2.3271,-75.621,-107.886,630.254,0.544,315.7,-325.436,2.635073,1,2.4336,-108.299423999997,-764.3,-290.18737627355284,315.70000000000005,69.81262372644716,1315.2733870552565,114.11262372644711
2.3331,-45.621,-107.886,630.254,0.544,313.24,-363.898,2.635073,0,2.4396,-106.93728300000684,-766.76,-282.10523282599536,313.24,77.89476717400464,1365.9872098853875,124.65476717400463
2.3381,-45.621,-98.303,736.45,2.204,310.43,-419.123,2.635073,0,2.4446,-98.38401600002743,-769.57,-275.0989694747379,310.42999999999995,84.90103052526212,1415.7525501856005,134.47103052526217
2.3431,-45.621,-92.984,819.561,1.324,310.43,-419.123,2.635073,0,2.4496,-92.95133000000018,-769.57,-268.00336014408725,310.42999999999995,91.99663985591275,1412.1652937184422,141.5666398559128
2.3481,-45.621,-87.335,854.652,0.594,307.62,-440.854,2.288305,1,2.4546,-87.33290999999927,-772.38,-261.15636322544765,307.62,98.84363677455235,1343.835111663203,151.22363677455235
2.3531,-15.621,-81.576,862.963,-0.112,303.75,-546.902,2.288305,0,2.4596,-82.14614099999562,-776.25,-254.82156597091378,303.75,105.17843402908622,1237.325126328242,161.42843402908625
2.3581,-15.621,-81.576,862.963,-0.112,300.23,-567.04,2.288305,0,2.4646,-81.3379679999144,-779.77,-249.04689310031256,300.23,110.95310689968744,1107.4255999617726,170.72310689968742
2.3630999999999998,-15.621,-69.048,1002.403,1.042,296.02,-635.111,2.288305,0,2.4696,-69.61368599999561,-783.98,-244.46064582044446,296.02,115.53935417955554,822.6554720408125,179.51935417955553
2.3681,-15.621,-62.234,1030.107,0.203,291.45,-697.225,1.519803,1,2.4746,-62.23401899999999,-788.5500000000001,-241.67217897780947,291.44999999999993,118.32782102219053,440.83152847978545,-173.1221789778094
2.3731,14.379,-55.421,1015.332,-0.403,291.45,-697.225,1.519803,0,2.4796,-55.41218900000007,-788.5500000000001,-240.58733772309776,291.44999999999993,119.41266227690224,127.32559554337377,-172.0373377230977
2.3781,14.379,-48.519,1054.116,1.225,286.52,-751.414,1.519803,0,2.4846,-48.65013800004992,-793.48,-240.90186216530944,286.52,119.09813783469056,-137.042067410075,-167.42186216530942
2.3830999999999998,14.379,-48.519,1054.116,1.225,281.6,-795.783,1.519803,0,2.4896,-47.06548200001219,-798.4,-242.29287189924267,281.6,117.70712810075733,-349.9426406045953,-163.8928718992427
2.3881,14.379,-33.837,1116.911,0.32,276.68,-807.076,0.439907,1,2.4946,-33.976897000055,-803.32,-245.26704209403712,276.67999999999995,114.73295790596288,-724.7495705614966,-161.94704209403707
2.3931,38.379,-26.518,1082.743,-0.502,271.76,-815.74,0.439907,0,2.4996,-26.522355999999963,-808.24,-250.4181879149489,271.76,109.5818120850511,-1127.9164328385325,-162.1781879149489
2.3981,38.379,-19.243,1096.595,0.403,267.19,-787.02,0.439907,0,2.5046,-19.241745999999495,-812.81,-256.8962073609185,267.19000000000005,103.10379263908152,-1363.8093175842182,-164.08620736091854
2.4031,38.379,-11.902,1100.289,0.095,267.19,-787.02,0.439907,0,2.5096,-11.902000000000063,-812.81,-264.2996003173598,267.19000000000005,95.70039968264018,-1519.115380347309,-171.48960031735987
2.4081,38.379,-4.561,1079.973,-0.328,262.97,-743.134,1.190588,1,2.5146,-4.564743000001538,-817.03,-272.1753554839583,262.97,87.8246445160417,-1591.928059087761,-175.14535548395833
2.4131,56.379,2.583,1031.03,-0.909,259.1,-695.337,1.190588,0,2.5196,2.545875000000335,-820.9,-280.09705325364035,259.1,79.90294674635965,-1572.8137274328733,-179.19705325364038
2.4181,56.379,9.352,1000.556,0.037,255.59,-641.185,1.190588,0,2.5246,9.223388999945632,-824.41,-287.717719715874,255.59000000000003,72.28228028412599,-1500.9657337667131,176.69228028412596
2.4241,56.379,9.352,1000.556,0.037,252.77,-555.434,1.190588,0,2.5306,9.614675000113252,-827.23,-296.2547093466067,252.76999999999998,63.74529065339328,-1359.2087119508487,170.9752906533933
2.4291,56.379,23.177,912.829,-0.909,250.31,-479.703,1.366525,1,2.5356,21.80832500001283,-829.6899999999999,-302.08893275978653,250.31000000000006,57.91106724021347,-1087.5105855341724,167.6010672402134
2.4341,68.379,23.177,912.829,-0.909,248.2,-418.355,1.366525,0,2.5406,23.286421000048097,-831.8,-306.7040121502546,248.20000000000005,53.295987849745416,-862.3155211823789,165.09598784974537
2.4391,68.379,28.936,831.565,-1.25,248.2,-418.355,1.366525,0,2.5456,28.896796000000325,-831.8,-310.5236847309472,248.20000000000005,49.476315269052805,-710.2991952458704,161.27631526905276
2.4441,68.379,34.299,785.393,-0.643,246.45,-351.912,1.366525,0,2.5506,34.3816880000374,-833.55,-313.0914062544175,246.45000000000005,46.90859374558249,-407.40366446846207,160.45859374558245
2.4491,68.379,44.014,678.273,-1.059,245.04,-296.017,1.611002,1,2.5556,43.478707000005265,-834.96,-313.694038372405,245.03999999999996,46.305961627595025,-9.238860032562641,161.26596162759506
2.4541,74.379,48.322,617.325,-1.084,243.63,-265.197,1.611002,0,2.5606,48.31405799999635,-836.37,-312.60812098360617,243.63,47.39187901639383,304.83519046719636,163.76187901639383
2.4591,74.379,52.212,567.459,-0.428,242.58,-220.608,1.611002,0,2.5656,52.18160700000028,-837.42,-310.43627609425613,242.58000000000004,49.56372390574387,482.444239258825,166.98372390574383
2.4641,74.379,55.795,520.363,-0.552,242.23,-139.404,1.611002,0,2.5706,55.7874994705847,-837.7700000000001,-307.5072135759281,242.2299999999999,52.49278642407188,630.5620920173974,170.26278642407198
2.4692,74.379,59.047,465.88,-0.619,242.23,-139.404,0.618221,1,2.5757,59.02305186074477,-837.7700000000001,-303.8456367625154,242.2299999999999,56.154363237484574,750.508938419494,173.92436323748467
2.4741,74.379,61.927,414.167,-0.718,241.52,-125.775,0.618221,0,2.5806,61.91875826530216,-838.4799999999999,-299.862066285468,241.5200000000001,60.13793371453198,838.5269232801254,178.6179337145319
2.4791,74.379,64.432,356.913,-0.868,241.52,-62.888,0.618221,0,2.5856,64.1840050000026,-838.4799999999999,-295.4746434714466,241.5200000000001,64.5253565285534,886.4228372552602,-176.9946434714467
2.4840999999999998,74.379,64.432,356.913,-0.868,241.17,-60.695,0.618221,0,2.5906,64.50718300003683,-838.83,-290.99982246942426,241.16999999999996,69.00017753057574,899.011643438196,-172.16982246942422
2.4891,74.379,68.389,254.41,-0.594,240.82,-59.417,-0.728556,1,2.5956,68.14516300000264,-839.18,-286.433756076074,240.82000000000005,73.56624392392598,919.5235078411407,-167.25375607607407
2.4941,68.379,69.883,208.238,-0.768,240.82,-29.708,-0.728556,0,2.6006,69.87549537254523,-839.18,-281.79258221175644,240.82000000000005,78.20741778824356,928.7278900640925,-162.6125822117565
2.4992,68.379,71.004,135.285,-1.308,240.82,-29.708,-0.728556,0,2.6057,70.89849411764943,-839.18,-277.1278944124143,240.82000000000005,82.87210558758568,907.2244996839977,-157.94789441241437
2.5040999999999998,68.379,71.004,135.285,-1.308,240.82,-14.854,-0.728556,0,2.6106,71.01654000000642,-839.18,-272.784623733371,240.82000000000005,87.215376266629,876.4188449795636,-153.60462373337106
2.5091,68.379,71.664,-6.926,-0.577,241.17,22.278,-2.403128,1,2.6156,71.57688000000098,-838.83,-268.52618369997384,241.16999999999996,91.47381630002616,841.7091133557536,-149.6961836999738
2.5151,56.379,71.4,-41.093,-0.278,241.17,11.139,-2.403128,0,2.6216,71.36950800000035,-838.83,-263.64493626445534,241.16999999999996,96.35506373554466,799.760058479821,-144.8149362644553
2.5201,56.379,70.872,-109.429,-1.358,241.17,5.57,-2.403128,0,2.6266,70.86407699999583,-838.83,-259.75294169010175,241.16999999999996,100.24705830989825,769.0888530154796,-140.9229416901017
2.5251,56.379,69.927,-159.295,-1.084,241.88,62.174,-2.403128,0,2.6316,69.90304200000027,-838.12,-255.99522613332508,241.88,104.00477386667492,745.3736137282998,-137.87522613332507
2.5301,56.379,68.74,-187.922,-0.436,241.88,31.087,-2.614519,1,2.6366,68.7366749999982,-838.12,-252.3245882054832,241.88,107.6754117945168,729.7918176720807,-134.2045882054832
2.5351,38.379,67.378,-208.238,-0.453,241.88,31.087,-2.614519,0,2.6416,67.51283799999842,-838.12,-248.7146002171288,241.88,111.2853997828712,718.2932706111612,-130.5946002171288
2.5401,38.379,67.378,-208.238,-0.453,242.58,73.776,-2.614519,0,2.6466,67.34541499998211,-837.42,-245.1724310983461,242.58000000000004,114.8275689016539,704.3525254515747,-127.75243109834614
2.5451,38.379,65.663,-294.118,-1.665,243.28,95.919,-2.614519,0,2.6516,65.34976400000373,-836.72,-241.62844765400297,243.27999999999997,118.37155234599703,716.9918962181646,-124.90844765400294
2.5501,38.379,60.784,-405.856,-0.693,243.63,77.155,-2.693122,1,2.6566,60.82490700002297,-836.37,-237.83941070907616,243.63,122.16058929092384,779.9082489246136,-121.46941070907616
2.5551,14.379,58.058,-415.09,-0.137,244.69,127.143,-2.693122,0,2.6616,58.327873999996726,-835.31,-233.6879489641954,244.69000000000005,126.31205103580459,845.0511988898978,-118.37794896419547
2.5601,14.379,58.058,-415.09,-0.137,245.74,150.957,-2.693122,0,2.6666,57.9974469999655,-834.2599999999999,-229.35979612212978,245.74000000000012,130.64020387787022,875.0647307273291,-115.0997961221299
2.5651,14.379,54.871,-525.904,-1.997,245.74,150.957,-2.693122,0,2.6716,54.80575900000078,-834.2599999999999,-224.78356344308025,245.74000000000012,135.21643655691975,939.0670140463745,-110.52356344308038
2.5701,14.379,51.025,-597.933,-1.142,247.15,191.62,-3.86382,1,2.6766,50.93729599994891,-832.8499999999999,-219.60547928347776,247.1500000000001,140.39452071652224,1090.8483054882067,-106.75547928347785
2.5751,-15.621,42.563,-637.641,-0.154,248.2,181.761,-3.86382,0,2.6816,43.400737999989445,-831.8,-213.36321167426888,248.20000000000005,146.63678832573112,1307.603221668915,-101.56321167426893
2.5801,-15.621,42.563,-637.641,-0.154,249.96,242.171,-3.86382,0,2.6866,42.37049199988624,-830.04,-206.12515016714724,249.96000000000004,153.87484983285276,1516.5422140471578,-96.08515016714728
2.5851,-15.621,32.431,-837.106,-1.308,252.07,296.353,-3.86382,0,2.6916,33.43406799998699,-827.9300000000001,-197.61986794671103,252.06999999999994,162.38013205328897,1777.518057619616,-89.68986794671096
2.5901,-15.621,32.431,-837.106,-1.308,254.53,350.534,-4.68851,1,2.6966,32.31948899993269,-825.47,-187.84447882408594,254.52999999999997,172.15552117591406,2029.7587900528495,-82.37447882408591
2.5951,-45.621,26.562,-874.044,-0.693,254.53,350.534,-4.68851,0,2.7016,26.08713919672753,-825.47,-176.75618997580924,254.52999999999997,183.24381002419076,2325.5145206990915,-71.28618997580921
2.6012,-45.621,13.55,-957.154,-2.096,256.99,378.067,-4.68851,0,2.7077,13.932519081956826,-823.01,-159.88191488131713,256.99,200.11808511868287,3006.6129822723806,-56.87191488131714
2.6062,-45.621,6.869,-1020.872,-1.1,259.8,424.461,-4.68851,0,2.7127,6.855973142853377,-820.1999999999999,-142.86951967518746,259.80000000000007,217.13048032481254,3570.3592524887813,-42.66951967518753
2.6111,-45.621,-0.033,-1034.724,-0.369,263.32,511.921,-5.197347,1,2.7176,0.6642428571334733,-816.68,-124.03630803348537,263.32000000000005,235.96369196651463,3923.5871873555043,-27.35630803348542
2.6161,-75.621,-0.033,-1034.724,-0.369,267.19,578.311,-5.197347,0,2.7226,-0.29400300016413994,-812.81,-103.72612797410817,267.19000000000005,256.2738720258918,4124.229535078665,-10.916127974108235
2.6210999999999998,-75.621,-13.77,-1046.729,-1.274,271.05,610.346,-5.197347,0,2.7276,-13.123728000008718,-808.9499999999999,-82.64627462162046,271.05000000000007,277.3537253783795,4230.327609437355,6.303725378379454
2.6261,-75.621,-20.979,-1091.054,-0.643,275.27,658.764,-5.197347,0,2.7326,-20.97877311764693,-804.73,-61.97467948017341,275.27,298.0253205198266,4064.9997533810715,22.755320519826626
2.6311999999999998,-75.621,-28.32,-1098.442,0.046,275.27,658.764,-5.173288,1,2.7377,-28.3396782713079,-804.73,-42.3784297477202,275.27,317.6215702522798,3734.9734274849857,42.35157025227983
2.6361,-103.466,-35.574,-1077.203,0.61,279.49,657.729,-5.173288,0,2.7426,-35.56991422448714,-800.5100000000001,-25.522845480117553,279.4899999999999,334.47715451988245,3297.713091523073,54.98715451988255
2.6411,-103.466,-42.761,-1089.207,-0.934,283.71,706.186,-5.173288,0,2.7476,-42.04948700000999,-796.29,-10.585120072390872,283.71000000000004,349.41487992760915,2888.906115719218,65.70487992760911
2.6461,-103.466,-42.761,-1089.207,-0.934,288.28,733.762,-5.173288,0,2.7526,-42.901315000092964,-791.7199999999999,2.9851057610350287,288.2800000000001,2.9851057610350287,2636.9260791233432,74.70510576103493
2.6511,-103.466,-50.146,-1115.064,-0.502,292.15,688.651,-3.348101,1,2.7576,-50.150355999999945,-787.85,15.11258646530893,292.15,15.11258646530893,2321.677109018683,82.96258646530896
2.6561,-125.311,-57.575,-1107.676,0.195,296.02,666.296,-3.348101,0,2.7626,-57.69955096086788,-783.98,25.168280914090474,296.02,25.168280914090474,1857.6326040478984,89.14828091409049
2.6612,-125.311,-71.839,-1059.657,-0.162,296.02,666.296,-3.348101,0,2.7677,-71.18555078033168,-783.98,32.81587485210451,296.02,32.81587485210451,1361.4369322913863,96.79587485210453
2.6661,-125.311,-78.873,-1057.81,0.104,299.53,621.352,-3.348101,0,2.7726,-78.86816353060895,-780.47,38.12855795956847,299.53,38.12855795956847,970.0647109825254,98.5985579595685
2.6711,-125.311,-85.796,-1015.332,0.444,302.7,579.384,-0.588686,1,2.7776,-85.77649700000029,-777.3,41.88689643693782,302.70000000000005,41.88689643693782,668.0877236558745,99.18689643693779
2.6761,-141.155,-92.522,-962.695,0.976,305.16,494.642,-0.588686,0,2.7826,-92.51322199999393,-774.8399999999999,44.271161746914146,305.1600000000001,44.271161746914146,390.75944690654165,99.11116174691404
2.6811,-141.155,-98.786,-913.752,0.278,307.27,423.039,-0.588686,0,2.7876,-98.76639800000024,-772.73,45.2954244116254,307.27,45.2954244116254,132.58818620438825,98.02542441162541
2.6861,-141.155,-104.852,-884.202,0.627,309.02,356.042,-0.588686,0,2.7926,-104.73674599991881,-770.9799999999999,45.171489437185144,309.0200000000001,45.171489437185144,-90.24880174122153,96.15148943718503
2.6921,-141.155,-104.852,-884.202,0.627,310.08,267.179,2.391362,1,2.7986,-105.07458500015778,-769.92,43.736344521399765,310.08000000000004,43.736344521399765,-326.8089939928918,93.65634452139972
2.6971,-151.0,-116.567,-751.225,1.158,310.08,267.179,2.391362,0,2.8036,-115.88162300001045,-769.92,41.11906705927816,310.08000000000004,41.11906705927816,-607.4145688172782,91.03906705927812
2.7021,-151.0,-121.359,-705.976,0.619,310.78,191.283,2.391362,0,2.8086,-121.26795199993431,-769.22,37.11127105861853,310.78,37.11127105861853,-878.9115405376931,86.33127105861854
2.7071,-151.0,-121.359,-705.976,0.619,311.13,125.156,2.391362,0,2.8136,-121.80509399999305,-768.87,32.215286873960395,311.13,32.215286873960395,-1018.0949889954733,81.0852868739604
2.7121,-151.0,-125.865,-669.038,0.461,311.13,62.578,4.57838,1,2.8186,-125.93055000004786,-768.87,26.495651255094035,311.13,26.495651255094035,-1218.4232433084862,75.36565125509406
2.7171,-154.845,-133.821,-543.449,1.133,311.13,31.289,4.57838,0,2.8236,-133.0333560000124,-768.87,19.287083568835698,311.13,19.287083568835698,-1522.7913885518994,68.15708356883567
2.7220999999999997,-154.845,-133.821,-543.449,1.133,310.43,-42.629,4.57838,0,2.8286,-133.94377800009062,-769.57,11.81497299344266,310.42999999999995,11.81497299344266,-1298.1711648819294,61.384972993442716
2.7271,-154.845,-140.283,-433.559,0.868,310.43,-42.629,4.57838,0,2.8336,-139.6432620000103,-769.57,6.2887359686137625,310.42999999999995,6.2887359686137625,-1165.0940735068207,55.858735968613814
2.7321,-154.845,-140.283,-433.559,0.868,309.73,-79.281,4.476111,1,2.8386,-140.37946300007243,-770.2700000000001,-0.22539665206604126,309.7299999999999,359.774603347934,-1362.8446069669696,50.04460334793407
2.7371,-152.69,-145.36,-335.674,0.552,308.67,-128.429,4.476111,0,2.8436,-144.85737700000814,-771.3299999999999,-7.637368138601584,308.6700000000001,352.3626318613984,-1529.3911755237614,43.692631861398354
2.7420999999999998,-152.69,-145.36,-335.674,0.552,307.62,-152.007,4.476111,0,2.8486,-145.42891300005232,-772.38,-15.799699867958742,307.62,344.20030013204126,-1675.3656177177415,36.58030013204126
2.7471,-152.69,-148.987,-219.319,0.602,306.56,-164.13,4.476111,0,2.8536,-148.62792700000594,-773.4399999999999,-24.55660585592781,306.56000000000006,335.4433941440722,-1780.4318874214728,28.883394144072156
2.7521,-152.69,-148.987,-219.319,0.602,305.51,-169.885,3.754447,1,2.8586,-149.02876274513028,-774.49,-33.74702475968184,305.51,326.25297524031816,-1859.7184640318071,20.742975240318174
2.7572,-144.534,-151.229,-132.515,0.652,305.51,-169.885,3.754447,0,2.8637,-151.06013223529996,-774.49,-43.385703442289476,305.51,316.61429655771053,-1902.0788576085722,11.10429655771054
2.7622,-144.534,-151.668,-22.624,1.607,304.1,-200.156,3.754447,0,2.8687,-151.6457674285633,-775.9000000000001,-52.97633587664197,304.0999999999999,307.023664123358,-1919.7254468008873,2.923664123358094
2.7671,-144.534,-151.493,45.711,0.751,302.7,-218.709,3.754447,0,2.8736,-151.5106785714283,-777.3,-62.293638995353476,302.70000000000005,297.7063610046465,-1892.9236537862255,-4.993638995353535
2.7721,-144.534,-151.493,45.711,0.751,301.29,-226.994,3.318973,1,2.8786,-151.47420583331842,-778.7099999999999,-71.63045628084232,301.2900000000001,288.36954371915766,-1854.54866945648,-12.920456280842416
2.7781,-130.379,-150.306,96.5,0.494,299.88,-231.131,3.318973,0,2.8846,-150.30809316666836,-780.12,-82.5440771878992,299.88,277.45592281210077,-1800.892999056305,-22.42407718789923
2.7831,-130.379,-149.427,162.065,1.449,298.83,-202.314,3.318973,0,2.8896,-149.51402099999848,-781.17,-91.40043215702298,298.83000000000004,268.599567842977,-1760.4470006430952,-30.230432157023017
2.7881,-130.379,-149.427,162.065,1.449,297.77,-189.894,3.318973,0,2.8946,-149.37130392152352,-782.2299999999999,-100.08917979542443,297.7700000000001,259.91082020457554,-1728.417342289216,-37.85917979542455
2.7932,-130.379,-146.437,262.721,0.718,297.77,-189.894,3.199004,1,2.8997,-146.54404441776325,-782.2299999999999,-108.8528144927052,297.7700000000001,251.1471855072948,-1717.1937961767128,-46.62281449270529
2.7981,-110.224,-144.657,270.109,0.32,296.37,-205.264,3.199004,0,2.9046,-144.648912204075,-783.63,-117.30739958159674,296.37,242.69260041840326,-1730.8879244393972,-53.677399581596745
2.8031,-110.224,-142.415,377.229,1.872,295.66,-165.599,3.199004,0,2.9096,-142.35629300000102,-784.3399999999999,-126.07465232896483,295.6600000000001,233.92534767103518,-1765.7462619698954,-61.7346523289649
2.8081,-110.224,-139.58,452.028,1.175,294.26,-199.344,3.199004,0,2.9146,-139.63386500004475,-785.74,-135.08572604164493,294.26,224.91427395835507,-1818.20071310956,-69.34572604164492
2.8131,-110.224,-139.58,452.028,1.175,293.2,-188.367,3.168379,1,2.9196,-139.26884300000557,-786.8,-144.3291809087813,293.20000000000005,215.6708190912187,-1862.7552437338566,-77.52918090878134
2.8181,-84.069,-136.437,486.196,0.702,291.8,-210.663,3.168379,0,2.9246,-136.36821123071152,-788.2,-153.98931793183402,291.79999999999995,206.01068206816598,-1979.642693483373,-85.78931793183398
2.8233,-84.069,-129.403,599.78,2.271,291.8,-210.663,3.168379,0,2.9298,-129.61027499998767,-788.2,-165.2736419562959,291.79999999999995,194.7263580437041,-2257.9752303022424,-97.07364195629586
2.8282,-84.069,-125.007,684.737,1.125,291.09,-163.07,3.168379,0,2.9347,-124.997593714282,-788.9100000000001,-177.38080180973284,291.0899999999999,182.61919819026716,-2565.012849148825,-108.47080180973276
2.8332,-84.069,-120.26,718.905,0.635,289.69,-200.498,2.99316,1,2.9397,-120.24198138775571,-790.3100000000001,-191.30189243513763,289.68999999999994,168.69810756486237,-2876.2028241779317,-120.99189243513757
2.8381,-54.069,-115.424,729.986,-0.079,288.63,-188.631,2.99316,0,2.9446,-115.41837018366866,-791.37,-206.50808840897665,288.63,153.49191159102335,-3208.282152782321,-135.13808840897664
2.8431,-54.069,-110.193,819.561,2.453,287.23,-211.295,2.99316,0,2.9496,-110.12993700000112,-792.77,-223.79330985318347,287.23,136.20669014681653,-3555.4421683953997,-151.0233098531835
2.8481,-54.069,-104.325,899.901,1.349,285.82,-222.895,2.99316,0,2.9546,-104.32062925489815,-794.1800000000001,-242.6771917655586,285.81999999999994,117.3228082344414,-3872.7593123313072,-168.49719176555854
2.8532,-54.069,-98.105,932.221,0.328,285.82,-222.895,2.676601,1,2.9597,-98.06817503001338,-794.1800000000001,-263.2556751980101,285.81999999999994,96.74432480198988,-4085.4406315225365,170.92432480198994
2.8581,-24.069,-91.753,924.834,-0.27,284.06,-250.16,2.676601,0,2.9646,-91.8761510205167,-795.94,-283.47830937403245,284.05999999999995,76.52169062596755,-4130.1399732847385,152.4616906259676
2.8641,-24.069,-91.753,924.834,-0.27,282.66,-249.066,2.676601,0,2.9706,-91.47862099975588,-797.34,-307.77502989288246,282.65999999999997,52.22497010711754,-3967.7781713496815,129.56497010711757
2.8691,-24.069,-77.312,1055.04,0.901,280.9,-271.295,2.676601,0,2.9756,-78.74165899997261,-799.1,-326.14708510353836,280.9,33.85291489646164,-3549.0070216676295,112.95291489646166
2.8741,-24.069,-77.312,1055.04,0.901,279.14,-282.015,1.51441,1,2.9806,-77.04390999975922,-800.86,-342.2914139257246,279.14,17.708586074275388,-3077.666865798546,98.5685860742754
2.8790999999999998,5.931,-63.202,1043.035,-0.394,277.38,-287.809,1.51441,0,2.9856,-63.902523999986514,-802.62,-355.7330638657116,277.38,4.2669361342884145,-2509.4864354493525,86.88693613428842
2.8841,5.931,-56.168,1068.892,1.05,275.98,-259.85,1.51441,0,2.9906,-56.30164600012171,-804.02,-365.6748777101929,275.98,354.3251222898071,-1675.7488237197626,78.34512228980708
2.8891,5.931,-56.168,1068.892,1.05,275.98,-259.85,1.51441,0,2.9956,-54.740847058851564,-804.02,-371.2620005293797,275.98,348.7379994706203,-943.389170099969,72.75799947062029
2.8942,5.931,-41.464,1104.906,0.021,274.22,-274.188,0.348206,1,3.0007,-41.72027270599308,-805.78,-374.5733957632006,274.22,345.4266042367994,-530.618613027316,71.20660423679936
2.8992,29.931,-34.167,1079.973,-0.419,272.81,-251.061,0.348206,0,3.0057,-34.16563444897969,-807.19,-375.21738889411716,272.80999999999995,344.78261110588284,17.839867822015464,71.97261110588289
2.9041,29.931,-27.002,1079.05,0.552,271.76,-218.088,0.348206,0,3.0106,-27.140913265435554,-808.24,-373.8207599648127,271.76,346.1792400351873,387.7056935013783,74.41924003518733
2.9091,29.931,-27.002,1079.05,0.552,270.7,-197.555,0.348206,0,3.0156,-25.576697000028577,-809.3000000000001,-370.86404839824144,270.69999999999993,349.13595160175856,691.3263027317853,78.43595160175863
2.9141,29.931,-12.605,1061.504,-0.428,270.35,-127.838,-0.751248,1,3.0206,-12.749585156998695,-809.65,-365.76144652554206,270.35,354.23855347445794,1194.4445290573942,83.88855347445792
2.9192,47.931,-5.682,1013.485,-1.167,270.35,-127.838,-0.751248,0,3.0257,-6.333576470561023,-809.65,-357.574100224243,270.35,2.4258997757569887,1730.3084952435984,92.07589977575697
2.9241,47.931,-5.682,1013.485,-1.167,269.65,-121.23,-0.751248,0,3.0306,-5.43309999976284,-810.35,-348.11473645333984,269.65,11.885263546660155,2030.304044808443,102.23526354666018
2.9291,47.931,7.418,963.618,-0.536,269.3,-90.371,-0.751248,0,3.0356,6.745592000013783,-810.6999999999999,-336.2027425613149,269.30000000000007,23.797257438685108,2546.262026150793,114.49725743868504
2.9341,47.931,13.726,914.676,-0.942,269.3,-45.186,-1.307243,1,3.0406,13.718076999992386,-810.6999999999999,-321.44899201653624,269.30000000000007,38.55100798346376,3114.240479667979,129.2510079834637
2.9391,59.931,19.617,847.264,-1.316,269.3,-22.593,-1.307243,0,3.0456,19.575519000000813,-810.6999999999999,-304.7003066235016,269.30000000000007,55.299693376498396,3431.230947399658,145.99969337649833
2.9441,59.931,25.089,802.015,-0.469,270.0,46.586,-1.307243,0,3.0506,25.084021999995162,-809.9999999999999,-286.83687195942787,270.0000000000001,73.16312804057213,3624.09847137879,163.16312804057202
2.9491,59.931,30.299,761.383,-0.81,270.0,46.586,-1.307243,0,3.0556,29.783210000010804,-809.9999999999999,-268.52002049456405,270.0000000000001,91.47997950543595,3663.3884204213496,-178.52002049456416
2.9552,59.931,30.299,761.383,-0.81,271.05,110.804,-1.990687,1,3.0617,31.246327999958897,-808.9499999999999,-246.53828375725695,271.05000000000007,113.46171624274305,3553.201591111754,-157.58828375725702
2.9602,65.931,40.167,614.555,-1.374,271.76,111.263,-1.990687,0,3.0667,39.95182799990022,-808.24,-229.62081066641417,271.76,130.37918933358583,3287.910324056742,-141.38081066641416
2.9652,65.931,44.058,565.612,-0.768,273.16,180.233,-1.990687,0,3.0717,43.68446400001634,-806.8399999999999,-214.38433862026443,273.1600000000001,145.61566137973557,2973.2926746817834,-127.54433862026451
2.9701,65.931,44.058,565.612,-0.768,274.92,236.88,-1.990687,0,3.0766,44.18953700013142,-805.0799999999999,-200.39139231837086,274.9200000000001,159.60860768162914,2798.8952581668364,-115.31139231837093
2.9751,65.931,50.981,464.033,-0.951,276.68,265.281,-1.129266,1,3.0816,50.29562300001473,-803.32,-187.27177932369514,276.67999999999995,172.72822067630486,2551.952100462794,-103.95177932369509
2.9811,65.931,50.981,464.033,-0.951,278.79,305.185,-1.129266,0,3.0876,51.54460699998779,-801.2099999999999,-173.13221681390317,278.7900000000001,186.86778318609683,2265.8324240700863,-91.92221681390325
2.9861,65.931,56.674,349.525,-1.034,281.25,358.307,-1.129266,0,3.0926,56.565832999890105,-798.7499999999999,-162.46545719476293,281.2500000000001,197.53454280523707,2075.996497329271,-83.71545719476305
2.9911,65.931,56.674,349.525,-1.034,281.25,358.307,-1.129266,0,3.0976,56.87635599999558,-798.7499999999999,-152.5754742507452,281.2500000000001,207.4245257492548,1950.8431094415905,-73.82547425074532
2.9960999999999998,65.931,58.718,290.425,-0.56,284.06,413.811,0.388153,1,3.1026,58.737627000020105,-795.94,-143.05541134440054,284.05999999999995,216.94458865559946,1878.9652431160346,-67.11541134440048
3.0011,59.931,61.795,188.845,-0.411,286.88,444.477,0.388153,0,3.1076,61.592644000004505,-793.1199999999999,-134.00557408435438,286.8800000000001,225.99442591564562,1786.5618481388287,-60.88557408435449
3.0061,59.931,62.828,129.745,-1.457,290.39,516.449,0.388153,0,3.1126,62.8173700588125,-789.61,-125.24769017071837,290.39,234.75230982928161,1741.5689555458853,-55.63769017071837
3.0112,59.931,63.311,50.328,-1.241,294.26,579.735,0.388153,0,3.1177,63.26554117647268,-785.74,-116.35311716547284,294.26,243.64688283452716,1747.7365144657203,-50.61311716547283
3.0161,59.931,63.311,50.328,-1.241,298.48,641.615,0.848572,1,3.1226,63.30855980391902,-781.5200000000001,-107.71060085579178,298.4799999999999,252.28939914420823,1772.3016052073747,-46.19060085579167
3.0212,47.931,63.18,-37.4,-0.494,298.48,641.615,0.848572,0,3.1277,63.14375341176639,-781.5200000000001,-98.54871030772185,298.4799999999999,261.4512896922781,1806.7078699099898,-37.02871030772178
3.0262,47.931,62.674,-112.199,-1.407,303.05,694.402,0.848572,0,3.1327,62.658309877543246,-776.9499999999999,-89.39384490819789,303.05000000000007,270.6061550918021,1841.8286059576842,-32.443844908197946
3.0311,47.931,61.751,-160.218,-0.685,308.32,794.634,0.848572,0,3.1376,61.844241836732564,-771.68,-80.26301537517134,308.32000000000005,279.73698462482866,1871.3459076315553,-28.583015375171385
3.0361,47.931,61.751,-160.218,-0.685,313.95,868.204,0.951505,1,3.1426,61.727610999975056,-766.05,-70.82172438258414,313.95000000000005,289.17827561741586,1895.2366168883932,-24.771724382584182
3.0411,29.931,60.52,-197.156,-0.693,319.57,901.102,0.951505,0,3.1476,60.33289000000429,-760.43,-61.329789298222565,319.57000000000005,298.6702107017774,1894.0203179248576,-20.89978929822263
3.0461,29.931,57.399,-307.047,-1.806,325.9,978.291,0.951505,0,3.1526,57.414029000016214,-754.1,-52.044905282182484,325.9,307.95509471781753,1834.3344766075786,-17.944905282182447
3.0511,29.931,55.069,-366.147,-0.801,325.9,978.291,0.951505,0,3.1576,55.034251000000815,-754.1,-43.23098025737041,325.9,316.7690197426296,1732.9838467575921,-9.130980257370368
3.0561,29.931,52.388,-408.626,-0.552,332.58,1041.11,0.920059,1,3.1626,52.386111549017556,-747.4200000000001,-34.96503794830217,332.5799999999999,325.03496205169785,1613.443695155291,-7.545037948302081
3.0612,17.931,49.552,-420.631,-0.328,339.96,1142.387,0.920059,0,3.1677,49.534085647059676,-740.04,-27.280133870593556,339.96000000000004,332.71986612940646,1460.8904835177025,-7.240133870593581
3.0662,17.931,46.585,-460.339,-1.133,346.64,1124.932,0.920059,0,3.1727,46.579071999996955,-733.36,-20.561709094137555,346.64,339.43829090586246,1288.284291542877,-7.201709094137527
3.0722,17.931,42.827,-495.43,-0.511,354.38,1209.39,0.920059,0,3.1787,42.81862571428136,-725.6199999999999,-13.759797984899402,354.3800000000001,346.2402020151006,1053.1898597957334,-8.13979798489953
3.0771,17.931,39.53,-494.507,-0.179,2.11,1232.713,0.942936,1,3.1836,39.547331932772664,-717.8900000000001,-9.328092590893892,2.1099999999999,350.6719074091061,845.2259674420668,-11.438092590893802
3.0822,11.931,36.277,-484.349,0.104,9.84,1278.455,0.942936,0,3.1887,36.39181176476593,-710.1600000000001,-5.683815965841705,9.839999999999918,354.3161840341583,663.8638257613949,-15.52381596584155
3.0872,11.931,36.277,-484.349,0.104,9.84,1278.455,0.942936,0,3.1937,35.96911428572951,-710.1600000000001,-2.7410298865934193,9.839999999999918,357.2589701134066,558.3115671826095,-12.581029886593342
3.0921,11.931,33.134,-476.961,-0.162,16.88,1213.447,0.942936,0,3.1986,33.1364727142885,-703.12,-0.4382798815106066,16.879999999999995,359.5617201184894,421.6264158542441,-17.318279881510534
3.0970999999999997,11.931,30.057,-457.569,-0.029,24.26,1238.422,0.208366,1,3.2036,29.815473000005863,-695.7399999999999,0.8648784251220036,24.260000000000105,0.8648784251220036,189.24499111157104,-23.39512157487809
3.1022,4.167,24.43,-397.545,0.61,31.64,1233.492,0.208366,0,3.2087,24.53838400005774,-688.36,0.8524351372684982,31.639999999999986,0.8524351372684982,-90.71177345766066,-30.7875648627315
3.1071999999999997,4.167,21.924,-372.611,0.179,38.32,1173.445,0.208366,0,3.2137,21.927808653061046,-681.6800000000001,-0.46194509104336684,38.319999999999936,359.5380549089566,-322.98293508068554,-38.781945091043326
3.1121,4.167,19.507,-357.836,0.004,45.0,1145.352,0.208366,0,3.2186,19.510458243301283,-674.9999999999999,-2.6009113799907984,45.000000000000114,357.3990886200092,-485.6080898251243,-47.60091137999092
3.1172,4.167,17.177,-343.061,0.004,45.0,1145.352,-0.688282,1,3.2237,17.18739811764652,-674.9999999999999,-5.64677823063994,45.000000000000114,354.35322176936006,-641.4629807049537,-50.64677823064005
3.1222,-9.597,15.001,-317.205,0.469,51.68,1092.288,-0.688282,0,3.2287,15.079336000042511,-668.3199999999999,-9.287907135618754,51.680000000000064,350.71209286438125,-760.7690210390334,-60.967907135618816
3.1271,-9.597,15.001,-317.205,0.469,57.66,1080.305,-0.688282,0,3.2336,14.78775400000531,-662.3399999999999,-13.242626578159213,57.66000000000008,346.7573734218408,-824.5557328295995,-70.9026265781593
3.1321,-9.597,12.847,-341.214,-0.81,63.98,1067.992,-0.688282,0,3.2386,12.843655999996097,-656.0200000000001,-17.63667877554111,63.979999999999905,342.3633212244589,-909.9720193421762,-81.616678775541
3.1370999999999998,-9.597,10.517,-357.836,-0.685,69.96,1031.903,-1.848829,1,3.2436,10.274120000006109,-650.04,-22.73482791803494,69.96000000000004,337.26517208196503,-1071.2305169998285,-92.694827918035
3.1422,-29.361,5.638,-362.454,0.129,75.59,985.086,-1.848829,0,3.2487,5.712856000041356,-644.41,-28.956132147475465,75.59000000000003,331.04386785252456,-1290.1764104602582,-104.54613214747548
3.1471999999999998,-29.361,2.934,-435.406,-1.648,75.59,985.086,-1.848829,0,3.2537,2.883543183676112,-644.41,-36.127563802254784,75.59000000000003,323.87243619774523,-1486.225247647162,-111.7175638022548
3.1521,-29.361,-0.231,-486.196,-1.084,81.21,952.202,-1.848829,0,3.2586,-0.2352067551070435,-638.79,-43.92429223827972,81.21000000000004,316.0757077617203,-1637.8002056154348,-125.13429223827973
3.1571,-29.361,-3.682,-516.669,-0.536,86.48,924.134,-3.128142,1,3.2636,-3.672166000000231,-633.52,-52.63819153196419,86.48000000000002,307.3618084680358,-1782.0266779003139,-139.11819153196421
3.1631,-55.125,-7.704,-512.976,0.062,91.76,901.883,-3.128142,0,3.2696,-7.372185000008549,-628.24,-63.7855462074924,91.75999999999999,296.2144537925076,-1881.5838262967802,-155.5455462074924
3.1681,-55.125,-7.704,-512.976,0.062,96.68,860.533,-3.128142,0,3.2746,-7.857672000185215,-623.32,-73.30465996747412,96.67999999999995,286.6953400325259,-1916.919120041328,-169.98465996747404
3.1731,-55.125,-15.792,-670.885,-1.191,101.25,811.056,-3.128142,0,3.2796,-14.991288000020722,-618.75,-83.04819719675608,101.25,276.95180280324394,-1956.2038487962386,175.70180280324394
3.1781,-55.125,-15.792,-670.885,-1.191,105.47,754.721,-4.255703,1,3.2846,-15.966408823741828,-614.53,-92.80574886847064,105.47000000000003,267.19425113152937,-1943.772479614425,161.72425113152934
3.1832,-85.114,-25.155,-705.053,0.054,105.47,754.721,-4.255703,0,3.2897,-24.27377647063556,-614.53,-102.46907049529221,105.47000000000003,257.5309295047078,-1868.6045859892783,152.06092950470776
3.1881,-85.114,-25.155,-705.053,0.054,109.34,694.679,-4.255703,0,3.2946,-25.251482000118315,-610.66,-111.25925141472608,109.34000000000003,248.74074858527393,-1759.5028035961648,139.4007485852739
3.1931,-85.114,-30.233,-805.709,-2.279,112.5,613.523,-4.255703,0,3.2996,-30.894418999982484,-607.5,-119.48484215217051,112.5,240.51515784782947,-1573.7278231686948,128.01515784782947
3.1981,-85.114,-41.992,-915.599,-0.403,114.96,511.831,-4.726582,1,3.3046,-41.88157311751027,-605.04,-125.96340437498361,114.96000000000004,234.0365956250164,-1152.2552999024092,119.07659562501635
3.2032,-109.103,-48.058,-910.982,0.22,116.72,402.643,-4.726582,0,3.3097,-47.487082352972365,-603.2800000000001,-130.2937554511208,116.71999999999991,229.7062445488792,-759.3328457669277,112.98624454887931
3.2081,-109.103,-48.058,-910.982,0.22,117.42,259.725,-4.726582,0,3.3146,-48.17576200014689,-602.58,-133.39771580402342,117.41999999999996,226.60228419597658,-580.4868242216772,109.18228419597665
3.2131,-109.103,-54.256,-957.154,-1.059,117.42,259.725,-4.726582,0,3.3196,-54.288669999999065,-602.58,-135.49018067919158,117.41999999999996,224.50981932080842,-334.5476786093297,107.08981932080849
3.2181,-109.103,-60.784,-985.781,-0.453,117.77,158.638,-4.023323,1,3.3246,-60.902758196228085,-602.23,-135.67714397740187,117.76999999999998,224.32285602259813,123.79807386015962,106.55285602259812
3.2232,-127.093,-73.818,-956.231,0.61,117.77,79.319,-4.023323,0,3.3297,-72.59127058830344,-602.23,-132.9471040899643,117.76999999999998,227.0528959100357,676.9344820941105,109.28289591003568
3.2281,-127.093,-73.818,-956.231,0.61,116.72,-48.251,-4.023323,0,3.3346,-73.93827000015254,-603.2800000000001,-128.5268232428836,116.71999999999991,231.4731767571164,983.2908111335557,114.75317675711648
3.2331,-127.093,-80.148,-949.767,-0.278,115.31,-141.808,-4.023323,0,3.3396,-80.75942399998335,-604.6899999999999,-122.73003418170416,115.31000000000006,237.26996581829584,1259.7716822437096,121.95996581829581
3.2380999999999998,-127.093,-92.654,-913.752,0.394,112.85,-275.639,-1.173707,1,3.3446,-92.5269212939554,-607.15,-114.87499137741123,112.85000000000002,245.12500862258878,1712.4664366602237,132.27500862258876
3.2432,-139.082,-98.588,-850.034,1.167,112.85,-275.639,-1.173707,0,3.3497,-98.02950588238453,-607.15,-104.99854983644862,112.85000000000002,255.0014501635514,1992.9059768245766,142.15145016355137
3.2481,-139.082,-98.588,-850.034,1.167,110.04,-369.062,-1.173707,0,3.3546,-98.67430750011128,-609.96,-94.94632398574848,110.03999999999996,265.05367601425155,2070.967597260317,155.0136760142516
3.2540999999999998,-139.082,-104.039,-804.785,0.544,106.88,-451.156,-1.173707,0,3.3606,-104.1549493628951,-613.12,-82.35325869644984,106.88,277.64674130355013,2103.9713097691724,170.76674130355013
3.2592,-139.082,-114.897,-700.436,1.025,103.36,-520.868,-0.338476,1,3.3657,-114.29497458826981,-616.64,-71.95097573182566,103.36000000000001,288.0490242681743,2001.1440269834807,-175.3109757318257
3.2641999999999998,-145.072,-119.271,-635.794,0.959,99.84,-552.407,-0.338476,0,3.3707,-119.11353599990366,-620.16,-62.44337937105159,99.84000000000003,297.5566206289484,1864.6102819206196,-162.28337937105164
3.2691,-145.072,-119.271,-635.794,0.959,95.27,-658.311,-0.338476,0,3.3756,-119.66264399998903,-624.7299999999999,-53.48157117066494,95.2700000000001,306.51842882933505,1814.5274347673762,-148.75157117066504
3.2741,-145.072,-123.227,-576.694,0.718,91.05,-682.605,-0.338476,0,3.3806,-123.2751567547803,-628.95,-44.75567681524739,91.04999999999995,315.2443231847526,1696.5955770871014,-135.80567681524735
3.2794,-145.072,-130.107,-466.803,0.942,86.48,-718.644,-2.045261,1,3.3859,-129.56179245290267,-633.52,-36.70605225804694,86.48000000000002,323.29394774195305,1452.8959123696604,-123.18605225804697
3.2842,-145.061,-130.107,-466.803,0.942,86.48,-718.644,-2.045261,0,3.3907,-130.30086000012048,-633.52,-30.252522731195285,86.48000000000002,329.7474772688047,1300.1619443817847,-116.73252273119533
3.2892,-145.061,-135.492,-350.449,0.66,81.56,-772.379,-2.045261,0,3.3957,-134.97504000003042,-638.4399999999999,-24.2792511417805,81.56000000000006,335.7207488582195,1150.9110615187567,-105.83925114178055
3.2941,-145.061,-135.492,-350.449,0.66,76.29,-825.909,-2.045261,0,3.4006,-135.5644607844105,-643.71,-19.120014226156506,76.28999999999996,340.8799857738435,1011.9606651947771,-95.41001422615648
3.2992,-145.061,-139.382,-249.793,0.585,70.66,-882.614,-3.798324,1,3.4057,-139.1524470588371,-649.34,-14.416314593701621,70.65999999999997,345.5836854062984,880.4427993858376,-85.07631459370157
3.3043,-139.05,-140.833,-201.773,0.743,65.39,-876.152,-3.798324,0,3.4108,-140.8153769999931,-654.61,-10.42976314973134,65.38999999999999,349.57023685026866,743.4336185808455,-75.81976314973133
3.3093,-139.05,-141.91,-138.979,1.084,65.39,-876.152,-3.798324,0,3.4158,-141.862971571433,-654.61,-6.972612721570073,65.38999999999999,353.02738727842996,673.1459500539225,-72.36261272157003
3.3142,-139.05,-142.459,-54.945,1.042,58.71,-980.195,-3.798324,0,3.4207,-142.43883265304837,-661.29,-3.8212230176611315,58.710000000000036,356.1787769823389,632.9199412136886,-62.53122301766115
3.3191,-139.05,-142.459,-54.945,1.042,52.38,-1038.146,-5.04778,1,3.4256,-142.43978235294173,-667.62,-0.7632579180878086,52.379999999999995,359.2367420819122,622.931199161961,-53.143257918087784
3.3242,-127.04,-142.261,42.94,0.179,45.35,-1103.99,-5.04778,0,3.4307,-142.2679882352986,-674.65,2.4295903809031536,45.35000000000002,2.4295903809031536,627.765695971064,-42.92040961909686
3.3291,-127.04,-142.261,42.94,0.179,37.62,-1196.559,-5.04778,0,3.4356,-142.11385882353375,-682.38,5.553308792661852,37.620000000000005,5.553308792661852,644.9987847408329,-32.06669120733815
3.3342,-127.04,-140.745,165.759,0.967,29.53,-1261.92,-5.04778,0,3.4407,-140.75497588235942,-690.47,9.028105910595524,29.529999999999973,9.028105910595524,702.2645233704912,-20.50189408940446
3.3402,-127.04,-139.294,190.692,0.453,21.45,-1309.45,-5.34955,1,3.4467,-139.28687799999537,-698.55,13.635068192499086,21.450000000000045,13.635068192499086,800.0671986642718,-7.814931807500955
3.3452,-109.029,-137.887,211.008,0.295,21.45,-1309.45,-5.34955,0,3.4517,-137.85541600000192,-698.55,17.922730195121442,21.450000000000045,17.922730195121442,881.9630568378201,-3.527269804878614
3.3502,-109.029,-136.151,298.736,1.623,12.66,-1372.449,-5.34955,0,3.4567,-136.12952048978187,-707.3399999999999,22.66235967757646,12.660000000000082,22.66235967757646,980.1557747548255,10.00235967757638
3.3550999999999997,-109.029,-133.865,362.454,1.117,3.87,-1442.51,-5.34955,0,3.4616,-134.09593265305435,-716.13,27.811398543796884,3.8700000000000045,27.811398543796884,1073.1992379002256,23.94139854379688
3.3601,-109.029,-133.865,362.454,1.117,354.38,-1510.213,-5.051858,1,3.4666,-133.76592058809587,-725.6199999999999,33.43999138198559,354.3800000000001,33.43999138198559,1155.4824520216407,39.05999138198547
3.3651999999999997,-97.018,-128.546,411.396,0.071,344.53,-1575.764,-5.051858,0,3.4717,-129.04661176467482,-735.47,39.808667316134276,344.53,39.808667316134276,1285.4416696564517,55.27866731613432
3.3701,-97.018,-128.546,411.396,0.071,334.69,-1598.074,-5.051858,0,3.4766,-128.49129899992255,-745.31,46.43616162585927,334.69000000000005,46.43616162585927,1376.4957781369158,71.7461616258592
3.3750999999999998,-97.018,-125.667,452.951,0.843,334.69,-1598.074,-5.051858,0,3.4816,-125.32909747059854,-745.31,53.58991061700881,334.69000000000005,53.58991061700881,1465.8355015495968,78.89991061700874
3.3802,-97.018,-119.249,488.043,0.12,324.14,-1672.065,-4.677878,1,3.4867,-119.35920164713255,-755.86,61.66248169624229,324.14,61.66248169624229,1636.530093168247,97.52248169624232
3.3851999999999998,-91.008,-116.018,476.961,-0.17,313.95,-1690.184,-4.677878,0,3.4917,-116.32817599998047,-766.05,70.23911384084828,313.95000000000005,70.23911384084828,1732.1027206949552,116.28911384084824
3.3901,-91.008,-116.018,476.961,-0.17,304.1,-1670.761,-4.677878,0,3.4966,-115.90172745081337,-775.9000000000001,78.77112020555556,304.0999999999999,78.77112020555556,1744.188706959963,134.67112020555567
3.3952,-91.008,-109.776,458.492,-0.021,293.91,-1684.028,-4.677878,0,3.5017,-110.07865035292191,-786.0899999999999,87.68180359489443,293.9100000000001,87.68180359489443,1746.0073109769125,153.77180359489432
3.4002,-91.008,-106.809,428.942,-0.137,284.41,-1633.499,-3.794728,1,3.5067,-106.81688400000535,-795.5899999999999,96.30453523507018,284.4100000000001,96.30453523507018,1710.303311322306,171.89453523507007
3.4052,-78.997,-104.061,398.468,-0.369,284.41,-1633.499,-3.794728,0,3.5117,-104.07376799999922,-795.5899999999999,104.62232200880845,284.4100000000001,104.62232200880845,1642.0024415226417,-179.78767799119163
3.4102,-78.997,-101.446,393.851,0.32,274.92,-1594.353,-3.794728,0,3.5167,-101.44358799999833,-805.0799999999999,112.52232098101288,274.9200000000001,112.52232098101288,1549.514642200942,-162.3976790189872
3.4152,-78.997,-98.764,398.468,0.037,265.78,-1572.943,-3.794728,0,3.5217,-98.764096,-814.22,119.86655934227554,265.78,119.86655934227554,1434.0379348960973,-145.91344065772444
3.4202,-78.997,-96.083,398.468,-0.046,256.99,-1519.915,-2.886041,1,3.5267,-96.08534000000161,-823.01,126.58060805520985,256.99,126.58060805520985,1299.831404502972,-130.40939194479017
3.4252,-60.987,-93.467,385.54,-0.062,248.55,-1464.874,-2.886041,0,3.5317,-93.45864800000055,-831.4499999999999,132.55518926014017,248.55000000000007,132.55518926014017,1151.1513424496172,-115.9948107398599
3.4302,-60.987,-90.764,425.248,1.266,240.12,-1422.465,-2.886041,0,3.5367,-90.86130800006758,-839.88,137.81886153042993,240.12,137.81886153042993,1012.580271555775,-102.30113846957008
3.4361,-60.987,-90.764,425.248,1.266,232.03,-1395.832,-2.886041,0,3.5426,-90.69807745088235,-847.9700000000001,143.2973691757018,232.02999999999986,143.2973691757018,883.8152347121322,-88.73263082429807
3.4412,-60.987,-87.225,468.65,0.776,232.03,-1395.832,-1.540567,1,3.5477,-87.24790635293971,-847.9700000000001,147.2605461429821,232.02999999999986,147.2605461429821,724.1231301907249,-84.76945385701777
3.4462,-36.976,-83.994,483.425,0.369,225.35,-1219.228,-1.540567,0,3.5527,-83.86897199991216,-854.6500000000001,150.039315343303,225.3499999999999,150.039315343303,468.26402335846495,-75.3106846566969
3.4512,-36.976,-77.29,557.301,1.798,218.32,-1235.946,-1.540567,0,3.5577,-77.54747199998297,-861.6799999999998,151.1616116210583,218.32000000000016,151.1616116210583,122.2768729771894,-67.15838837894185
3.4562,-36.976,-73.268,621.019,1.034,211.99,-1147.135,-1.540567,0,3.5627,-73.25849599999329,-868.0100000000001,150.5868915115328,211.9899999999999,150.5868915115328,-215.79968787896573,-61.4031084884671
3.4612,-36.976,-68.982,650.569,0.262,206.37,-1041.415,0.101648,1,3.5677,-68.97566400000046,-873.63,148.49526329318132,206.37,148.49526329318132,-500.5497911159197,-57.87473670681868
3.4662,-6.976,-64.63,650.569,0.037,201.45,-930.028,0.101648,0,3.5727,-64.61657199999041,-878.5500000000001,144.99256397803134,201.44999999999993,144.99256397803134,-792.0938276306708,-56.45743602196859
3.4712,-6.976,-59.905,747.532,2.287,201.45,-930.028,0.101648,0,3.5777,-59.841640000004254,-878.5500000000001,139.9555459393069,201.44999999999993,139.9555459393069,-1096.716412427668,-61.494454060693045
3.4762,-6.976,-54.52,828.795,1.283,196.52,-868.84,0.101648,0,3.5827,-54.5081199999915,-883.48,133.36909131235137,196.51999999999998,133.36909131235137,-1418.4741370198285,-63.15090868764861
3.4812,-6.976,-48.805,864.809,0.32,192.66,-762.479,1.861493,1,3.5877,-48.79876000000042,-887.34,125.1355108137593,192.65999999999997,125.1355108137593,-1736.5033851501769,-67.52448918624067
3.4861999999999997,23.024,-43.025,864.809,-0.12,189.84,-615.096,1.861493,0,3.5927,-43.01466799999258,-890.1600000000001,115.46581302710452,189.83999999999992,115.46581302710452,-2018.6394688903335,-74.3741869728954
3.4912,23.024,-36.958,942.379,1.989,186.68,-572.61,1.861493,0,3.5977,-37.54043199996034,-893.3199999999999,104.65115573815301,186.68000000000006,104.65115573815301,-2204.980551904545,-82.02884426184706
3.4960999999999998,23.024,-36.958,942.379,1.989,184.57,-461.262,1.861493,0,3.6026,-36.83753269212146,-895.4300000000001,93.56371051386787,184.56999999999994,93.56371051386787,-2283.642156621555,-91.00628948613206
3.5013,23.024,-30.364,1011.638,1.092,184.57,-461.262,3.030034,1,3.6078,-29.659267857219064,-895.4300000000001,81.58403695446992,184.56999999999994,81.58403695446992,-2300.4958727709122,-102.98596304553001
3.5061999999999998,53.024,-16.561,1020.872,-0.278,182.81,-367.346,3.030034,0,3.6127,-17.0680489799621,-897.1899999999999,70.73333651020363,182.81000000000006,70.73333651020363,-2165.291102162944,-112.07666348979643
3.5112,53.024,-16.561,1020.872,-0.278,181.05,-342.225,3.030034,0,3.6177,-15.890056000046243,-898.95,60.49202833914479,181.04999999999995,60.49202833914479,-2006.6881259816732,-120.55797166085517
3.5162,53.024,-9.572,1060.581,1.208,179.65,-287.179,3.030034,0,3.6227,-9.603374000023093,-900.3499999999999,50.9954405534037,179.6500000000001,50.9954405534037,-1835.557540382388,-128.6545594465964
3.5221999999999998,53.024,-2.231,1100.289,0.527,178.59,-232.272,4.420106,1,3.6287,-2.1418459999342265,-901.4099999999999,41.632852765538715,178.59000000000015,41.632852765538715,-1405.488170032081,-136.95714723446144
3.5272,83.024,6.363,1113.217,0.104,177.89,-173.093,4.420106,0,3.6337,6.928439999960684,-902.1099999999999,36.45256868910612,177.8900000000001,36.45256868910612,-852.2404878383732,-141.43743131089397
3.5322,83.024,20.847,1097.518,0.726,176.84,-175.585,4.420106,0,3.6387,20.325575999612056,-903.16,34.57805941103829,176.84000000000003,34.57805941103829,-181.49798410911833,-142.26194058896175
3.5371,83.024,20.847,1097.518,0.726,176.84,-175.585,4.420106,0,3.6436,21.56591470585791,-903.16,35.050779621320864,176.84000000000003,35.050779621320864,180.28554423963323,-141.78922037867918
3.5422,83.024,28.254,1114.141,0.519,175.43,-204.337,6.078384,1,3.6487,28.525124470790963,-904.57,37.16248735056301,175.42999999999995,37.16248735056301,564.1093406342771,-138.26751264943692
3.5472,113.024,43.047,1082.743,-0.685,174.02,-219.444,6.078384,0,3.6537,41.62687200010037,-905.9799999999999,42.34518750492976,174.0200000000001,42.34518750492976,1199.0866002986404,-131.67481249507034
3.5521,113.024,43.047,1082.743,-0.685,172.62,-228.154,6.078384,0,3.6586,43.184807000221156,-907.38,49.441544377826524,172.62,49.441544377826524,1532.725311178554,-123.17845562217349
3.5571,113.024,50.3,1096.595,0.818,170.86,-260.753,6.078384,0,3.6636,50.321779999999315,-909.1399999999999,57.78212323672447,170.86000000000013,57.78212323672447,1737.2519384124378,-113.07787676327565
3.5621,113.024,57.773,1134.456,0.486,169.1,-275.298,7.683834,1,3.6686,57.90859927472914,-910.9000000000001,67.5856628775045,169.0999999999999,67.5856628775045,2074.5143327706237,-101.5143371224954
3.5672,143.024,72.675,1089.207,-0.544,169.1,-275.298,7.683834,0,3.6737,71.27245882362976,-910.9000000000001,79.29745827431476,169.0999999999999,79.29745827431476,2354.0388071890857,-89.80254172568515
3.5721,143.024,72.675,1089.207,-0.544,166.99,-312.89,7.683834,0,3.6786,72.9509470592722,-913.0099999999999,91.04539958690869,166.99000000000012,91.04539958690869,2402.7766165730463,-75.94460041309144
3.5772,143.024,87.489,1132.61,0.403,164.18,-395.432,7.683834,0,3.6837,86.8205971765187,-915.8199999999999,102.96141312291347,164.18000000000006,102.96141312291347,2288.226500385906,-61.218586877086594
3.5822,143.024,95.05,1134.456,0.029,161.37,-432.577,8.470534,1,3.6887,95.04445599999572,-918.6300000000001,113.43047823463414,161.3699999999999,113.43047823463414,1997.624486027802,-47.939521765365754
3.5872,169.411,102.457,1090.131,-0.461,158.2,-479.435,8.470534,0,3.6937,102.45488800000021,-921.8000000000002,122.2875300058985,158.19999999999982,122.2875300058985,1672.6335250082711,-35.912469994101315
3.5922,169.411,109.842,1095.672,0.477,153.63,-618.619,8.470534,0,3.6987,109.84754400000429,-926.37,129.32611144801683,153.63,129.32611144801683,1281.4576485661742,-24.303888551983164
3.5972,169.411,117.381,1107.676,0.154,153.63,-618.619,8.470534,0,3.7037,116.65725600005271,-926.37,134.37547774540272,153.63,134.37547774540272,919.2922433136356,-19.254522254597276
3.6022,169.411,117.381,1107.676,0.154,149.06,-683.724,7.424141,1,3.7087,117.85113000036554,-930.94,138.0429680279449,149.05999999999995,138.0429680279449,640.6823571607589,-11.017031972055037
3.6082,189.797,133.052,1040.265,-1.2,143.79,-768.273,7.424141,0,3.7147,132.8263819998237,-936.2099999999999,139.79230330444662,143.79000000000008,139.79230330444662,79.95676008114778,-3.997696695553458
3.6132,189.797,139.844,1018.102,-0.104,137.11,-969.434,7.424141,0,3.7197,139.83545600000062,-942.89,138.05487857292482,137.11,138.05487857292482,-499.75504640097546,0.9448785729248073
3.6182,189.797,146.547,998.71,-0.311,130.08,-1071.265,7.424141,0,3.7247,146.5391159999938,-949.92,134.06000176310923,130.08000000000004,134.06000176310923,-928.4114387124775,3.980001763109186
3.6231999999999998,189.797,153.031,957.154,-0.743,121.99,-1210.327,5.302263,1,3.7297,152.99720800000244,-958.0099999999999,128.03672205627697,121.99000000000012,128.03672205627697,-1311.4484297418337,6.046722056276849
3.6282,204.184,159.163,891.589,-1.208,112.85,-1367.858,5.302263,0,3.7347,159.15036399999002,-967.1500000000001,120.33137630917915,112.84999999999991,120.33137630917915,-1638.6661628503655,7.48137630917924
3.6332,204.184,164.944,853.728,-0.212,112.85,-1367.858,5.302263,0,3.7397,164.92710400000124,-967.1500000000001,111.2038384971354,112.84999999999991,111.2038384971354,-1893.6658334187473,-1.6461615028645156
3.6382,204.184,170.549,826.025,-0.594,103.36,-1461.021,5.302263,0,3.7447,170.5379119999912,-976.6399999999999,101.09239355936549,103.36000000000013,101.09239355936549,-2072.4411691411415,-2.267606440634637
3.6431999999999998,204.184,175.846,773.388,-0.984,93.16,-1592.064,1.552727,1,3.7497,175.80798400000282,-986.84,90.36971723186922,93.15999999999997,90.36971723186922,-2165.123510960258,-2.790282768130737
3.6482,212.571,180.747,706.9,-1.358,82.97,-1647.779,1.552727,0,3.7547,180.73277999998865,-997.03,79.47260761448861,82.97000000000003,79.47260761448861,-2178.242838953485,-3.497392385511432
3.6532,212.571,185.253,662.574,-0.444,72.42,-1700.21,1.552727,0,3.7597,185.2276560000019,-1007.5799999999999,68.76331213206439,72.42000000000007,68.76331213206439,-2121.0553114727186,-3.6566878679356876
3.6582,212.571,189.495,614.555,-0.926,61.88,-1731.924,1.552727,0,3.7647,189.4803585882235,-1018.12,58.51565259377894,61.879999999999995,58.51565259377894,-2012.6774973418435,-3.364347406221043
3.6633,212.571,193.407,561.918,-1.017,61.88,-1731.924,-1.851682,1,3.7698,193.38456680672542,-1018.12,48.77228903895642,61.879999999999995,48.77228903895642,-1865.2424150172606,-13.10771096104358
3.6682,214.957,196.924,504.665,-1.158,51.33,-1703.576,-1.851682,0,3.7747,196.9055760816177,-1028.67,40.169342489235596,51.32999999999993,40.169342489235596,-1706.1748615876777,-11.160657510764338
3.6732,214.957,200.001,445.564,-0.917,41.48,-1716.899,-1.851682,0,3.7797,199.97143200000227,-1038.52,32.226384136083674,41.48000000000002,32.226384136083674,-1541.5155562713094,-9.253615863916338
3.6782,214.957,202.77,389.234,-0.976,31.64,-1680.417,-1.851682,0,3.7847,202.7573639999897,-1048.36,25.063929134532568,31.6400000000001,25.063929134532568,-1383.8683190038164,-6.576070865467528
3.6832,214.957,205.188,340.291,-0.652,22.15,-1632.33,-5.685184,1,3.7897,205.1563200000024,-1057.85,18.672012694317537,22.15000000000009,18.672012694317537,-1237.0625439321157,-3.4779873056825465
3.6882,211.344,207.276,295.042,-0.751,13.01,-1564.234,-5.685184,0,3.7947,207.2581919999854,-1066.99,12.943928837731939,13.009999999999991,12.943928837731939,-1106.078720446455,-0.06607116226805942
3.6942,211.344,209.188,219.319,-1.117,3.87,-1552.685,-5.685184,0,3.8007,209.1306399999528,-1076.13,6.786792856400896,3.869999999999891,6.786792856400896,-995.526879504738,2.9167928564010026
3.6991,211.344,209.188,219.319,-1.117,3.87,-1552.685,-5.685184,0,3.8056,209.3076909999955,-1076.13,2.063028640991806,3.869999999999891,2.063028640991806,-952.3907814392829,-1.806971359008088
3.7041,211.344,210.397,161.142,-0.826,355.43,-1468.898,-5.757676,1,3.8106,210.39900841176825,-1084.57,-2.5234275493061866,355.43000000000006,357.4765724506938,-897.2954826968657,2.046572450693759
3.7092,201.731,211.738,49.404,-0.668,346.99,-1449.393,-5.757676,0,3.8157,211.60545223530445,-1093.01,-6.817127411058905,346.99,353.1828725889411,-823.2515088800975,6.1928725889411
3.7142,201.731,211.672,-45.711,-1.225,339.26,-1366.889,-5.757676,0,3.8207,211.65461199998552,-1100.74,-10.81733956744339,339.26,349.1826604325566,-795.0789409884459,9.922660432556597
3.7192,201.731,211.123,-95.577,-0.502,332.23,-1271.02,-5.757676,0,3.8257,211.09967200000182,-1107.77,-14.853166348194224,332.23,345.14683365180576,-814.3704780630253,12.916833651805746
3.7242,201.731,210.331,-133.438,-0.527,325.55,-1190.445,-2.564237,1,3.8307,210.3595120000239,-1114.4499999999998,-19.020868638699476,325.5500000000002,340.9791313613005,-840.8678067725308,15.429131361300335
3.7292,186.117,210.331,-133.438,-0.527,325.55,-1190.445,-2.564237,0,3.8357,210.24028000000715,-1114.4499999999998,-23.27562354555217,325.5500000000002,336.72437645444785,-855.0705536515472,11.174376454447668
3.7342,186.117,209.386,-147.29,-0.453,319.22,-1114.438,-2.564237,0,3.8407,209.31479199993996,-1120.78,-27.675235392882293,319.22,332.3247646071177,-898.41240744409,13.104764607117659
3.7392,186.117,206.463,-278.42,-1.1,313.24,-1063.092,-2.564237,0,3.8457,206.54949599999313,-1126.76,-32.545898808070646,313.24,327.45410119192934,-1007.7684225125306,14.21410119192933
3.7441999999999998,186.117,204.441,-310.74,-0.436,307.97,-972.956,-0.005655,1,3.8507,204.436247999996,-1132.03,-37.991150277197306,307.97,322.00884972280267,-1123.5158292674312,14.038849722802638
3.7492,164.504,202.287,-327.362,-0.411,302.7,-924.499,-0.005655,0,3.8557,202.24687200000318,-1137.3,-43.94849836832546,302.70000000000005,316.05150163167457,-1219.1130274886257,13.351501631674523
3.7542,164.504,199.715,-432.636,-2.113,297.77,-872.846,-0.005655,0,3.8607,199.69127599997978,-1142.2299999999998,-50.388419271462254,297.7700000000002,309.6115807285378,-1320.2871349919324,11.841580728537565
3.7592,164.504,196.484,-503.741,-1.25,297.77,-872.846,-0.005655,0,3.8657,196.4566400000022,-1142.2299999999998,-57.375739591065155,297.7700000000002,302.62426040893484,-1428.749191754736,4.8542604089346355
3.7641999999999998,164.504,192.968,-542.526,-0.751,293.55,-783.616,1.470204,1,3.8707,192.96004399999316,-1146.45,-64.8727681521576,293.54999999999995,295.1272318478424,-1529.7145644598434,1.5772318478424268
3.7692,136.891,189.231,-548.99,-0.328,289.69,-718.483,1.470204,0,3.8757,189.1909680000032,-1150.3100000000002,-72.80701732472137,289.6899999999998,287.19298267527864,-1607.254538828456,-2.4970173247211847
3.7742,136.891,185.077,-665.345,-2.263,285.82,-680.931,1.470204,0,3.8807,185.05248399997888,-1154.18,-81.01934832964733,285.81999999999994,278.9806516703527,-1655.07343082164,-6.839348329647237
3.7792,136.891,180.242,-742.914,-1.241,282.3,-633.334,1.470204,0,3.8857,180.22960000000106,-1157.7,-89.33140090032522,282.29999999999995,270.6685990996748,-1660.33272117967,-11.631400900325161
3.7852,136.891,174.285,-782.623,-0.179,279.14,-576.263,2.705708,1,3.8917,174.25727200000222,-1160.86,-99.06701934493098,279.1400000000001,260.932980655069,-1594.3361038270355,-18.207019344931098
3.7902,106.891,169.032,-778.929,-0.037,275.98,-556.668,2.705708,0,3.8967,169.02949623529196,-1164.02,-106.64904475435515,275.98,253.35095524564485,-1475.2327679522284,-22.629044754355164
3.7953,106.891,163.603,-858.345,-2.03,275.98,-556.668,2.705708,0,3.9018,163.52612338936567,-1164.02,-113.53404168721475,275.98,246.46595831278523,-1291.3069270456965,-29.514041687214785
3.8002,106.891,157.559,-924.834,-1.025,273.16,-508.205,2.705708,0,3.9067,157.55393648979154,-1166.8400000000001,-119.07585093793985,273.15999999999985,240.92414906206017,-1053.881158919433,-32.23585093793969
3.8052,106.891,151.251,-955.307,-0.179,270.7,-463.374,3.190744,1,3.9117,151.24466400000048,-1169.3000000000002,-123.30127411189846,270.6999999999998,236.69872588810154,-756.8281508275769,-34.00127411189828
3.8102,76.891,144.877,-951.614,0.295,268.24,-436.274,3.190744,0,3.9167,145.10646400020198,-1171.76,-126.116764946983,268.24,233.88323505301702,-487.3543394078459,-34.35676494698299
3.8152,76.891,144.877,-951.614,0.295,266.13,-393.833,3.190744,0,3.9217,143.573032000108,-1173.87,-127.7804688904722,266.1300000000001,232.2195311095278,-252.11180559221683,-33.910468890472316
3.8202,76.891,131.294,-1055.963,-0.702,264.73,-313.969,3.190744,0,3.9267,131.53395270609454,-1175.27,-127.59818143914468,264.73,232.4018185608553,190.4110217864097,-32.328181439144714
3.8253,76.891,124.238,-1074.432,-0.029,264.73,-313.969,2.121225,1,3.9318,124.20627016807141,-1175.27,-124.61167939637255,264.73,235.38832060362745,727.2091702849062,-29.34167939637257
3.8302,46.891,117.117,-1059.657,0.428,262.97,-295.068,2.121225,0,3.9367,117.12143975510598,-1177.03,-119.79471908382862,262.97,240.20528091617138,1090.648666865021,-22.764719083828652
3.8352,46.891,109.974,-1090.131,-1.258,261.91,-241.507,2.121225,0,3.9417,109.9465440000023,-1178.0900000000001,-113.17308120963304,261.90999999999985,246.82691879036696,1413.626620541621,-15.083081209632894
3.8402,46.891,102.545,-1133.533,-0.643,261.56,-149.943,2.121225,0,3.9467,102.5410399999965,-1178.44,-105.1762253833891,261.55999999999995,254.8237746166109,1676.5523640495362,-6.736225383389041
3.8452,46.891,95.006,-1127.992,-0.021,261.56,-74.971,-1.035706,1,3.9517,95.01233599999941,-1178.44,-96.12973127495826,261.55999999999995,263.87026872504174,1853.0232022118198,2.3102687250417944
3.8502,16.891,87.533,-1098.442,0.61,261.21,-66.504,-1.035706,0,3.9567,87.54215741177296,-1178.79,-86.57657429570452,261.21000000000004,273.4234257042955,1925.5641503499005,12.213425704295446
3.8553,16.891,80.17,-1116.911,-0.934,261.21,-66.504,-1.035706,0,3.9618,80.11663081233203,-1178.79,-76.872600607858,261.21000000000004,283.127399392142,1881.2736819919544,21.917399392141988
3.8602,16.891,72.521,-1145.538,-0.585,261.91,24.085,-1.035706,0,3.9667,72.52503567347306,-1178.0900000000001,-68.12827218864699,261.90999999999985,291.871727811353,1731.2125287984281,29.96172781135317
3.8651999999999997,16.891,64.828,-1136.303,0.129,263.32,132.185,-4.144806,1,3.9717,64.87020799999645,-1176.6799999999998,-60.33997194139445,263.32000000000016,299.6600280586056,1480.0839641645557,36.34002805860541
3.8712,-13.109,56.124,-1094.748,0.743,264.73,183.341,-4.144806,0,3.9777,56.1176960000005,-1175.27,-52.94373559539886,264.73,307.05626440460117,1101.4129601711886,42.32626440460115
3.8762,-13.109,48.805,-1104.906,-0.735,266.48,237.693,-4.144806,0,3.9827,48.80024799999566,-1173.52,-48.66360374605932,266.48,311.3363962539407,740.8254119697326,44.85639625394066
3.8811999999999998,-13.109,41.354,-1116.911,-0.303,268.59,292.118,-4.144806,0,3.9877,41.351888000000244,-1171.41,-46.35290015335517,268.5899999999999,313.64709984664483,347.0123938461491,45.05709984664492
3.8862,-13.109,33.881,-1114.141,0.095,271.05,353.718,-3.800718,1,3.9927,33.88575200000434,-1168.9499999999998,-46.0183282081036,271.0500000000002,313.9816717918964,-60.372526847413326,42.931671791896235
3.8912,-43.109,26.54,-1080.896,0.536,271.05,353.718,-3.800718,0,3.9977,27.24473599993917,-1168.9499999999998,-47.552766485287435,271.0500000000002,312.4472335147126,-382.68262241830695,41.39723351471241
3.8962,-43.109,26.54,-1080.896,0.536,273.87,408.111,-3.800718,0,4.0027,26.012239999513593,-1166.13,-50.23289057802356,273.8699999999999,309.76710942197644,-618.7769265868526,35.89710942197655
3.9012,-43.109,11.88,-1119.681,-0.336,276.68,441.721,-3.800718,0,4.0077,13.287359999878003,-1163.32,-54.602826780589666,276.68000000000006,305.3971732194103,-975.4551409204083,28.717173219410256
3.9061999999999997,-43.109,11.88,-1119.681,-0.336,279.49,455.204,-3.407789,1,4.0127,11.345903999505646,-1160.51,-60.60551211861606,279.49,299.39448788138395,-1298.1394765609596,19.904487881383943
3.9111999999999996,-68.156,-2.956,-1092.901,0.469,282.3,461.817,-3.407789,0,4.0177,-2.225920000063435,-1157.7,-68.21220295339516,282.29999999999995,291.78779704660485,-1621.0407958149947,9.487797046604896
3.9162000000000003,-68.156,-10.187,-1088.284,-0.552,285.12,465.42,-3.407789,0,4.0227,-10.188620000001558,-1154.88,-77.34403000641325,285.1199999999999,282.6559699935867,-1896.4396956569537,-2.464030006413168
3.9212000000000002,-68.156,-17.463,-1094.748,-0.12,285.12,465.42,-3.407789,0,4.0277,-16.764504000061326,-1154.88,-87.08870730280236,285.1199999999999,272.9112926971976,-1955.0083392245458,-12.208707302802281
3.9262,-68.156,-17.463,-1094.748,-0.12,287.58,436.038,-4.28258,1,4.0327,-17.975712000480634,-1152.42,-96.75488823878038,287.5799999999999,263.2451117612196,-1916.0811409019398,-24.33488823878031
3.9312,-87.202,-31.705,-1030.107,1.075,290.04,418.649,-4.28258,0,4.0377,-30.337768000120544,-1149.9599999999998,-105.86857053165399,290.0400000000002,254.13142946834603,-1774.7807535237775,-35.90857053165416
3.9362,-87.202,-31.705,-1030.107,1.075,292.15,390.693,-4.28258,0,4.0427,-32.18689600045364,-1147.85,-113.98915979158724,292.1500000000001,246.01084020841276,-1548.8879439806658,-46.13915979158733
3.9412,-87.202,-45.091,-983.011,0.361,294.26,371.254,-4.28258,0,4.0477,-44.43042400005849,-1145.74,-120.59900886533741,294.26,239.4009911346626,-1208.1082119977118,-54.85900886533739
3.9461999999999997,-87.202,-51.596,-944.226,0.843,295.66,302.432,-3.322169,1,4.0527,-51.58260799998734,-1144.34,-125.08416712278148,295.6600000000001,234.91583287721852,-765.7425884563535,-60.74416712278156
3.9511999999999996,-100.249,-57.729,-877.738,1.391,295.66,302.432,-3.322169,0,4.0577,-57.68666400000366,-1144.34,-127.72605568200868,295.6600000000001,232.27394431799132,-434.0414830745865,-63.38605568200876
3.9562000000000004,-100.249,-63.421,-831.565,0.378,297.07,264.962,-3.322169,0,4.0627,-63.40400799998385,-1142.93,-128.79905948421208,297.06999999999994,231.20094051578792,-116.90329944327986,-65.86905948421202
3.9621999999999997,-100.249,-69.685,-786.316,0.486,297.77,192.845,-3.322169,0,4.0687,-69.67671999999209,-1142.2299999999998,-128.07504731646065,297.7700000000002,231.92495268353935,236.1371795315611,-65.84504731646086
3.9671999999999996,-100.249,-74.675,-727.216,1.117,298.48,155.503,-0.721642,1,4.0737,-74.62853600000409,-1141.52,-125.93257301779227,298.48,234.06742698220773,503.46646957413407,-64.41257301779228
3.9722000000000004,-107.295,-79.181,-655.187,1.034,298.83,106.813,-0.721642,0,4.0787,-79.16753599998708,-1141.17,-122.59001029665697,298.8299999999999,237.40998970334303,739.7903589776786,-61.4200102966569
3.9772000000000003,-107.295,-83.313,-602.55,0.552,299.18,82.556,-0.721642,0,4.0837,-83.28976800000211,-1140.82,-118.16761659529456,299.18000000000006,241.83238340470544,939.6681677548095,-57.347616595294625
3.9822,-107.295,-87.203,-562.842,0.834,299.18,41.278,-0.721642,0,4.0887,-87.18877999998628,-1140.82,-112.88393712645687,299.18000000000006,247.11606287354311,1106.3362007971873,-52.06393712645695
3.9872,-107.295,-90.698,-502.818,0.992,299.18,41.278,1.242248,1,4.0937,-90.65998400000346,-1140.82,-106.87609670070357,299.18000000000006,253.12390329929644,1236.3782063236279,-46.05609670070362
3.9922,-108.342,-93.797,-446.487,1.025,299.18,20.639,1.242248,0,4.0987,-93.78353599998695,-1140.82,-100.35468252401738,299.18000000000006,259.6453174759826,1331.6826001469062,-39.534682524017455
3.9972,-108.342,-96.522,-395.698,0.793,299.18,10.32,1.242248,0,4.1037,-96.26040000002385,-1140.82,-93.47051775852698,299.18000000000006,266.52948224147303,1391.3494072638055,-32.65051775852703
4.0022,-108.342,-96.522,-395.698,0.793,299.18,5.16,1.242248,0,4.1087,-96.68104800015475,-1140.82,-86.38564402868808,299.18000000000006,273.6143559713119,1427.0908538778722,-25.565644028688155
4.0072,-108.342,-100.94,-285.807,0.884,298.83,-26.659,2.897284,1,4.1137,-100.68041600002375,-1141.17,-79.19208394539997,298.8299999999999,280.8079160546,1440.3160943911953,-18.022083945399913
4.0122,-103.388,-102.654,-240.558,0.494,298.48,-42.346,2.897284,0,4.1187,-102.63884894116165,-1141.52,-72.0194538128286,298.48,287.9805461871714,1431.6680899060218,-10.49945381282862
4.0173000000000005,-103.388,-103.973,-179.611,1.183,298.48,-42.346,2.897284,0,4.1238,-103.94103165266574,-1141.52,-64.72842358095701,298.48,295.27157641904296,1428.6225116280032,-3.20842358095706
4.022200000000001,-103.388,-104.896,-114.969,1.133,298.12,-50.742,2.897284,0,4.1287,-104.87872587753401,-1141.88,-57.73656550138667,298.1199999999999,302.2634344986133,1426.5190503055996,4.143434498613431
4.027200000000001,-103.388,-105.358,-53.098,0.751,297.77,-55.049,3.75925,1,4.1337,-105.32632000000294,-1142.2299999999998,-50.59002450687052,297.7700000000002,309.4099754931295,1431.397799884556,11.63997549312927
4.0322000000000005,-92.434,-105.49,-5.079,0.353,297.42,-56.702,3.75925,0,4.1387,-105.47257599998277,-1142.58,-43.38110573846873,297.4200000000001,316.6188942615313,1447.9261083205706,19.198894261531223
4.0372,-92.434,-105.138,82.649,1.225,297.07,-57.555,3.75925,0,4.1437,-105.17179199999687,-1142.93,-36.04356391528536,297.06999999999994,323.95643608471465,1475.602501801656,26.886436084714717
4.0422,-92.434,-105.138,82.649,1.225,297.07,-28.777,3.75925,0,4.1487,-105.07362352934787,-1142.93,-28.537167022904544,297.06999999999994,331.46283297709545,1515.9721901732191,34.39283297709551
4.047300000000001,-92.434,-103.314,167.606,0.619,297.07,-28.777,3.687172,1,4.1538,-103.37161669989173,-1142.93,-20.537083555469994,297.06999999999994,339.46291644453,1594.170308750592,42.392916444530044
4.0532,-75.481,-101.951,183.305,0.087,296.72,-41.724,3.687172,0,4.1597,-102.06188813558282,-1143.28,-10.738253367158311,296.72,349.26174663284166,1687.3342587603372,52.54174663284164
4.0582,-75.481,-101.951,183.305,0.087,296.72,-20.862,3.687172,0,4.1647,-101.8956319999446,-1143.28,-3.0668756616818285,296.72,356.9331243383182,1310.8325889686053,60.21312433831815
4.0632,-75.481,-100.413,257.18,1.822,296.72,-10.431,3.687172,0,4.1697,-100.1407440000256,-1143.28,1.1790478824734913,296.72,1.1790478824734913,707.9667566425103,64.45904788247344
4.0682,-75.481,-96.039,363.377,0.511,296.72,-5.215,3.440069,1,4.1747,-96.10704000006837,-1143.28,3.5891239487825013,296.72,3.5891239487825013,397.40607852755414,66.86912394878249
4.073200000000001,-52.527,-93.555,372.611,0.428,296.72,-2.608,3.440069,0,4.1797,-93.51708000000356,-1143.28,4.923819285747126,296.72,4.923819285747126,224.2113462227566,68.2038192857471
4.078200000000001,-52.527,-90.676,477.885,2.188,296.72,-1.304,3.440069,0,4.1847,-90.65144799997515,-1143.28,5.689075402446313,296.72,5.689075402446313,126.80964404404469,68.96907540244626
4.083200000000001,-52.527,-87.115,560.071,1.233,296.72,-1.304,3.440069,0,4.1897,-87.0813040000032,-1143.28,6.132915944836371,296.72,6.132915944836371,78.61652869230922,69.41291594483636
4.0882000000000005,-52.527,-83.203,596.086,0.594,296.72,-0.652,3.170121,1,4.1947,-83.2014159999984,-1143.28,6.547684240096592,296.72,6.547684240096592,92.37496770349384,69.82768424009657
4.0932,-23.574,-79.247,600.703,0.029,296.37,-29.855,3.170121,0,4.1997,-79.62677599996371,-1143.63,7.826257287650737,296.3699999999999,7.826257287650737,309.18172683119525,71.45625728765083
4.0982,-23.574,-79.247,600.703,0.029,296.37,-14.927,3.170121,0,4.2047,-79.0863679998361,-1143.63,9.847369868618582,296.3699999999999,9.847369868618582,446.2875406040117,73.47736986861867
4.1032,-23.574,-74.785,707.823,2.37,295.66,-66.732,3.170121,0,4.2097,-74.19844000005627,-1144.34,12.885970120558746,295.6600000000001,12.885970120558746,707.9044094827293,77.22597012055866
4.1082,-23.574,-64.213,829.718,0.635,294.96,-91.653,2.748852,1,4.2147,-64.59359200038983,-1145.04,17.988817059301713,294.96000000000004,17.988817059301713,1155.2652618967882,83.02881705930167
4.1132,6.426,-64.213,829.718,0.635,294.96,-91.653,2.748852,0,4.2197,-63.67914400005151,-1145.04,24.860774488253355,294.96000000000004,24.860774488253355,1444.1852194583155,89.90077448825332
4.118200000000001,6.426,-58.652,832.489,-0.12,293.91,-130.574,2.748852,0,4.2247,-58.40907199974922,-1146.0900000000001,33.01974472172881,293.90999999999985,33.01974472172881,1748.7697158652354,99.10974472172893
4.123200000000001,6.426,-46.343,983.011,1.084,292.85,-156.85,2.748852,0,4.2297,-46.87695199994818,-1147.15,43.84569672590585,292.8499999999999,43.84569672590585,2335.5421190757575,110.99569672590593
4.1282000000000005,6.426,-39.596,1004.25,0.369,291.8,-165.874,1.932941,1,4.2347,-39.83889200025166,-1148.2,57.08629418439868,291.79999999999995,57.08629418439868,2748.4593618829076,125.28629418439874
4.134200000000001,36.426,-39.596,1004.25,0.369,290.04,-229.281,1.932941,0,4.2407,-39.069031999451916,-1149.9599999999998,74.29061551358338,290.0400000000002,74.29061551358338,2933.8064183348984,144.25061551358317
4.139200000000001,36.426,-24.958,1033.801,1.233,288.28,-258.869,1.932941,0,4.2457,-26.36324799986258,-1151.72,89.37535500588298,288.28,89.37535500588298,3031.706418207126,161.095355005883
4.1442000000000005,36.426,-24.958,1033.801,1.233,286.17,-309.196,1.932941,0,4.2507,-24.442083999461374,-1153.83,104.32158368637776,286.1700000000001,104.32158368637776,2952.9801753386923,178.1515836863777
4.1492,36.426,-10.627,1081.82,0.262,286.17,-309.196,1.242694,1,4.2557,-11.317047999932267,-1153.83,118.16261619754994,286.1700000000001,118.16261619754994,2663.3306372273355,-168.00738380245014
4.1542,60.426,-3.484,1056.887,-0.428,283.71,-347.199,1.242694,0,4.2607,-3.4871320000032826,-1156.29,129.8110202237344,283.71000000000004,129.8110202237344,2179.7340674043057,-153.89897977626563
4.1592,60.426,3.572,1062.427,0.552,281.95,-329.908,1.242694,0,4.2657,3.5824639999989696,-1158.05,139.18785323959546,281.95000000000005,139.18785323959546,1747.898927488148,-142.7621467604046
4.1642,60.426,10.737,1074.432,0.137,279.84,-340.645,1.242694,0,4.2707,10.7346239999975,-1160.1599999999999,146.31692552749982,279.84000000000015,146.31692552749982,1276.520573240603,-133.52307447250033
4.1692,60.426,17.836,1056.887,-0.369,277.38,-375.538,0.958489,1,4.2757,17.814976000001963,-1162.6200000000001,150.9540837786605,277.3799999999999,150.9540837786605,785.9679099535476,-126.42591622133938
4.174200000000001,78.426,24.716,1016.255,-0.976,275.62,-333.99,0.958489,0,4.2807,24.702602352927038,-1164.3799999999999,153.2123816969749,275.6200000000001,153.2123816969749,301.6640499006925,-122.40761830302523
4.1793000000000005,78.426,31.354,990.398,-0.095,275.62,-333.99,0.958489,0,4.2858,30.761786274603033,-1164.3799999999999,153.2408742738475,275.6200000000001,153.2408742738475,-91.89840617467901,-122.37912572615261
4.184200000000001,78.426,31.354,990.398,-0.095,273.87,-310.953,0.958489,0,4.2907,31.58818000024911,-1166.13,152.02365543100612,273.8699999999999,152.02365543100612,-314.12163105537144,-121.84634456899377
4.1892000000000005,78.426,37.859,960.848,-0.461,272.11,-304.448,1.22178,1,4.2957,38.39506399994639,-1167.89,149.31943414856747,272.1099999999999,149.31943414856747,-673.9935320183488,-122.79056585143243
4.1942,90.426,49.948,849.111,-1.358,270.35,-298.961,1.22178,0,4.3007,49.7098239997457,-1169.6499999999999,143.78356196082274,270.35000000000014,143.78356196082274,-1307.1950470899833,-126.5664380391774
4.1992,90.426,55.421,802.938,-0.419,269.3,-237.003,1.22178,0,4.3057,54.895592000052744,-1170.6999999999998,135.47387689999715,269.3000000000002,135.47387689999715,-1760.5975769427723,-133.82612310000303
4.2042,90.426,55.421,802.938,-0.419,268.24,-206.531,1.22178,0,4.3107,55.77394117684877,-1171.76,125.95332984918512,268.24,125.95332984918512,-1970.248378914032,-142.28667015081487
4.209300000000001,90.426,65.421,701.359,-0.826,268.24,-206.531,1.151103,1,4.3158,64.94521456590248,-1171.76,114.93629291353008,268.24,114.93629291353008,-2244.6640598902795,-153.30370708646993
4.214200000000001,96.426,69.905,630.254,-1.341,267.54,-158.622,1.151103,0,4.3207,69.88431763263074,-1172.4599999999998,103.13675995023216,267.5400000000002,103.13675995023216,-2464.8698175339337,-164.40324004976804
4.219200000000001,96.426,73.906,582.234,-0.785,267.19,-110.204,1.151103,0,4.3257,73.8784480000028,-1172.81,90.47859205584123,267.19000000000005,90.47859205584123,-2550.654882537046,-176.71140794415882
4.224200000000001,96.426,77.62,535.138,-0.81,266.84,-84.361,1.151103,0,4.3307,77.48629599985514,-1173.16,77.63753685923166,266.8399999999999,77.63753685923166,-2571.2800434828505,170.79753685923174
4.230200000000001,96.426,77.62,535.138,-0.81,266.84,-42.181,0.346401,1,4.3367,77.75845600015056,-1173.16,62.2591959443998,266.8399999999999,62.2591959443998,-2553.546274205331,155.41919594439992
4.235200000000001,96.426,81.466,469.574,-0.843,267.19,7.974,0.346401,0,4.3417,81.60951999998532,-1172.81,49.76083419496199,267.19000000000005,49.76083419496199,-2463.2672490170244,142.57083419496195
4.240200000000001,96.426,86.807,353.219,-1.042,267.54,33.246,0.346401,0,4.3467,86.69068399987306,-1172.4599999999998,38.11644263683206,267.5400000000002,38.11644263683206,-2265.0316573309956,130.57644263683187
4.2452000000000005,96.426,88.917,295.042,-0.577,267.54,33.246,0.346401,0,4.3517,88.88541600000325,-1172.4599999999998,27.42228570867836,267.5400000000002,27.42228570867836,-2096.292460746394,119.88228570867818
4.2502,96.426,90.698,247.946,-0.859,268.24,74.297,-0.156957,1,4.3567,90.68608399998695,-1171.76,17.31699005606103,268.24,17.31699005606103,-1989.3326153100604,109.07699005606105
4.2552,90.426,92.148,198.08,-0.436,269.65,151.704,-0.156957,0,4.3617,92.00880000001433,-1170.35,8.142255217142834,269.6500000000001,8.142255217142834,-1674.629727691564,98.49225521714277
4.2602,90.426,92.148,198.08,-0.436,271.05,196.957,-0.156957,0,4.3667,92.18677200004262,-1168.9499999999998,2.5933867408641733,271.0500000000002,2.5933867408641733,-905.5279489389345,91.54338674086398
4.2652,90.426,93.225,132.515,-1.432,272.81,245.876,-0.156957,0,4.3717,93.18496800000413,-1167.19,-0.4365373721150374,272.80999999999995,359.563462627885,-508.683482961126,86.75346262788503
4.2702,90.426,93.885,-6.002,-0.843,274.92,298.646,0.455329,1,4.3767,93.85490399996681,-1165.08,-2.1789759669234807,274.9200000000001,357.8210240330765,-289.06964093184797,82.90102403307645
4.275200000000001,78.426,93.709,-37.4,-0.56,274.92,298.646,0.455329,0,4.3817,93.67732000000329,-1165.08,-3.1736865047451333,274.9200000000001,356.82631349525485,-169.3300303727779,81.90631349525478
4.280200000000001,78.426,93.203,-98.347,-1.532,277.03,322.036,0.455329,0,4.3867,93.1887799999842,-1162.97,-3.771810279464609,277.03,356.2281897205354,-101.0173286003526,79.19818972053542
4.285200000000001,78.426,92.302,-152.831,-0.909,279.49,370.057,0.455329,0,4.3917,92.27243200000309,-1160.51,-4.132696575258312,279.49,355.8673034247417,-62.54743978159346,76.37730342474168
4.2902000000000005,78.426,91.093,-191.616,-0.594,282.66,448.571,0.869021,1,4.3967,91.08669999999297,-1157.34,-4.360832413735779,282.6600000000001,355.6391675862642,-39.073191595834004,72.97916758626411
4.2952,60.426,89.709,-217.472,-0.536,285.82,487.059,0.869021,0,4.4017,89.67300000000378,-1154.18,-4.507269400042888,285.81999999999994,355.4927305999571,-26.38928651357774,69.67273059995716
4.3002,60.426,87.95,-302.429,-1.623,289.34,536.281,0.869021,0,4.4067,87.92947999997703,-1150.6599999999999,-4.60817891436257,289.34000000000015,355.39182108563745,-17.437085755798226,66.0518210856373
4.3052,60.426,85.621,-368.918,-1.025,289.34,536.281,0.869021,0,4.4117,85.58922400000334,-1150.6599999999999,-4.667233502903322,289.34000000000015,355.33276649709666,-10.217447645414031,65.99276649709651
4.3102,60.426,82.961,-404.932,-0.776,293.55,617.172,0.659781,1,4.4167,82.95916999999795,-1146.45,-4.770280271646696,293.54999999999995,355.2297197283533,-28.325084259846737,61.67971972835335
4.3162,36.426,79.708,-424.325,-0.353,297.77,649.819,0.659781,0,4.4227,79.69006599997978,-1142.2299999999998,-5.380082748536602,297.7700000000002,354.6199172514634,-195.48510485218802,56.84991725146318
4.3212,36.426,76.499,-529.598,-2.229,302.34,721.757,0.659781,0,4.4277,76.43784800000647,-1137.66,-7.084980812844702,302.3399999999999,352.9150191871553,-403.34597557468504,50.57501918715536
4.3262,36.426,72.653,-597.933,-1.2,307.27,771.471,0.659781,0,4.4327,72.64191199998749,-1132.73,-9.920596363007606,307.27,350.07940363699237,-644.5979906497633,42.809403636992386
4.331200000000001,36.426,68.499,-633.024,-0.369,312.54,824.367,0.512565,1,4.4377,68.49055200000082,-1127.46,-14.088827333576944,312.53999999999996,345.91117266642306,-911.3409031152526,33.37117266642309
4.336200000000001,10.251,64.257,-634.871,-0.037,318.16,880.906,0.512565,0,4.4427,64.24757082351867,-1121.8400000000001,-19.592926717233784,318.15999999999985,340.4070732827662,-1187.4519057712034,22.247073282766337
4.3413,10.251,59.663,-730.909,-2.063,318.16,880.906,0.512565,0,4.4478,59.593249719899795,-1121.8400000000001,-26.70054533261524,318.15999999999985,333.29945466738474,-1481.7873482615294,15.139454667384882
4.3462000000000005,10.251,54.498,-798.321,-0.893,323.79,898.868,0.512565,0,4.4527,54.68773469409435,-1116.21,-34.82961655506871,323.78999999999996,325.1703834449313,-1724.1499444444348,1.38038344493134
4.3512,10.251,54.498,-798.321,-0.893,329.41,929.083,0.315048,1,4.4577,53.45140800011241,-1110.59,-44.066178322562294,329.4100000000001,315.9338216774377,-1910.4583217073957,-13.476178322562362
4.3562,-9.924,43.596,-814.943,-0.029,335.39,963.199,0.315048,0,4.4627,43.78827600022047,-1104.61,-54.666551622587164,335.3900000000001,305.3334483774128,-2227.296701612516,-30.05655162258728
4.3612,-9.924,38.035,-844.494,-0.751,341.37,979.478,0.315048,0,4.4677,38.01397600000226,-1098.63,-66.97321718599441,341.3699999999999,293.02678281400557,-2532.7220960966756,-48.34321718599432
4.3662,-9.924,32.255,-874.044,-0.345,346.99,958.726,0.315048,0,4.4727,32.25749176470878,-1093.01,-80.11172535226206,346.99,279.88827464773794,-2658.7701416514346,-67.10172535226206
4.371300000000001,-9.924,26.43,-870.35,-0.095,346.99,958.726,-0.333948,1,4.4778,26.42113851540764,-1093.01,-93.75336891915497,346.99,266.246631080845,-2669.451599322537,-80.74336891915499
4.376200000000001,-24.099,20.738,-843.57,0.527,352.62,918.619,-0.333948,0,4.4827,20.748481877563155,-1087.38,-106.53904785105699,352.6199999999999,253.46095214894302,-2572.4744269877224,-99.15904785105687
4.381200000000001,-24.099,15.221,-821.407,0.112,358.24,959.936,-0.333948,0,4.4877,15.75063199994233,-1081.7599999999998,-118.81487567319891,358.24000000000024,241.1851243268011,-2409.6121444539726,-117.05487567319915
4.3862000000000005,-24.099,15.221,-821.407,0.112,3.52,920.58,-0.333948,0,4.4927,14.834071999550222,-1076.48,-130.2687707682995,3.519999999999982,229.7312292317005,-2224.644867371347,-133.7887707682995
4.3912,-24.099,4.473,-777.082,0.66,8.79,899.881,-0.644897,1,4.4977,5.025767999939603,-1071.21,-140.1472085468166,8.789999999999964,219.8527914531834,-1853.544228350535,-148.93720854681658
4.3962,-32.274,-0.517,-707.823,1.0,13.36,825.288,-0.644897,0,4.5027,-0.4994658823324971,-1066.6399999999999,-147.82699992737741,13.360000000000127,212.17300007262259,-1404.7710194438928,-161.18699992737754
4.4013,-32.274,-5.11,-667.192,0.619,13.36,825.288,-0.644897,0,4.5078,-4.700232353012164,-1066.6399999999999,-153.93224254943334,13.360000000000127,206.06775745056666,-1127.009943930478,-167.29224254943347
4.4072000000000005,-32.274,-5.11,-667.192,0.619,18.28,818.146,-0.644897,0,4.5137,-5.9498079999076205,-1061.72,-159.57337289671668,18.279999999999973,200.42662710328332,-856.1546969986786,-177.85337289671668
4.4122,-32.274,-13.858,-564.689,0.926,22.5,758.086,-0.466669,1,4.5187,-13.667307999776074,-1057.5,-162.6594719732537,22.5,197.3405280267463,-498.11487436899694,174.8405280267463
4.4172,-34.449,-17.309,-497.277,1.05,26.72,735.832,-0.466669,0,4.5237,-17.26887200000443,-1053.28,-163.79542217347694,26.720000000000027,196.20457782652306,-136.67020429686815,169.48457782652304
4.4222,-34.449,-20.342,-439.1,0.81,30.23,668.115,-0.466669,0,4.5287,-20.330119999986003,-1049.77,-163.6868069424775,30.230000000000018,196.3131930575225,87.9216071979836,166.08319305752252
4.4272,-34.449,-23.045,-384.616,0.544,33.75,627.733,-0.466669,0,4.5337,-23.009192000003928,-1046.2499999999998,-162.55528346786613,33.75000000000023,197.44471653213387,279.84457864182684,163.6947165321336
4.432200000000001,-34.449,-25.375,-334.75,0.793,36.91,575.59,0.447421,1,4.5387,-25.362327999984984,-1043.0900000000001,-160.5691181954567,36.909999999999854,199.4308818045433,448.00747832696084,162.52088180454348
4.437200000000001,-30.624,-27.353,-281.19,0.818,36.91,575.59,0.447421,0,4.5437,-27.317192000003995,-1043.0900000000001,-157.81114941924025,36.909999999999854,202.18885058075975,591.0454449189367,165.27885058075992
4.442200000000001,-30.624,-28.958,-220.242,0.909,39.38,490.624,0.447421,0,4.5487,-28.94295199998209,-1040.62,-154.43865460695534,39.38000000000011,205.56134539304466,709.7706020599206,166.18134539304458
4.4472000000000005,-30.624,-30.145,-157.448,0.876,41.48,423.981,0.447421,0,4.5537,-30.03104800001275,-1038.52,-150.57190319029192,41.48000000000002,209.42809680970808,794.2128265906833,167.9480968097081
4.4522,-30.624,-30.145,-157.448,0.876,43.59,387.575,2.103829,1,4.5587,-30.191656000055712,-1036.4099999999999,-146.41216737203192,43.590000000000146,213.58783262796808,848.5455952875469,169.9978326279679
4.4572,-20.799,-31.441,-56.792,0.876,44.65,281.974,2.103829,0,4.5637,-31.312360000014436,-1035.3500000000001,-141.97481013814865,44.649999999999864,218.02518986185135,903.1430235313824,173.37518986185148
4.4622,-20.799,-31.397,46.634,1.465,45.7,228.018,2.103829,0,4.5687,-31.379207529390452,-1034.3000000000002,-137.3133289261363,45.69999999999982,222.6866710738637,941.6167218357625,176.98667107386387
4.467300000000001,-20.799,-30.848,95.577,1.092,45.7,228.018,2.103829,0,4.5738,-30.896979411755957,-1034.3000000000002,-132.47441619340836,45.69999999999982,227.52558380659164,951.9701675060109,-178.1744161934082
4.472200000000001,-20.799,-30.848,95.577,1.092,45.7,114.009,3.837565,1,4.5787,-30.786295999925596,-1034.3000000000002,-127.78621177763608,45.69999999999982,232.21378822236392,957.33332152365,-173.4862117776359
4.477200000000001,-4.974,-29.134,146.367,0.104,45.7,57.004,3.837565,0,4.5837,-29.174031999995464,-1034.3000000000002,-123.03868840776832,45.69999999999982,236.96131159223168,944.6355519613534,-168.7386884077681
4.482200000000001,-4.974,-27.837,227.63,1.681,45.7,28.502,3.837565,0,4.5887,-27.818819999978004,-1034.3000000000002,-118.38699463273846,45.69999999999982,241.61300536726154,924.1949521446834,-164.0869946327383
4.4872000000000005,-4.974,-26.035,283.037,0.826,44.3,-102.518,3.837565,0,4.5937,-26.003320000003605,-1035.7,-113.82606508577229,44.299999999999955,246.17393491422771,907.2065775026376,-158.1260650857722
4.4922,-4.974,-23.903,327.362,0.751,42.89,-166.135,3.946422,1,4.5987,-23.901931999998705,-1037.11,-109.34471456279199,42.8900000000001,250.65528543720802,891.8465261708565,-152.23471456279208
4.498200000000001,16.851,-21.309,340.291,0.378,41.13,-232.936,3.946422,0,4.6047,-21.386820000094758,-1038.8700000000001,-104.01126969120403,41.12999999999988,255.98873030879597,891.2667372030581,-145.1412696912039
4.5032000000000005,16.851,-21.309,340.291,0.378,41.13,-232.936,3.946422,0,4.6097,-20.739336000065194,-1038.8700000000001,-99.50844430946586,41.12999999999988,260.49155569053414,902.9918126270732,-140.63844430946574
4.5082,16.851,-15.375,512.052,1.0,39.38,-258.762,3.946422,0,4.6147,-15.459636000103398,-1040.62,-94.97155342678168,39.38000000000011,265.02844657321833,909.7262665666203,-134.35155342678178
4.5132,16.851,-11.792,547.143,0.536,36.56,-370.212,3.38151,1,4.6197,-12.135967999960508,-1043.44,-90.35901802632254,36.559999999999945,269.64098197367747,929.9445474386634,-126.91901802632248
4.5182,44.676,-11.792,547.143,0.536,33.4,-448.093,3.38151,0,4.6247,-11.51109199965572,-1046.6,-85.58853873768126,33.40000000000009,274.41146126231877,966.4542200387313,-118.98853873768132
4.5232,44.676,-3.989,663.498,2.453,30.59,-458.289,3.38151,0,4.6297,-4.2760399999669385,-1049.41,-80.55874865780481,30.589999999999918,279.4412513421952,1024.8398304538293,-111.14874865780473
4.5282,44.676,0.824,744.761,1.075,27.42,-493.839,3.38151,0,4.6347,0.6507319997869595,-1052.58,-75.16500822352458,27.420000000000073,284.8349917764754,1103.425160357443,-102.58500822352465
4.533200000000001,44.676,0.824,744.761,1.075,27.42,-493.839,3.154725,1,4.6397,1.8241279998840634,-1052.58,-69.35882073587574,27.420000000000073,290.6411792641243,1189.4389907603668,-96.7788207358758
4.538200000000001,66.501,11.242,780.776,-0.054,23.55,-552.818,3.154725,0,4.6447,10.866951999535903,-1056.45,-62.97759114996795,23.549999999999955,297.02240885003204,1318.8133702373773,-86.52759114996792
4.543200000000001,66.501,11.242,780.776,-0.054,19.69,-616.985,3.154725,0,4.6497,12.316047999875098,-1060.31,-55.82256471014519,19.690000000000055,304.1774352898548,1479.9775346440192,-75.51256471014523
4.5482000000000005,66.501,22.43,874.967,0.768,15.82,-630.698,3.154725,0,4.6547,22.238479999762248,-1064.18,-47.70803084968781,15.819999999999936,312.2919691503122,1696.283638888853,-63.52803084968775
4.5532,66.501,28.298,878.661,0.095,11.95,-637.264,3.310533,1,4.6597,28.29387200000048,-1068.05,-38.223530198196244,11.950000000000045,321.7764698018037,1978.0340078293661,-50.17353019819632
4.5582,82.326,34.123,862.039,-0.536,8.09,-640.899,3.310533,0,4.6647,33.913299999738854,-1071.91,-27.46248002748221,8.089999999999918,332.53751997251777,2223.747743054204,-35.55248002748215
4.563300000000001,82.326,34.123,862.039,-0.536,8.09,-640.899,3.310533,0,4.6698,35.18017857123252,-1071.91,-15.320115657601367,8.089999999999918,344.6798843423986,2462.5150141980253,-23.410115657601295
4.5682,82.326,45.508,843.57,0.046,4.57,-604.328,3.310533,0,4.6747,45.291555509933595,-1075.43,-1.9498335723064946,4.569999999999936,358.0501664276935,2865.5999464484717,-6.519833572306425
4.573200000000001,82.326,51.113,817.714,-0.56,1.05,-605.475,3.410878,1,4.6797,51.089768000002834,-1078.95,13.180759833011297,1.0499999999999545,13.180759833011297,2848.042416792331,12.130759833011354
4.578200000000001,92.151,56.476,764.154,-1.034,357.89,-565.509,3.410878,0,4.6847,56.453061999971176,-1082.1100000000001,24.402158826066103,357.8899999999999,24.402158826066103,2254.4106382891464,26.51215882606624
4.5842,92.151,62.147,722.598,-0.311,354.73,-546.063,3.410878,0,4.6907,61.9768699997861,-1085.27,39.205565650700095,354.73,39.205565650700095,2543.368472940661,44.475565650700105
4.589200000000001,92.151,62.147,722.598,-0.311,351.91,-506.715,3.410878,0,4.6957,63.00149599989873,-1088.09,52.34860289345217,351.9100000000001,52.34860289345217,2671.106323254222,60.43860289345207
4.594200000000001,92.151,71.048,619.172,-1.009,349.45,-458.245,3.236661,1,4.7007,70.86684799977083,-1090.5500000000002,66.3357195574551,349.4499999999998,66.3357195574551,2857.2133749442773,76.88571955745527
4.599200000000001,95.976,74.917,555.454,-1.0,349.45,-458.245,3.236661,0,4.7057,74.87677600000478,-1090.5500000000002,81.10991766572862,349.4499999999998,81.10991766572862,2975.5213377910354,91.65991766572881
4.6042000000000005,95.976,78.367,500.971,-0.677,346.99,-429.714,3.236661,0,4.7107,78.35436399998397,-1093.01,95.97306043010106,346.99,95.97306043010106,2963.0142464857795,108.98306043010103
4.6092,95.976,81.466,443.717,-0.76,345.23,-364.916,3.236661,0,4.7157,81.42808000000453,-1094.77,110.52286346775347,345.23,110.52286346775347,2883.2689930084543,125.29286346775348
4.6142,95.976,84.17,395.698,-0.868,344.18,-269.567,2.902117,1,4.7207,84.07265599987609,-1095.82,124.57420508934062,344.18000000000006,124.57420508934062,2778.0865538651265,140.39420508934057
4.6192,93.801,84.17,395.698,-0.868,343.12,-223.268,2.902117,0,4.7257,84.58990399994977,-1096.8799999999999,138.1160120017535,343.1200000000001,138.1160120017535,2675.3125616926372,154.99601200175334
4.6242,93.801,88.544,273.802,-0.801,342.42,-169.822,2.902117,0,4.7307,88.44427999987266,-1097.58,150.96638867378923,342.4200000000001,150.96638867378923,2516.0458609190637,168.54638867378912
4.6292,93.801,90.148,220.242,-0.951,342.42,-169.822,2.902117,0,4.7357,89.99401600001848,-1097.58,162.9365210566692,342.4200000000001,162.9365210566692,2357.421521360108,-179.48347894333088
4.634200000000001,93.801,90.148,220.242,-0.951,342.42,-84.911,2.475143,1,4.7407,90.19310800005795,-1097.58,174.48869594016324,342.4200000000001,174.48869594016324,2292.991209374557,-167.93130405983683
4.639200000000001,85.626,91.401,163.912,-0.602,342.42,-42.456,2.475143,0,4.7457,91.41155999999872,-1097.58,185.75184781280376,342.4200000000001,185.75184781280376,2232.8120839266016,-156.6681521871963
4.6442000000000005,85.626,92.764,16.16,-1.781,342.77,9.293,2.475143,0,4.7507,92.71493199993675,-1097.23,196.6726194432744,342.77,196.6726194432744,2165.568511307073,-146.09738055672557
4.6492,85.626,92.764,16.16,-1.781,344.18,122.244,2.475143,0,4.7557,92.69641600000818,-1095.82,207.42946524144267,344.18000000000006,207.42946524144267,2152.666862483668,-136.7505347585574
4.6542,85.626,92.06,-76.184,-0.361,346.64,265.885,2.642953,1,4.7607,92.06320400000415,-1093.36,218.31747127317885,346.6400000000001,218.31747127317885,2191.7621958305567,-128.32252872682125
4.6592,71.451,91.445,-97.424,-0.22,346.64,265.885,2.642953,0,4.7657,91.41543200000359,-1093.36,229.4725640785775,346.6400000000001,229.4725640785775,2247.411518329345,-117.1674359214226
4.6642,71.451,90.522,-172.223,-1.524,348.75,305.495,2.642953,0,4.7707,90.50457599997742,-1091.25,240.91935158692175,348.75,240.91935158692175,2309.310865547396,-107.83064841307825
4.6692,71.451,89.115,-228.553,-0.992,351.21,361.264,2.642953,0,4.7757,89.09359200000262,-1088.79,252.70338368191324,351.21000000000004,252.70338368191324,2375.7563260751504,-98.5066163180868
4.6752,71.451,87.159,-270.109,-0.61,354.38,445.058,2.647395,1,4.7817,87.13826400000254,-1085.62,267.23306418924057,354.3800000000001,267.23306418924057,2441.6731353103564,-87.14693581075954
4.6802,52.948,85.313,-282.114,-0.087,357.54,484.828,2.647395,0,4.7867,85.30111999998451,-1082.46,279.5535645467223,357.53999999999996,279.5535645467223,2471.420279958046,-77.98643545327764
4.6852,52.948,83.137,-368.918,-1.897,1.05,535.9,2.647395,0,4.7917,83.34589599997439,-1078.95,291.9289755696627,1.0499999999999545,291.9289755696627,2475.4014961923344,-69.12102443033723
4.690200000000001,52.948,83.137,-368.918,-1.897,4.92,590.849,2.647395,0,4.7967,82.93374117620381,-1075.08,304.2450436854068,4.920000000000073,304.2450436854068,2450.859255001425,-60.67495631459326
4.6953000000000005,52.948,77.378,-461.263,-0.577,4.92,590.849,1.831856,1,4.8018,77.89179313715476,-1075.08,316.39212538642664,4.920000000000073,316.39212538642664,2348.9673580054214,-48.52787461357343
4.700200000000001,36.637,77.378,-461.263,-0.577,9.49,654.27,1.831856,0,4.8067,77.26485199985105,-1070.51,327.53165731599927,9.490000000000009,327.53165731599927,2243.0651637295646,-41.95834268400074
4.7052000000000005,36.637,74.235,-476.038,-0.129,13.71,701.358,1.831856,0,4.8117,73.85944800004646,-1066.2900000000002,338.27409253525224,13.709999999999809,338.27409253525224,2086.8093316495847,-35.43590746474757
4.7102,36.637,67.18,-568.383,-0.71,18.63,759.442,1.831856,0,4.8167,67.29548800015249,-1061.3700000000001,347.5849959772474,18.62999999999988,347.5849959772474,1752.4916722323228,-31.045004022752494
4.7152,36.637,63.333,-578.54,-0.361,23.55,790.086,0.445301,1,4.8217,63.33098400000025,-1056.45,355.13328230455596,23.549999999999955,355.13328230455596,1421.7183530512918,-28.416717695443992
4.7202,14.326,59.465,-570.229,0.021,28.83,836.396,0.445301,0,4.8267,59.46989328302536,-1051.17,361.310875686201,28.829999999999927,1.3108756862009727,1147.4528859665227,-27.519124313798955
4.7255,14.326,55.509,-623.789,-1.291,34.1,856.514,0.445301,0,4.832,55.436405660406315,-1045.8999999999999,365.3284706848522,34.100000000000136,5.3284706848522205,619.5022562009389,-28.771529315147916
4.730200000000001,14.326,51.091,-680.12,-0.726,34.1,856.514,0.445301,0,4.8367,51.09560800000611,-1045.8999999999999,367.31943286938474,34.100000000000136,7.319432869384741,355.76494144065776,-26.780567130615395
4.735200000000001,14.326,46.519,-689.354,-0.444,39.38,872.454,-1.195232,1,4.8417,46.51909599999998,-1040.62,368.43470488758817,39.38000000000011,8.434704887588168,158.78871216212764,-30.94529511241194
4.740200000000001,-13.984,41.948,-689.354,0.262,45.35,933.426,-1.195232,0,4.8467,41.93687599998514,-1034.65,368.2057390920344,45.34999999999991,8.205739092034378,-139.23189236376152,-37.14426090796553
4.7452000000000005,-13.984,37.068,-763.23,-2.005,50.98,935.91,-1.195232,0,4.8517,37.01107200000715,-1029.02,366.4026235858007,50.98000000000002,6.402623585800711,-453.0349669603952,-44.57737641419931
4.7502,-13.984,31.595,-823.254,-0.901,56.95,962.764,-1.195232,0,4.8567,31.792028000264033,-1023.05,363.1174784710893,56.950000000000045,3.1174784710893277,-737.6927176214581,-53.83252152891072
4.7553,-13.984,31.595,-823.254,-0.901,56.95,962.764,-2.21696,1,4.8618,31.16113050856098,-1023.05,358.7029267731133,56.950000000000045,358.7029267731133,-914.1208435901415,-58.247073226886755
4.7612000000000005,-43.984,25.969,-846.341,-0.444,63.63,1002.844,-2.21696,0,4.8677,25.7894604745989,-1016.3699999999999,352.333601603758,63.63000000000011,352.333601603758,-1187.7901821497394,-71.29639839624213
4.7662,-43.984,19.331,-846.341,0.162,70.31,1072.742,-2.21696,0,4.8727,19.133971999734413,-1009.6899999999999,344.87935946083974,70.31000000000006,344.87935946083974,-1654.0849359437334,-85.43064053916032
4.7712,-43.984,7.22,-965.465,-1.133,76.99,1118.771,-2.21696,0,4.8777,8.382655999852744,-1003.01,334.4941529089566,76.99000000000001,334.4941529089566,-2224.639131290204,-102.4958470910434
4.7762,-43.984,7.22,-965.465,-1.133,83.67,1116.057,-3.250708,1,4.8827,6.749227999363555,-996.3299999999999,321.9678041716803,83.67000000000007,321.9678041716803,-2627.6510883090837,-121.70219582831976
4.7812,-67.984,-5.857,-971.93,0.179,90.35,1115.446,-3.250708,0,4.8877,-4.601608000159466,-989.65,307.51717518570405,90.35000000000002,307.51717518570405,-2988.8392578905023,-142.83282481429598
4.7862,-67.984,-5.857,-971.93,0.179,96.33,1052.087,-3.250708,0,4.8927,-6.336520000650079,-983.67,291.6114233436844,96.33000000000004,291.6114233436844,-3256.888018128871,-164.71857665631563
4.791200000000001,-67.984,-19.177,-1017.178,-0.461,96.33,1052.087,-3.250708,0,4.8977,-18.552424000080027,-983.67,274.7499666313003,96.33000000000004,274.7499666313003,-3409.1855501879836,178.41996663130027
4.796200000000001,-67.984,-25.991,-1016.255,-0.021,102.3,1018.953,-5.2568,1,4.9027,-25.74569599966546,-977.6999999999999,257.7188253847748,102.30000000000007,257.7188253847748,-3384.6592554780473,155.41882538477472
4.801200000000001,-97.984,-25.991,-1016.255,-0.021,107.93,974.834,-5.2568,0,4.9077,-27.261175999837246,-972.0699999999998,241.27386421947085,107.93000000000018,241.27386421947085,-3232.760201402206,133.34386421947067
4.8062000000000005,-97.984,-39.222,-1002.403,-1.059,112.85,908.424,-5.2568,0,4.9127,-38.99257199968621,-967.1500000000001,226.37467041956677,112.84999999999991,226.37467041956677,-2832.712385143576,113.52467041956686
4.8112,-97.984,-46.08,-1041.188,-0.693,116.72,774.678,-5.2568,0,4.9177,-46.086239999999194,-963.2799999999999,214.36564604397398,116.72000000000014,214.36564604397398,-2241.43527326961,97.64564604397384
4.8162,-97.984,-53.003,-1035.647,-0.195,120.23,679.304,-6.036853,1,4.9227,-52.75377199965815,-959.77,204.62290141481557,120.23000000000002,204.62290141481557,-1838.3835214682013,84.39290141481558
4.8212,-121.984,-53.003,-1035.647,-0.195,120.23,679.304,-6.036853,0,4.9277,-54.28347058807011,-959.77,196.48788911292954,120.23000000000002,196.48788911292954,-1521.2379081754118,76.25788911292955
4.826300000000001,-121.984,-66.608,-1021.796,-0.693,123.05,569.654,-6.036853,0,4.9328,-66.28693571401242,-956.95,190.59305799359373,123.04999999999995,190.59305799359373,-963.505569348677,67.54305799359378
4.831200000000001,-121.984,-73.51,-1043.958,-0.336,124.8,434.307,-6.036853,0,4.9377,-72.83388571437338,-955.1999999999999,187.93532713418497,124.80000000000007,187.93532713418497,-415.18127841814766,63.135327134184905
4.836200000000001,-121.984,-73.51,-1043.958,-0.336,126.21,334.4,-4.856465,1,4.9427,-74.002948000682,-953.7900000000001,186.9797207836965,126.20999999999992,186.9797207836965,-78.88221545775512,60.769720783696584
4.841200000000001,-139.984,-87.203,-979.317,0.926,126.56,196.386,-4.856465,0,4.9477,-86.51304800008968,-953.4399999999999,188.44659491463733,126.56000000000006,188.44659491463733,467.7463085545599,61.88659491463727
4.8462000000000005,-139.984,-93.709,-961.772,0.046,126.56,98.193,-4.856465,0,4.9527,-93.47478399967504,-953.4399999999999,192.7962474905191,126.56000000000006,192.7962474905191,1017.597950419621,66.23624749051905
4.852200000000001,-139.984,-93.709,-961.772,0.046,126.21,19.671,-4.856465,0,4.9587,-93.97486000036992,-953.7900000000001,200.1563769019789,126.20999999999992,200.1563769019789,1332.300266435646,73.94637690197897
4.857200000000001,-139.984,-101.094,-935.915,0.477,126.21,19.671,-3.196185,1,4.9637,-101.50967999994565,-953.7900000000001,208.14048501743724,126.20999999999992,208.14048501743724,1742.5919721622627,81.93048501743732
4.8622000000000005,-151.984,-112.809,-820.484,1.05,124.8,-101.027,-3.196185,0,4.9687,-112.38725999941153,-955.1999999999999,218.8908975892005,124.80000000000007,218.8908975892005,2315.6725582578497,94.09089758920044
4.8672,-151.984,-112.809,-820.484,1.05,123.05,-206.234,-3.196185,0,4.9737,-113.7922319998711,-956.95,231.7501462652009,123.04999999999995,231.7501462652009,2664.4340355637305,108.70014626520094
4.8722,-151.984,-123.051,-742.914,0.536,120.59,-306.874,-3.196185,0,4.9787,-122.85321599972326,-959.4100000000001,246.08497343662324,120.58999999999992,246.08497343662324,2960.244803087866,125.49497343662335
4.8772,-151.984,-127.799,-691.201,1.017,118.12,-359.862,-1.185755,1,4.9837,-127.75464800000583,-961.88,261.74427725328275,118.12,261.74427725328275,3178.7100406008394,143.62427725328274
4.8822,-157.984,-132.085,-617.325,1.0,115.31,-413.496,-1.185755,0,4.9887,-132.0687745882125,-964.6900000000002,277.8695853446311,115.30999999999983,277.8695853446311,3235.0893037314063,162.55958534463127
4.887300000000001,-157.984,-135.997,-575.77,0.378,115.31,-413.496,-1.185755,0,4.9938,-135.9806953781547,-964.6900000000002,294.2557650977153,115.30999999999983,294.2557650977153,3195.3302516699664,178.94576509771548
4.892200000000001,-157.984,-139.58,-520.363,0.61,112.15,-466.561,-1.185755,0,4.9987,-139.5654875918163,-967.8499999999999,309.5779888298853,112.15000000000009,309.5779888298853,3091.2410314592357,-162.57201117011476
4.897200000000001,-157.984,-142.833,-467.727,0.71,108.63,-531.746,-1.363103,1,5.0037,-142.79709600000476,-971.3700000000001,324.51207934138415,108.62999999999988,324.51207934138415,2941.9815778561583,-144.11792065861573
4.902200000000001,-157.984,-145.712,-411.396,0.643,105.47,-529.276,-1.363103,0,5.0087,-145.69777999997984,-974.53,338.6602823922494,105.47000000000003,338.6602823922494,2778.19437391941,-126.8097176077506
4.9072000000000005,-157.984,-148.196,-348.602,0.859,101.6,-586.74,-1.363103,0,5.0137,-147.9575360000317,-978.4000000000001,352.03538716430273,101.59999999999991,352.03538716430273,2641.0860374250165,-109.56461283569718
4.9122,-157.984,-148.196,-348.602,0.859,98.09,-585.774,-1.363103,0,5.0187,-148.33484705902055,-981.91,364.9038380304833,98.09000000000003,4.903838030483314,2540.341632066324,-93.18616196951672
4.9173,-157.984,-152.13,-256.257,0.403,98.09,-585.774,-1.994348,1,5.0238,-151.91306849024176,-981.91,377.34172922220984,98.09000000000003,17.341729222209835,2391.880501542639,-80.7482707777902
4.922300000000001,-151.984,-153.603,-205.467,0.735,93.52,-647.357,-1.994348,0,5.0288,-153.5850479999842,-986.4799999999999,388.7769066562301,93.5200000000001,28.776906656230096,2246.6694024632643,-64.74309334377
4.927300000000001,-151.984,-154.724,-142.673,1.216,89.3,-704.908,-1.994348,0,5.0338,-154.6770532857242,-990.6999999999999,399.69726082386336,89.30000000000007,39.69726082386336,2161.2748184067527,-49.60273917613671
4.932200000000001,-151.984,-155.317,-55.869,1.05,85.08,-705.509,-1.994348,0,5.0387,-155.29838432650396,-994.9200000000001,410.07981012923557,85.07999999999993,50.07981012923557,2102.4233111992166,-35.00018987076436
4.937200000000001,-151.984,-155.405,7.849,0.56,79.8,-793.012,-3.288649,1,5.0437,-155.37719200000376,-1000.2,420.4471440034519,79.79999999999995,60.44714400345191,2063.1927428074982,-19.352855996548044
4.9432,-139.984,-155.163,44.787,0.237,74.88,-800.445,-3.288649,0,5.0497,-155.1296560000045,-1005.1199999999999,432.68411509573383,74.88000000000011,72.68411509573383,2028.3805872221662,-2.195884904266279
4.948200000000001,-139.984,-154.614,106.658,1.291,69.26,-872.965,-3.288649,0,5.0547,-154.59895199997834,-1010.7399999999999,442.73274676930254,69.2600000000001,82.73274676930254,2001.1542394595476,13.472746769302432
4.953200000000001,-139.984,-153.647,159.295,1.025,69.26,-872.965,-3.288649,0,5.0597,-153.62376800000314,-1010.7399999999999,452.62668438104146,69.2600000000001,92.62668438104146,1968.8310355019566,23.366684381041352
4.958200000000001,-139.984,-152.438,187.922,0.519,62.93,-957.397,-5.024816,1,5.0647,-152.432455999992,-1017.0699999999999,462.32446330460454,62.930000000000064,102.32446330460454,1924.8505528462265,39.39446330460447
4.9632000000000005,-121.984,-151.075,208.238,0.378,56.95,-982.93,-5.024816,0,5.0697,-151.03708000000515,-1023.05,471.738932375328,56.950000000000045,111.73893237532798,1863.995627752738,54.78893237532793
4.9682,-121.984,-149.317,296.889,1.656,50.62,-1022.224,-5.024816,0,5.0747,-149.29799199997254,-1029.3799999999999,480.78123532174163,50.62000000000012,120.78123532174163,1780.4286148171739,70.16123532174151
4.9732,-121.984,-147.031,367.994,1.142,43.59,-1097.711,-5.024816,0,5.0797,-147.00143200000403,-1036.4099999999999,489.281656483243,43.590000000000146,129.281656483243,1664.183516125939,85.69165648324287
4.9782,-121.984,-144.437,401.238,0.619,36.21,-1158.362,-5.610332,1,5.0847,-144.432654588229,-1043.79,497.1058746856958,36.210000000000036,137.10587468569582,1517.078988045244,100.89587468569579
4.983300000000001,-109.984,-141.668,417.86,0.054,36.21,-1158.362,-5.610332,0,5.0898,-141.6436168067279,-1043.79,504.2179662885398,36.210000000000036,144.2179662885398,1341.2960757092926,108.00796628853976
4.9882,-109.984,-138.745,455.722,0.735,28.12,-1238.327,-5.610332,0,5.0947,-138.85237551036028,-1051.8799999999999,510.2329546837622,28.12000000000012,150.23295468376222,1182.976754293485,122.1129546837621
4.993200000000001,-109.984,-138.745,455.722,0.735,20.74,-1254.652,-5.610332,0,5.0997,-138.11620000008617,-1059.26,515.6614040528216,20.74000000000001,155.66140405282158,1035.865435500723,134.92140405282157
4.998200000000001,-109.984,-132.195,496.354,-0.037,12.66,-1300.09,-5.198041,1,5.1047,-132.31290000017242,-1067.34,519.9886597153557,12.660000000000082,159.98865971535565,776.3677422345445,147.32865971535557
5.0032000000000005,-103.961,-128.92,482.502,-0.353,4.57,-1323.926,-5.198041,0,5.1097,-129.2343999999568,-1075.43,522.8460847734021,4.569999999999936,162.84608477340214,509.6031242276419,158.2760847734022
5.0082,-103.961,-128.92,482.502,-0.353,356.84,-1302.114,-5.198041,0,5.1147,-128.692911999667,-1083.16,524.8642458328388,356.8399999999999,164.86424583283883,350.9866965224334,168.02424583283891
5.0132,-103.961,-122.612,455.722,-0.245,356.84,-1302.114,-5.198041,0,5.1197,-122.9285119999564,-1083.16,525.7590808973775,356.8399999999999,165.75908089737754,98.8735572351946,168.91908089737763
5.0182,-103.961,-119.601,435.406,-0.353,348.4,-1346.512,-4.275897,1,5.1247,-119.6088840000116,-1091.6000000000001,525.2610753411857,348.39999999999986,165.2610753411857,-181.20884982821795,176.86107534118582
5.0232,-91.937,-116.809,393.851,-0.353,340.66,-1317.28,-4.275897,0,5.1297,-116.83439199999651,-1099.34,523.6419682895412,340.6600000000001,163.64196828954118,-379.3129883583088,-177.0180317104589
5.0292,-91.937,-113.776,395.698,0.486,332.93,-1311.133,-4.275897,0,5.1357,-114.01863999996637,-1107.07,520.5991891916198,332.93000000000006,160.59918919161976,-558.8625639470969,-172.3308108083803
5.0343,-91.937,-113.776,395.698,0.486,325.55,-1269.829,-4.275897,0,5.1408,-113.50262959158732,-1114.4499999999998,517.3369096540426,325.5500000000002,157.33690965404264,-683.8016864889224,-168.21309034595754
5.0392,-91.937,-108.523,385.54,-0.129,318.52,-1209.841,-2.799762,1,5.1457,-108.79757959179861,-1121.48,513.2847335158249,318.52,153.28473351582488,-892.5579538065416,-165.2352664841751
5.044300000000001,-73.914,-105.973,377.229,-0.311,311.13,-1232.316,-2.799762,0,5.1508,-105.96713499999461,-1128.87,507.8742831790376,311.1300000000001,147.8742831790376,-1130.2656855381078,-163.2557168209625
5.049300000000001,-73.914,-103.358,416.014,1.291,311.13,-1232.316,-2.799762,0,5.1558,-103.59596499994748,-1128.87,501.678955676655,311.1300000000001,141.678955676655,-1275.5220986423024,-169.45104432334512
5.054200000000001,-73.914,-103.358,416.014,1.291,304.1,-1195.042,-2.799762,0,5.1607,-103.13883199967343,-1135.9,495.0417783031544,304.0999999999999,135.0417783031544,-1395.5789178912214,-169.05822169684552
5.059200000000001,-73.914,-97.27,468.65,0.477,296.72,-1219.252,-1.78361,1,5.1657,-97.55060799996072,-1143.28,487.3730300700212,296.72,127.37303007002117,-1596.7528358671436,-169.34696992997885
5.0642000000000005,-49.89,-94.105,477.885,0.195,289.69,-1196.085,-1.78361,0,5.1707,-94.09311999998226,-1150.3100000000002,478.6406064444214,289.6899999999998,118.6406064444214,-1807.1558449447857,-171.04939355557843
5.0692,-49.89,-90.61,559.148,1.947,282.66,-1184.594,-1.78361,0,5.1757,-90.5594080000071,-1157.34,469.08249777856093,282.6600000000001,109.08249777856093,-1951.4573864661638,-173.57750222143915
5.0742,-49.89,-86.588,622.866,1.167,275.98,-1148.924,-1.78361,0,5.1807,-86.73279200021689,-1164.02,458.95581161317034,275.98,98.95581161317034,-2051.823665328224,-177.02418838682968
5.079300000000001,-49.89,-86.588,622.866,1.167,275.98,-1148.924,-1.446148,1,5.1858,-86.1879714286606,-1164.02,448.30767059373693,275.98,88.30767059373693,-2099.975791363995,172.3276705937369
5.0842,-28.923,-82.28,658.88,0.286,269.3,-1106.478,-1.446148,0,5.1907,-82.28078906122573,-1170.6999999999998,437.96162312790904,269.3000000000002,77.96162312790904,-2111.369829737655,168.66162312790885
5.089200000000001,-28.923,-77.906,652.416,0.062,262.97,-1106.272,-1.446148,0,5.1957,-77.88699200000264,-1177.03,427.5993812552875,262.97,67.59938125528748,-2049.9622659522192,164.62938125528746
5.094200000000001,-28.923,-73.334,708.747,1.457,256.64,-1079.87,-1.446148,0,5.2007,-73.14483905853793,-1183.3600000000001,417.8483400166841,256.6399999999999,57.84834001668412,-1888.6527300618513,161.20834001668425
5.0993,-28.923,-63.311,764.154,0.278,251.02,-1007.807,-2.149009,1,5.2058,-63.73519382343434,-1188.98,409.3843186935015,251.01999999999998,49.384318693501484,-1554.336048608323,158.3643186935015
5.1043,-13.956,-58.146,754.919,-0.262,245.74,-941.331,-2.149009,0,5.2108,-58.15161000000525,-1194.26,402.84450423952995,245.74,42.844504239529954,-1206.6656866560038,157.10450423952994
5.1093,-13.956,-53.091,757.689,0.369,245.74,-941.331,-2.149009,0,5.2158,-53.551004999896584,-1194.26,397.6521486974112,245.74,37.65214869741118,-983.8567446595231,151.91214869741117
5.1142,-13.956,-53.091,757.689,0.369,241.17,-848.893,-2.149009,0,5.2207,-52.93802999976784,-1198.8300000000002,393.23919543977576,241.16999999999985,33.239195439775756,-868.2031887703139,152.0691954397759
5.1202000000000005,-13.956,-47.992,752.149,0.087,236.95,-781.439,-0.460157,1,5.2267,-47.76516999965483,-1203.0500000000002,388.92722497877145,236.94999999999982,28.92722497877145,-592.862044640174,151.97722497877163
5.1252,-4.989,-37.442,691.201,-0.702,233.44,-683.488,-0.460157,0,5.2317,-38.026447999916456,-1206.5600000000002,387.7474205363853,233.43999999999983,27.747420536385278,-90.28967191529239,154.30742053638545
5.1302,-4.989,-32.98,663.498,-0.477,230.62,-577.065,-0.460157,0,5.2367,-32.98792000001208,-1209.3799999999999,388.81424298201887,230.62000000000012,28.814242982018868,330.84247294366816,158.19424298201875
5.1352,-4.989,-28.738,615.478,-0.685,227.46,-551.565,-0.460157,0,5.2417,-29.14523199994164,-1212.54,391.2874868063954,227.46000000000004,31.287486806395407,544.8465739030174,163.82748680639537
5.1402,-4.989,-28.738,615.478,-0.685,225.0,-478.288,-0.33135,1,5.2467,-28.47191764665187,-1215.0,394.4898877242725,225.0,34.48988772427248,688.8769815808054,169.48988772427248
5.145300000000001,-2.022,-21.199,516.669,-0.901,225.0,-478.288,-0.33135,0,5.2518,-21.581580058736314,-1215.0,398.81335251124216,225.0,38.81335251124216,923.516218663226,173.81335251124216
5.1503000000000005,-2.022,-18.012,463.109,-0.693,222.19,-469.967,-0.33135,0,5.2568,-18.024711489807988,-1217.81,404.29092501937293,222.19000000000005,44.290925019372935,1160.1012120482471,-177.89907498062712
5.155200000000001,-2.022,-15.133,413.243,-0.776,219.38,-475.405,-0.33135,0,5.2617,-15.415024489755174,-1220.6200000000001,410.3713829212552,219.37999999999988,50.37138292125519,1263.2302422099792,-169.0086170787447
5.160200000000001,-2.022,-15.133,413.243,-0.776,216.91,-442.965,0.306513,1,5.2667,-15.04199199985972,-1223.09,416.8200175703325,216.91000000000008,56.82001757033248,1298.4673066559524,-160.0899824296676
5.1652000000000005,6.13,-12.605,357.836,-0.884,214.1,-454.697,0.306513,0,5.2717,-12.451016000022296,-1225.9,423.4344333240288,214.0999999999999,63.43443332402882,1338.8827910229527,-150.6655666759711
5.1702,6.13,-8.473,284.884,-0.004,211.64,-433.174,0.306513,0,5.2767,-8.552920000123505,-1228.36,430.3644367236165,211.6400000000001,70.3644367236165,1405.1211660995245,-141.2755632763836
5.1752,6.13,-6.561,279.343,-0.12,211.64,-433.174,0.306513,0,5.2817,-6.569447999998774,-1228.36,437.5005341049119,211.6400000000001,77.50053410491188,1431.0049662160304,-134.13946589508822
5.1802,6.13,-4.737,273.802,0.012,208.83,-448.824,0.936709,1,5.2867,-4.740132000004852,-1231.17,444.62770640251813,208.82999999999993,84.62770640251813,1420.7176293793282,-124.2022935974818
5.1852,18.734,-3.0,259.951,-0.328,206.37,-430.804,0.936709,0,5.2917,-2.9979840000003235,-1233.6299999999999,451.6349801421214,206.37000000000012,91.63498014212138,1392.0594370036188,-114.73501985787874
5.190200000000001,18.734,-1.242,275.649,0.884,203.55,-450.398,0.936709,0,5.2967,-1.2332879999864226,-1236.4499999999998,458.4495748554279,203.55000000000018,98.4495748554279,1348.1336751820772,-105.10042514457228
5.195200000000001,18.734,0.758,296.889,0.328,201.45,-400.756,0.936709,0,5.3017,0.7706719999981465,-1238.55,464.979767548708,201.45000000000005,104.97976754870803,1287.233128772417,-96.47023245129202
5.200200000000001,18.734,2.89,319.975,0.369,199.69,-345.47,1.799851,1,5.3067,2.886546360650345,-1240.31,471.15436065841857,199.69000000000005,111.15436065841857,1209.6387660222604,-88.53563934158149
5.206300000000001,35.997,5.374,321.822,0.129,197.93,-320.521,1.799851,0,5.3128,5.270160655637396,-1242.07,478.1247195840193,197.93000000000006,118.12471958401932,1112.1471601933315,-79.80528041598075
5.2113000000000005,35.997,5.374,321.822,0.129,197.93,-320.521,1.799851,0,5.3178,5.590357142806845,-1242.07,483.45367285335215,197.93000000000006,123.45367285335215,1045.5934249757438,-74.47632714664792
5.216200000000001,35.997,7.704,373.535,1.183,196.17,-304.63,1.799851,0,5.3227,7.822528163451284,-1243.83,488.2242590312161,196.17000000000007,128.2242590312161,930.6641059317891,-67.94574096878398
5.2212000000000005,35.997,13.374,450.181,0.336,195.12,-241.194,2.621013,1,5.3277,13.11316235297963,-1244.8799999999999,492.0885860440477,195.12000000000012,132.0885860440477,705.0839291774653,-63.03141395595242
5.2263,52.42,16.386,450.181,0.129,194.77,-149.844,2.621013,0,5.3328,16.39793700001158,-1245.23,494.8574202820307,194.76999999999998,134.85742028203072,474.14874821748305,-59.912579717969265
5.2313,52.42,19.573,500.047,1.266,194.06,-134.032,2.621013,0,5.3378,19.609468714277178,-1245.94,496.5520765867086,194.05999999999995,136.5520765867086,281.65679323613205,-57.50792341329134
5.2362,52.42,23.089,538.832,0.693,194.06,-67.016,2.621013,0,5.3427,23.08940552220951,-1245.94,497.24020371155245,194.05999999999995,137.24020371155245,76.31289052895839,-56.81979628844749
5.241300000000001,52.42,26.76,552.684,0.137,194.06,-67.016,2.958466,1,5.3478,26.43248921576321,-1245.94,496.9159952723323,194.05999999999995,136.91599527233228,-111.22236574978112,-57.144004727667664
5.2462,62.843,26.76,552.684,0.137,194.06,-33.508,2.958466,0,5.3527,26.89212000020884,-1245.94,495.97247313614264,194.05999999999995,135.97247313614264,-227.19686138460182,-58.087526863857306
5.251200000000001,62.843,30.43,544.373,-0.278,194.77,45.73,2.958466,0,5.3577,30.430096000000052,-1245.23,494.3421916826201,194.76999999999998,134.34219168262013,-375.4872614850064,-60.427808317379856
5.256200000000001,62.843,34.101,550.837,0.22,195.47,81.265,2.958466,0,5.3627,34.10096399999995,-1244.53,491.7455851965612,195.47000000000003,131.7455851965612,-585.7591749955968,-63.72441480343883
5.2612000000000005,62.843,37.771,548.067,-0.021,196.17,98.61,2.540027,1,5.3677,37.76211529411899,-1243.83,488.08279193760876,196.17000000000007,128.08279193760876,-790.6521286184737,-68.08720806239131
5.2663,67.267,41.42,537.909,-0.195,197.23,137.68,2.540027,0,5.3728,41.40893942306603,-1242.77,483.3687159470618,197.23000000000002,123.36871594706179,-982.9157384384703,-73.86128405293823
5.2715000000000005,67.267,44.915,509.282,-0.502,197.93,126.85,2.540027,0,5.378,45.159206730652365,-1242.07,477.5599042038429,197.93000000000006,117.5599042038429,-1180.2471110668832,-80.37009579615716
5.2763,67.267,51.267,448.334,-0.536,197.93,126.85,2.540027,0,5.3828,51.076378999812086,-1242.07,471.2280274805407,197.93000000000006,111.22802748054067,-1374.5656847596765,-86.70197251945939
5.281300000000001,67.267,54.146,406.779,-0.768,198.98,151.499,1.942497,1,5.3878,54.11405900000764,-1241.02,463.8302768060954,198.98000000000002,103.83027680609541,-1513.3481398819044,-95.1497231939046
5.286300000000001,65.69,56.674,355.989,-0.868,199.69,135.133,1.942497,0,5.3928,56.65604799998222,-1240.31,455.9987176211897,199.69000000000005,95.99871762118971,-1586.2071094137582,-103.69128237881034
5.291300000000001,65.69,58.85,298.736,-0.627,200.39,125.754,1.942497,0,5.3978,58.80622128814604,-1239.6100000000001,447.9058634416062,200.38999999999987,87.90586344160619,-1629.4285700240293,-112.48413655839369
5.2972,65.69,60.85,235.941,-0.868,200.74,91.732,1.942497,0,5.4037,60.820152135597716,-1239.26,438.1837460820496,200.74,78.1837460820496,-1654.335971809639,-122.55625391795041
5.3022,65.69,62.234,189.769,-0.369,201.09,75.414,1.285945,1,5.4087,62.22218776468687,-1238.91,429.8845434662753,201.08999999999992,69.88454346627532,-1661.352832090644,-131.2054565337246
5.307300000000001,58.113,63.311,151.907,-0.61,201.09,75.414,1.285945,0,5.4138,63.270970705891955,-1238.91,421.40812346956045,201.08999999999992,61.40812346956045,-1662.1777361919278,-139.68187653043947
5.3123000000000005,58.113,63.927,58.639,-1.781,201.09,37.707,1.285945,0,5.4188,63.89672889792898,-1238.91,413.085420551059,201.08999999999992,53.085420551058974,-1666.5236426348304,-148.00457944894094
5.317200000000001,58.113,63.949,-18.931,-1.183,201.09,18.853,1.285945,0,5.4237,63.917856662669784,-1238.91,404.8645652710281,201.08999999999992,44.864565271028084,-1683.7267107962555,-156.22543472897183
5.3223,58.113,63.641,-60.486,-0.726,200.39,-49.013,0.809026,1,5.4288,63.6564000000154,-1239.6100000000001,396.1786687351067,200.38999999999987,36.178668735106726,-1712.0647663447644,-164.21133126489315
5.3273,44.536,63.641,-60.486,-0.726,198.98,-142.137,0.809026,0,5.4338,63.59819285715316,-1241.02,387.5216769610319,198.98000000000002,27.521676961031915,-1739.498971225256,-171.4583230389681
5.3322,44.536,63.18,-77.108,-0.494,197.93,-158.337,0.809026,0,5.4387,63.17000669386132,-1242.07,378.88857628764816,197.93000000000006,18.888576287648164,-1773.3111193925736,-179.0414237123519
5.3372,44.536,62.432,-143.596,-1.349,197.93,-158.337,0.809026,0,5.4437,62.24526682355794,-1242.07,370.31529507813264,197.93000000000006,10.315295078132635,-1584.3027917701338,172.38529507813257
5.342300000000001,44.536,59.685,-247.022,-0.785,196.52,-195.053,1.14997,1,5.4488,59.7371290000525,-1243.48,364.97064009488054,196.51999999999998,4.970640094880537,-855.415689727377,168.45064009488055
5.347300000000001,24.96,58.014,-261.798,-0.286,195.12,-213.81,1.14997,0,5.4538,58.16606099996315,-1244.8799999999999,362.04972962634827,195.12000000000012,2.0497296263482667,-492.4859440976646,166.92972962634815
5.352200000000001,24.96,58.014,-261.798,-0.286,193.36,-256.42,1.14997,0,5.4587,57.83993999971523,-1246.64,360.0023579805299,193.3599999999999,0.0023579805298936662,-436.7037719875734,166.64235798053
5.357200000000001,24.96,53.179,-433.559,-1.258,191.25,-303.489,1.14997,0,5.4637,53.35563058820814,-1248.75,357.17902687631585,191.25,357.17902687631585,-626.5982550689265,165.92902687631585
5.3623,24.96,50.124,-465.88,-0.776,188.79,-356.797,1.81547,1,5.4688,50.11533499999124,-1251.21,353.124834662468,188.78999999999996,353.124834662468,-868.3155383760005,164.33483466246804
5.3673,11.383,46.959,-480.655,-0.369,188.79,-356.797,1.81547,0,5.4738,47.24701499992985,-1251.21,348.1520021784093,188.78999999999996,348.1520021784093,-1036.277628263761,159.36200217840934
5.3722,11.383,46.959,-480.655,-0.369,185.98,-409.165,1.81547,0,5.4787,46.70577599958369,-1254.0200000000002,342.63836223984805,185.9799999999998,342.63836223984805,-1172.9104349016757,156.65836223984826
5.3772,11.383,39.925,-547.143,-0.685,183.16,-443.308,1.81547,0,5.4837,40.2578902294568,-1256.84,335.8903886990721,183.16000000000008,335.8903886990721,-1434.2650859927903,152.73038869907202
5.3833,11.383,35.574,-560.995,-0.012,180.35,-455.82,2.453949,1,5.4898,35.566482803280515,-1259.65,325.6369276413599,180.3499999999999,325.6369276413599,-1789.72580768573,145.28692764135997
5.3883,3.806,31.925,-537.909,0.411,177.19,-491.375,2.453949,0,5.4948,32.11109900018976,-1262.8100000000002,316.1030005017253,177.18999999999983,316.1030005017253,-1945.7404754591935,138.9130005017255
5.3932,3.806,31.925,-537.909,0.411,174.38,-480.413,2.453949,0,5.4997,31.24560800010541,-1265.62,306.2776379511655,174.3800000000001,306.2776379511655,-2033.8845803163283,131.8976379511654
5.3982,3.806,24.848,-519.44,0.27,171.21,-504.242,2.453949,0,5.5047,25.10277200042187,-1268.79,295.7145238587074,171.21000000000004,295.7145238587074,-2145.9592778514257,124.50452385870739
5.403300000000001,3.806,24.848,-519.44,0.27,171.21,-504.242,3.739142,1,5.5098,24.259958000144945,-1268.79,284.5026002418533,171.21000000000004,284.5026002418533,-2214.0717034117997,113.29260024185328
5.4083000000000006,2.229,18.386,-448.334,0.793,168.4,-473.817,3.739142,0,5.5148,18.71556200033845,-1271.6,273.370859109583,168.4000000000001,273.370859109583,-2226.829127352166,104.97085910958293
5.413200000000001,2.229,18.386,-448.334,0.793,165.94,-453.213,3.739142,0,5.5197,17.87748800007946,-1274.0600000000002,262.566326305938,165.93999999999983,262.566326305938,-2192.0460570081436,96.62632630593816
5.418200000000001,2.229,13.089,-361.53,0.627,163.12,-462.108,3.739142,0,5.5247,13.20056400018606,-1276.8799999999999,251.85854757125801,163.12000000000012,251.85854757125801,-2113.185919338241,88.73854757125787
5.4232000000000005,2.229,10.891,-310.74,0.652,161.02,-406.147,4.639921,1,5.5297,10.924125647053627,-1278.98,241.72258571830457,161.01999999999998,241.72258571830457,-1993.6072347770946,80.70258571830459
5.4283,6.653,9.001,-264.568,0.818,158.55,-408.263,4.639921,0,5.5348,9.019650000019256,-1281.45,231.92869008336922,158.54999999999995,231.92869008336922,-1887.6324727746976,73.37869008336926
5.433400000000001,6.653,7.484,-202.697,0.868,158.55,-408.263,4.639921,0,5.5399,7.516615126038694,-1281.45,222.6661093956885,158.54999999999995,222.6661093956885,-1786.894887401706,64.11610939568854
5.438300000000001,6.653,6.407,-142.673,0.884,156.45,-376.19,4.639921,0,5.5448,6.426072959203445,-1283.5500000000002,214.20292855794008,156.44999999999982,214.20292855794008,-1702.8314040589664,57.752928557940265
5.443300000000001,6.653,5.682,-87.266,1.05,155.04,-307.929,4.884839,1,5.5498,5.713940999992033,-1284.96,205.93007445961265,155.03999999999996,205.93007445961265,-1636.8767539170774,50.89007445961269
5.448300000000001,17.076,5.308,-46.634,0.818,153.28,-300.84,4.884839,0,5.5548,5.336050000029148,-1286.7199999999998,197.8975914181185,153.2800000000002,197.8975914181185,-1595.9208351121906,44.61759141811831
5.4533000000000005,17.076,5.484,55.869,1.582,152.23,-237.763,4.884839,0,5.5598,5.5259509999895124,-1287.77,189.95562275417373,152.23000000000002,189.95562275417373,-1589.0901769449688,37.72562275417371
5.4583,17.076,6.121,114.046,0.893,151.52,-177.916,4.884839,0,5.5648,6.133563000013088,-1288.48,181.9258059863274,151.51999999999998,181.9258059863274,-1616.439909394309,30.405805986327408
5.4634,17.076,7.022,144.52,0.386,151.52,-177.916,5.102175,1,5.5699,7.035430508469706,-1288.48,173.49414859683637,151.51999999999998,173.49414859683637,-1670.8797182129929,21.974148596836386
5.4693000000000005,33.499,8.253,165.759,0.369,150.82,-144.067,5.102175,0,5.5758,8.282099949145243,-1289.18,163.30505011858597,150.81999999999994,163.30505011858597,-1757.2853572563686,12.485050118586031
5.4743,33.499,9.616,239.635,1.681,150.47,-102.548,5.102175,0,5.5808,9.6439990000293,-1289.53,154.19615096593026,150.47000000000003,154.19615096593026,-1853.086190897608,3.7261509659302305
5.4793,33.499,11.528,304.276,1.067,149.77,-110.607,5.102175,0,5.5858,11.354008000043804,-1290.23,144.5653766812166,149.76999999999998,144.5653766812166,-1952.3547421956969,-5.204623318783376
5.4842,33.499,11.528,304.276,1.067,149.41,-85.33,5.451061,1,5.5907,11.605576470720065,-1290.5900000000001,134.75292753005732,149.40999999999985,134.75292753005732,-2024.4213447463294,-14.657072469942534
5.4893,55.922,13.726,340.291,0.411,149.41,-42.665,5.451061,0,5.5958,13.74830392156298,-1290.5900000000001,124.11413478528317,149.40999999999985,124.11413478528317,-2116.436295468568,-25.295865214716684
5.4942,55.922,16.078,355.989,0.394,149.06,-50.554,5.451061,0,5.6007,16.211129411991436,-1290.94,113.31022547656777,149.05999999999995,113.31022547656777,-2248.6451557581854,-35.749774523432166
5.499300000000001,55.922,22.298,542.526,1.25,149.06,-50.554,5.451061,0,5.6058,22.083145431427088,-1290.94,101.28809725521629,149.05999999999995,101.28809725521629,-2398.0558661660434,-47.77190274478366
5.504300000000001,55.922,26.035,571.153,0.66,149.06,-25.277,6.11399,1,5.6108,26.041681000007056,-1290.94,88.98498879522379,149.05999999999995,88.98498879522379,-2480.089650542427,-60.07501120477616
5.5093000000000005,84.346,29.903,580.387,0.137,149.06,-12.639,6.11399,0,5.6158,29.551012000089436,-1290.94,76.51978253109384,149.05999999999995,76.51978253109384,-2494.346724784197,-72.5402174689061
5.514200000000001,84.346,29.903,580.387,0.137,149.06,-6.319,6.11399,0,5.6207,30.234235294685753,-1290.94,64.38061575259977,149.05999999999995,64.38061575259977,-2460.9547659127,-84.67938424740018
5.5193,84.346,39.288,775.235,1.324,149.41,26.099,6.11399,0,5.6258,38.95483221296994,-1290.5900000000001,52.45951318497575,149.40999999999985,52.45951318497575,-2263.874527913644,-96.9504868150241
5.5242,84.346,44.717,812.173,0.444,149.41,13.049,7.092511,1,5.6307,44.70305587150497,-1290.5900000000001,42.460275886055186,149.40999999999985,42.460275886055186,-1942.3823022247373,-106.94972411394467
5.5303,114.346,51.003,803.862,-0.162,149.77,36.733,7.092511,0,5.6368,51.02944559019207,-1290.23,32.1044796883985,149.76999999999998,32.1044796883985,-1569.4114146810723,-117.66552031160148
5.5353,114.346,56.674,885.125,1.955,149.77,36.733,7.092511,0,5.6418,56.15793900013204,-1290.23,25.289705964604206,149.76999999999998,25.289705964604206,-1293.107755771791,-124.48029403539577
5.5402000000000005,114.346,56.674,885.125,1.955,149.77,18.367,7.092511,0,5.6467,56.89792000038669,-1290.23,19.553353091593333,149.76999999999998,19.553353091593333,-1116.8656287649803,-130.21664690840666
5.5452,114.346,62.894,948.843,1.15,149.77,9.183,7.951855,1,5.6517,63.51946823519273,-1290.23,15.032900165739928,149.76999999999998,15.032900165739928,-773.532554004208,-134.73709983426005
5.5503,144.346,75.884,967.312,-0.037,149.41,-25.538,7.951855,0,5.6568,75.23449999930602,-1290.5900000000001,12.416418583990358,149.40999999999985,12.416418583990358,-422.1068646797569,-136.9935814160095
5.555300000000001,144.346,75.884,967.312,-0.037,148.01,-129.106,7.951855,0,5.6618,77.13406699967797,-1291.99,10.999674260452409,148.01,10.999674260452409,-236.97557657668565,-137.01032573954757
5.560300000000001,144.346,89.621,1072.585,0.818,146.6,-182.321,7.951855,0,5.6668,89.28582799964025,-1293.3999999999999,10.281159360878167,146.60000000000014,10.281159360878167,-90.08591830539953,-136.31884063912196
5.565300000000001,144.346,96.786,1087.361,0.071,146.6,-182.321,8.147402,1,5.6718,96.786,-1293.3999999999999,12.340112306129384,146.60000000000014,12.340112306129384,587.0210135502685,-134.25988769387075
5.5703000000000005,168.346,103.951,1060.581,-0.486,144.49,-256.283,8.147402,0,5.6768,103.94656299999521,-1295.51,17.015057716739197,144.49,17.015057716739197,1085.6069485993794,-127.47494228326082
5.5753,168.346,111.029,1069.815,0.544,141.68,-377.247,8.147402,0,5.6818,111.04092099999691,-1298.32,24.16181462453867,141.68000000000006,24.16181462453867,1570.5227009014802,-117.5181853754614
5.5803,168.346,118.238,1078.126,0.345,137.81,-512.12,8.147402,0,5.6868,117.87034099960358,-1302.19,33.427391457410145,137.80999999999995,33.427391457410145,1955.0654369247886,-104.3826085425898
5.5853,168.346,118.238,1078.126,0.345,133.59,-606.969,7.169722,1,5.6918,119.52610499966592,-1306.4099999999999,44.097676185987645,133.59000000000015,44.097676185987645,2224.170173622904,-89.49232381401251
5.5903,186.346,132.393,1019.949,-0.851,128.32,-742.742,7.169722,0,5.6968,131.6710949992199,-1311.68,56.47615752588799,128.31999999999994,56.47615752588799,2583.681631065603,-71.84384247411194
5.595300000000001,186.346,132.393,1019.949,-0.851,128.32,-742.742,7.169722,0,5.7018,133.5890129996884,-1311.68,70.3580384266557,128.31999999999994,70.3580384266557,2841.406052501294,-57.96196157334424
5.600300000000001,186.346,145.536,966.389,-0.162,121.99,-884.959,7.169722,0,5.7068,145.19078099962528,-1318.0099999999998,85.07949749531016,121.99000000000024,85.07949749531016,2980.7969678069508,-36.91050250469007
5.605300000000001,186.346,151.91,926.681,-0.577,114.96,-1042.976,4.909184,1,5.7118,151.87005100001042,-1325.04,99.97343215535446,114.96000000000004,99.97343215535446,2956.998880660524,-14.986567844645577
5.6103000000000005,198.346,157.845,853.728,-1.299,107.23,-1164.82,4.909184,0,5.7168,157.82363099997676,-1332.7700000000002,114.23463579037966,107.22999999999979,114.23463579037966,2795.2677579429123,7.004635790379865
5.6153,198.346,163.361,805.709,-0.743,99.14,-1259.305,4.909184,0,5.7218,162.85904400013138,-1340.8600000000001,127.4533226103199,99.13999999999987,127.4533226103199,2586.6296420537637,28.31332261032003
5.6202000000000005,198.346,163.361,805.709,-0.743,90.35,-1356.748,4.909184,0,5.7267,163.68269836122397,-1349.6499999999999,139.52894403003086,90.35000000000014,139.52894403003086,2404.2226878320134,49.17894403003072
5.6263000000000005,198.346,174.263,697.665,-1.067,81.56,-1417.507,1.180339,1,5.7328,174.028090655481,-1358.44,152.72892878178516,81.55999999999995,152.72892878178516,2016.9558410447958,71.16892878178521
5.6313,204.346,178.593,622.866,-1.125,81.56,-1417.507,1.180339,0,5.7378,178.19897000010357,-1358.44,161.49279500259115,81.55999999999995,161.49279500259115,1670.3998509135754,79.9327950025912
5.6362000000000005,204.346,178.593,622.866,-1.125,72.77,-1430.345,1.180339,0,5.7427,178.73383200024986,-1367.23,169.1327116486632,72.76999999999998,169.1327116486632,1515.6575594004846,96.36271164866321
5.6412,204.346,182.505,572.076,-0.785,63.63,-1494.333,1.180339,0,5.7477,182.4755280000049,-1376.37,176.1248939902007,63.63000000000011,176.1248939902007,1339.829029818174,112.49489399020058
5.6462,204.346,186.11,522.21,-1.017,54.84,-1479.027,-2.178605,1,5.7527,186.19664352956588,-1385.16,181.91665296142494,54.83999999999992,181.91665296142494,1069.0070796984187,127.076652961425
5.6513,204.346,192.242,413.243,-0.893,45.7,-1500.313,-2.178605,0,5.7578,191.92097341184942,-1394.3,186.25458131360105,45.700000000000045,186.25458131360105,764.1088330717537,140.55458131360103
5.656300000000001,204.346,194.726,354.142,-0.702,37.27,-1447.471,-2.178605,0,5.7628,194.70797722446997,-1402.73,189.243540573506,37.26999999999998,189.243540573506,534.9192810638395,151.97354057350606
5.6612,204.346,196.814,298.736,-0.901,37.27,-1447.471,-2.178605,0,5.7677,196.60946122452398,-1402.73,191.42610407239783,37.26999999999998,191.42610407239783,417.6628780973445,154.15610407239785
5.666200000000001,204.346,196.814,298.736,-0.901,28.83,-1422.441,-5.426034,1,5.7727,196.92648235314252,-1411.1699999999998,193.25824210664751,28.830000000000155,193.25824210664751,342.31816656597135,164.42824210664736
5.6713000000000005,198.346,200.001,204.544,-0.751,20.74,-1380.673,-5.426034,0,5.7778,199.7166696079187,-1419.2599999999998,194.67471722684385,20.740000000000236,194.67471722684385,251.0394394957796,173.93471722684365
5.676200000000001,198.346,200.001,204.544,-0.751,13.01,-1348.939,-5.426034,0,5.7827,200.0587440001036,-1426.99,195.64876705670397,13.009999999999991,195.64876705670397,179.35783753528585,-177.36123294329605
5.6812000000000005,198.346,201.605,48.481,-0.984,5.27,-1320.516,-5.426034,0,5.7877,201.45515717649585,-1434.73,196.39334985808887,5.269999999999982,196.39334985808887,136.72902934306768,-168.8766501419111
5.6863,198.346,201.649,-8.773,-0.602,358.24,-1241.675,-4.782301,1,5.7928,201.63563099998518,-1441.76,196.98851548664854,358.24,196.98851548664854,112.54102202568899,-161.25148451335147
5.6913,186.346,201.43,-46.634,-0.253,358.24,-1241.675,-4.782301,0,5.7978,201.44992899999468,-1441.76,197.60234754703603,358.24,197.60234754703603,127.63234752487301,-160.63765245296398
5.696300000000001,186.346,201.43,-46.634,-0.253,351.56,-1161.131,-4.782301,0,5.8028,201.35263299991377,-1448.4400000000003,198.33630847038182,351.5599999999997,198.33630847038182,158.8166549891457,-153.2236915296179
5.701300000000001,186.346,199.913,-159.295,-0.926,345.23,-1124.627,-4.782301,0,5.8078,199.93934449999293,-1454.77,199.37016001919025,345.23,199.37016001919025,230.68052309898405,-145.85983998080977
5.7073,186.346,198.44,-199.003,-0.461,339.61,-1029.769,-1.60209,1,5.8138,198.55170249997005,-1460.3899999999999,201.15921677328507,339.6100000000001,201.15921677328507,326.40074801825506,-138.45078322671506
5.712300000000001,168.346,198.44,-199.003,-0.461,333.98,-985.817,-1.60209,0,5.8188,198.28082899982178,-1466.0199999999998,203.01722211775015,333.98000000000025,203.01722211775015,396.3038777395033,-130.9627778822501
5.717300000000001,168.346,195.319,-300.582,-1.764,328.71,-925.316,-1.60209,0,5.8238,195.39507599997953,-1471.2900000000002,205.44819527318987,328.7099999999998,205.44819527318987,530.6803980281057,-123.26180472680994
5.722300000000001,168.346,193.034,-363.377,-1.25,324.14,-848.771,-1.60209,0,5.8288,193.02193499998646,-1475.86,208.71131220326134,324.1400000000001,208.71131220326134,706.2983427996994,-115.42868779673876
5.7274,168.346,190.462,-396.621,-0.569,324.14,-848.771,0.621705,1,5.8339,190.44024033614295,-1475.86,212.92486513183445,324.1400000000001,212.92486513183445,878.0342406543033,-111.21513486816565
5.7323,144.346,187.737,-412.32,-0.037,319.92,-758.959,0.621705,0,5.8388,187.71846722446892,-1480.08,217.826385290427,319.9200000000001,217.826385290427,1054.6595710992556,-102.09361470957307
5.7373,144.346,184.593,-524.98,-1.905,316.05,-718.004,0.621705,0,5.8438,184.8791039999226,-1483.95,223.69226737932416,316.04999999999995,223.69226737932416,1213.8564171968942,-92.35773262067579
5.7423,144.346,184.593,-524.98,-1.905,312.54,-651.459,0.621705,0,5.8488,184.18612199954146,-1487.4599999999998,230.23236368460957,312.5400000000002,230.23236368460957,1358.498618646644,-82.30763631539062
5.7473,144.346,176.615,-633.947,-0.602,309.02,-619.205,2.23986,1,5.8538,176.95097199990892,-1490.98,237.8645917316956,309.02,237.8645917316956,1604.5236113934352,-71.15540826830437
5.7523,114.346,172.329,-636.718,-0.22,306.21,-544.063,2.23986,0,5.8588,172.31788599998748,-1493.79,246.79041471646659,306.21000000000004,246.79041471646659,1855.3119910874414,-59.41958528353345
5.7574000000000005,114.346,167.735,-745.685,-2.279,306.21,-544.063,2.23986,0,5.8639,168.11332941161598,-1493.79,256.7776377929274,306.21000000000004,256.7776377929274,1990.4487244981303,-49.43236220707263
5.762300000000001,114.346,167.735,-745.685,-2.279,303.75,-469.574,2.23986,0,5.8688,167.1678289993567,-1496.25,266.7843022759003,303.75,266.7843022759003,2063.907813625971,-36.9656977240997
5.7673000000000005,114.346,156.614,-874.967,-0.594,300.94,-478.72,3.41372,1,5.8738,157.097937999868,-1499.06,277.2355915880272,300.94000000000005,277.2355915880272,2090.6194024767965,-23.70440841197285
5.7723,84.346,150.811,-872.197,0.162,298.83,-414.563,3.41372,0,5.8788,150.79422099998095,-1501.17,287.41849135135124,298.8299999999999,287.41849135135124,2004.2709867394865,-11.411508648648692
5.7773,84.346,144.679,-948.843,-1.847,296.37,-412.677,3.41372,0,5.8838,144.63095200001314,-1503.63,296.93333221441384,296.3699999999999,296.93333221441384,1852.127251751802,0.563332214413947
5.7823,84.346,138.019,-1022.719,-0.976,293.91,-411.916,3.41372,0,5.8888,138.0070099999864,-1506.09,305.38431880746845,293.9100000000001,305.38431880746845,1609.240473096274,11.474318807468364
5.787400000000001,84.346,130.986,-1039.341,-0.137,293.91,-411.916,3.344322,1,5.8939,130.96981680672897,-1506.09,312.4302221293003,293.9100000000001,312.4302221293003,1277.965259484801,18.520222129300237
5.7923,60.346,124.04,-1028.26,0.453,291.45,-400.726,3.344322,0,5.8988,124.06147551022868,-1508.55,317.44685424435306,291.45000000000005,317.44685424435306,910.5168508783335,25.996854244353017
5.7983,60.346,116.04,-1046.729,-0.934,288.98,-416.979,3.344322,0,5.9048,116.0168289999735,-1511.02,321.0041272392422,288.98,321.0041272392422,431.1477544969356,32.024127239242205
5.8033,60.346,108.919,-1055.04,-0.353,286.52,-413.373,3.344322,0,5.9098,108.93492499999562,-1513.48,321.6933540932663,286.52,321.6933540932663,15.551035287947698,35.17335409326631
5.8083,60.346,101.973,-1047.652,0.394,283.71,-440.961,1.598282,1,5.9148,102.32724600040612,-1516.29,320.5285021834044,283.71000000000004,320.5285021834044,-322.73139814164426,36.81850218340435
5.813300000000001,31.966,101.973,-1047.652,0.394,280.55,-483.402,1.598282,0,5.9198,101.35301700017133,-1519.45,318.2810850447153,280.54999999999995,318.2810850447153,-498.86614665874964,37.73108504471537
5.818300000000001,31.966,95.16,-1001.48,1.034,278.09,-446.062,1.598282,0,5.9248,95.16892500001028,-1521.91,315.0498297373463,278.0899999999999,315.0498297373463,-728.0759706450631,36.959829737346354
5.823300000000001,31.966,88.522,-1006.097,-0.577,278.09,-446.062,1.598282,0,5.9298,87.89400900017394,-1521.91,309.9689087879694,278.0899999999999,309.9689087879694,-1155.7969920267105,31.878908787969465
5.8283000000000005,31.966,74.983,-1013.485,0.203,275.27,-453.408,-0.961985,1,5.9348,75.67348900079666,-1524.7300000000002,302.5245099355914,275.26999999999975,302.5245099355914,-1615.713473067719,27.25450993559167
5.8333,1.966,74.983,-1013.485,0.203,272.81,-432.85,-0.961985,0,5.9398,74.37894200016764,-1527.1899999999998,293.6302636215486,272.8100000000002,293.6302636215486,-1822.9879598205302,20.820263621548406
5.8383,1.966,68.345,-982.087,0.693,270.35,-425.146,-0.961985,0,5.9448,67.99299799959302,-1529.65,284.1016139528213,270.3499999999999,284.1016139528213,-1953.0355962086578,13.751613952821401
5.8433,1.966,54.805,-1045.805,-0.453,268.24,-388.317,-0.961985,0,5.9498,56.037139999657334,-1531.7600000000002,273.81014065528854,268.2399999999998,273.81014065528854,-2081.3036492969836,5.570140655288753
5.8482,1.966,54.805,-1045.805,-0.453,266.48,-340.103,-3.733243,1,5.9547,54.31088235201381,-1533.52,263.6599684566156,266.48,263.6599684566156,-2056.2886342940087,-2.8200315433844025
5.853300000000001,-28.034,40.805,-1028.26,0.469,266.48,-340.103,-3.733243,0,5.9598,42.05401960749415,-1533.52,253.62748389648803,266.48,253.62748389648803,-1919.4295048026945,-12.852516103511988
5.858300000000001,-28.034,40.805,-1028.26,0.469,265.08,-285.144,-3.733243,0,5.9648,40.085338999162666,-1534.92,244.79509179264792,265.0799999999999,244.79509179264792,-1689.1306684957515,-20.284908207352004
5.863300000000001,-28.034,26.694,-1092.901,-0.818,263.67,-262.491,-3.733243,0,5.9698,27.304063999829264,-1536.33,237.60708414269956,263.6700000000001,237.60708414269956,-1307.4100470902029,-26.06291585730051
5.8683000000000005,-28.034,19.287,-1101.212,-0.17,262.97,-189.379,-4.447224,1,5.9748,19.28924400000262,-1537.03,232.89205803685337,262.97,232.89205803685337,-789.715888013629,-30.077941963146657
5.8733,-58.034,11.924,-1068.892,0.685,262.62,-123.77,-4.447224,0,5.9798,11.930005999998317,-1537.3799999999999,230.4252792959017,262.6200000000001,230.4252792959017,-371.22964292460176,-32.194720704098415
5.8783,-58.034,4.627,-1098.442,-0.901,262.27,-90.608,-4.447224,0,5.9848,4.999147000434812,-1537.73,229.85401864394103,262.27,229.85401864394103,-16.643699115133685,-32.41598135605895
5.8843000000000005,-58.034,4.627,-1098.442,-0.901,262.27,-45.304,-4.447224,0,5.9908,4.180851999477638,-1537.73,230.89114161660416,262.27,230.89114161660416,270.84949958400165,-31.378858383395823
5.8893,-58.034,-4.121,-1129.839,-0.453,262.27,-45.304,-5.229332,1,5.9958,-4.67500799984398,-1537.73,233.5246805412218,262.27,233.5246805412218,672.8166339212187,-28.74531945877817
5.8943,-88.034,-18.957,-1088.284,0.776,262.97,32.331,-5.229332,0,6.0008,-18.569144999544946,-1537.03,239.15428084138577,262.97,239.15428084138577,1324.9966717054338,-23.815719158614257
5.8993,-88.034,-26.188,-1096.595,-0.901,264.02,109.006,-5.229332,0,6.0058,-26.20401599999548,-1535.98,247.57170511814851,264.02,247.57170511814851,1800.6326510587057,-16.448294881851467
5.9043,-88.034,-33.595,-1116.911,-0.536,265.78,201.444,-5.229332,0,6.0108,-33.21724299955587,-1534.2200000000003,257.3981531620387,265.77999999999975,257.3981531620387,2017.7934805238353,-8.381846837961064
5.9093,-88.034,-33.595,-1116.911,-0.536,267.54,248.102,-5.94389,1,6.0158,-34.93715899962021,-1532.4599999999998,267.8294852229038,267.5400000000002,267.8294852229038,2111.8941343556407,0.289485222903636
5.914300000000001,-118.034,-48.344,-1082.743,0.726,269.65,299.179,-5.94389,0,6.0208,-47.5918009991121,-1530.35,278.4983177607263,269.6500000000001,278.4983177607263,2131.7668759724047,8.848317760726218
5.9194,-118.034,-48.344,-1082.743,0.726,269.65,299.179,-5.94389,0,6.0259,-48.96379999974591,-1530.35,289.1138272491475,269.6500000000001,289.1138272491475,2057.5932914766668,19.463827249147414
5.924300000000001,-118.034,-55.575,-1098.442,-0.843,272.11,348.787,-5.94389,0,6.0308,-55.9586948575968,-1527.89,298.69210011297287,272.1099999999999,298.69210011297287,1880.182551781104,26.582100112972967
5.9293000000000005,-118.034,-70.477,-1120.605,-0.004,274.92,415.701,-4.191915,1,6.0358,-69.78894900019579,-1525.0800000000002,306.3013529101712,274.91999999999985,306.3013529101712,1358.1634538338972,31.38135291017136
5.9343,-142.034,-77.818,-1086.437,0.735,277.73,442.42,-4.191915,0,6.0408,-77.81126799999201,-1522.2699999999998,311.20652148416787,277.73000000000025,311.20652148416787,830.1385499683116,33.47652148416762
5.9393,-142.034,-85.027,-1088.284,-0.353,280.55,455.191,-4.191915,0,6.0458,-84.37098100018706,-1519.45,314.1772615945074,280.54999999999995,314.1772615945074,518.9560309647484,33.627261594507445
5.9443,-142.034,-85.027,-1088.284,-0.353,283.01,433.189,-4.191915,0,6.0508,-85.76568400087749,-1516.99,315.97204712537336,283.01,315.97204712537336,271.5146363907032,32.962047125373374
5.9493,-142.034,-99.511,-1076.279,0.212,283.01,433.189,-1.293394,1,6.0558,-98.82904600019474,-1516.99,315.69742520792573,283.01,315.69742520792573,-216.32565265842263,32.68742520792574
5.954300000000001,-160.034,-106.501,-1022.719,0.926,285.47,412.407,-1.293394,0,6.0608,-106.48304799997865,-1514.5299999999997,312.61590551880556,285.47000000000025,312.61590551880556,-771.8282593827595,27.145905518805307
5.959300000000001,-160.034,-113.139,-987.628,0.021,288.28,452.346,-1.293394,0,6.0658,-112.53494200017329,-1511.72,307.6753929610734,288.28,307.6753929610734,-1052.3965051468208,19.395392961073412
5.964300000000001,-160.034,-113.139,-987.628,0.021,290.39,401.836,-1.293394,0,6.0708,-113.72843250070446,-1509.61,301.88419028210535,290.3900000000001,301.88419028210535,-1208.0478419753242,11.49419028210525
5.970300000000001,-160.034,-127.008,-902.671,0.984,292.15,347.072,1.620196,1,6.0768,-126.71110349964444,-1507.85,293.59909855494135,292.1500000000001,293.59909855494135,-1479.1975163418062,1.4490985549412585
5.975300000000001,-172.034,-132.744,-834.336,1.15,294.26,345.844,1.620196,0,6.0818,-132.70605300001094,-1505.74,285.4089248533732,294.26,285.4089248533732,-1685.4292861036415,-8.851075146626783
5.980300000000001,-172.034,-138.063,-787.24,0.602,295.31,262.326,1.620196,0,6.0868,-138.04953599998385,-1504.6899999999998,276.71306630159637,295.3100000000002,276.71306630159637,-1754.4292729181327,-18.596933698403802
5.9853000000000005,-172.034,-143.118,-736.45,0.635,295.31,262.326,1.620196,0,6.0918,-142.6579950001328,-1504.6899999999998,267.945880144093,295.3100000000002,267.945880144093,-1746.0545423638087,-27.364119855907177
5.9903,-172.034,-143.118,-736.45,0.635,296.72,247.464,3.7402,1,6.0968,-143.57536800055,-1503.28,259.39774047463186,296.72,259.39774047463186,-1688.6451947825435,-37.32225952536817
5.9953,-178.034,-152.086,-616.402,0.984,297.42,182.099,3.7402,0,6.1018,-151.6259040001331,-1502.5799999999997,251.38862136948333,297.4200000000003,251.38862136948333,-1555.825331833554,-46.03137863051697
6.0003,-178.034,-155.998,-571.153,0.444,298.12,150.088,3.7402,0,6.1068,-155.98122099997977,-1501.88,244.28360317655316,298.1199999999999,244.28360317655316,-1362.8053022386357,-53.836396823446734
6.0053,-178.034,-159.581,-520.363,0.685,298.83,134.175,3.7402,0,6.1118,-159.5509700000087,-1501.17,238.0462222692504,298.8299999999999,238.0462222692504,-1199.5229151639721,-60.783777730749534
6.0103,-178.034,-162.834,-468.65,0.726,299.53,125.151,4.955658,1,6.1168,-162.81492599997696,-1500.47,232.62769849485065,299.53,232.62769849485065,-1032.0443104319054,-66.90230150514932
6.015300000000001,-178.034,-165.713,-416.937,0.652,299.53,125.151,4.955658,0,6.1218,-165.45101100007628,-1500.47,227.9982709388293,299.53,227.9982709388293,-888.7914393097534,-71.53172906117067
6.020300000000001,-178.034,-165.713,-416.937,0.652,299.88,91.276,4.955658,0,6.1268,-165.84341428587237,-1500.12,223.8891428402216,299.8800000000001,223.8891428402216,-793.5968071130504,-75.9908571597785
6.025200000000001,-178.034,-168.219,-356.913,0.834,300.23,75.337,4.955658,0,6.1317,-168.1762436974869,-1499.77,220.3543210614017,300.23,220.3543210614017,-687.1155448123916,-79.87567893859833
6.0303,-178.034,-170.373,-305.2,0.909,300.59,67.64,4.554994,1,6.1368,-170.43232500007204,-1499.41,217.39603259004863,300.5899999999999,217.39603259004863,-528.0952640976441,-83.19396740995128
6.0353,-172.034,-173.648,-208.238,0.818,300.94,63.081,4.554994,0,6.1418,-173.45198600005727,-1499.06,215.34962230114698,300.94000000000005,215.34962230114698,-362.69203457087985,-85.59037769885308
6.0403,-172.034,-174.769,-138.056,1.2,301.29,60.648,4.554994,0,6.1468,-174.71182899993042,-1498.71,213.96661171002944,301.28999999999996,213.96661171002944,-246.7140516666461,-87.32338828997052
6.0453,-172.034,-174.769,-138.056,1.2,301.29,60.648,4.554994,0,6.1518,-174.8209609999848,-1498.71,212.9103693808872,301.28999999999996,212.9103693808872,-198.87183972940554,-88.37963061911276
6.0503,-172.034,-175.34,-56.792,1.025,301.64,58.979,4.212996,1,6.1568,-175.30526899995766,-1498.3600000000001,212.03809678879682,301.6399999999999,212.03809678879682,-164.13499046673147,-89.60190321120305
6.055300000000001,-160.034,-175.23,46.634,0.286,301.64,29.489,4.212996,0,6.1618,-175.1900358333451,-1498.3600000000001,211.30389715663773,301.6399999999999,211.30389715663773,-142.67833335406422,-90.33610284336214
6.0613,-160.034,-174.571,116.816,1.225,301.99,44.261,4.212996,0,6.1678,-174.620974166652,-1498.0100000000002,210.4592541867458,301.9899999999998,210.4592541867458,-140.06000631263774,-91.53074581325399
6.0663,-160.034,-174.571,116.816,1.225,301.99,22.13,4.212996,0,6.1728,-174.51943899993688,-1498.0100000000002,209.7563175959996,301.9899999999998,209.7563175959996,-142.01541457251702,-92.23368240400018
6.071300000000001,-160.034,-173.56,167.606,1.0,302.34,39.955,4.042387,1,6.1778,-173.5399800000059,-1497.6599999999999,208.97662737149062,302.34000000000015,208.97662737149062,-165.04618336961155,-93.36337262850952
6.076300000000001,-142.034,-172.329,192.539,0.461,302.7,50.226,4.042387,0,6.1828,-172.23573099988536,-1497.3,207.94831681476074,302.70000000000005,207.94831681476074,-228.93584460895798,-94.7516831852393
6.0814,-142.034,-169.208,294.118,1.665,302.7,50.226,4.042387,0,6.1879,-169.26908067224286,-1497.3,206.38422499994667,302.70000000000005,206.38422499994667,-343.16573941852425,-96.31577500005338
6.0863000000000005,-142.034,-166.922,367.994,1.167,303.05,53.662,4.042387,0,6.1928,-166.90979330610742,-1496.9500000000003,204.264114277809,303.0499999999997,204.264114277809,-471.33814911368364,-98.78588572219073
6.0913,-142.034,-164.35,397.545,0.643,303.4,56.78,3.910165,1,6.1978,-164.3340750000047,-1496.6,201.44602350160176,303.4000000000001,201.44602350160176,-603.1477825305652,-101.95397649839833
6.0963,-118.034,-161.603,415.09,0.071,303.4,28.39,3.910165,0,6.2028,-161.58168199997368,-1496.6,197.9187710342293,303.4000000000001,197.9187710342293,-753.1992204148116,-105.48122896577078
6.1013,-118.034,-158.438,517.593,2.03,303.75,43.383,3.910165,0,6.2078,-158.37803100001778,-1496.25,193.53201406320028,303.75,193.53201406320028,-932.4625873363823,-110.21798593679972
6.1063,-118.034,-154.614,591.469,1.133,303.75,21.691,3.910165,0,6.2128,-154.59716999997926,-1496.25,188.1263908732474,303.75,188.1263908732474,-1151.3381057142012,-115.6236091267526
6.111300000000001,-118.034,-150.46,633.947,0.643,303.75,21.691,3.702014,1,6.2178,-150.45199200000232,-1496.25,181.47324050131115,303.75,181.47324050131115,-1407.3403498059215,-122.27675949868885
6.116300000000001,-88.034,-146.218,637.641,0.187,303.75,10.846,3.702014,0,6.2228,-146.19668199997355,-1496.25,173.4675462908259,303.75,173.4675462908259,-1690.1855138880564,-130.2824537091741
6.121300000000001,-88.034,-141.558,742.914,2.279,303.4,-25.525,3.702014,0,6.2278,-141.49002300002033,-1496.6,163.90724243526057,303.4000000000001,163.90724243526057,-2008.2953083894972,-139.49275756473952
6.1263000000000005,-88.034,-136.151,829.718,1.424,302.34,-101.025,3.702014,0,6.2328,-136.1341699999791,-1497.6599999999999,152.63074490760923,302.34000000000015,152.63074490760923,-2368.8971970823054,-149.70925509239092
6.1313,-88.034,-130.414,869.427,0.619,301.29,-137.948,3.16754,1,6.2378,-130.9360669998438,-1498.71,139.61068844861083,301.28999999999996,139.61068844861083,-2681.6059693687025,-161.67931155138913
6.1363,-58.034,-130.414,869.427,0.619,299.88,-184.845,3.16754,0,6.2428,-129.81289999925073,-1500.12,125.4322338268814,299.8800000000001,125.4322338268814,-2912.3296610810844,-174.4477661731187
6.1414,-58.034,-118.392,942.379,1.739,299.88,-184.845,3.16754,0,6.2479,-119.38204705839513,-1500.12,109.57280265424595,299.8800000000001,109.57280265424595,-3183.9291444599994,169.69280265424584
6.1463,-58.034,-118.392,942.379,1.739,298.12,-238.475,3.16754,0,6.2528,-117.76614499921845,-1501.88,93.41643595535255,298.1199999999999,93.41643595535255,-3334.053903764093,155.29643595535265
6.1523,-58.034,-103.666,1031.954,0.345,296.02,-297.422,2.622721,1,6.2588,-103.94321900034684,-1503.9799999999998,73.3614063812197,296.0200000000002,73.3614063812197,-3315.112601698864,137.34140638121949
6.1573,-28.034,-96.83,1009.791,-0.212,293.2,-383.165,2.622721,0,6.2638,-97.45207599981279,-1506.8,57.49879739407854,293.20000000000005,57.49879739407854,-3118.080402065949,124.29879739407852
6.1623,-28.034,-96.83,1009.791,-0.212,290.39,-425.998,2.622721,0,6.2688,-96.47799799955868,-1509.61,42.382905564435404,290.3900000000001,42.382905564435404,-2979.3078064116544,111.99290556443532
6.1673,-28.034,-89.928,1050.423,1.283,287.58,-447.753,2.622721,0,6.2738,-89.90006300000853,-1512.42,28.31187447783144,287.5799999999999,28.31187447783144,-2718.7338508201638,100.73187447783152
6.172300000000001,-28.034,-82.719,1096.595,0.668,284.41,-487.166,1.968301,1,6.2788,-82.34460899952873,-1515.59,16.552741692168908,284.4100000000001,16.552741692168908,-2156.2615116816714,92.14274169216884
6.177300000000001,1.966,-68.169,1065.198,-0.569,284.41,-487.166,1.968301,0,6.2838,-69.49304999959921,-1515.59,8.279986695898836,284.4100000000001,8.279986695898836,-1472.7175275550157,83.86998669589877
6.182300000000001,1.966,-68.169,1065.198,-0.569,280.9,-529.917,1.968301,0,6.2888,-67.42021799905575,-1519.1,2.6873131676516238,280.9000000000001,2.6873131676516238,-965.2986079701589,81.78731316765152
6.1873000000000005,1.966,-53.487,1129.839,0.602,277.73,-535.365,1.968301,0,6.2938,-54.823061999594785,-1522.2699999999998,-0.3728841498418437,277.73000000000025,359.62711585015813,-469.3814816231689,81.89711585015789
6.1923,1.966,-53.487,1129.839,0.602,274.57,-530.523,0.35503,1,6.2988,-52.72587599903834,-1525.43,-1.0350058679631584,274.56999999999994,358.96499413203685,17.854867507729168,84.39499413203691
6.1973,25.966,-38.563,1100.289,-0.718,271.41,-528.862,0.35503,0,6.3038,-39.259058999788486,-1528.59,0.9948200869456755,271.4100000000001,0.9948200869456755,588.8062979723643,89.58482008694557
6.2023,25.966,-31.288,1090.131,0.428,268.59,-499.4,0.35503,0,6.3088,-31.286826999998517,-1531.41,6.248631574493508,268.5899999999999,6.248631574493508,1240.5603038896206,97.6586315744936
6.2073,25.966,-23.99,1091.978,0.195,268.59,-499.4,0.35503,0,6.3138,-23.99409499999887,-1531.41,14.231032414503,268.5899999999999,14.231032414503,1741.661985996161,105.64103241450312
6.212300000000001,25.966,-16.737,1077.203,-0.253,266.13,-453.083,0.238704,1,6.3188,-17.10690300047,-1533.87,24.425620407056428,266.1300000000001,24.425620407056428,2148.043267103092,118.29562040705633
6.217300000000001,43.966,-16.737,1077.203,-0.253,264.02,-403.695,0.238704,0,6.3238,-16.105005000193156,-1535.98,35.94009127827657,264.02,35.94009127827657,2361.2481790614534,131.92009127827657
6.222300000000001,43.966,-9.792,1021.796,-1.025,262.27,-348.214,0.238704,0,6.3288,-9.466874999586043,-1537.73,48.726933767329314,262.27,48.726933767329314,2677.3067186701583,146.45693376732936
6.2273000000000005,43.966,3.528,960.848,-0.519,260.86,-291.031,0.238704,0,6.3338,2.891910000194782,-1539.14,63.97714675811046,260.8599999999999,63.97714675811046,3189.023059024415,163.11714675811055
6.2323,43.966,9.858,922.987,-0.785,259.8,-233.045,-0.383644,1,6.3388,9.535169999588177,-1540.2,80.85965759347484,259.79999999999995,80.85965759347484,3420.71838311603,-178.94034240652513
6.238300000000001,55.966,9.858,922.987,-0.785,259.1,-175.373,-0.383644,0,6.3448,10.462400000772515,-1540.8999999999999,101.30979982009788,259.10000000000014,101.30979982009788,3385.019228687384,-157.79020017990226
6.2434,55.966,21.946,779.852,-0.494,259.1,-175.373,-0.383644,0,6.3499,20.950517647500533,-1540.8999999999999,117.95013380724576,259.10000000000014,117.95013380724576,3197.3701533346457,-141.14986619275436
6.2483,55.966,21.946,779.852,-0.494,258.4,-144.872,-0.383644,0,6.3548,22.442587000635903,-1541.6000000000001,132.73157705974592,258.39999999999986,132.73157705974592,2934.299402429574,-125.66842294025395
6.2533,55.966,31.683,682.89,-0.868,258.4,-72.436,-1.093064,1,6.3598,30.796933000272887,-1541.6000000000001,146.36184827556227,258.39999999999986,146.36184827556227,2635.801190255847,-112.0381517244376
6.2583,61.966,31.683,682.89,-0.868,258.4,-36.218,-1.093064,0,6.3648,32.0989050005336,-1541.6000000000001,158.44997698425968,258.39999999999986,158.44997698425968,2323.1259930007463,-99.95002301574019
6.2633,61.966,39.838,570.229,-0.677,258.4,-18.109,-1.093064,0,6.3698,39.421857000128405,-1541.6000000000001,168.9445367404529,258.39999999999986,168.9445367404529,1994.8982332351013,-89.45546325954697
6.2683,61.966,43.42,518.516,-0.868,259.1,49.12,-1.093064,0,6.3748,43.39996799997423,-1540.8999999999999,177.67653731298438,259.10000000000014,177.67653731298438,1649.0650479976794,-81.42346268701576
6.2734000000000005,61.966,46.673,469.574,-1.0,259.1,49.12,-2.702265,1,6.3799,46.65187731093384,-1540.8999999999999,185.2587107745073,259.10000000000014,185.2587107745073,1422.4572782981493,-73.84128922549283
6.278300000000001,61.966,49.552,417.86,-0.859,260.16,108.916,-2.702265,0,6.3848,49.52998048976752,-1539.84,191.58750254216812,260.1600000000001,191.58750254216812,1237.7046194924262,-68.57249745783196
6.2833000000000006,61.966,52.058,362.454,-0.677,261.56,176.898,-2.702265,0,6.3898,52.02596800000994,-1538.44,197.21109344871888,261.55999999999995,197.21109344871888,1081.4761883325157,-64.34890655128106
6.2883000000000004,61.966,54.212,307.047,-0.909,262.62,177.043,-2.702265,0,6.3948,54.102145999857996,-1537.3799999999999,202.21971996697522,262.6200000000001,202.21971996697522,973.4433667083721,-60.4002800330249
6.2933,61.966,54.212,307.047,-0.909,264.38,234.979,-2.004064,1,6.3998,54.51002499990735,-1535.62,206.86878952362582,264.3800000000001,206.86878952362582,910.0321977021247,-57.51121047637429
6.2983,55.966,57.487,209.161,-0.801,266.13,262.956,-2.004064,0,6.4048,57.37492499985484,-1533.87,211.13143898673553,266.1300000000001,211.13143898673553,824.7271652922558,-54.99856101326458
6.303400000000001,55.966,58.586,135.285,-1.15,266.13,262.956,-2.004064,0,6.4099,58.542551260523794,-1533.87,215.038732141425,266.1300000000001,215.038732141425,748.4981629852891,-51.09126785857512
6.3083,55.966,59.135,55.869,-1.158,268.59,332.747,-2.004064,0,6.4148,59.10642959179966,-1531.41,218.63743225188395,268.5899999999999,218.63743225188395,731.8402996611402,-49.95256774811597
6.313300000000001,55.966,59.135,55.869,-1.158,271.05,375.584,-0.607378,1,6.4198,59.1250810000031,-1528.9499999999998,222.33079162724965,271.0500000000002,222.33079162724965,743.5594872411257,-48.71920837275053
6.318300000000001,43.966,59.026,-38.323,-0.345,273.87,422.224,-0.607378,0,6.4248,59.03155900000724,-1526.1299999999999,226.13378617381977,273.8700000000001,226.13378617381977,768.62552643291,-47.73621382618035
6.3243,43.966,59.026,-38.323,-0.345,277.03,475.27,-0.607378,0,6.4308,58.94190099989048,-1522.97,230.9207688105803,277.03,230.9207688105803,817.317132470859,-46.10923118941966
6.329300000000001,43.966,57.377,-167.606,-0.917,280.2,498.425,-0.607378,0,6.4358,57.413035999988665,-1519.8000000000002,235.25250689277738,280.1999999999998,235.25250689277738,888.7907102196386,-44.94749310722244
6.334300000000001,43.966,56.124,-200.85,-0.619,283.71,543.29,-0.555071,1,6.4408,56.118440999992735,-1516.29,239.97982336558397,283.71000000000004,239.97982336558397,970.092737500008,-43.73017663441607
6.339300000000001,25.966,54.762,-211.931,-0.228,283.71,543.29,-0.555071,0,6.4458,54.727875000010734,-1516.29,245.09817574749601,283.71000000000004,245.09817574749601,1045.8950911968727,-38.61182425250402
6.3443000000000005,25.966,53.025,-296.889,-1.822,287.58,589.654,-0.555071,0,6.4508,53.11358700011602,-1512.42,250.56899944172164,287.5799999999999,250.56899944172164,1113.476174670238,-37.01100055827828
6.3493,25.966,53.025,-296.889,-1.822,292.15,682.792,-0.555071,0,6.4558,52.58101100013985,-1507.85,256.34394183965554,292.1500000000001,256.34394183965554,1174.4035912277798,-35.80605816034455
6.3543,25.966,48.146,-397.545,-0.444,296.72,723.283,-0.684449,1,6.4608,48.394829000326524,-1503.28,262.45718108965485,296.72,262.45718108965485,1242.8900689932984,-34.262818910345175
6.3593,1.966,48.146,-397.545,-0.444,301.64,770.186,-0.684449,0,6.4658,47.60791700016981,-1498.3600000000001,268.86043867473506,301.6399999999999,268.86043867473506,1294.4496567644662,-32.77956132526481
6.3643,1.966,42.233,-527.751,-1.964,306.56,795.136,-0.684449,0,6.4708,42.53456300039645,-1493.44,275.445198989659,306.55999999999995,275.445198989659,1324.4597240722865,-31.114801010340955
6.3693,1.966,42.233,-527.751,-1.964,306.56,795.136,-0.684449,0,6.4758,41.50700200022967,-1493.44,282.0781247574087,306.55999999999995,282.0781247574087,1323.3350429930233,-24.48187524259123
6.374300000000001,1.966,34.255,-635.794,-0.527,312.54,882.183,-0.460784,1,6.4808,34.445536000251344,-1487.4599999999998,288.5136450844146,312.5400000000002,288.5136450844146,1262.3737318540848,-24.026354915585614
6.379300000000001,-16.034,30.013,-638.565,-0.278,318.52,905.165,-0.460784,0,6.4858,29.99498200000572,-1481.48,294.3768175855033,318.52,294.3768175855033,1136.2405272481658,-24.143182414496664
6.3843000000000005,-16.034,25.573,-692.125,-1.025,324.84,1040.183,-0.460784,0,6.4908,25.799440000299352,-1475.16,299.71324332836434,324.8399999999999,299.71324332836434,1041.9311452946079,-25.126756671635576
6.3893,-16.034,25.573,-692.125,-1.025,330.82,1018.449,-0.460784,0,6.4958,24.690937000280435,-1469.18,304.6280573302188,330.81999999999994,304.6280573302188,946.8603308495897,-26.191942669781156
6.3943,-16.034,15.88,-733.68,-0.062,336.8,1006.28,-0.074633,1,6.5008,16.12439200032368,-1463.2,308.5932535417851,336.79999999999995,308.5932535417851,708.376771217788,-28.206746458214866
6.3993,-28.034,10.979,-713.364,0.394,336.8,1006.28,-0.074633,0,6.5058,10.990920999996202,-1463.2,310.99324078679535,336.79999999999995,310.99324078679535,397.0573106261088,-25.8067592132046
6.4043,-28.034,6.209,-707.823,-0.212,343.12,1018.964,-0.074633,0,6.5108,6.452270000322787,-1456.88,312.28819328135955,343.1199999999999,312.28819328135955,209.83594904087775,-30.831806718640337
6.4103,-28.034,6.209,-707.823,-0.212,348.75,986.929,-0.074633,0,6.5168,5.703436999327952,-1451.25,312.8590743293908,348.75,312.8590743293908,18.882907315023303,-35.89092567060919
6.4153,-28.034,-3.704,-670.885,0.469,354.38,965.127,-0.118037,1,6.5218,-3.183935000166258,-1445.6200000000001,311.9411992325185,354.3799999999999,311.9411992325185,-277.7786314884048,-42.43880076748138
6.4203,-34.034,-7.902,-601.627,1.025,359.65,920.841,-0.118037,0,6.5268,-7.88629199997908,-1440.35,309.47508975998403,359.6500000000001,309.47508975998403,-573.930262237901,-50.17491024001606
6.4253,-34.034,-11.792,-566.536,0.619,4.57,870.043,-0.118037,0,6.5318,-11.766065000008247,-1435.43,306.01212425779215,4.569999999999936,306.01212425779215,-737.2367917034114,-58.557875742207784
6.430300000000001,-34.034,-15.397,-525.904,0.76,9.84,876.376,-0.118037,0,6.5368,-15.377944999974572,-1430.16,301.8662020368751,9.839999999999918,301.8662020368751,-866.9175148428483,-67.97379796312481
6.4354000000000005,-34.034,-18.693,-475.114,0.859,9.84,876.376,0.325144,1,6.5419,-18.67219327732056,-1430.16,297.0793980596187,9.839999999999918,297.0793980596187,-965.5792004312153,-72.7606019403812
6.440300000000001,-34.034,-21.617,-415.09,0.942,13.71,738.961,0.325144,0,6.5468,-21.59228265302814,-1426.2900000000002,292.1180261193274,13.709999999999809,292.1180261193274,-1029.9748056618755,-81.59197388067241
6.4454,-34.034,-24.166,-363.377,0.934,18.28,781.831,0.325144,0,6.5519,-24.140710924381487,-1421.72,286.72620613952654,18.279999999999973,286.72620613952654,-1065.6768523567207,-91.55379386047343
6.4503,-34.034,-26.32,-307.047,0.585,21.8,684.794,0.325144,0,6.5568,-26.300979081607142,-1418.1999999999998,281.4659882732666,21.800000000000182,281.4659882732666,-1074.772919646586,-100.33401172673359
6.4553,-34.034,-28.145,-258.104,0.818,24.96,605.075,1.542909,1,6.5618,-28.11487900000972,-1415.04,276.1254815203491,24.960000000000036,276.1254815203491,-1063.540094993775,-108.83451847965091
6.4603,-28.034,-29.639,-207.314,0.419,27.77,537.302,1.542909,0,6.5668,-29.61775599997144,-1412.23,270.8942360356315,27.769999999999982,270.8942360356315,-1037.3016382565172,-116.8757639643685
6.465400000000001,-28.034,-30.738,-140.826,1.349,27.77,537.302,1.542909,0,6.5719,-30.700294117664694,-1412.23,265.73362417043177,27.769999999999982,265.73362417043177,-1000.4027176274296,-122.03637582956821
6.470300000000001,-28.034,-31.354,-65.103,1.333,30.23,468.593,1.542909,0,6.5768,-31.32862385710863,-1409.7699999999998,260.9647003473252,30.230000000000246,260.9647003473252,-961.3963513525305,-129.26529965267503
6.475300000000001,-28.034,-31.485,2.309,0.893,31.99,384.773,3.217768,1,6.5818,-31.473079000003867,-1408.01,256.29405419468867,31.99000000000001,256.29405419468867,-923.1985596621357,-135.69594580531134
6.480300000000001,-16.034,-31.485,2.309,0.893,33.4,310.075,3.217768,0,6.5868,-31.477196999989456,-1406.6000000000001,251.7989184564286,33.399999999999864,251.7989184564286,-888.6171748179977,-141.60108154357124
6.4853000000000005,-16.034,-31.332,30.936,0.56,34.1,213.255,3.217768,0,6.5918,-31.215884000037732,-1405.8999999999999,247.45466375563876,34.100000000000136,247.45466375563876,-862.4139303758637,-146.64533624436137
6.4903,-16.034,-29.903,155.601,0.876,34.8,164.431,3.217768,0,6.5968,-29.916081500017707,-1405.2,243.17677417061594,34.799999999999955,243.17677417061594,-854.3690154440053,-151.623225829384
6.496300000000001,-16.034,-28.496,188.845,0.594,34.8,82.216,4.374947,1,6.6028,-28.485213499985367,-1405.2,238.01801310313795,34.799999999999955,238.01801310313795,-863.6308398337383,-156.781986896862
6.5013000000000005,1.966,-27.112,211.008,0.444,34.8,82.216,4.374947,0,6.6078,-27.237943999958922,-1405.2,233.66621825983233,34.799999999999955,233.66621825983233,-871.8922883478125,-161.1337817401676
6.5063,1.966,-27.112,211.008,0.444,34.8,41.108,4.374947,0,6.6128,-26.905704999719735,-1405.2,229.26390153088968,34.799999999999955,229.26390153088968,-888.5680877577248,-165.53609846911024
6.5113,1.966,-23.067,374.458,0.984,34.45,-9.401,4.374947,0,6.6178,-23.197129999957486,-1405.55,224.58724523747904,34.450000000000045,224.58724523747904,-960.5885936068278,-169.86275476252104
6.5163,1.966,-20.452,401.238,0.726,33.05,-121.349,4.390938,1,6.6228,-20.446338999992296,-1406.95,219.41041956412647,33.049999999999955,219.41041956412647,-1068.7780872689127,-173.63958043587348
6.5213,25.966,-17.726,417.86,0.369,31.29,-207.496,4.390938,0,6.6278,-17.684049000013733,-1408.7100000000003,213.68066319877428,31.289999999999736,213.68066319877428,-1180.1440318470495,-177.60933680122548
6.5263,25.966,-14.539,526.827,2.188,29.88,-220.342,4.390938,0,6.6328,-14.505390999954212,-1410.1200000000001,207.3007468938886,29.87999999999988,207.3007468938886,-1322.6610211730185,177.4207468938887
6.531300000000001,25.966,-10.693,594.239,1.291,29.88,-220.342,4.390938,0,6.6378,-10.662970000009802,-1410.1200000000001,200.0410752938593,29.87999999999988,200.0410752938593,-1509.8359417823872,170.16107529385943
6.536300000000001,25.966,-6.517,638.565,0.444,27.07,-341.552,3.875072,1,6.6428,-6.5136339999953945,-1412.9299999999998,191.71353585071327,27.070000000000164,191.71353585071327,-1738.3245462380016,164.64353585071308
6.541300000000001,55.966,-2.275,633.947,-0.071,24.61,-379.746,3.875072,0,6.6478,-2.2329580000138343,-1415.39,182.0987397846789,24.6099999999999,182.0987397846789,-2002.9160387256788,157.488739784679
6.5463000000000005,55.966,2.429,749.378,2.537,22.15,-395.056,3.875072,0,6.6528,2.464853000049145,-1417.85,171.0369518890142,22.15000000000009,171.0369518890142,-2310.887752484063,148.88695188901409
6.5513,55.966,7.836,838.029,1.15,18.28,-519.856,3.875072,0,6.6578,7.867940999989471,-1421.72,158.22158594004802,18.279999999999973,158.22158594004802,-2671.695994180286,139.94158594004807
6.5563,55.966,13.594,869.427,0.428,14.77,-549.563,3.372605,1,6.6628,13.594892000001186,-1425.23,143.52615277369443,14.769999999999982,143.52615277369443,-3058.1222146536093,128.75615277369445
6.561400000000001,79.966,19.485,869.427,0.037,14.77,-549.563,3.372605,0,6.6679,19.517915966370968,-1425.23,126.59025101146176,14.769999999999982,126.59025101146176,-3426.7774384416416,111.82025101146178
6.5663,79.966,25.529,917.446,1.407,10.9,-588.834,3.372605,0,6.6728,25.539539306136852,-1429.1000000000001,108.8070864415666,10.899999999999864,108.8070864415666,-3707.544352111044,97.90708644156672
6.571300000000001,79.966,31.903,964.542,0.726,7.38,-599.357,3.372605,0,6.6778,31.923019999993468,-1432.62,89.67720330037434,7.380000000000109,89.67720330037434,-3857.9264741396123,82.29720330037424
6.576300000000001,79.966,38.497,968.236,0.079,3.52,-621.034,3.301854,1,6.6828,38.473633499967775,-1436.48,70.41832174446303,3.519999999999982,70.41832174446303,-3830.6036383395535,66.89832174446303
6.5823,97.966,45.86,940.532,-0.477,359.65,-632.685,3.301854,0,6.6888,45.86204850000274,-1440.35,48.36242371302115,359.6500000000001,48.36242371302115,-3576.0778682986715,48.71242371302105
6.587300000000001,97.966,52.036,922.063,0.278,355.78,-633.246,3.301854,0,6.6938,52.0360000000001,-1444.22,31.6450455023944,355.78,31.6450455023944,-3238.675481976359,35.86504550239442
6.592300000000001,97.966,58.212,910.982,-0.046,351.91,-645.407,3.301854,0,6.6988,58.193773999974766,-1448.09,16.80901888487631,351.9100000000001,16.80901888487631,-2843.5735462433327,24.899018884876227
6.5974,97.966,64.147,885.125,-0.668,351.91,-645.407,3.095626,1,6.7039,64.14423529411894,-1448.09,5.582666873704785,351.9100000000001,5.582666873704785,-1817.9616920022602,13.672666873704713
6.6023000000000005,109.966,69.817,827.872,-1.117,348.4,-598.312,3.095626,0,6.7088,69.79319757139554,-1451.6000000000001,-0.6037449003127204,348.39999999999986,359.39625509968727,-1079.4849666083062,10.996255099687403
6.6073,109.966,75.136,789.087,-0.262,344.88,-610.176,3.095626,0,6.7138,75.11807300000598,-1455.12,-5.160017606138352,344.8800000000001,354.83998239386165,-838.5792920807334,9.959982393861537
6.6123,109.966,80.258,751.225,-0.718,341.37,-596.991,3.095626,0,6.7188,80.2422409999781,-1458.63,-8.344392186708589,341.3699999999999,351.6556078132914,-543.3390643193167,10.285607813291506
6.6173,109.966,85.071,705.976,-0.81,338.55,-532.763,2.714011,1,6.7238,84.63301700014642,-1461.45,-10.22709069286359,338.54999999999995,349.7729093071364,-319.84040450997287,11.222909307136433
6.6223,115.966,85.071,705.976,-0.81,335.74,-501.012,2.714011,0,6.7288,85.29190000030762,-1464.26,-11.303685924454125,335.74,348.6963140755459,-169.49432496097106,12.95631407554589
6.627400000000001,115.966,89.489,631.177,-1.075,335.74,-501.012,2.714011,0,6.7339,89.46236470589528,-1464.26,-11.660973764028087,335.74,348.3390262359719,-43.99227485220791,12.599026235971905
6.632300000000001,115.966,93.423,580.387,-0.81,332.93,-479.274,2.714011,0,6.7388,93.40661442854854,-1467.07,-11.880568487730823,332.93000000000006,348.11943151226916,-46.67545148806388,15.189431512269095
6.637300000000001,115.966,97.116,535.138,-0.81,330.47,-448.718,2.485191,1,6.7438,97.35196299992069,-1469.5299999999997,-12.15420422802869,330.47000000000025,347.8457957719713,-58.232080030149405,17.37579577197107
6.6423000000000005,115.966,103.402,424.325,-1.025,328.71,-371.356,2.485191,0,6.7488,103.08141399955117,-1471.2900000000002,-12.455774403438584,328.7099999999998,347.54422559656143,-59.35691015659397,18.834225596561623
6.6473,115.966,103.402,424.325,-1.025,327.3,-303.293,2.485191,0,6.7538,103.83397699985456,-1472.6999999999998,-12.72539698451843,327.3000000000002,347.27460301548155,-51.76708360511937,19.974603015481364
6.6523,115.966,108.149,308.894,-0.702,326.25,-238.974,2.485191,0,6.7588,107.99815299978846,-1473.75,-12.962873371826975,326.25,347.03712662817304,-45.823798204906375,20.78712662817304
6.6574,115.966,109.974,255.333,-0.834,326.25,-238.974,2.55195,1,6.7639,109.9517630252209,-1473.75,-13.179233323978876,326.25,346.82076667602115,-40.71479636098225,20.57076667602115
6.6623,109.966,111.468,203.62,-0.585,325.55,-174.76,2.55195,0,6.7688,111.39025102029895,-1474.4499999999998,-13.356943106032942,325.5500000000002,346.64305689396707,-34.33497572695997,21.09305689396689
6.6683,109.966,111.468,203.62,-0.585,325.2,-118.229,2.55195,0,6.7748,111.53190300008994,-1474.8000000000002,-13.535588282425797,325.1999999999998,346.4644117175742,-27.80373337136326,21.264411717574376
6.6733,109.966,112.721,126.051,-1.507,325.2,-59.115,2.55195,0,6.7798,112.65502500002233,-1474.8000000000002,-13.661662945513092,325.1999999999998,346.3383370544869,-24.32707650752805,21.138337054487067
6.6783,109.966,113.249,-9.696,-0.801,325.55,-0.569,3.192154,1,6.7848,113.21309599994937,-1474.4499999999998,-13.773943735516664,325.5500000000002,346.22605626448336,-21.561897709459217,20.67605626448318
6.6833,97.966,113.073,-37.4,-0.519,326.95,116.929,3.192154,0,6.7898,113.08901599999456,-1473.05,-13.870636065545368,326.95000000000005,346.12936393445466,-18.472189538318826,19.179363934454614
6.688300000000001,97.966,113.073,-37.4,-0.519,328.36,175.894,3.192154,0,6.7948,113.00124299989848,-1471.6399999999999,-13.953749526060475,328.3600000000001,346.04625047393955,-15.821260619710642,17.686250473939424
6.693300000000001,97.966,111.666,-151.907,-0.743,328.36,175.894,3.192154,0,6.7998,111.68201599999455,-1471.6399999999999,-14.023200890362975,328.3600000000001,345.976799109637,-13.043659066265649,17.616799109636872
6.698300000000001,97.966,110.435,-196.233,-0.702,330.82,291.189,3.652359,1,6.8048,110.42938999999205,-1469.18,-14.079621040857026,330.81999999999994,345.92037895914297,-10.626804927138444,15.100378959143029
6.7033000000000005,79.966,109.094,-205.467,-0.386,333.28,351.784,3.652359,0,6.8098,109.05805500001226,-1466.72,-14.127672758087078,333.28,345.8723272419129,-9.236207081811246,12.592327241912926
6.7083,79.966,107.358,-298.736,-1.814,336.09,410.242,3.652359,0,6.8148,107.32882799995859,-1463.91,-14.170297183331877,336.0899999999999,345.82970281666815,-8.276687697188803,9.739702816668228
6.7133,79.966,105.05,-367.071,-0.868,339.61,497.508,3.652359,0,6.8198,105.02206300000954,-1460.3899999999999,-14.208514475524492,339.6100000000001,345.7914855244755,-7.387498789828862,6.181485524475363
6.7183,79.966,102.435,-406.779,-0.677,343.48,572.458,3.622684,1,6.8248,102.42986499999273,-1456.52,-14.244390249471637,343.48,345.7556097505284,-7.298948368737318,2.2756097505283606
6.723400000000001,67.966,99.665,-420.631,-0.428,343.48,572.458,3.622684,0,6.8299,99.64068907564227,-1456.52,-14.298487356330524,343.48,345.7015126436695,-12.803756024905445,2.2215126436694845
6.728300000000001,67.966,96.72,-459.416,-1.108,347.34,601.334,3.622684,0,6.8348,96.87326020430031,-1452.66,-14.532473001054289,347.3399999999999,345.4675269989457,-76.14544278151165,-1.8724730010542316
6.733300000000001,67.966,96.72,-459.416,-1.108,351.56,659.947,3.622684,0,6.8398,96.1239500002045,-1448.4400000000003,-15.341874357124585,351.5599999999997,344.6581256428754,-207.40384724767534,-6.9018743571243135
6.738300000000001,67.966,90.17,-495.43,-0.27,356.13,709.736,2.995304,1,6.8448,90.33478100023551,-1443.8700000000001,-17.17783667926846,356.1299999999999,342.82216332073153,-449.73073823978325,-13.307836679268348
6.7433000000000005,59.906,86.851,-485.272,0.021,0.0,743.519,2.995304,0,6.8498,86.85700599999794,-1440.0,-20.460982058440166,0.0,339.53901794155985,-731.6296066741189,-20.460982058440095
6.7483,59.906,83.598,-480.655,-0.295,4.57,752.441,2.995304,0,6.8548,83.6002440000032,-1435.43,-24.83472619819139,4.569999999999936,335.1652738018086,-935.634395300907,-29.404726198191327
6.7533,59.906,80.389,-471.42,-0.071,8.79,726.485,2.995304,0,6.8598,80.40604733332748,-1431.21,-30.18017910851061,8.789999999999964,329.81982089148937,-1122.4440607338004,-38.97017910851059
6.7593000000000005,59.906,76.763,-456.645,0.095,13.01,717.411,2.053598,1,6.8658,76.78413416665938,-1426.99,-37.71854950643415,13.009999999999991,322.28145049356584,-1319.341052389544,-50.72854950643415
6.764500000000001,45.847,73.862,-422.478,0.494,13.01,717.411,2.053598,0,6.871,73.85136298076176,-1426.99,-45.09800259737429,13.009999999999991,314.90199740262574,-1461.7864921149796,-58.10800259737425
6.7693,45.847,71.048,-420.631,-0.419,16.88,673.198,2.053598,0,6.8758,71.31474374990788,-1423.1200000000001,-52.44396473023628,16.87999999999988,307.5560352697637,-1550.4958624011008,-69.32396473023618
6.7743,45.847,71.048,-420.631,-0.419,21.09,696.859,2.053598,0,6.8808,70.75097599957257,-1418.9099999999999,-60.37192877242707,21.090000000000146,299.62807122757295,-1603.4843770540251,-81.4619287724272
6.7793,45.847,65.224,-435.406,0.071,24.96,672.008,0.581991,1,6.8858,65.49190399990731,-1415.04,-68.67402996431316,24.960000000000036,291.32597003568685,-1686.1074233629329,-93.63402996431319
6.7843,25.787,62.344,-426.171,0.228,29.18,687.107,0.581991,0,6.8908,62.336196999988786,-1410.82,-77.34767741299216,29.180000000000064,282.65232258700786,-1749.5530679389544,-106.5276774129922
6.789300000000001,25.787,59.311,-476.961,-1.457,32.7,638.022,0.581991,0,6.8958,59.28304515687238,-1407.3,-86.12347991097728,32.700000000000045,273.87652008902273,-1753.95039412299,-118.82347991097731
6.7944,25.787,55.904,-530.521,-0.876,32.7,638.022,0.581991,0,6.9009,55.88240928369218,-1407.3,-94.9704594008307,32.700000000000045,265.0295405991693,-1722.1577926268278,-127.67045940083074
6.799300000000001,25.787,52.3,-548.99,-0.286,37.27,690.726,-0.96342,1,6.9058,52.302598142856226,-1402.73,-103.1781583276544,37.26999999999998,256.8218416723456,-1651.762200732173,-140.44815832765437
6.8043000000000005,-0.273,48.651,-544.373,0.145,41.48,694.238,-0.96342,0,6.9108,48.634220999975696,-1398.52,-111.06327517849799,41.48000000000002,248.93672482150203,-1539.74595436546,-152.543275178498
6.8093,-0.273,44.673,-637.641,-1.814,46.05,739.078,-0.96342,0,6.9158,44.62295000001744,-1393.95,-118.22863562965502,46.049999999999955,241.771364370345,-1384.1958699811826,-164.27863562965496
6.8143,-0.273,40.145,-703.206,-1.274,50.62,750.34,-0.96342,0,6.9208,40.130464999978905,-1389.3799999999999,-124.461532583511,50.62000000000012,235.538467416489,-1180.513027809127,-175.08153258351115
6.8193,-0.273,35.332,-727.216,-0.286,55.55,786.21,-2.048223,1,6.9258,35.33461045097955,-1384.45,-129.5017526500912,55.549999999999955,230.4982473499088,-933.7401358314593,174.94824734990885
6.824400000000001,-30.273,30.452,-729.063,-0.071,55.55,786.21,-2.048223,0,6.9309,30.419453221256138,-1384.45,-133.28255308297625,55.549999999999955,226.71744691702375,-652.2136224004495,171.16744691702377
6.829300000000001,-30.273,25.265,-820.484,-2.08,60.82,821.441,-2.048223,0,6.9358,25.746649999831334,-1379.1799999999998,-135.5816873239373,60.820000000000164,224.4183126760627,-405.8860750237481,163.5983126760625
6.834300000000001,-30.273,25.265,-820.484,-2.08,66.09,859.542,-2.048223,0,6.9408,24.652999999107383,-1373.91,-136.85393519847483,66.08999999999992,223.14606480152517,-172.32272234453833,157.05606480152528
6.839300000000001,-30.273,13.265,-932.221,-0.552,71.72,899.664,-2.812117,1,6.9458,14.35699999961701,-1368.28,-136.42041837871105,71.72000000000003,223.57958162128895,195.35564914020057,151.85958162128895
6.8443000000000005,-56.242,13.265,-932.221,-0.552,77.7,947.455,-2.812117,0,6.9508,12.61928899905664,-1362.3000000000002,-134.1493754290092,77.69999999999982,225.8506245709908,570.4061502812914,148.150624570991
6.8493,-56.242,0.604,-971.006,-1.432,83.32,935.398,-2.812117,0,6.9558,1.169504333134701,-1356.68,-129.7641111805991,83.31999999999994,230.2358888194009,1023.8788991241804,146.91588881940095
6.855300000000001,-56.242,-7.132,-1012.561,-0.652,88.59,911.991,-2.812117,0,6.9618,-6.545353333539806,-1351.41,-121.44522339611608,88.58999999999992,238.5547766038839,1514.2071452983805,149.964776603884
6.8603000000000005,-56.242,-7.132,-1012.561,-0.652,88.59,911.991,-3.461424,1,6.9668,-7.4750260005028215,-1351.41,-113.33582833497516,88.58999999999992,246.66417166502484,1664.3600948193593,158.0741716650249
6.8653,-76.212,-13.858,-1012.561,-0.029,94.22,894.584,-3.461424,0,6.9718,-14.432027999797667,-1345.7800000000002,-104.40464202919941,94.2199999999998,255.5953579708006,1851.2988455916573,161.3753579708008
6.8703,-76.212,-26.892,-977.47,-0.369,99.14,890.461,-3.461424,0,6.9768,-26.561315999514463,-1340.8600000000001,-94.36069385340564,99.13999999999987,265.6393061465944,2066.7941848751675,166.4993061465945
6.8753,-76.212,-33.442,-969.159,-0.079,103.36,797.083,-3.461424,0,6.9818,-33.42398200000636,-1336.6399999999999,-83.7762733810408,103.36000000000013,276.2237266189592,2121.616396175751,172.86372661895905
6.8803,-76.212,-39.794,-943.303,0.353,107.58,749.931,-5.061795,1,6.9868,-39.779413999978544,-1332.4200000000003,-73.33557294988908,107.5799999999997,286.66442705011093,2064.050754598628,179.08442705011123
6.8853,-101.236,-45.86,-887.896,0.967,111.09,664.484,-5.061795,0,6.9918,-45.841982000006276,-1328.91,-63.50137035860251,111.08999999999992,296.4986296413975,1919.012747130278,-174.59137035860243
6.890300000000001,-101.236,-51.728,-885.125,-0.361,111.09,664.484,-5.061795,0,6.9968,-51.731417000005095,-1328.91,-54.61990657836943,111.08999999999992,305.3800934216306,1706.583876999764,-165.70990657836933
6.895300000000001,-101.236,-57.663,-896.207,-0.137,114.26,592.297,-5.061795,0,7.0018,-57.664910999999314,-1325.7400000000002,-47.022855295024925,114.25999999999976,312.9771447049751,1437.036916767525,-161.28285529502466
6.9003000000000005,-101.236,-63.619,-885.125,0.087,117.07,534.917,-5.472742,1,7.0068,-63.61231899999013,-1322.9299999999998,-40.90197341078369,117.07000000000016,319.0980265892163,1126.3242288007925,-157.97197341078385
6.9053,-120.26,-69.444,-858.345,0.403,119.18,443.012,-5.472742,0,7.0118,-69.42989500000502,-1320.8200000000002,-36.44417006183994,119.17999999999984,323.55582993816006,793.6050333427072,-155.62417006183978
6.9103,-120.26,-75.114,-858.345,-0.336,120.59,341.695,-5.472742,0,7.0168,-75.1162950000034,-1319.41,-33.652281483535795,120.58999999999992,326.3477185164642,453.02940147651606,-154.2422814835357
6.9153,-120.26,-80.829,-855.575,0.012,121.64,257.765,-5.472742,0,7.0218,-80.82499600000142,-1318.3600000000001,-32.60910984679556,121.63999999999987,327.39089015320445,107.429885872959,-154.24910984679542
6.9203,-120.26,-86.5,-850.034,0.145,121.64,257.765,-3.929017,1,7.0268,-86.4910239999867,-1318.3600000000001,-33.26620638670723,121.63999999999987,326.7337936132928,-236.9429498949195,-154.90620638670708
6.9253,-133.283,-91.995,-799.245,0.793,121.99,156.802,-3.929017,0,7.0318,-91.49495500017831,-1318.0099999999998,-35.47521794371848,121.99000000000024,324.52478205628154,-507.4624564101251,-157.4652179437187
6.930300000000001,-133.283,-91.995,-799.245,0.793,121.99,78.401,-3.929017,0,7.0368,-92.52856200079383,-1318.0099999999998,-38.65783398739711,121.99000000000024,321.3421660126029,-703.4743606259608,-160.64783398739735
6.935300000000001,-133.283,-102.457,-745.685,0.195,121.64,10.092,-3.929017,0,7.0418,-101.92825966685587,-1318.3600000000001,-43.32838024187872,121.63999999999987,316.67161975812127,-1045.532268191046,-164.9683802418786
6.9413,-133.283,-108.039,-704.129,0.909,120.94,-52.846,-2.458984,1,7.0478,-108.01973833334011,-1319.06,-51.39471836530727,120.94000000000005,308.60528163469274,-1465.0501081159534,-172.3347183653073
6.946300000000001,-140.307,-112.479,-639.488,0.81,119.53,-143.587,-2.458984,0,7.0528,-112.46104799997323,-1320.47,-59.37535892967272,119.52999999999997,300.6246410703273,-1646.9307252153903,-178.90535892967267
6.951300000000001,-140.307,-116.567,-599.78,0.544,117.77,-219.1,-2.458984,0,7.0578,-116.19499200013351,-1322.23,-67.9984132299337,117.76999999999998,292.0015867700663,-1744.601352193914,174.23158677006631
6.9564,-140.307,-116.567,-599.78,0.544,116.02,-257.998,-2.458984,0,7.0629,-116.80898400024701,-1323.98,-76.96960446089803,116.01999999999998,283.03039553910196,-1761.6587613391346,167.01039553910198
6.9614,-140.307,-120.348,-550.837,0.826,116.02,-257.998,-0.911455,1,7.0679,-120.59182457130198,-1323.98,-85.78273463583022,116.01999999999998,274.21726536416975,-1763.9086167425887,158.19726536416977
6.9663,-141.331,-126.898,-434.483,1.034,113.91,-301.592,-0.911455,0,7.0728,-126.6961076527589,-1326.0900000000001,-94.36399373982546,113.90999999999985,265.63600626017455,-1740.2409144895546,151.7260062601747
6.9713,-141.331,-129.623,-388.31,0.726,111.45,-360.526,-0.911455,0,7.0778,-129.3750250000893,-1328.55,-102.83137120102465,111.45000000000005,257.16862879897536,-1673.5197407106532,145.71862879897532
6.9763,-141.331,-129.623,-388.31,0.726,108.98,-383.294,-0.911455,0,7.0828,-129.8460740003346,-1331.0199999999998,-110.97111663258411,108.98000000000025,249.0288833674159,-1605.6020302364652,140.04888336741567
6.9813,-141.331,-133.997,-289.501,0.868,106.52,-396.713,-0.920189,1,7.0878,-133.7518816863629,-1333.4799999999998,-118.64296737872598,106.52000000000021,241.35703262127402,-1500.1766717137298,134.8370326212738
6.986400000000001,-136.355,-135.711,-241.482,0.369,106.52,-396.713,-0.920189,0,7.0929,-135.68815694275366,-1333.4799999999998,-125.83765431943135,106.52000000000021,234.16234568056865,-1373.8663514595432,127.64234568056844
6.991300000000001,-136.355,-137.008,-169.453,1.158,103.71,-424.801,-0.920189,0,7.0978,-136.97155728572747,-1336.29,-132.26093758803654,103.71000000000004,227.73906241196346,-1286.6805325163814,124.02906241196342
6.996300000000001,-136.355,-137.931,-115.893,1.233,100.9,-450.982,-0.920189,0,7.1028,-137.88392699992906,-1339.1000000000001,-138.44351236638343,100.89999999999986,221.55648763361657,-1216.9552698984382,120.65648763361673
7.0013000000000005,-136.355,-137.931,-115.893,1.233,97.73,-492.034,-1.628139,1,7.1078,-137.9710399999855,-1342.27,-144.36770676687544,97.73000000000002,215.63229323312456,-1173.1569023039365,117.90229323312451
7.0063,-125.379,-138.371,-45.711,0.751,94.22,-539.521,-1.628139,0,7.1128,-138.33621799994748,-1345.7800000000002,-150.12277597581436,94.2199999999998,209.87722402418564,-1142.1616380492283,115.65722402418584
7.0113,-125.379,-138.129,83.572,1.266,90.7,-562.792,-1.628139,0,7.1178,-138.08241513727182,-1349.3,-155.77939299529424,90.70000000000005,204.22060700470576,-1130.5385007361508,113.52060700470571
7.0164,-125.379,-137.36,128.821,1.009,90.7,-562.792,-1.628139,0,7.1229,-137.40825098044198,-1349.3,-161.58839977424302,90.70000000000005,198.41160022575698,-1143.1840925435154,107.71160022575691
7.0213,-125.379,-137.36,128.821,1.009,86.84,-599.445,-2.378972,1,7.1278,-137.17496666673395,-1353.1599999999999,-167.26091212587488,86.84000000000015,192.73908787412512,-1166.9074247818457,105.89908787412497
7.0273,-108.402,-134.92,184.228,0.137,82.97,-618.447,-2.378972,0,7.1338,-134.96978235292303,-1357.03,-174.5677399888914,82.97000000000003,185.4322600111086,-1250.964885649603,102.46226001110858
7.0324,-108.402,-133.404,257.18,1.839,78.75,-671.28,-2.378972,0,7.1389,-133.36563585430198,-1361.25,-181.3404500194583,78.75,178.6595499805417,-1364.061313327108,99.90954998054167
7.0373,-108.402,-131.36,328.286,1.025,74.18,-714.495,-2.378972,0,7.1438,-131.54979999993077,-1365.8200000000002,-188.391540804712,74.17999999999984,171.608459195288,-1465.7885885018156,97.42845919528816
7.0423,-108.402,-131.36,328.286,1.025,68.91,-798.063,-3.668172,1,7.1488,-131.114485999627,-1371.09,-196.0627524227272,68.91000000000008,163.9372475772728,-1571.65127363171,95.02724757727276
7.047300000000001,-85.426,-126.546,378.152,0.369,63.98,-807.256,-3.668172,0,7.1538,-126.98407399983961,-1376.02,-204.5007234232113,63.98000000000002,155.4992765767887,-1736.111391848547,91.51927657678868
7.052300000000001,-85.426,-126.546,378.152,0.369,63.98,-807.256,-3.668172,0,7.1588,-126.21419399949421,-1376.02,-213.79562459719554,63.98000000000002,146.20437540280446,-1917.669767288569,82.22437540280441
7.057300000000001,-85.426,-120.04,558.225,1.25,58.36,-865.284,-3.668172,0,7.1638,-120.2760539999135,-1381.6399999999999,-224.22169521991233,58.36000000000013,135.77830478008767,-2164.475521802725,77.41830478008751
7.0623000000000005,-85.426,-116.128,593.316,0.519,52.38,-941.981,-4.514118,1,7.1688,-116.12351199999316,-1387.6200000000001,-236.01007417848876,52.37999999999988,123.98992582151124,-2435.248100258595,71.60992582151135
7.0673,-68.45,-112.128,598.856,-0.062,46.05,-997.11,-4.514118,0,7.1738,-112.11198400000589,-1393.95,-248.85394428109993,46.049999999999955,111.14605571890007,-2618.483380957858,65.09605571890012
7.0723,-68.45,-107.952,650.569,1.067,39.73,-1026.422,-4.514118,0,7.1788,-108.16497600032568,-1400.27,-262.36402182950815,39.73000000000002,97.63597817049185,-2729.625190540937,57.905978170491835
7.0773,-68.45,-107.952,650.569,1.067,33.4,-1036.38,-4.514118,0,7.1838,-107.1239000003045,-1406.6000000000001,-276.1720940057187,33.399999999999864,83.82790599428131,-2770.2637364744755,50.427905994281446
7.0823,-68.45,-98.852,690.278,-0.087,33.4,-1036.38,-4.175637,1,7.1888,-99.31610000071085,-1406.6000000000001,-289.93866015325847,33.399999999999864,70.06133984674153,-2736.9150677687403,36.66133984674167
7.087300000000001,-57.474,-98.852,690.278,-0.087,27.07,-1014.813,-4.175637,0,7.1938,-98.03199900030248,-1412.9299999999998,-303.23288216918235,27.070000000000164,56.767117830817654,-2618.9423385217983,29.69711783081749
7.092300000000001,-57.474,-89.841,671.809,0.22,20.74,-1074.403,-4.175637,0,7.1988,-90.30056100070613,-1419.2599999999998,-315.70743655728904,20.740000000000236,44.29256344271096,-2433.6716669826455,23.55256344271072
7.097300000000001,-57.474,-89.841,671.809,0.22,14.77,-1034.422,-4.175637,0,7.2038,-89.04693400029338,-1425.23,-327.0564610899712,14.769999999999982,32.94353891002879,-2198.8176428284346,18.17353891002881
7.1023000000000005,-57.474,-81.115,632.1,-0.419,8.79,-1016.821,-2.92226,1,7.2088,-81.35562600037031,-1431.21,-337.02935470933807,8.789999999999964,22.970645290661935,-1889.1030624709315,14.180645290661971
7.1074,-52.497,-77.027,585.005,-0.552,3.16,-967.522,-2.92226,0,7.2139,-77.36365882334957,-1436.8400000000001,-345.39251867313106,3.1599999999998545,14.607481326868935,-1562.528700463693,11.447481326869081
7.1123,-52.497,-77.027,585.005,-0.552,3.16,-967.522,-2.92226,0,7.2188,-76.65816799943147,-1436.8400000000001,-352.4987527104658,3.1599999999998545,7.501247289534206,-1396.4054156895363,4.341247289534351
7.1173,-52.497,-69.795,497.277,-0.685,357.54,-950.308,-2.92226,0,7.2238,-70.1848136665222,-1442.4599999999998,-357.87823000141833,357.5400000000002,2.1217699985816694,-893.9690112069813,4.581769998581478
7.1233,-52.497,-66.257,432.636,-0.934,352.62,-895.248,-1.177353,1,7.2298,-66.28123633332432,-1447.3799999999999,-361.1914075335598,352.6200000000001,358.8085924664402,-414.7446170346197,6.18859246644007
7.1283,-41.521,-63.575,378.152,-0.652,347.7,-857.037,-1.177353,0,7.2348,-63.71178200021151,-1452.3,-362.4616599503905,347.70000000000005,357.5383400496095,-194.9512300090774,9.838340049609428
7.1333,-41.521,-63.575,378.152,-0.652,343.12,-810.887,-1.177353,0,7.2398,-63.13775392173126,-1456.88,-362.98898704560594,343.1199999999999,357.01101295439406,-76.7850781391152,13.89101295439417
7.138400000000001,-41.521,-58.674,366.147,-0.062,339.26,-723.204,-1.177353,0,7.2449,-58.82957772565493,-1460.74,-363.15246454018984,339.26,356.84753545981016,-18.12383837412322,17.58753545981017
7.143400000000001,-41.521,-56.3,352.296,-0.145,335.04,-714.886,0.321613,1,7.2499,-56.31115717646457,-1464.96,-363.1961483124828,335.03999999999996,356.8038516875172,-6.8341812585455735,21.763851687517217
7.1485,-24.545,-54.014,342.138,-0.012,335.04,-714.886,0.321613,0,7.255,-54.00005698528363,-1464.96,-363.0145437041917,335.03999999999996,356.9854562958083,77.384317356045,21.945456295808356
7.153300000000001,-24.545,-51.684,371.688,1.092,331.17,-673.541,0.321613,0,7.2598,-51.660893583341945,-1468.8300000000002,-362.1216935012905,331.16999999999985,357.8783064987095,231.15050940338267,26.708306498709646
7.1583000000000006,-24.545,-49.003,410.473,0.544,327.3,-666.697,0.321613,0,7.2648,-48.994023999986034,-1472.6999999999998,-360.3703530398048,327.3000000000002,359.6296469601952,404.66737858032053,32.32964696019502
7.1633000000000004,-24.545,-46.146,434.483,0.286,323.09,-682.904,1.627391,1,7.2698,-46.40598699990273,-1476.9099999999999,-357.7739717541909,323.09000000000015,2.2260282458091183,558.3188457924832,39.13602824580897
7.1683,-1.569,-46.146,434.483,0.286,319.22,-670.756,1.627391,0,7.2748,-45.83321699951253,-1480.78,-354.5514474802871,319.22,5.448552519712905,690.3025448097552,46.22855251971288
7.1733,-1.569,-40.013,518.516,1.939,315.35,-657.731,1.627391,0,7.2798,-40.235830450896934,-1484.6499999999999,-350.29358665476195,315.35000000000014,9.706413345238047,930.6761413974561,54.35641334523791
7.178400000000001,-1.569,-36.255,589.622,0.942,315.35,-657.731,1.627391,0,7.2849,-36.23198007840677,-1484.6499999999999,-344.4619522991296,315.35000000000014,15.53804770087038,1234.0569304693856,60.18804770087024
7.183400000000001,-1.569,-32.211,610.861,0.27,310.43,-730.816,2.409956,1,7.2899,-32.55069599981564,-1489.57,-337.5187503354358,310.43000000000006,22.48124966456419,1440.3567536544226,72.05124966456412
7.188400000000001,27.408,-32.211,610.861,0.27,305.86,-714.802,2.409956,0,7.2949,-31.659575999410496,-1494.1399999999999,-329.7766769219554,305.8600000000001,30.223323078044587,1605.3501239015077,84.36332307804446
7.1934000000000005,27.408,-23.595,718.905,2.42,300.94,-810.889,2.409956,0,7.2999,-23.876029714132976,-1499.06,-320.7398494383873,300.94000000000005,39.260150561612704,1908.1719968314287,98.32015056161265
7.198300000000001,27.408,-18.43,793.704,1.25,295.66,-845.42,2.409956,0,7.3048,-18.411813816297997,-1504.34,-310.17412986996635,295.6600000000001,49.82587013003365,2253.5380296096305,114.16587013003357
7.2033000000000005,27.408,-12.803,836.183,0.378,290.39,-854.683,2.071185,1,7.3098,-12.828358666657133,-1509.61,-298.0541968518744,290.3900000000001,61.945803148125606,2486.574320978015,131.5558031481255
7.209300000000001,50.384,-6.385,823.254,-0.187,284.77,-894.331,2.071185,0,7.3158,-6.357639333343638,-1515.23,-282.3934779500822,284.77,77.60652204991783,2656.9034680029163,152.83652204991785
7.214300000000001,50.384,-0.736,866.656,1.416,284.77,-894.331,2.071185,0,7.3208,-0.7203429999753694,-1515.23,-268.96140412021134,284.77,91.03859587978866,2689.039498918363,166.26859587978868
7.2193000000000005,50.384,5.22,905.441,0.685,280.2,-832.619,2.071185,0,7.3258,5.230009999996213,-1519.8000000000002,-255.7644323925608,280.1999999999998,104.23556760743921,2607.1363004464984,-175.9644323925606
7.2243,50.384,11.286,908.212,0.037,274.57,-895.903,2.002039,1,7.3308,10.976633999512575,-1525.43,-243.26957405200625,274.56999999999994,116.73042594799375,2450.0119438747993,-157.83957405200618
7.2293,67.36,11.286,908.212,0.037,269.65,-856.159,2.002039,0,7.3358,11.828086999794639,-1530.35,-231.53398913324958,269.6500000000001,128.46601086675042,2302.2895488587997,-141.18398913324967
7.2343,67.36,17.243,878.661,-0.619,264.73,-827.757,2.002039,0,7.3408,17.231492999981803,-1535.27,-220.7536995983912,264.73,139.2463004016088,2074.1306398252354,-125.48369959839121
7.239400000000001,67.36,23.089,878.661,0.303,260.16,-792.215,2.002039,0,7.3459,23.584232705610706,-1539.84,-211.72280388689006,260.1600000000001,148.27719611310994,1616.5265339668751,-111.88280388689014
7.244400000000001,67.36,34.716,850.958,-0.469,260.16,-792.215,2.85935,1,7.3509,34.32073599957283,-1539.84,-205.7613081132945,260.1600000000001,154.2386918867055,1003.3897179252658,-105.92130811329457
7.2494000000000005,78.336,40.167,798.321,-1.167,255.94,-718.275,2.85935,0,7.3559,39.709116000251605,-1544.06,-202.54537709615636,255.94000000000005,157.45462290384364,532.313917287446,-98.48537709615641
7.254300000000001,78.336,40.167,798.321,-1.167,252.07,-717.289,2.85935,0,7.3608,40.67035000079799,-1547.93,-200.75059606223635,252.06999999999994,159.24940393776365,288.16023903755246,-92.82059606223629
7.2594,78.336,50.234,723.522,-0.801,252.07,-717.289,2.85935,0,7.3659,49.79261294141934,-1547.93,-200.64859458953978,252.06999999999994,159.35140541046022,-111.98702196380626,-92.71859458953972
7.2644,78.336,54.849,672.732,-0.859,248.55,-506.746,2.84476,1,7.3709,54.55363999967982,-1551.45,-202.65503558125522,248.54999999999995,157.34496441874478,-499.9786512003022,-91.20503558125517
7.2693,83.312,54.849,672.732,-0.859,242.93,-720.527,2.84476,0,7.3758,55.56477745070717,-1557.07,-205.7721387615573,242.93000000000006,154.2278612384427,-697.5393864050255,-88.70213876155736
7.2744,83.312,62.872,552.684,-0.71,242.93,-720.527,2.84476,0,7.3809,62.59227607812761,-1557.07,-210.3660155162692,242.93000000000006,149.6339844837308,-1003.9253351468841,-93.29601551626925
7.279400000000001,83.312,66.367,496.354,-0.884,240.12,-587.889,2.84476,0,7.3859,66.32156426232025,-1559.88,-216.57497831502178,240.1199999999999,143.42502168497822,-1326.5952705347177,-96.69497831502167
7.285500000000001,83.312,69.971,428.942,-1.042,237.66,-501.204,3.651755,1,7.392,69.9472926229692,-1562.34,-225.6761721792873,237.66000000000008,134.3238278207127,-1567.8632331320093,-103.33617217928739
7.290500000000001,82.289,72.609,379.076,-0.793,235.9,-380.788,3.651755,0,7.397,72.4111499998466,-1564.1,-234.01843676635244,235.9000000000001,125.98156323364756,-1703.6526435420733,-109.91843676635253
7.295400000000001,82.289,72.609,379.076,-0.793,233.44,-423.891,3.651755,0,7.4019,72.79917599989453,-1566.5600000000002,-242.63485911035403,233.43999999999983,117.36514088964597,-1779.051124161725,-116.07485911035386
7.300400000000001,82.289,74.873,315.358,-0.868,231.33,-378.804,3.651755,0,7.4069,74.84393145094865,-1568.67,-251.77292541029396,231.32999999999993,108.22707458970604,-1849.8795053812626,-123.10292541029389
7.3055,82.289,76.719,260.874,-0.967,229.22,-374.815,3.360181,1,7.412,76.7387235666265,-1570.7799999999997,-261.4660661293245,229.22000000000025,98.53393387067553,-1920.2470570832334,-130.68606612932473
7.313400000000001,75.265,79.994,137.132,-0.668,227.46,-333.594,3.360181,0,7.4199,79.81988607604623,-1572.54,-276.975031148826,227.46000000000004,83.02496885117398,-1982.4559676793745,-144.43503114882606
7.3184000000000005,75.265,79.994,137.132,-0.668,225.7,-318.134,3.360181,0,7.4249,80.03336000004313,-1574.3000000000002,-286.97426064411445,225.69999999999982,73.02573935588555,-2007.177374975473,-152.67426064411427
7.3234,75.265,80.609,-22.624,-1.059,223.24,-362.216,3.360181,0,7.4299,80.53155200004315,-1576.76,-297.0958058646377,223.24,62.904194135362275,-2031.4348522195537,-160.33580586463773
7.3284,75.265,80.302,-55.869,-0.726,223.24,-362.216,2.994154,1,7.4349,80.2948959999922,-1576.76,-307.34823958077453,223.24,52.65176041922547,-2060.063098804448,-170.58823958077454
7.3334,62.241,79.884,-68.797,-0.511,220.78,-369.826,2.994154,0,7.4399,79.86006000001338,-1579.22,-317.7939012344128,220.77999999999997,42.20609876558723,-2102.3084117526873,-178.57390123441274
7.3384,62.241,79.181,-135.285,-1.416,218.32,-406.278,2.994154,0,7.4449,79.22599200004944,-1581.68,-328.46316654298704,218.31999999999994,31.53683345701296,-2146.7851883630346,173.21683345701302
7.343400000000001,62.241,79.181,-135.285,-1.416,215.86,-408.218,2.994154,0,7.4499,78.9649520001209,-1584.1399999999999,-339.36838242730585,215.86000000000013,20.631617572694154,-2199.9724451486354,164.77161757269403
7.348400000000001,62.241,76.609,-225.783,-0.776,213.4,-408.62,2.942394,1,7.4549,76.67088800006822,-1586.6000000000001,-349.28066997770054,213.39999999999986,10.71933002229946,-1693.2843395224436,157.3193300222996
7.353400000000001,55.217,75.004,-246.099,-0.087,210.59,-436.572,2.942394,0,7.4599,74.99114800000721,-1589.4099999999999,-354.8617589941946,210.59000000000015,5.138241005805412,-918.4846977909893,154.54824100580527
7.3584000000000005,55.217,73.246,-276.573,-0.884,210.59,-436.572,2.942394,0,7.4649,73.23473599998756,-1589.4099999999999,-357.8451026085173,210.59000000000015,2.1548973914826774,-481.40994047487857,151.56489739148253
7.3634,55.217,71.312,-295.042,-0.353,208.12,-419.604,2.942394,0,7.4699,71.4744559999088,-1591.8799999999999,-359.46241976741413,208.12000000000012,0.5375802325858672,-278.36133413122866,152.41758023258575
7.3683000000000005,55.217,71.312,-295.042,-0.353,205.66,-421.387,3.098328,1,7.4748,71.13755845042174,-1594.3400000000001,-360.53755965884346,205.65999999999985,359.46244034115654,-200.46418870086305,153.80244034115668
7.375400000000001,54.194,66.455,-294.118,-0.129,203.55,-385.938,3.098328,0,7.4819,66.74231549279597,-1596.45,-362.4146538010196,203.54999999999995,357.5853461989804,-292.9559269072243,154.03534619898045
7.3803,54.194,66.455,-294.118,-0.129,201.09,-403.083,3.098328,0,7.4868,66.35743699984177,-1598.91,-363.8694071562656,201.08999999999992,356.1305928437344,-314.21427943645216,155.0405928437345
7.3853,54.194,64.542,-286.731,0.262,198.98,-377.611,3.098328,0,7.4918,64.55727907842542,-1601.0200000000002,-365.70622129212035,198.9799999999998,354.29377870787965,-394.3737327031866,155.31377870787986
7.3904000000000005,54.194,62.762,-257.18,0.311,197.23,-332.028,3.18939,1,7.4969,62.800360560266675,-1602.77,-368.11014607815184,197.23000000000002,351.88985392184816,-504.6616462493259,154.65985392184814
7.3974,59.17,61.158,-235.941,0.461,195.82,-279.593,3.18939,0,7.5039,61.004928000086444,-1604.18,-372.3145146572693,195.81999999999994,347.6854853427307,-660.1872941119391,151.86548534273078
7.4024,59.17,58.19,-141.749,0.926,194.77,-229.223,3.18939,0,7.5089,58.37995200021128,-1605.23,-376.04688808628674,194.76999999999998,343.95311191371326,-780.2021252531611,149.18311191371328
7.4073,59.17,58.19,-141.749,0.926,193.36,-232.572,3.18939,0,7.5138,58.12802900002427,-1606.64,-380.1046411105214,193.3599999999999,339.8953588894786,-840.3648585487073,146.5353588894787
7.4123,59.17,57.509,-84.496,0.909,193.36,-232.572,3.321002,1,7.5188,57.529431000033334,-1606.64,-384.3561879242412,193.3599999999999,335.6438120757588,-853.9943679253456,142.28381207575887
7.417400000000001,66.42,57.223,-27.242,0.477,193.36,-116.286,3.321002,0,7.5239,57.27242494114843,-1606.64,-388.7361215301804,193.3599999999999,331.2638784698196,-857.666486223743,137.9038784698197
7.4224000000000006,66.42,57.531,60.486,0.851,193.01,-91.499,3.321002,0,7.5289,57.55064800002195,-1606.9899999999998,-392.9417688829837,193.01000000000022,327.0582311170163,-831.1527507644697,134.0482311170161
7.4274000000000004,66.42,58.146,104.811,0.743,193.36,-16.597,3.321002,0,7.5339,58.094340000029355,-1606.64,-396.94759418829005,193.3599999999999,323.05240581170995,-788.9756209335012,129.69240581171005
7.432300000000001,66.42,58.146,104.811,0.743,194.06,49.99,2.321487,1,7.5388,58.226250000131536,-1605.94,-400.6658632820754,194.05999999999995,319.3341367179246,-743.9289872474894,125.27413671792465
7.4374,67.67,59.751,126.051,0.154,195.12,111.197,2.321487,0,7.5439,59.692659529444946,-1604.8799999999999,-404.2209943723637,195.12000000000012,315.7790056276363,-675.1402252272344,120.65900562763619
7.4424,67.67,60.63,136.209,0.021,195.12,111.197,2.321487,0,7.5489,60.63281600000317,-1604.8799999999999,-407.3327115954083,195.12000000000012,312.6672884045917,-600.304525325813,117.5472884045916
7.4474,67.67,61.553,133.438,0.253,196.17,141.223,2.321487,0,7.5539,61.54930400000209,-1603.83,-410.1034106119869,196.17000000000007,309.8965893880131,-534.9914292820861,113.72658938801305
7.452400000000001,67.67,62.432,134.362,0.129,197.58,191.858,0.836534,1,7.5589,62.37574399993678,-1602.4199999999998,-412.5711675915418,197.58000000000015,307.4288324084582,-477.0361609464812,109.84883240845807
7.457400000000001,62.921,62.432,134.362,0.129,198.63,181.166,0.836534,0,7.5639,62.56127599992613,-1601.3700000000001,-414.78368628311443,198.62999999999988,305.21631371688557,-427.07955146337696,106.58631371688568
7.462400000000001,62.921,63.971,90.96,-0.942,200.39,240.174,0.836534,0,7.5689,63.897783999917586,-1599.6100000000001,-416.7165150000231,200.38999999999987,303.2834849999769,-368.21357210348765,102.89348499997703
7.4674000000000005,62.921,64.366,41.093,-0.735,201.45,207.157,0.836534,0,7.5739,64.3420600000137,-1598.55,-418.3569245902684,201.45000000000005,301.6430754097316,-313.401486717774,100.19307540973153
7.4724,62.921,64.476,5.079,-0.353,201.45,207.157,-1.150053,1,7.5789,64.46208786883676,-1598.55,-419.79278678236284,201.45000000000005,300.20721321763716,-276.7515392396593,98.75721321763712
7.4785,52.171,64.345,-18.931,-0.137,202.85,216.632,-1.150053,0,7.585,64.353053278695,-1597.1499999999999,-421.3309357706183,202.85000000000014,298.6690642293817,-240.08667400216467,95.81906422938158
7.4834000000000005,52.171,64.345,-18.931,-0.137,203.55,168.0,-1.150053,0,7.5899,64.25638000005087,-1596.45,-422.42146797083257,203.54999999999995,297.57853202916743,-216.55777225915872,94.02853202916748
7.4884,52.171,63.29,-126.051,-0.984,203.91,115.517,-1.150053,0,7.5949,63.29697600000788,-1596.0900000000001,-423.46478915434045,203.90999999999985,296.53521084565955,-206.6190079225232,92.6252108456597
7.4934,52.171,62.344,-156.525,-0.436,204.61,115.106,-1.825992,1,7.5999,62.33114800000739,-1595.39,-424.4956939050851,204.6099999999999,295.5043060949149,-206.0838913869137,90.89430609491501
7.4984,35.421,61.245,-168.529,-0.278,205.31,115.459,-1.825992,0,7.6049,61.22253599997456,-1594.69,-425.5293773601081,205.30999999999995,294.4706226398919,-207.53145970351335,89.16062263989193
7.5034,35.421,59.795,-246.099,-1.847,205.66,86.926,-1.825992,0,7.6099,59.916799999929886,-1594.3400000000001,-426.57070544859454,205.65999999999985,293.42929455140546,-207.01316391691128,87.76929455140561
7.5084,35.421,59.795,-246.099,-1.847,205.66,86.926,-1.825992,0,7.6149,59.52632799969538,-1594.3400000000001,-427.5994231242317,205.65999999999985,292.4005768757683,-208.09350338417727,86.74057687576845
7.513400000000001,35.421,55.597,-352.296,-0.511,206.02,72.663,-2.588261,1,7.6199,55.74467199991468,-1593.98,-428.7549831501442,206.01999999999998,291.2450168498558,-244.2751552741125,85.22501684985582
7.518400000000001,12.671,53.157,-367.994,-0.428,206.02,36.332,-2.588261,0,7.6249,53.313160000177604,-1593.98,-430.1202155016615,206.01999999999998,289.8797844983385,-280.6708201998597,83.85978449833851
7.5234000000000005,12.671,53.157,-367.994,-0.428,206.02,18.166,-2.588261,0,7.6299,52.6215840003096,-1593.98,-431.55784654523495,206.01999999999998,288.44215345476505,-294.1372198288516,82.42215345476507
7.5284,12.671,46.783,-555.454,-1.274,205.66,-21.523,-2.588261,0,7.6349,47.19093600046464,-1594.3400000000001,-433.16738706556765,205.65999999999985,286.83261293443235,-334.1808091330565,81.1726129344325
7.5334,12.671,46.783,-555.454,-1.274,205.66,-10.762,-3.13083,1,7.6399,46.156311538824504,-1594.3400000000001,-434.97278322740334,205.65999999999985,285.02721677259666,-372.6349321368679,79.3672167725968
7.538600000000001,-16.078,39.024,-585.928,-0.054,204.96,-63.16,-3.13083,0,7.6451,39.266038461678704,-1595.04,-437.09975297651533,204.96000000000004,282.90024702348467,-428.89367165583457,77.94024702348463
7.5434,-16.078,34.628,-698.589,-2.263,204.96,-63.16,-3.13083,0,7.6499,35.01264999977696,-1595.04,-439.3391649586303,204.96000000000004,280.6608350413697,-475.3243629259698,75.70083504136966
7.5484,-16.078,34.628,-698.589,-2.263,204.26,-89.449,-3.13083,0,7.6549,33.945759999220776,-1595.74,-441.7491000229779,204.26,278.2508999770221,-486.6636460153105,73.99089997702208
7.553400000000001,-16.078,23.968,-823.254,-0.577,203.55,-103.862,-3.982838,1,7.6599,24.417259999738498,-1596.45,-444.29706184693634,203.54999999999995,275.70293815306366,-520.929655287573,72.1529381530637
7.5594,-46.078,17.594,-822.331,0.079,202.85,-110.117,-3.982838,0,7.6659,17.558356000020773,-1597.1499999999999,-447.5393593112844,202.85000000000014,272.4606406887156,-542.972686435777,69.61064068871548
7.5644,-46.078,11.858,-888.819,-1.748,202.5,-83.494,-3.982838,0,7.6709,11.822799999959745,-1597.5,-450.1903829895583,202.5,269.8096170104417,-522.3334834750192,67.30961701044168
7.569400000000001,-46.078,5.572,-964.542,-1.034,201.8,-101.538,-3.982838,0,7.6759,6.100023999691896,-1598.2,-452.66310313708846,201.79999999999995,267.33689686291154,-481.433548846726,65.53689686291159
7.574400000000001,-46.078,5.572,-964.542,-1.034,201.8,-101.538,-5.391619,1,7.6809,4.732191999035067,-1598.2,-454.8841372535327,201.79999999999995,265.1158627464673,-425.1245315079534,63.31586274646736
7.579400000000001,-76.078,-7.55,-975.623,0.303,201.45,-78.171,-5.391619,0,7.6859,-6.996222588558819,-1598.55,-456.67340196631477,201.45000000000005,263.32659803368523,-323.53336018597713,61.876598033685184
7.5845,-76.078,-14.21,-1025.49,-1.424,201.45,-39.086,-5.391619,0,7.691,-13.720294117246498,-1598.55,-457.87538615044053,201.45000000000005,262.12461384955947,-202.86851300391098,60.67461384955942
7.5894,-76.078,-14.21,-1025.49,-1.424,201.45,-19.543,-5.391619,0,7.6959,-14.804467999652228,-1598.55,-458.6224130245813,201.45000000000005,261.3775869754187,-131.77381255393948,59.92758697541865
7.5944,-76.078,-21.287,-1082.743,-0.726,201.8,18.86,-7.144466,1,7.7009,-21.75823200054301,-1598.2,-458.92404631907385,201.79999999999995,261.07595368092615,-18.958937549885185,59.27595368092619
7.5994,-106.078,-35.727,-1067.045,0.477,202.85,96.107,-7.144466,0,7.7059,-35.11783200035689,-1597.1499999999999,-458.3290386223659,202.85000000000014,261.6709613776341,177.9585169500607,58.82096137763398
7.6044,-106.078,-42.915,-1093.825,-1.274,202.85,96.107,-7.144466,0,7.7109,-42.93464800002259,-1597.1499999999999,-456.8390752657163,202.85000000000014,263.1609247342837,343.2586990733139,60.31092473428356
7.609400000000001,-106.078,-50.41,-1133.533,-0.702,204.61,190.941,-7.144466,0,7.7159,-50.41369599999794,-1595.39,-454.73478286265475,204.6099999999999,265.26521713734525,450.795851563893,60.655217137345346
7.614400000000001,-106.078,-57.949,-1129.839,0.12,206.72,277.484,-8.347029,1,7.7209,-57.94195999999185,-1593.2800000000002,-452.1877685966863,206.7199999999998,267.8122314033137,532.1511566318754,61.09223140331392
7.619400000000001,-136.078,-65.378,-1101.212,0.643,209.53,372.853,-8.347029,0,7.7259,-65.37984799999892,-1590.4699999999998,-449.34014235967607,209.5300000000002,270.65985764032393,581.8403886159177,61.129857640323735
7.6244000000000005,-136.078,-72.829,-1118.758,-1.05,212.7,456.252,-8.347029,0,7.7309,-72.35213599944731,-1587.2999999999997,-446.35152384531847,212.70000000000027,273.64847615468153,602.8615057932676,60.94847615468126
7.6294,-136.078,-72.829,-1118.758,-1.05,216.91,574.339,-8.347029,0,7.7359,-74.1250359992363,-1583.09,-443.32689879564373,216.91000000000008,276.67310120435627,600.7662645369642,59.76310120435619
7.6344,-136.078,-88.258,-1144.614,0.12,216.91,574.339,-7.621394,1,7.7409,-87.27054399885391,-1583.09,-440.51721556929346,216.91000000000008,279.48278443070654,539.8239357343351,62.57278443070646
7.6404000000000005,-160.078,-88.258,-1144.614,0.12,222.19,695.322,-7.621394,0,7.7469,-88.81083200064256,-1577.8100000000002,-437.68306429201226,222.18999999999983,282.31693570798774,443.41348976756444,60.12693570798791
7.6454,-160.078,-96.896,-1099.365,0.71,228.52,893.406,-7.621394,0,7.7519,-97.383367999712,-1571.48,-435.7962894818768,228.51999999999998,284.2037105181232,332.40315986669225,55.683710518123235
7.6504,-160.078,-111.336,-1079.05,0.062,235.55,1056.769,-7.621394,0,7.7569,-110.86623999945321,-1564.45,-434.987206725819,235.54999999999995,285.012793274181,84.34605953726026,49.462793274181024
7.6554,-160.078,-118.436,-1054.116,0.428,243.63,1202.796,-4.326381,1,7.7619,-117.83960000035293,-1556.37,-435.2433231522104,243.6300000000001,284.7566768477896,-87.59010050017936,41.1266768477895
7.6604,-178.078,-118.436,-1054.116,0.428,252.42,1330.022,-4.326381,0,7.7669,-119.29404800100018,-1547.5800000000002,-435.8996104420267,252.41999999999985,284.1003895579733,-153.69196461640175,31.680389557973456
7.6654,-178.078,-131.843,-971.006,0.162,261.56,1422.688,-4.326381,0,7.7719,-131.25407600034893,-1538.44,-437.10635107060784,261.55999999999995,282.89364892939216,-285.8370449604963,21.33364892939221
7.670400000000001,-178.078,-138.239,-949.767,0.394,261.56,1422.688,-4.326381,0,7.7769,-138.21440894114784,-1538.44,-439.05153576415364,261.55999999999995,280.94846423584636,-425.10696317679606,19.388464235846413
7.6755,-178.078,-144.371,-901.747,0.959,270.0,1413.052,-0.271769,1,7.782,-144.3608574429856,-1530.0000000000002,-441.453873403415,269.9999999999998,278.546126596585,-487.33548305852577,8.546126596585225
7.680400000000001,-190.078,-150.13,-839.876,1.441,280.2,1499.1,-0.271769,0,7.7869,-150.09431804077457,-1519.8000000000002,-443.961908695225,280.1999999999998,276.038091304775,-519.8040586043553,-4.161908695224838
7.6854000000000005,-190.078,-155.449,-790.934,0.411,290.04,1664.089,-0.271769,0,7.7919,-155.00220400026592,-1509.96,-446.5789060859906,290.03999999999996,273.4210939140094,-520.7648263297851,-16.618906085990545
7.6904,-190.078,-155.449,-790.934,0.411,299.88,1651.005,-0.271769,0,7.7969,-156.08759200074863,-1500.12,-449.1061767509696,299.8800000000001,270.8938232490304,-498.0955279831647,-28.98617675096972
7.6954,-190.078,-165.427,-691.201,0.776,309.38,1605.168,3.841336,1,7.8019,-164.58884800049955,-1490.62,-451.4834261307044,309.3800000000001,268.5165738692956,-464.2063388488787,-40.86342613070451
7.7004,-196.078,-165.427,-691.201,0.776,309.38,1605.168,3.841336,0,7.8069,-165.95877600062428,-1490.62,-453.6382341074688,309.3800000000001,266.3617658925312,-415.2624135131331,-43.01823410746891
7.7054,-196.078,-173.736,-577.617,0.81,318.52,1532.22,3.841336,0,7.8119,-173.3444760002336,-1481.48,-455.4977892882533,318.52,264.5022107117467,-351.20468004044454,-54.017789288253255
7.710400000000001,-196.078,-177.384,-524.057,0.926,327.3,1530.543,3.841336,0,7.8169,-177.3671679999802,-1472.6999999999998,-456.97920655694253,327.3000000000002,263.02079344305747,-273.05877460031786,-64.27920655694271
7.715400000000001,-196.078,-180.769,-479.731,1.017,336.09,1496.485,6.096862,1,7.8219,-180.73204000002212,-1463.91,-458.1026424453573,336.0899999999999,261.8973575546427,-204.46100199363363,-74.1926424453572
7.720400000000001,-196.078,-183.714,-416.937,1.067,344.18,1421.538,6.096862,0,7.8269,-183.6802933332936,-1455.8199999999997,-458.8888483758354,344.1800000000003,261.1111516241646,-136.8373608576108,-83.06884837583567
7.726400000000001,-196.078,-186.616,-350.449,0.951,350.51,1234.606,6.096862,0,7.8329,-186.59485866664173,-1449.49,-459.3997873998273,350.51,260.6002126001727,-59.90115909534368,-89.90978739982728
7.731400000000001,-196.078,-188.704,-295.042,0.453,357.89,1245.439,6.096862,0,7.8379,-188.67628000001665,-1442.1100000000001,-459.4875031210849,357.8899999999999,260.5124968789151,-0.13352292975626412,-97.37750312108477
7.736400000000001,-196.078,-190.462,-241.482,0.851,357.89,1245.439,6.752481,1,7.8429,-190.44094399997513,-1442.1100000000001,-459.2931647255533,357.8899999999999,260.7068352744467,55.45930901177077,-97.18316472555318
7.7414000000000005,-190.078,-191.891,-200.85,0.328,4.92,1159.936,6.752481,0,7.8479,-191.85958400001886,-1435.08,-458.8352485802235,4.920000000000073,261.1647514197765,106.26477584631793,-103.75524858022357
7.7464,-190.078,-192.946,-127.898,1.391,11.25,1164.767,6.752481,0,7.8529,-192.9107999999583,-1428.7500000000002,-458.1433875997048,11.249999999999773,261.8566124002952,151.83458522138807,-109.39338759970457
7.7514,-190.078,-193.451,-49.404,1.266,17.23,1070.445,6.752481,0,7.8579,-193.40858000002552,-1422.7699999999998,-457.24194971545063,17.230000000000246,262.75805028454937,191.67914108753516,-114.47194971545088
7.7564,-190.078,-193.451,-49.404,1.266,22.5,983.735,6.205571,1,7.8629,-193.44536799999332,-1417.5,-456.15918751268725,22.5,263.84081248731275,227.12919446978728,-118.65918751268725
7.7614,-178.078,-193.363,39.247,0.577,27.42,890.077,6.205571,0,7.8679,-193.32797200002113,-1412.58,-454.90597653582887,27.420000000000073,265.09402346417113,260.37250917049226,-122.32597653582894
7.7664,-178.078,-192.858,101.118,1.374,27.42,890.077,6.205571,0,7.8729,-192.83124799996827,-1412.58,-453.4925910529972,27.420000000000073,266.5074089470028,292.29820677434265,-120.9125910529973
7.771400000000001,-178.078,-191.935,157.448,0.627,31.99,823.811,6.205571,0,7.8779,-192.01253199995313,-1408.01,-451.91929434161693,31.99000000000001,268.08070565838307,324.2319039303528,-123.90929434161694
7.776400000000001,-178.078,-191.935,157.448,0.627,36.21,768.824,3.99786,1,7.8829,-191.77039199980402,-1403.79,-450.18335255981503,36.210000000000036,269.81664744018497,357.2635104385298,-126.39335255981507
7.7814000000000005,-160.078,-189.363,210.085,0.403,39.73,677.197,3.99786,0,7.8879,-189.57904799986923,-1400.27,-448.27612537762644,39.73000000000002,271.72387462237356,391.87281549895806,-128.00612537762646
7.7864,-160.078,-189.363,210.085,0.403,43.24,631.938,3.99786,0,7.8929,-189.10277599968975,-1396.76,-446.1863446630895,43.24000000000001,273.8136553369105,429.8155149326505,-129.42634466308954
7.7914,-160.078,-185.297,367.994,0.893,46.05,548.918,3.99786,0,7.8979,-185.41510399992842,-1393.95,-443.88164989658094,46.049999999999955,276.11835010341906,475.0919771546017,-129.9316498965809
7.7964,-160.078,-182.637,406.779,0.627,46.05,548.918,2.173583,1,7.9029,-182.62861599999002,-1393.95,-441.31855818557966,46.049999999999955,278.68144181442034,529.5261044388646,-127.36855818557962
7.8014,-136.078,-179.846,421.554,0.411,48.16,440.526,2.173583,0,7.9079,-179.81122400002113,-1391.84,-438.4624184632185,48.16000000000008,281.5375815367815,589.6561613772976,-126.6224184632186
7.8074,-136.078,-176.0,546.22,2.013,50.62,439.266,2.173583,0,7.9139,-175.94697294120868,-1389.3799999999999,-434.58543331950875,50.62000000000012,285.41456668049125,676.6128098892884,-125.20543331950887
7.8125,-136.078,-172.087,607.167,0.917,52.38,368.872,2.173583,0,7.919,-172.05344507800268,-1387.6200000000001,-430.8166962145489,52.37999999999988,289.1833037854511,768.2500399988196,-123.19669621454881
7.8174,-136.078,-167.889,637.641,0.361,53.79,299.631,0.624851,1,7.9239,-167.88880457142866,-1386.2099999999998,-426.6912906636531,53.79000000000019,293.3087093363469,874.3541541059509,-120.48129066365328
7.8224,-106.078,-163.603,641.335,0.187,54.84,237.274,0.624851,0,7.9289,-163.57912799997143,-1385.16,-421.88479279317215,54.83999999999992,298.11520720682785,1001.2263257490183,-116.72479279317207
7.827400000000001,-106.078,-158.944,741.067,2.246,55.9,207.428,0.624851,0,7.9339,-158.89550894120597,-1384.1,-416.3592209892495,55.90000000000009,303.6407790107505,1151.7144536587177,-112.25922098924957
7.8325000000000005,-106.078,-153.603,828.795,1.391,55.9,207.428,0.624851,0,7.939,-153.99572058857098,-1384.1,-409.9047072896453,55.90000000000009,310.0952927103547,1312.5287135926314,-105.80470728964536
7.837400000000001,-106.078,-153.603,828.795,1.391,56.6,160.034,-0.721002,1,7.9439,-153.2614200002088,-1383.4,-403.06145119223385,56.59999999999991,316.93854880776615,1428.7689773265347,-99.66145119223376
7.8444,-76.078,-147.91,863.886,0.411,57.3,141.217,-0.721002,0,7.9509,-147.27700342780935,-1382.6999999999998,-391.87094130269185,57.30000000000018,328.12905869730815,1743.5340831281553,-89.17094130269203
7.8494,-76.078,-133.953,908.212,1.764,58.01,126.687,-0.721002,0,7.9559,-134.58997199961013,-1381.9899999999998,-381.6086506827315,58.01000000000022,338.3913493172685,2192.9838971965387,-79.6186506827317
7.8544,-76.078,-127.579,974.7,1.034,58.71,124.188,-0.721002,0,7.9609,-127.9869360004918,-1381.29,-369.064962877228,58.710000000000036,350.935037122772,2624.828700739349,-67.77496287722806
7.859400000000001,-76.078,-127.579,974.7,1.034,59.41,120.391,-1.553362,1,7.9659,-127.02510400033997,-1380.5900000000001,-355.15109691449777,59.409999999999854,4.848903085502229,2845.623884558979,-54.561096914497625
7.864400000000001,-46.078,-120.985,995.016,0.27,60.47,148.109,-1.553362,0,7.9709,-120.57269443087407,-1379.5299999999997,-344.77814222482095,60.470000000000255,15.221857775179046,1710.2249034982617,-45.24814222482121
7.8695,-46.078,-107.688,1024.566,1.457,61.88,191.923,-1.553362,0,7.976,-108.66572058739436,-1378.12,-336.42014601317715,61.88000000000011,23.579853986822854,1807.116327204273,-38.300146013177255
7.8744000000000005,-46.078,-107.688,1024.566,1.457,61.88,191.923,-1.553362,0,7.9809,-106.77363199889307,-1378.12,-326.0822397372185,61.88000000000011,33.917760262781485,2237.0106651004617,-27.962239737218624
7.8794,-46.078,-93.401,1087.361,0.203,62.93,183.053,-1.306199,1,7.9859,-94.60110799926136,-1377.0700000000002,-313.38162367734196,62.929999999999836,46.61837632265804,2662.5706785367,-16.3116236773418
7.8844,-22.078,-93.401,1087.361,0.203,64.34,200.2,-1.306199,0,7.9909,-92.94384799944581,-1375.66,-298.998338451253,64.33999999999992,61.001661548746995,2944.12676288861,-3.3383384512529233
7.8894,-22.078,-86.258,1066.121,-0.461,66.09,260.152,-1.306199,0,7.9959,-86.26169599999773,-1373.91,-283.8558764266699,66.08999999999992,76.14412357333009,3065.247457464393,10.054123573330173
7.8944,-22.078,-79.159,1064.274,0.511,67.85,276.374,-1.306199,0,8.0009,-78.69755999943999,-1372.1500000000003,-268.2293459825865,67.84999999999968,91.7706540174135,3138.2132065807805,23.920654017413824
7.899400000000001,-22.078,-64.85,1060.581,-0.303,69.61,285.008,1.115528,1,8.0059,-66.05195599925696,-1370.39,-252.92744344132277,69.6099999999999,107.07255655867723,3007.3171984120945,37.462556558677335
7.9044,7.922,-64.85,1060.581,-0.303,69.61,285.008,1.115528,0,8.0109,-63.97364799893485,-1370.39,-238.76089671634807,69.6099999999999,121.23910328365193,2746.3540814957823,51.62910328365203
7.909400000000001,7.922,-51.157,1021.796,0.76,72.07,343.675,1.115528,0,8.0159,-51.725595999647815,-1367.93,-226.46242144553918,72.06999999999994,133.53757855446082,2308.4825457838037,61.467578554460886
7.9144,7.922,-44.233,1046.729,0.61,74.53,380.645,1.115528,0,8.0209,-44.218983999983095,-1365.47,-217.03498988442098,74.52999999999997,142.96501011557902,1711.5395994708447,68.43501011557905
7.9194,7.922,-37.09,1044.882,0.212,76.99,395.498,4.162649,1,8.0259,-37.106631999989695,-1363.01,-210.18674111914297,76.99000000000001,149.81325888085703,1226.1370669691787,72.82325888085703
7.924400000000001,37.922,-30.145,1013.485,-0.469,79.45,402.27,4.162649,0,8.0309,-30.160413333351993,-1360.5500000000002,-205.7609811918527,79.44999999999982,154.2390188081473,736.669344946719,74.78901880814749
7.9304,37.922,-22.1,1055.963,0.868,81.91,402.109,4.162649,0,8.0369,-22.070506666630852,-1358.0900000000001,-203.67694964356087,81.90999999999985,156.32305035643913,151.42890195821184,74.41305035643927
7.9354000000000005,37.922,-14.935,1083.667,0.502,84.02,383.357,4.162649,0,8.0419,-15.536859999625904,-1355.98,-204.4448617534174,84.01999999999998,155.5551382465826,-258.85712833676746,71.53513824658262
7.940400000000001,37.922,-14.935,1083.667,0.502,84.02,383.357,5.719053,1,8.0469,-14.47221599943273,-1355.98,-206.63602615627164,84.01999999999998,153.36397384372836,-513.1235200134963,69.34397384372838
7.9454,67.922,-7.704,1081.82,0.021,86.13,351.008,5.719053,0,8.0519,-7.716851999992215,-1353.8700000000001,-210.27563839729336,86.12999999999988,149.72436160270664,-840.9924050805374,63.594361602706755
7.950400000000001,67.922,-0.626,1042.112,-0.527,88.24,369.141,5.719053,0,8.0569,-0.1632799994318781,-1351.76,-216.40211512028696,88.24000000000001,143.59788487971304,-1419.345292304001,55.357884879713026
7.9554,67.922,13.682,1095.672,0.494,90.0,331.383,5.719053,0,8.0619,13.094924000365474,-1349.9999999999998,-226.13290915945112,90.00000000000023,133.86709084054888,-2166.218738894589,43.867090840548656
7.960400000000001,67.922,21.001,1096.595,-0.129,91.05,253.271,6.60201,1,8.0669,20.993959999991517,-1348.95,-239.12518437995908,91.04999999999995,120.87481562004092,-2755.0551884299994,29.824815620040965
7.9654,97.922,28.21,1063.351,-0.594,92.46,245.268,6.60201,0,8.0719,28.208236000000888,-1347.54,-254.06004596559143,92.46000000000004,105.93995403440857,-3068.450130747942,13.479954034408536
7.970400000000001,97.922,35.398,1086.437,1.05,92.46,245.268,6.60201,0,8.0769,35.410608000015685,-1347.54,-270.00136332076625,92.46000000000004,89.99863667923375,-3224.0277547119285,-2.4613633207662815
7.9754,97.922,42.783,1117.834,0.594,93.16,178.81,6.60201,0,8.0819,42.16266000038746,-1346.8400000000001,-286.1466046602299,93.15999999999985,73.85339533977009,-3219.135477097293,-19.306604660229766
7.9804,97.922,42.783,1117.834,0.594,93.87,150.381,6.9129,1,8.0869,43.7296880011664,-1346.1299999999999,-301.8850951252514,93.87000000000012,58.11490487474862,-3096.418174179143,-35.7550951252515
7.985400000000001,127.922,57.575,1083.667,-0.718,93.87,75.191,6.9129,0,8.0919,56.33247200077968,-1346.1299999999999,-316.20880853805926,93.87000000000012,43.79119146194074,-2752.9671846948168,-50.07880853805938
7.9904,127.922,57.575,1083.667,-0.718,93.87,37.595,6.9129,0,8.0969,58.5259120011732,-1346.1299999999999,-328.4589196676323,93.87000000000012,31.5410803323677,-2310.727080388661,-62.32891966763242
7.995400000000001,127.922,72.433,1131.686,0.619,93.52,-10.924,6.9129,0,8.1019,72.433,-1346.4799999999998,-338.668361019846,93.52000000000021,21.331638980154025,-1497.7584321880747,-72.18836101984618
